============================================================
MAT Pseudo-Grid LWM (Method 2: 8×16) — Pre-training
============================================================
Log file    : mask_aware_tf_heavy/mat_pseudo_lwm_weights.log
Device      : cuda
Scenarios   : ['O1_3p5_v1', 'O1_3p5_v2', 'Boston5G_3p5', 'asu_campus1']
AMP         : disabled
Epochs      : 100
Batch size  : 512
LR          : 0.0003 | Weight decay: 1e-05
Scheduler   : Warmup(5ep) + CosineAnnealing(eta_min=1e-06)
Mask ratio  : 0.15
Save path   : mask_aware_tf_heavy/mat_pseudo_lwm_weights.pth
------------------------------------------------------------
Dataset — train: 898605, val: 224651, test: 1
============================================================

Epoch 1/100
----------------------------------------
Learning Rate: 0.000003
  step    50/1756 | loss 147.0296 | data 8.6 ms | step 24.4 ms | 20973.4 samples/s
  step   100/1756 | loss 147.6088 | data 0.1 ms | step 15.2 ms | 33586.1 samples/s
  step   150/1756 | loss 147.2659 | data 0.1 ms | step 15.2 ms | 33619.8 samples/s
  step   200/1756 | loss 150.7610 | data 0.1 ms | step 15.0 ms | 34064.0 samples/s
  step   250/1756 | loss 147.0654 | data 0.1 ms | step 15.0 ms | 34165.8 samples/s
  step   300/1756 | loss 147.0849 | data 0.1 ms | step 15.0 ms | 34206.6 samples/s
  step   350/1756 | loss 146.1020 | data 0.1 ms | step 15.0 ms | 34188.0 samples/s
  step   400/1756 | loss 147.4035 | data 0.1 ms | step 15.0 ms | 34098.8 samples/s
  step   450/1756 | loss 147.7471 | data 0.1 ms | step 15.0 ms | 34125.6 samples/s
  step   500/1756 | loss 143.5007 | data 0.1 ms | step 15.0 ms | 34202.4 samples/s
  step   550/1756 | loss 149.7902 | data 0.1 ms | step 15.0 ms | 34180.7 samples/s
  step   600/1756 | loss 149.7962 | data 0.1 ms | step 15.0 ms | 34198.6 samples/s
  step   650/1756 | loss 146.5047 | data 0.1 ms | step 15.0 ms | 34205.4 samples/s
  step   700/1756 | loss 151.9020 | data 0.1 ms | step 15.0 ms | 34167.1 samples/s
  step   750/1756 | loss 150.6101 | data 0.1 ms | step 15.0 ms | 34217.5 samples/s
  step   800/1756 | loss 147.3277 | data 0.1 ms | step 15.0 ms | 34205.3 samples/s
  step   850/1756 | loss 144.2262 | data 0.1 ms | step 15.0 ms | 34192.5 samples/s
  step   900/1756 | loss 144.0955 | data 0.1 ms | step 15.0 ms | 34186.4 samples/s
  step   950/1756 | loss 142.9485 | data 0.1 ms | step 15.0 ms | 34203.1 samples/s
  step  1000/1756 | loss 148.7370 | data 0.1 ms | step 15.0 ms | 34083.1 samples/s
  step  1050/1756 | loss 142.6757 | data 0.1 ms | step 15.0 ms | 34212.8 samples/s
  step  1100/1756 | loss 147.9788 | data 0.1 ms | step 15.0 ms | 34229.8 samples/s
  step  1150/1756 | loss 142.7245 | data 0.1 ms | step 15.0 ms | 34190.2 samples/s
  step  1200/1756 | loss 142.7216 | data 0.1 ms | step 15.0 ms | 34187.9 samples/s
  step  1250/1756 | loss 145.9262 | data 0.1 ms | step 15.0 ms | 34170.2 samples/s
  step  1300/1756 | loss 145.9122 | data 0.1 ms | step 15.0 ms | 34115.6 samples/s
  step  1350/1756 | loss 145.8196 | data 0.1 ms | step 15.0 ms | 34147.9 samples/s
  step  1400/1756 | loss 141.3817 | data 0.1 ms | step 15.0 ms | 34156.8 samples/s
  step  1450/1756 | loss 142.2876 | data 0.1 ms | step 15.0 ms | 34145.4 samples/s
  step  1500/1756 | loss 141.7554 | data 0.1 ms | step 15.0 ms | 34162.6 samples/s
  step  1550/1756 | loss 140.2792 | data 0.1 ms | step 15.1 ms | 33920.8 samples/s
  step  1600/1756 | loss 142.9605 | data 0.1 ms | step 15.0 ms | 34121.7 samples/s
  step  1650/1756 | loss 139.8201 | data 0.1 ms | step 15.0 ms | 34147.3 samples/s
  step  1700/1756 | loss 136.4877 | data 0.1 ms | step 15.0 ms | 34157.9 samples/s
  step  1750/1756 | loss 137.6560 | data 0.7 ms | step 15.0 ms | 34126.2 samples/s
Training Loss: 145.208447 | 33489.8 samples/s
Peak GPU memory: 2461.0 MB
Validation Loss: 135.716478 | 109692.2 samples/s

Epoch 2/100
----------------------------------------
Learning Rate: 0.000062
  step    50/1756 | loss 121.3029 | data 0.8 ms | step 15.3 ms | 33423.4 samples/s
  step   100/1756 | loss 110.7546 | data 0.1 ms | step 15.3 ms | 33551.4 samples/s
  step   150/1756 | loss 102.0438 | data 0.1 ms | step 15.3 ms | 33412.8 samples/s
  step   200/1756 | loss 96.5212 | data 0.1 ms | step 15.2 ms | 33581.3 samples/s
  step   250/1756 | loss 87.1936 | data 0.1 ms | step 15.3 ms | 33569.0 samples/s
  step   300/1756 | loss 83.7806 | data 0.1 ms | step 15.3 ms | 33512.2 samples/s
  step   350/1756 | loss 82.0217 | data 0.1 ms | step 15.2 ms | 33579.8 samples/s
  step   400/1756 | loss 80.9663 | data 0.1 ms | step 15.2 ms | 33717.2 samples/s
  step   450/1756 | loss 80.1807 | data 0.1 ms | step 15.0 ms | 34145.0 samples/s
  step   500/1756 | loss 81.8564 | data 0.1 ms | step 15.0 ms | 34180.9 samples/s
  step   550/1756 | loss 77.5110 | data 0.1 ms | step 15.0 ms | 34164.4 samples/s
  step   600/1756 | loss 77.0174 | data 0.1 ms | step 15.0 ms | 34153.9 samples/s
  step   650/1756 | loss 76.1780 | data 0.1 ms | step 15.0 ms | 34127.2 samples/s
  step   700/1756 | loss 76.9340 | data 0.1 ms | step 15.1 ms | 34013.5 samples/s
  step   750/1756 | loss 73.4229 | data 0.1 ms | step 15.0 ms | 34094.9 samples/s
  step   800/1756 | loss 76.5918 | data 0.1 ms | step 15.0 ms | 34117.6 samples/s
  step   850/1756 | loss 77.4277 | data 0.1 ms | step 15.0 ms | 34099.2 samples/s
  step   900/1756 | loss 72.7760 | data 0.1 ms | step 15.0 ms | 34085.8 samples/s
  step   950/1756 | loss 74.1940 | data 0.1 ms | step 15.0 ms | 34071.0 samples/s
  step  1000/1756 | loss 72.3728 | data 0.1 ms | step 15.0 ms | 34103.7 samples/s
  step  1050/1756 | loss 75.0737 | data 0.1 ms | step 15.0 ms | 34078.1 samples/s
  step  1100/1756 | loss 74.6749 | data 0.1 ms | step 15.0 ms | 34083.9 samples/s
  step  1150/1756 | loss 72.2267 | data 0.1 ms | step 15.0 ms | 34064.6 samples/s
  step  1200/1756 | loss 73.0623 | data 0.1 ms | step 15.0 ms | 34030.0 samples/s
  step  1250/1756 | loss 71.6356 | data 0.1 ms | step 15.1 ms | 33960.9 samples/s
  step  1300/1756 | loss 73.1167 | data 0.1 ms | step 15.0 ms | 34098.4 samples/s
  step  1350/1756 | loss 74.9561 | data 0.1 ms | step 15.0 ms | 34056.1 samples/s
  step  1400/1756 | loss 70.9817 | data 0.1 ms | step 15.0 ms | 34091.8 samples/s
  step  1450/1756 | loss 70.5579 | data 0.1 ms | step 15.0 ms | 34088.5 samples/s
  step  1500/1756 | loss 71.1349 | data 0.1 ms | step 15.1 ms | 33947.0 samples/s
  step  1550/1756 | loss 70.1539 | data 0.1 ms | step 15.1 ms | 33908.7 samples/s
  step  1600/1756 | loss 71.4919 | data 0.1 ms | step 15.0 ms | 34086.4 samples/s
  step  1650/1756 | loss 70.5764 | data 0.1 ms | step 15.0 ms | 34077.6 samples/s
  step  1700/1756 | loss 69.8753 | data 0.1 ms | step 15.0 ms | 34076.7 samples/s
  step  1750/1756 | loss 71.0774 | data 0.6 ms | step 15.0 ms | 34051.7 samples/s
Training Loss: 78.867373 | 33945.7 samples/s
Peak GPU memory: 1978.4 MB
Validation Loss: 69.281595 | 111537.6 samples/s

Epoch 3/100
----------------------------------------
Learning Rate: 0.000122
  step    50/1756 | loss 69.9847 | data 0.8 ms | step 15.0 ms | 34030.5 samples/s
  step   100/1756 | loss 70.4091 | data 0.1 ms | step 15.0 ms | 34042.5 samples/s
  step   150/1756 | loss 69.3228 | data 0.1 ms | step 15.0 ms | 34074.6 samples/s
  step   200/1756 | loss 68.7017 | data 0.1 ms | step 15.0 ms | 34026.0 samples/s
  step   250/1756 | loss 67.7725 | data 0.1 ms | step 15.0 ms | 34097.6 samples/s
  step   300/1756 | loss 66.4608 | data 0.1 ms | step 15.0 ms | 34087.9 samples/s
  step   350/1756 | loss 66.4998 | data 0.1 ms | step 15.0 ms | 34079.7 samples/s
  step   400/1756 | loss 67.2160 | data 0.1 ms | step 15.0 ms | 34076.8 samples/s
  step   450/1756 | loss 64.8814 | data 0.1 ms | step 15.1 ms | 33942.4 samples/s
  step   500/1756 | loss 67.7460 | data 0.1 ms | step 15.1 ms | 34012.0 samples/s
  step   550/1756 | loss 68.9163 | data 0.1 ms | step 15.0 ms | 34026.5 samples/s
  step   600/1756 | loss 66.6919 | data 0.1 ms | step 15.0 ms | 34059.9 samples/s
  step   650/1756 | loss 65.2253 | data 0.1 ms | step 15.1 ms | 34011.4 samples/s
  step   700/1756 | loss 65.5338 | data 0.1 ms | step 15.1 ms | 34005.0 samples/s
  step   750/1756 | loss 64.3185 | data 0.1 ms | step 15.1 ms | 34005.0 samples/s
  step   800/1756 | loss 65.7308 | data 0.1 ms | step 15.0 ms | 34042.4 samples/s
  step   850/1756 | loss 63.2180 | data 0.1 ms | step 15.0 ms | 34057.9 samples/s
  step   900/1756 | loss 64.4431 | data 0.1 ms | step 15.0 ms | 34040.1 samples/s
  step   950/1756 | loss 62.7291 | data 0.1 ms | step 15.0 ms | 34041.4 samples/s
  step  1000/1756 | loss 62.0428 | data 0.1 ms | step 15.1 ms | 33936.9 samples/s
  step  1050/1756 | loss 66.8260 | data 0.1 ms | step 15.0 ms | 34049.5 samples/s
  step  1100/1756 | loss 63.3843 | data 0.1 ms | step 15.1 ms | 33976.3 samples/s
  step  1150/1756 | loss 61.7325 | data 0.1 ms | step 15.1 ms | 34004.1 samples/s
  step  1200/1756 | loss 61.5419 | data 0.1 ms | step 15.0 ms | 34054.3 samples/s
  step  1250/1756 | loss 64.8948 | data 0.1 ms | step 15.0 ms | 34028.1 samples/s
  step  1300/1756 | loss 60.5118 | data 0.1 ms | step 15.0 ms | 34041.2 samples/s
  step  1350/1756 | loss 60.7914 | data 0.1 ms | step 15.1 ms | 34001.7 samples/s
  step  1400/1756 | loss 58.7422 | data 0.1 ms | step 15.1 ms | 33989.3 samples/s
  step  1450/1756 | loss 61.8961 | data 0.1 ms | step 15.1 ms | 33971.0 samples/s
  step  1500/1756 | loss 62.0665 | data 0.1 ms | step 15.1 ms | 33968.1 samples/s
  step  1550/1756 | loss 61.0174 | data 0.1 ms | step 15.1 ms | 33887.8 samples/s
  step  1600/1756 | loss 58.2418 | data 0.1 ms | step 15.1 ms | 34013.0 samples/s
  step  1650/1756 | loss 60.9416 | data 0.1 ms | step 15.0 ms | 34027.9 samples/s
  step  1700/1756 | loss 58.9845 | data 0.1 ms | step 15.1 ms | 33970.6 samples/s
  step  1750/1756 | loss 61.1492 | data 0.6 ms | step 15.1 ms | 33992.1 samples/s
Training Loss: 64.302185 | 34011.0 samples/s
Peak GPU memory: 1978.4 MB
Validation Loss: 61.481503 | 111491.0 samples/s

Epoch 4/100
----------------------------------------
Learning Rate: 0.000181
  step    50/1756 | loss 62.7690 | data 0.6 ms | step 15.1 ms | 33981.6 samples/s
  step   100/1756 | loss 60.4258 | data 0.1 ms | step 15.1 ms | 33981.4 samples/s
  step   150/1756 | loss 59.6066 | data 0.1 ms | step 15.0 ms | 34023.8 samples/s
  step   200/1756 | loss 61.2236 | data 0.1 ms | step 15.1 ms | 33923.2 samples/s
  step   250/1756 | loss 61.7053 | data 0.1 ms | step 15.0 ms | 34026.8 samples/s
  step   300/1756 | loss 58.9344 | data 0.1 ms | step 15.0 ms | 34037.9 samples/s
  step   350/1756 | loss 57.6028 | data 0.1 ms | step 15.1 ms | 34010.4 samples/s
  step   400/1756 | loss 58.2001 | data 0.1 ms | step 15.0 ms | 34029.8 samples/s
  step   450/1756 | loss 58.0824 | data 0.1 ms | step 15.1 ms | 34008.7 samples/s
  step   500/1756 | loss 57.9570 | data 0.1 ms | step 15.1 ms | 33919.7 samples/s
  step   550/1756 | loss 55.2908 | data 0.1 ms | step 15.1 ms | 33995.6 samples/s
  step   600/1756 | loss 54.5279 | data 0.1 ms | step 15.1 ms | 33992.8 samples/s
  step   650/1756 | loss 55.1727 | data 0.1 ms | step 15.1 ms | 34006.9 samples/s
  step   700/1756 | loss 55.2749 | data 0.1 ms | step 15.1 ms | 33990.8 samples/s
  step   750/1756 | loss 56.2108 | data 0.1 ms | step 15.1 ms | 33869.5 samples/s
  step   800/1756 | loss 56.9636 | data 0.1 ms | step 15.1 ms | 33984.8 samples/s
  step   850/1756 | loss 54.5782 | data 0.1 ms | step 15.1 ms | 34016.5 samples/s
  step   900/1756 | loss 51.9108 | data 0.1 ms | step 15.1 ms | 33987.2 samples/s
  step   950/1756 | loss 50.4813 | data 0.1 ms | step 15.1 ms | 33991.8 samples/s
  step  1000/1756 | loss 49.4659 | data 0.1 ms | step 15.1 ms | 33995.5 samples/s
  step  1050/1756 | loss 51.1534 | data 0.1 ms | step 15.1 ms | 33962.5 samples/s
  step  1100/1756 | loss 49.8411 | data 0.1 ms | step 15.1 ms | 34004.6 samples/s
  step  1150/1756 | loss 47.8153 | data 0.1 ms | step 15.1 ms | 34003.8 samples/s
  step  1200/1756 | loss 47.9363 | data 0.1 ms | step 15.1 ms | 33983.0 samples/s
  step  1250/1756 | loss 48.3313 | data 0.1 ms | step 15.1 ms | 34004.6 samples/s
  step  1300/1756 | loss 47.4699 | data 0.1 ms | step 15.1 ms | 33939.7 samples/s
  step  1350/1756 | loss 47.6093 | data 0.1 ms | step 15.1 ms | 33949.5 samples/s
  step  1400/1756 | loss 49.0472 | data 0.1 ms | step 15.1 ms | 34009.2 samples/s
  step  1450/1756 | loss 47.2407 | data 0.1 ms | step 15.1 ms | 33991.6 samples/s
  step  1500/1756 | loss 47.6013 | data 0.1 ms | step 15.1 ms | 33991.0 samples/s
  step  1550/1756 | loss 46.8360 | data 0.1 ms | step 15.1 ms | 34008.0 samples/s
  step  1600/1756 | loss 47.2986 | data 0.1 ms | step 15.1 ms | 33979.0 samples/s
  step  1650/1756 | loss 45.5575 | data 0.1 ms | step 15.1 ms | 33994.0 samples/s
  step  1700/1756 | loss 46.2143 | data 0.1 ms | step 15.1 ms | 33938.1 samples/s
  step  1750/1756 | loss 48.1102 | data 0.6 ms | step 15.1 ms | 33921.8 samples/s
Training Loss: 52.990654 | 33976.1 samples/s
Peak GPU memory: 1978.4 MB
Validation Loss: 49.029384 | 111341.6 samples/s

Epoch 5/100
----------------------------------------
Learning Rate: 0.000241
  step    50/1756 | loss 46.9501 | data 2.4 ms | step 15.1 ms | 33858.5 samples/s
  step   100/1756 | loss 48.9144 | data 0.1 ms | step 15.1 ms | 33998.5 samples/s
  step   150/1756 | loss 47.2732 | data 0.1 ms | step 15.1 ms | 34000.2 samples/s
  step   200/1756 | loss 47.3777 | data 0.1 ms | step 15.1 ms | 33977.8 samples/s
  step   250/1756 | loss 45.9647 | data 0.1 ms | step 15.1 ms | 34011.5 samples/s
  step   300/1756 | loss 44.2528 | data 0.1 ms | step 15.1 ms | 34019.4 samples/s
  step   350/1756 | loss 44.7747 | data 0.1 ms | step 15.1 ms | 33959.8 samples/s
  step   400/1756 | loss 44.9484 | data 0.1 ms | step 15.1 ms | 33978.7 samples/s
  step   450/1756 | loss 43.9738 | data 0.1 ms | step 15.1 ms | 33977.5 samples/s
  step   500/1756 | loss 43.8996 | data 0.1 ms | step 15.1 ms | 33829.9 samples/s
  step   550/1756 | loss 46.3936 | data 0.1 ms | step 15.1 ms | 33955.9 samples/s
  step   600/1756 | loss 45.0487 | data 0.1 ms | step 15.1 ms | 33979.4 samples/s
  step   650/1756 | loss 43.7145 | data 0.1 ms | step 15.1 ms | 33958.8 samples/s
  step   700/1756 | loss 41.1393 | data 0.1 ms | step 15.1 ms | 33953.1 samples/s
  step   750/1756 | loss 42.3195 | data 0.1 ms | step 15.1 ms | 33956.5 samples/s
  step   800/1756 | loss 42.6654 | data 0.1 ms | step 15.1 ms | 33919.6 samples/s
  step   850/1756 | loss 41.8692 | data 0.1 ms | step 15.1 ms | 33983.0 samples/s
  step   900/1756 | loss 42.0527 | data 0.1 ms | step 15.1 ms | 33977.2 samples/s
  step   950/1756 | loss 41.9832 | data 0.1 ms | step 15.1 ms | 33935.2 samples/s
  step  1000/1756 | loss 40.2205 | data 0.1 ms | step 15.1 ms | 33977.4 samples/s
  step  1050/1756 | loss 39.5318 | data 0.1 ms | step 15.1 ms | 33839.8 samples/s
  step  1100/1756 | loss 41.0641 | data 0.1 ms | step 15.1 ms | 33919.5 samples/s
  step  1150/1756 | loss 42.4848 | data 0.1 ms | step 15.1 ms | 33982.9 samples/s
  step  1200/1756 | loss 41.3475 | data 0.1 ms | step 15.1 ms | 33987.1 samples/s
  step  1250/1756 | loss 41.2885 | data 0.1 ms | step 15.1 ms | 33956.7 samples/s
  step  1300/1756 | loss 40.7754 | data 0.1 ms | step 15.1 ms | 33978.2 samples/s
  step  1350/1756 | loss 41.6387 | data 0.1 ms | step 15.1 ms | 33974.9 samples/s
  step  1400/1756 | loss 41.5151 | data 0.1 ms | step 15.1 ms | 33958.5 samples/s
  step  1450/1756 | loss 42.6757 | data 0.1 ms | step 15.1 ms | 33992.2 samples/s
  step  1500/1756 | loss 41.9781 | data 0.1 ms | step 15.1 ms | 33967.5 samples/s
  step  1550/1756 | loss 41.9915 | data 0.1 ms | step 15.1 ms | 33906.3 samples/s
  step  1600/1756 | loss 40.0678 | data 0.1 ms | step 15.1 ms | 33847.9 samples/s
  step  1650/1756 | loss 41.8579 | data 0.1 ms | step 15.1 ms | 33935.5 samples/s
  step  1700/1756 | loss 40.0363 | data 0.1 ms | step 15.1 ms | 33878.5 samples/s
  step  1750/1756 | loss 41.4107 | data 0.6 ms | step 15.1 ms | 33922.4 samples/s
Training Loss: 43.015448 | 33942.0 samples/s
Peak GPU memory: 1978.4 MB
Validation Loss: 39.810045 | 111253.0 samples/s

Epoch 6/100
----------------------------------------
Learning Rate: 0.000300
  step    50/1756 | loss 39.0817 | data 0.8 ms | step 15.1 ms | 33901.0 samples/s
  step   100/1756 | loss 40.6800 | data 0.1 ms | step 15.1 ms | 33929.1 samples/s
  step   150/1756 | loss 39.1122 | data 0.1 ms | step 15.1 ms | 33955.2 samples/s
  step   200/1756 | loss 38.7288 | data 0.1 ms | step 15.1 ms | 33970.6 samples/s
  step   250/1756 | loss 39.2117 | data 0.1 ms | step 15.1 ms | 33842.3 samples/s
  step   300/1756 | loss 38.6810 | data 0.1 ms | step 15.1 ms | 33968.5 samples/s
  step   350/1756 | loss 38.4763 | data 0.1 ms | step 15.1 ms | 33952.4 samples/s
  step   400/1756 | loss 37.5256 | data 0.1 ms | step 15.1 ms | 33935.1 samples/s
  step   450/1756 | loss 40.7141 | data 0.1 ms | step 15.1 ms | 33947.0 samples/s
  step   500/1756 | loss 39.3751 | data 0.1 ms | step 15.1 ms | 33969.7 samples/s
  step   550/1756 | loss 37.0886 | data 0.1 ms | step 15.1 ms | 33912.8 samples/s
  step   600/1756 | loss 37.6037 | data 0.1 ms | step 15.1 ms | 33825.8 samples/s
  step   650/1756 | loss 38.8835 | data 0.1 ms | step 15.1 ms | 33949.0 samples/s
  step   700/1756 | loss 41.5512 | data 0.1 ms | step 15.1 ms | 33874.4 samples/s
  step   750/1756 | loss 40.5458 | data 0.1 ms | step 15.1 ms | 33873.7 samples/s
  step   800/1756 | loss 37.8715 | data 0.1 ms | step 15.1 ms | 33847.7 samples/s
  step   850/1756 | loss 38.7077 | data 0.1 ms | step 15.9 ms | 32191.6 samples/s
  step   900/1756 | loss 35.7604 | data 0.1 ms | step 15.6 ms | 32838.1 samples/s
  step   950/1756 | loss 38.1137 | data 0.1 ms | step 15.5 ms | 32956.7 samples/s
  step  1000/1756 | loss 36.2305 | data 0.1 ms | step 15.5 ms | 32982.4 samples/s
  step  1050/1756 | loss 36.9479 | data 0.1 ms | step 15.5 ms | 33004.1 samples/s
  step  1100/1756 | loss 37.2674 | data 0.1 ms | step 15.5 ms | 33131.2 samples/s
  step  1150/1756 | loss 37.8179 | data 0.1 ms | step 15.4 ms | 33214.4 samples/s
  step  1200/1756 | loss 36.8937 | data 0.1 ms | step 15.4 ms | 33224.7 samples/s
  step  1250/1756 | loss 37.0256 | data 0.1 ms | step 15.4 ms | 33306.0 samples/s
  step  1300/1756 | loss 37.0602 | data 0.1 ms | step 15.3 ms | 33405.9 samples/s
  step  1350/1756 | loss 36.7764 | data 0.1 ms | step 15.4 ms | 33272.0 samples/s
  step  1400/1756 | loss 34.9762 | data 0.1 ms | step 15.2 ms | 33684.8 samples/s
  step  1450/1756 | loss 34.8769 | data 0.1 ms | step 15.2 ms | 33792.7 samples/s
  step  1500/1756 | loss 35.9833 | data 0.1 ms | step 15.8 ms | 32370.7 samples/s
  step  1550/1756 | loss 35.6348 | data 0.1 ms | step 15.3 ms | 33490.8 samples/s
  step  1600/1756 | loss 36.4770 | data 0.1 ms | step 15.4 ms | 33290.0 samples/s
  step  1650/1756 | loss 37.0173 | data 0.1 ms | step 15.4 ms | 33339.2 samples/s
  step  1700/1756 | loss 38.8879 | data 0.1 ms | step 15.5 ms | 33072.8 samples/s
  step  1750/1756 | loss 34.9748 | data 0.6 ms | step 15.7 ms | 32704.6 samples/s
Training Loss: 37.783145 | 33464.7 samples/s
Peak GPU memory: 1978.4 MB
Validation Loss: 34.157373 | 105724.3 samples/s

Epoch 7/100
----------------------------------------
Learning Rate: 0.000300
  step    50/1756 | loss 34.0803 | data 0.7 ms | step 16.0 ms | 32040.9 samples/s
  step   100/1756 | loss 35.3285 | data 0.1 ms | step 16.0 ms | 32080.1 samples/s
  step   150/1756 | loss 32.9613 | data 0.1 ms | step 16.0 ms | 32049.1 samples/s
  step   200/1756 | loss 33.2734 | data 0.1 ms | step 16.0 ms | 32079.4 samples/s
  step   250/1756 | loss 30.9715 | data 0.1 ms | step 16.0 ms | 32038.0 samples/s
  step   300/1756 | loss 33.0831 | data 0.1 ms | step 16.0 ms | 32005.6 samples/s
  step   350/1756 | loss 31.1940 | data 0.1 ms | step 16.0 ms | 32051.5 samples/s
  step   400/1756 | loss 32.7133 | data 0.1 ms | step 16.0 ms | 32039.3 samples/s
  step   450/1756 | loss 31.2205 | data 0.1 ms | step 16.0 ms | 32051.8 samples/s
  step   500/1756 | loss 32.1912 | data 0.1 ms | step 16.0 ms | 32072.4 samples/s
  step   550/1756 | loss 29.9626 | data 0.1 ms | step 16.0 ms | 32060.4 samples/s
  step   600/1756 | loss 29.8127 | data 0.1 ms | step 16.0 ms | 32058.7 samples/s
  step   650/1756 | loss 28.1679 | data 0.1 ms | step 16.0 ms | 32089.2 samples/s
  step   700/1756 | loss 29.2973 | data 0.1 ms | step 16.0 ms | 32041.5 samples/s
  step   750/1756 | loss 30.5962 | data 0.1 ms | step 16.0 ms | 32069.8 samples/s
  step   800/1756 | loss 28.2787 | data 0.1 ms | step 16.0 ms | 32082.9 samples/s
  step   850/1756 | loss 27.8574 | data 0.1 ms | step 16.0 ms | 32062.2 samples/s
  step   900/1756 | loss 27.9998 | data 0.1 ms | step 16.0 ms | 32083.8 samples/s
  step   950/1756 | loss 26.7058 | data 0.1 ms | step 16.0 ms | 32081.0 samples/s
  step  1000/1756 | loss 27.3697 | data 0.1 ms | step 16.0 ms | 32054.4 samples/s
  step  1050/1756 | loss 28.1754 | data 0.1 ms | step 16.0 ms | 32078.8 samples/s
  step  1100/1756 | loss 27.6976 | data 0.1 ms | step 16.0 ms | 32080.8 samples/s
  step  1150/1756 | loss 27.7273 | data 0.1 ms | step 16.0 ms | 32060.1 samples/s
  step  1200/1756 | loss 25.7365 | data 0.1 ms | step 16.0 ms | 32065.0 samples/s
  step  1250/1756 | loss 25.9487 | data 0.1 ms | step 16.0 ms | 32083.0 samples/s
  step  1300/1756 | loss 25.9222 | data 0.1 ms | step 16.0 ms | 32018.9 samples/s
  step  1350/1756 | loss 25.0949 | data 0.1 ms | step 16.0 ms | 32089.4 samples/s
  step  1400/1756 | loss 25.4998 | data 0.1 ms | step 16.0 ms | 32091.8 samples/s
  step  1450/1756 | loss 26.3843 | data 0.1 ms | step 16.0 ms | 32096.2 samples/s
  step  1500/1756 | loss 25.9994 | data 0.1 ms | step 16.0 ms | 32097.5 samples/s
  step  1550/1756 | loss 25.3875 | data 0.1 ms | step 16.0 ms | 32050.4 samples/s
  step  1600/1756 | loss 25.8755 | data 0.1 ms | step 16.0 ms | 32090.4 samples/s
  step  1650/1756 | loss 25.4378 | data 0.1 ms | step 15.9 ms | 32104.8 samples/s
  step  1700/1756 | loss 25.0163 | data 0.1 ms | step 16.0 ms | 32074.9 samples/s
  step  1750/1756 | loss 26.2422 | data 0.6 ms | step 16.0 ms | 32079.0 samples/s
Training Loss: 28.716460 | 32061.1 samples/s
Peak GPU memory: 1978.4 MB
Validation Loss: 25.812664 | 105909.2 samples/s

Epoch 8/100
----------------------------------------
Learning Rate: 0.000300
  step    50/1756 | loss 26.1581 | data 0.7 ms | step 16.0 ms | 32068.1 samples/s
  step   100/1756 | loss 25.4010 | data 0.1 ms | step 16.0 ms | 32030.0 samples/s
  step   150/1756 | loss 24.0081 | data 0.1 ms | step 16.0 ms | 32095.4 samples/s
  step   200/1756 | loss 23.4668 | data 0.1 ms | step 15.9 ms | 32115.5 samples/s
  step   250/1756 | loss 23.4325 | data 0.1 ms | step 16.0 ms | 32040.3 samples/s
  step   300/1756 | loss 22.0855 | data 0.1 ms | step 16.0 ms | 32095.5 samples/s
  step   350/1756 | loss 23.6733 | data 0.1 ms | step 16.0 ms | 32082.6 samples/s
  step   400/1756 | loss 22.4871 | data 0.1 ms | step 16.0 ms | 32067.6 samples/s
  step   450/1756 | loss 22.5465 | data 0.1 ms | step 16.0 ms | 32074.5 samples/s
  step   500/1756 | loss 22.3320 | data 0.1 ms | step 16.0 ms | 32083.2 samples/s
  step   550/1756 | loss 23.0142 | data 0.1 ms | step 16.0 ms | 31999.5 samples/s
  step   600/1756 | loss 22.2826 | data 0.1 ms | step 16.0 ms | 32061.1 samples/s
  step   650/1756 | loss 21.4618 | data 0.1 ms | step 16.0 ms | 32055.5 samples/s
  step   700/1756 | loss 22.6417 | data 0.1 ms | step 16.0 ms | 32048.7 samples/s
  step   750/1756 | loss 23.5205 | data 0.1 ms | step 16.0 ms | 32055.5 samples/s
  step   800/1756 | loss 23.3871 | data 0.1 ms | step 16.0 ms | 31995.6 samples/s
  step   850/1756 | loss 21.7980 | data 0.1 ms | step 16.0 ms | 32074.1 samples/s
  step   900/1756 | loss 21.7262 | data 0.1 ms | step 16.0 ms | 32051.4 samples/s
  step   950/1756 | loss 21.9474 | data 0.1 ms | step 16.0 ms | 32033.6 samples/s
  step  1000/1756 | loss 22.9513 | data 0.1 ms | step 16.0 ms | 32023.9 samples/s
  step  1050/1756 | loss 21.8760 | data 0.1 ms | step 16.0 ms | 32067.7 samples/s
  step  1100/1756 | loss 21.5039 | data 0.1 ms | step 16.0 ms | 32055.9 samples/s
  step  1150/1756 | loss 20.6332 | data 0.1 ms | step 16.0 ms | 32061.8 samples/s
  step  1200/1756 | loss 20.9206 | data 0.1 ms | step 16.0 ms | 32078.0 samples/s
  step  1250/1756 | loss 20.7006 | data 0.1 ms | step 16.0 ms | 32059.7 samples/s
  step  1300/1756 | loss 21.0709 | data 0.1 ms | step 16.0 ms | 32050.3 samples/s
  step  1350/1756 | loss 21.2205 | data 0.1 ms | step 16.0 ms | 32078.4 samples/s
  step  1400/1756 | loss 20.1752 | data 0.1 ms | step 16.0 ms | 32058.1 samples/s
  step  1450/1756 | loss 21.3957 | data 0.1 ms | step 16.0 ms | 32079.5 samples/s
  step  1500/1756 | loss 20.7664 | data 0.1 ms | step 16.0 ms | 32048.0 samples/s
  step  1550/1756 | loss 20.5036 | data 0.1 ms | step 16.0 ms | 32043.1 samples/s
  step  1600/1756 | loss 19.9784 | data 0.1 ms | step 16.0 ms | 32045.9 samples/s
  step  1650/1756 | loss 19.0754 | data 0.1 ms | step 16.0 ms | 32057.5 samples/s
  step  1700/1756 | loss 19.1686 | data 0.1 ms | step 16.0 ms | 32065.8 samples/s
  step  1750/1756 | loss 19.2443 | data 0.6 ms | step 16.0 ms | 32052.7 samples/s
Training Loss: 21.949255 | 32051.8 samples/s
Peak GPU memory: 1978.4 MB
Validation Loss: 19.817286 | 105659.8 samples/s

Epoch 9/100
----------------------------------------
Learning Rate: 0.000299
  step    50/1756 | loss 19.7801 | data 0.6 ms | step 16.0 ms | 32037.5 samples/s
  step   100/1756 | loss 19.4302 | data 0.1 ms | step 16.0 ms | 32072.2 samples/s
  step   150/1756 | loss 19.1044 | data 0.1 ms | step 16.0 ms | 32075.5 samples/s
  step   200/1756 | loss 19.6461 | data 0.1 ms | step 16.0 ms | 32062.2 samples/s
  step   250/1756 | loss 19.1774 | data 0.1 ms | step 15.9 ms | 32105.0 samples/s
  step   300/1756 | loss 19.9995 | data 0.1 ms | step 15.9 ms | 32110.7 samples/s
  step   350/1756 | loss 19.7720 | data 0.1 ms | step 16.0 ms | 32063.0 samples/s
  step   400/1756 | loss 19.5434 | data 0.1 ms | step 16.0 ms | 32062.3 samples/s
  step   450/1756 | loss 19.1381 | data 0.1 ms | step 16.0 ms | 32098.8 samples/s
  step   500/1756 | loss 18.7715 | data 0.1 ms | step 16.0 ms | 32077.6 samples/s
  step   550/1756 | loss 19.9952 | data 0.1 ms | step 16.0 ms | 32081.1 samples/s
  step   600/1756 | loss 19.6453 | data 0.1 ms | step 16.0 ms | 32086.7 samples/s
  step   650/1756 | loss 19.3536 | data 0.1 ms | step 16.0 ms | 32095.3 samples/s
  step   700/1756 | loss 19.1886 | data 0.1 ms | step 15.9 ms | 32109.2 samples/s
  step   750/1756 | loss 19.5621 | data 0.1 ms | step 16.0 ms | 32044.9 samples/s
  step   800/1756 | loss 17.9921 | data 0.1 ms | step 16.0 ms | 32087.1 samples/s
  step   850/1756 | loss 17.7244 | data 0.1 ms | step 16.0 ms | 32040.7 samples/s
  step   900/1756 | loss 18.9428 | data 0.1 ms | step 16.0 ms | 32032.0 samples/s
  step   950/1756 | loss 19.9292 | data 0.1 ms | step 16.0 ms | 32077.1 samples/s
  step  1000/1756 | loss 18.3720 | data 0.1 ms | step 16.0 ms | 31996.1 samples/s
  step  1050/1756 | loss 18.7133 | data 0.1 ms | step 16.0 ms | 32067.0 samples/s
  step  1100/1756 | loss 19.2960 | data 0.1 ms | step 16.0 ms | 32086.1 samples/s
  step  1150/1756 | loss 18.4540 | data 0.1 ms | step 16.0 ms | 32078.9 samples/s
  step  1200/1756 | loss 18.5549 | data 0.1 ms | step 16.0 ms | 32038.3 samples/s
  step  1250/1756 | loss 19.2900 | data 0.1 ms | step 16.0 ms | 32064.5 samples/s
  step  1300/1756 | loss 17.8537 | data 0.1 ms | step 16.0 ms | 32084.4 samples/s
  step  1350/1756 | loss 19.0915 | data 0.1 ms | step 16.0 ms | 32047.4 samples/s
  step  1400/1756 | loss 17.8844 | data 0.1 ms | step 16.0 ms | 32080.9 samples/s
  step  1450/1756 | loss 18.9452 | data 0.1 ms | step 16.0 ms | 32049.2 samples/s
  step  1500/1756 | loss 19.1411 | data 0.1 ms | step 16.0 ms | 32060.7 samples/s
  step  1550/1756 | loss 18.8063 | data 0.1 ms | step 16.0 ms | 32054.4 samples/s
  step  1600/1756 | loss 18.3315 | data 0.1 ms | step 16.0 ms | 32075.5 samples/s
  step  1650/1756 | loss 19.5108 | data 0.1 ms | step 16.0 ms | 32032.9 samples/s
  step  1700/1756 | loss 18.4764 | data 0.1 ms | step 16.0 ms | 32070.2 samples/s
  step  1750/1756 | loss 17.6057 | data 0.6 ms | step 16.0 ms | 32042.1 samples/s
Training Loss: 18.991482 | 32060.0 samples/s
Peak GPU memory: 1978.4 MB
Validation Loss: 18.656438 | 105828.4 samples/s

Epoch 10/100
----------------------------------------
Learning Rate: 0.000299
  step    50/1756 | loss 17.7367 | data 0.6 ms | step 16.0 ms | 32057.6 samples/s
  step   100/1756 | loss 17.8360 | data 0.1 ms | step 16.0 ms | 32079.5 samples/s
  step   150/1756 | loss 18.6031 | data 0.1 ms | step 16.0 ms | 32057.5 samples/s
  step   200/1756 | loss 18.8040 | data 0.1 ms | step 16.0 ms | 32063.2 samples/s
  step   250/1756 | loss 17.5815 | data 0.1 ms | step 15.9 ms | 32107.1 samples/s
  step   300/1756 | loss 18.3621 | data 0.1 ms | step 16.0 ms | 32069.1 samples/s
  step   350/1756 | loss 17.8017 | data 0.1 ms | step 16.0 ms | 32095.0 samples/s
  step   400/1756 | loss 17.6692 | data 0.1 ms | step 16.0 ms | 32079.2 samples/s
  step   450/1756 | loss 17.2783 | data 0.1 ms | step 16.0 ms | 31967.2 samples/s
  step   500/1756 | loss 17.2852 | data 0.1 ms | step 16.0 ms | 32079.9 samples/s
  step   550/1756 | loss 17.7606 | data 0.1 ms | step 16.0 ms | 32089.7 samples/s
  step   600/1756 | loss 18.7674 | data 0.1 ms | step 16.0 ms | 32030.6 samples/s
  step   650/1756 | loss 17.7525 | data 0.1 ms | step 16.0 ms | 31998.0 samples/s
  step   700/1756 | loss 17.5111 | data 0.1 ms | step 16.0 ms | 32088.2 samples/s
  step   750/1756 | loss 18.8190 | data 0.1 ms | step 16.0 ms | 32062.1 samples/s
  step   800/1756 | loss 17.2291 | data 0.1 ms | step 16.0 ms | 32081.6 samples/s
  step   850/1756 | loss 16.9175 | data 0.1 ms | step 16.0 ms | 32080.3 samples/s
  step   900/1756 | loss 17.3035 | data 0.1 ms | step 16.0 ms | 32044.1 samples/s
  step   950/1756 | loss 16.9681 | data 0.1 ms | step 16.0 ms | 32052.4 samples/s
  step  1000/1756 | loss 17.1960 | data 0.1 ms | step 16.0 ms | 32066.7 samples/s
  step  1050/1756 | loss 17.6473 | data 0.1 ms | step 16.0 ms | 32078.2 samples/s
  step  1100/1756 | loss 17.0380 | data 0.1 ms | step 16.0 ms | 32083.8 samples/s
  step  1150/1756 | loss 16.8823 | data 0.1 ms | step 16.0 ms | 32060.0 samples/s
  step  1200/1756 | loss 16.5685 | data 0.1 ms | step 16.0 ms | 32079.6 samples/s
  step  1250/1756 | loss 16.9288 | data 0.1 ms | step 16.0 ms | 32085.2 samples/s
  step  1300/1756 | loss 17.1662 | data 0.1 ms | step 16.0 ms | 32026.3 samples/s
  step  1350/1756 | loss 17.6622 | data 0.1 ms | step 16.0 ms | 32073.1 samples/s
  step  1400/1756 | loss 18.1810 | data 0.1 ms | step 16.0 ms | 32067.0 samples/s
  step  1450/1756 | loss 17.9906 | data 0.1 ms | step 16.0 ms | 32052.9 samples/s
  step  1500/1756 | loss 17.4099 | data 0.1 ms | step 16.0 ms | 32064.1 samples/s
  step  1550/1756 | loss 18.3676 | data 0.1 ms | step 16.0 ms | 32093.7 samples/s
  step  1600/1756 | loss 18.2186 | data 0.1 ms | step 16.0 ms | 32064.1 samples/s
  step  1650/1756 | loss 17.0762 | data 0.1 ms | step 16.0 ms | 32069.8 samples/s
  step  1700/1756 | loss 17.7778 | data 0.1 ms | step 16.0 ms | 32078.6 samples/s
  step  1750/1756 | loss 17.7890 | data 0.6 ms | step 16.0 ms | 32027.9 samples/s
Training Loss: 17.663539 | 32057.8 samples/s
Peak GPU memory: 1978.4 MB
Validation Loss: 17.305052 | 105747.1 samples/s

Epoch 11/100
----------------------------------------
Learning Rate: 0.000298
  step    50/1756 | loss 17.6633 | data 0.5 ms | step 16.0 ms | 32044.3 samples/s
  step   100/1756 | loss 17.1567 | data 0.1 ms | step 16.2 ms | 31578.0 samples/s
  step   150/1756 | loss 16.7020 | data 0.1 ms | step 15.3 ms | 33441.4 samples/s
  step   200/1756 | loss 17.3895 | data 0.1 ms | step 15.2 ms | 33723.1 samples/s
  step   250/1756 | loss 17.4905 | data 0.1 ms | step 15.2 ms | 33653.3 samples/s
  step   300/1756 | loss 16.8086 | data 0.1 ms | step 15.1 ms | 33906.3 samples/s
  step   350/1756 | loss 16.0766 | data 0.1 ms | step 15.1 ms | 33983.4 samples/s
  step   400/1756 | loss 16.5315 | data 0.1 ms | step 15.2 ms | 33737.3 samples/s
  step   450/1756 | loss 17.2669 | data 0.1 ms | step 15.3 ms | 33566.3 samples/s
  step   500/1756 | loss 16.7104 | data 0.1 ms | step 15.2 ms | 33707.3 samples/s
  step   550/1756 | loss 16.2571 | data 0.1 ms | step 16.3 ms | 31470.4 samples/s
  step   600/1756 | loss 16.8313 | data 0.1 ms | step 15.5 ms | 33121.3 samples/s
  step   650/1756 | loss 16.5289 | data 0.1 ms | step 15.4 ms | 33180.8 samples/s
  step   700/1756 | loss 15.9363 | data 0.1 ms | step 15.1 ms | 33992.9 samples/s
  step   750/1756 | loss 17.6638 | data 0.1 ms | step 15.1 ms | 33894.0 samples/s
  step   800/1756 | loss 17.2131 | data 0.1 ms | step 15.1 ms | 33987.3 samples/s
  step   850/1756 | loss 17.0284 | data 0.1 ms | step 15.1 ms | 33995.8 samples/s
  step   900/1756 | loss 17.3116 | data 0.1 ms | step 15.1 ms | 33964.1 samples/s
  step   950/1756 | loss 17.3349 | data 0.1 ms | step 15.1 ms | 33984.7 samples/s
  step  1000/1756 | loss 17.7714 | data 0.1 ms | step 15.1 ms | 33976.8 samples/s
  step  1050/1756 | loss 16.8836 | data 0.1 ms | step 15.7 ms | 32590.5 samples/s
  step  1100/1756 | loss 16.0912 | data 0.1 ms | step 15.6 ms | 32880.4 samples/s
  step  1150/1756 | loss 15.9506 | data 0.1 ms | step 15.1 ms | 33927.8 samples/s
  step  1200/1756 | loss 16.7545 | data 0.1 ms | step 15.8 ms | 32496.5 samples/s
  step  1250/1756 | loss 16.6196 | data 0.1 ms | step 15.1 ms | 33882.5 samples/s
  step  1300/1756 | loss 16.9027 | data 0.1 ms | step 15.1 ms | 33987.1 samples/s
  step  1350/1756 | loss 16.7662 | data 0.1 ms | step 15.1 ms | 33887.0 samples/s
  step  1400/1756 | loss 16.2028 | data 0.1 ms | step 15.1 ms | 33945.7 samples/s
  step  1450/1756 | loss 17.1040 | data 0.1 ms | step 15.1 ms | 33960.0 samples/s
  step  1500/1756 | loss 16.8379 | data 0.1 ms | step 15.1 ms | 33940.2 samples/s
  step  1550/1756 | loss 17.2323 | data 0.1 ms | step 15.1 ms | 33972.6 samples/s
  step  1600/1756 | loss 16.8596 | data 0.1 ms | step 15.1 ms | 33966.9 samples/s
  step  1650/1756 | loss 16.3230 | data 0.1 ms | step 15.1 ms | 33949.7 samples/s
  step  1700/1756 | loss 17.4345 | data 0.1 ms | step 15.1 ms | 33981.9 samples/s
  step  1750/1756 | loss 17.0461 | data 0.6 ms | step 15.1 ms | 33967.7 samples/s
Training Loss: 16.868177 | 33529.7 samples/s
Peak GPU memory: 1978.4 MB
Validation Loss: 17.042155 | 111148.4 samples/s

Epoch 12/100
----------------------------------------
Learning Rate: 0.000297
  step    50/1756 | loss 16.1151 | data 0.7 ms | step 15.1 ms | 33888.1 samples/s
  step   100/1756 | loss 15.9867 | data 0.1 ms | step 15.1 ms | 33950.3 samples/s
  step   150/1756 | loss 15.8886 | data 0.1 ms | step 15.1 ms | 33941.7 samples/s
  step   200/1756 | loss 16.4952 | data 0.1 ms | step 15.1 ms | 33872.9 samples/s
  step   250/1756 | loss 15.7387 | data 0.1 ms | step 15.1 ms | 33944.4 samples/s
  step   300/1756 | loss 15.9660 | data 0.1 ms | step 15.1 ms | 33948.5 samples/s
  step   350/1756 | loss 16.8063 | data 0.1 ms | step 15.1 ms | 33934.2 samples/s
  step   400/1756 | loss 15.5140 | data 0.1 ms | step 15.1 ms | 33960.0 samples/s
  step   450/1756 | loss 15.2563 | data 0.1 ms | step 15.1 ms | 33900.0 samples/s
  step   500/1756 | loss 15.3139 | data 0.1 ms | step 15.1 ms | 33947.5 samples/s
  step   550/1756 | loss 14.8359 | data 0.1 ms | step 15.1 ms | 33983.9 samples/s
  step   600/1756 | loss 15.6982 | data 0.1 ms | step 15.1 ms | 33963.7 samples/s
  step   650/1756 | loss 15.9638 | data 0.1 ms | step 15.1 ms | 33891.3 samples/s
  step   700/1756 | loss 15.4165 | data 0.1 ms | step 15.1 ms | 33938.1 samples/s
  step   750/1756 | loss 14.5419 | data 0.1 ms | step 15.1 ms | 33964.4 samples/s
  step   800/1756 | loss 15.7121 | data 0.1 ms | step 15.1 ms | 33958.4 samples/s
  step   850/1756 | loss 14.8212 | data 0.1 ms | step 15.1 ms | 33948.5 samples/s
  step   900/1756 | loss 15.6940 | data 0.1 ms | step 15.1 ms | 33946.7 samples/s
  step   950/1756 | loss 15.5377 | data 0.1 ms | step 15.1 ms | 33922.6 samples/s
  step  1000/1756 | loss 15.3827 | data 0.1 ms | step 15.1 ms | 33971.4 samples/s
  step  1050/1756 | loss 15.6135 | data 0.1 ms | step 15.1 ms | 33959.5 samples/s
  step  1100/1756 | loss 15.2837 | data 0.1 ms | step 15.1 ms | 33906.6 samples/s
  step  1150/1756 | loss 16.2365 | data 0.1 ms | step 15.1 ms | 33963.4 samples/s
  step  1200/1756 | loss 15.2331 | data 0.1 ms | step 15.1 ms | 33953.1 samples/s
  step  1250/1756 | loss 14.2042 | data 0.1 ms | step 15.1 ms | 33940.1 samples/s
  step  1300/1756 | loss 15.0980 | data 0.1 ms | step 15.1 ms | 33951.4 samples/s
  step  1350/1756 | loss 15.9196 | data 0.1 ms | step 15.1 ms | 33950.2 samples/s
  step  1400/1756 | loss 15.5237 | data 0.1 ms | step 15.1 ms | 33943.4 samples/s
  step  1450/1756 | loss 14.8429 | data 0.1 ms | step 15.1 ms | 33938.1 samples/s
  step  1500/1756 | loss 15.3583 | data 0.1 ms | step 15.1 ms | 33945.6 samples/s
  step  1550/1756 | loss 16.2331 | data 0.1 ms | step 15.1 ms | 33935.4 samples/s
  step  1600/1756 | loss 16.7259 | data 0.1 ms | step 15.1 ms | 33963.6 samples/s
  step  1650/1756 | loss 16.1950 | data 0.1 ms | step 15.1 ms | 33981.0 samples/s
  step  1700/1756 | loss 15.9915 | data 0.1 ms | step 15.1 ms | 33949.4 samples/s
  step  1750/1756 | loss 14.8086 | data 0.7 ms | step 15.1 ms | 33933.5 samples/s
Training Loss: 15.592808 | 33935.3 samples/s
Peak GPU memory: 1978.4 MB
Validation Loss: 15.723693 | 111128.3 samples/s

Epoch 13/100
----------------------------------------
Learning Rate: 0.000296
  step    50/1756 | loss 16.7499 | data 0.7 ms | step 15.1 ms | 33902.1 samples/s
  step   100/1756 | loss 15.8483 | data 0.1 ms | step 15.1 ms | 33889.8 samples/s
  step   150/1756 | loss 16.1176 | data 0.1 ms | step 15.1 ms | 33920.3 samples/s
  step   200/1756 | loss 17.7722 | data 0.1 ms | step 15.1 ms | 33880.9 samples/s
  step   250/1756 | loss 17.2587 | data 0.1 ms | step 15.1 ms | 33797.2 samples/s
  step   300/1756 | loss 23.0718 | data 0.1 ms | step 15.1 ms | 33973.9 samples/s
  step   350/1756 | loss 18.6770 | data 0.1 ms | step 15.1 ms | 33954.4 samples/s
  step   400/1756 | loss 17.9309 | data 0.1 ms | step 15.1 ms | 33959.2 samples/s
  step   450/1756 | loss 18.2848 | data 0.1 ms | step 15.1 ms | 33967.2 samples/s
  step   500/1756 | loss 17.2873 | data 0.1 ms | step 15.1 ms | 33951.2 samples/s
  step   550/1756 | loss 15.8187 | data 0.1 ms | step 15.1 ms | 33948.1 samples/s
  step   600/1756 | loss 16.3037 | data 0.1 ms | step 15.1 ms | 33934.8 samples/s
  step   650/1756 | loss 17.2647 | data 0.1 ms | step 15.1 ms | 33957.7 samples/s
  step   700/1756 | loss 16.1382 | data 0.1 ms | step 15.1 ms | 33951.0 samples/s
  step   750/1756 | loss 16.3182 | data 0.1 ms | step 15.1 ms | 33956.1 samples/s
  step   800/1756 | loss 16.6770 | data 0.1 ms | step 15.1 ms | 33826.6 samples/s
  step   850/1756 | loss 15.8599 | data 0.1 ms | step 15.1 ms | 33952.1 samples/s
  step   900/1756 | loss 16.3273 | data 0.1 ms | step 15.1 ms | 33950.9 samples/s
  step   950/1756 | loss 15.1054 | data 0.1 ms | step 15.1 ms | 33966.0 samples/s
  step  1000/1756 | loss 15.9291 | data 0.1 ms | step 15.1 ms | 33914.7 samples/s
  step  1050/1756 | loss 18.0750 | data 0.1 ms | step 15.1 ms | 33943.1 samples/s
  step  1100/1756 | loss 16.5642 | data 0.1 ms | step 15.1 ms | 33932.4 samples/s
  step  1150/1756 | loss 14.8886 | data 0.1 ms | step 15.1 ms | 33914.3 samples/s
  step  1200/1756 | loss 16.5573 | data 0.1 ms | step 15.1 ms | 33890.3 samples/s
  step  1250/1756 | loss 16.3215 | data 0.1 ms | step 15.1 ms | 33826.2 samples/s
  step  1300/1756 | loss 16.2665 | data 0.1 ms | step 15.1 ms | 33956.2 samples/s
  step  1350/1756 | loss 16.4434 | data 0.1 ms | step 15.1 ms | 33815.4 samples/s
  step  1400/1756 | loss 16.0886 | data 0.1 ms | step 15.1 ms | 33949.3 samples/s
  step  1450/1756 | loss 15.1330 | data 0.1 ms | step 15.1 ms | 33945.2 samples/s
  step  1500/1756 | loss 16.3080 | data 0.1 ms | step 15.1 ms | 33918.4 samples/s
  step  1550/1756 | loss 15.4588 | data 0.1 ms | step 15.1 ms | 33965.0 samples/s
  step  1600/1756 | loss 16.5845 | data 0.1 ms | step 15.1 ms | 33941.6 samples/s
  step  1650/1756 | loss 17.0806 | data 0.1 ms | step 15.1 ms | 33918.6 samples/s
  step  1700/1756 | loss 17.2440 | data 0.1 ms | step 15.1 ms | 33956.8 samples/s
  step  1750/1756 | loss 15.7023 | data 0.7 ms | step 15.1 ms | 33919.0 samples/s
Training Loss: 16.723956 | 33915.1 samples/s
Peak GPU memory: 1978.4 MB
Validation Loss: 15.682974 | 111209.2 samples/s

Epoch 14/100
----------------------------------------
Learning Rate: 0.000295
  step    50/1756 | loss 16.1693 | data 0.7 ms | step 15.1 ms | 33900.0 samples/s
  step   100/1756 | loss 15.5351 | data 0.1 ms | step 15.1 ms | 33917.3 samples/s
  step   150/1756 | loss 15.5252 | data 0.1 ms | step 15.1 ms | 33916.2 samples/s
  step   200/1756 | loss 14.7010 | data 0.1 ms | step 15.1 ms | 33875.2 samples/s
  step   250/1756 | loss 14.5421 | data 0.1 ms | step 15.1 ms | 33938.4 samples/s
  step   300/1756 | loss 15.1588 | data 0.1 ms | step 15.1 ms | 33925.4 samples/s
  step   350/1756 | loss 14.3698 | data 0.1 ms | step 15.1 ms | 33925.7 samples/s
  step   400/1756 | loss 14.5034 | data 0.1 ms | step 15.1 ms | 33942.8 samples/s
  step   450/1756 | loss 14.6978 | data 0.1 ms | step 15.1 ms | 33950.4 samples/s
  step   500/1756 | loss 15.1753 | data 0.1 ms | step 15.1 ms | 33935.9 samples/s
  step   550/1756 | loss 14.3112 | data 0.1 ms | step 15.1 ms | 33795.7 samples/s
  step   600/1756 | loss 14.4542 | data 0.1 ms | step 15.1 ms | 33967.5 samples/s
  step   650/1756 | loss 14.7133 | data 0.1 ms | step 15.1 ms | 33938.9 samples/s
  step   700/1756 | loss 14.3026 | data 0.1 ms | step 15.8 ms | 32400.8 samples/s
  step   750/1756 | loss 14.4659 | data 0.1 ms | step 15.8 ms | 32457.9 samples/s
  step   800/1756 | loss 14.2607 | data 0.1 ms | step 15.4 ms | 33218.8 samples/s
  step   850/1756 | loss 14.6911 | data 0.1 ms | step 15.4 ms | 33325.9 samples/s
  step   900/1756 | loss 14.3557 | data 0.1 ms | step 15.7 ms | 32667.1 samples/s
  step   950/1756 | loss 14.4033 | data 0.1 ms | step 15.1 ms | 33798.0 samples/s
  step  1000/1756 | loss 14.3516 | data 0.1 ms | step 15.1 ms | 33967.8 samples/s
  step  1050/1756 | loss 14.8220 | data 0.1 ms | step 15.1 ms | 33870.0 samples/s
  step  1100/1756 | loss 13.5742 | data 0.1 ms | step 15.5 ms | 32943.7 samples/s
  step  1150/1756 | loss 13.8823 | data 0.1 ms | step 16.3 ms | 31446.0 samples/s
  step  1200/1756 | loss 13.5425 | data 0.1 ms | step 15.8 ms | 32407.5 samples/s
  step  1250/1756 | loss 15.0732 | data 0.1 ms | step 15.9 ms | 32101.4 samples/s
  step  1300/1756 | loss 15.2186 | data 0.1 ms | step 15.4 ms | 33351.1 samples/s
  step  1350/1756 | loss 14.5517 | data 0.1 ms | step 15.4 ms | 33169.6 samples/s
  step  1400/1756 | loss 14.4826 | data 0.1 ms | step 15.3 ms | 33445.1 samples/s
  step  1450/1756 | loss 14.8251 | data 0.1 ms | step 15.1 ms | 33925.3 samples/s
  step  1500/1756 | loss 14.5259 | data 0.1 ms | step 15.8 ms | 32354.0 samples/s
  step  1550/1756 | loss 13.7992 | data 0.1 ms | step 15.7 ms | 32537.3 samples/s
  step  1600/1756 | loss 14.7550 | data 0.1 ms | step 15.7 ms | 32590.1 samples/s
  step  1650/1756 | loss 14.3673 | data 0.1 ms | step 15.6 ms | 32762.0 samples/s
  step  1700/1756 | loss 14.1739 | data 0.1 ms | step 15.1 ms | 33954.6 samples/s
  step  1750/1756 | loss 14.9863 | data 0.7 ms | step 16.0 ms | 31934.8 samples/s
Training Loss: 14.595483 | 33274.8 samples/s
Peak GPU memory: 1978.4 MB
Validation Loss: 14.184467 | 108740.0 samples/s

Epoch 15/100
----------------------------------------
Learning Rate: 0.000293
  step    50/1756 | loss 14.9646 | data 0.7 ms | step 15.2 ms | 33586.8 samples/s
  step   100/1756 | loss 15.6147 | data 0.1 ms | step 15.9 ms | 32230.4 samples/s
  step   150/1756 | loss 13.9874 | data 0.1 ms | step 15.8 ms | 32382.6 samples/s
  step   200/1756 | loss 15.0145 | data 0.1 ms | step 15.8 ms | 32334.9 samples/s
  step   250/1756 | loss 14.6955 | data 0.1 ms | step 15.5 ms | 33051.2 samples/s
  step   300/1756 | loss 14.5976 | data 0.1 ms | step 15.1 ms | 33963.9 samples/s
  step   350/1756 | loss 14.2062 | data 0.1 ms | step 15.4 ms | 33225.3 samples/s
  step   400/1756 | loss 14.3528 | data 0.1 ms | step 15.3 ms | 33378.5 samples/s
  step   450/1756 | loss 13.2438 | data 0.1 ms | step 15.1 ms | 33876.8 samples/s
  step   500/1756 | loss 13.8901 | data 0.1 ms | step 15.1 ms | 33890.9 samples/s
  step   550/1756 | loss 13.7148 | data 0.1 ms | step 15.1 ms | 33988.6 samples/s
  step   600/1756 | loss 13.7768 | data 0.1 ms | step 15.1 ms | 33949.9 samples/s
  step   650/1756 | loss 13.1453 | data 0.1 ms | step 15.1 ms | 33886.9 samples/s
  step   700/1756 | loss 14.5048 | data 0.1 ms | step 15.1 ms | 33935.1 samples/s
  step   750/1756 | loss 14.0827 | data 0.1 ms | step 15.1 ms | 33948.8 samples/s
  step   800/1756 | loss 13.9366 | data 0.1 ms | step 15.1 ms | 33838.1 samples/s
  step   850/1756 | loss 14.0375 | data 0.1 ms | step 15.1 ms | 33975.7 samples/s
  step   900/1756 | loss 13.9963 | data 0.1 ms | step 15.1 ms | 33967.4 samples/s
  step   950/1756 | loss 13.2499 | data 0.1 ms | step 15.1 ms | 33925.6 samples/s
  step  1000/1756 | loss 13.7191 | data 0.1 ms | step 15.1 ms | 33961.3 samples/s
  step  1050/1756 | loss 14.1050 | data 0.1 ms | step 15.1 ms | 33976.8 samples/s
  step  1100/1756 | loss 14.5129 | data 0.1 ms | step 15.1 ms | 33909.1 samples/s
  step  1150/1756 | loss 15.1355 | data 0.1 ms | step 15.1 ms | 33974.6 samples/s
  step  1200/1756 | loss 14.9734 | data 0.1 ms | step 15.1 ms | 33977.2 samples/s
  step  1250/1756 | loss 13.7510 | data 0.1 ms | step 15.1 ms | 33960.9 samples/s
  step  1300/1756 | loss 14.3645 | data 0.1 ms | step 15.1 ms | 33931.2 samples/s
  step  1350/1756 | loss 13.9352 | data 0.1 ms | step 15.1 ms | 33864.4 samples/s
  step  1400/1756 | loss 14.7684 | data 0.1 ms | step 15.1 ms | 33951.1 samples/s
  step  1450/1756 | loss 14.4642 | data 0.1 ms | step 15.1 ms | 33955.3 samples/s
  step  1500/1756 | loss 15.3175 | data 0.1 ms | step 15.1 ms | 33965.7 samples/s
  step  1550/1756 | loss 14.3210 | data 0.1 ms | step 15.1 ms | 33950.7 samples/s
  step  1600/1756 | loss 14.3296 | data 0.1 ms | step 15.1 ms | 33934.4 samples/s
  step  1650/1756 | loss 13.3440 | data 0.1 ms | step 15.1 ms | 33976.8 samples/s
  step  1700/1756 | loss 16.3115 | data 0.1 ms | step 15.1 ms | 33954.7 samples/s
  step  1750/1756 | loss 17.2225 | data 0.7 ms | step 15.2 ms | 33713.8 samples/s
Training Loss: 14.399858 | 33701.1 samples/s
Peak GPU memory: 1978.4 MB
Validation Loss: 15.923702 | 108747.3 samples/s

Epoch 16/100
----------------------------------------
Learning Rate: 0.000292
  step    50/1756 | loss 15.2454 | data 0.7 ms | step 16.1 ms | 31777.7 samples/s
  step   100/1756 | loss 15.0532 | data 0.1 ms | step 15.7 ms | 32632.0 samples/s
  step   150/1756 | loss 14.8243 | data 0.1 ms | step 15.6 ms | 32722.9 samples/s
  step   200/1756 | loss 15.6683 | data 0.1 ms | step 15.1 ms | 33940.2 samples/s
  step   250/1756 | loss 14.2711 | data 0.1 ms | step 15.7 ms | 32658.0 samples/s
  step   300/1756 | loss 14.5767 | data 0.1 ms | step 15.8 ms | 32416.4 samples/s
  step   350/1756 | loss 14.1330 | data 0.1 ms | step 15.5 ms | 33026.0 samples/s
  step   400/1756 | loss 14.5112 | data 0.1 ms | step 15.5 ms | 33113.0 samples/s
  step   450/1756 | loss 14.1789 | data 0.1 ms | step 15.5 ms | 33117.2 samples/s
  step   500/1756 | loss 14.1120 | data 0.1 ms | step 15.3 ms | 33525.3 samples/s
  step   550/1756 | loss 14.1634 | data 0.1 ms | step 15.1 ms | 33844.5 samples/s
  step   600/1756 | loss 13.7496 | data 0.1 ms | step 15.1 ms | 33814.6 samples/s
  step   650/1756 | loss 13.9886 | data 0.1 ms | step 15.1 ms | 33942.1 samples/s
  step   700/1756 | loss 13.4366 | data 0.1 ms | step 15.1 ms | 33946.2 samples/s
  step   750/1756 | loss 13.3955 | data 0.1 ms | step 15.1 ms | 33983.0 samples/s
  step   800/1756 | loss 14.3615 | data 0.1 ms | step 15.1 ms | 33974.8 samples/s
  step   850/1756 | loss 13.1553 | data 0.1 ms | step 15.1 ms | 33941.3 samples/s
  step   900/1756 | loss 13.4095 | data 0.1 ms | step 15.1 ms | 33975.7 samples/s
  step   950/1756 | loss 14.3872 | data 0.1 ms | step 15.1 ms | 33955.8 samples/s
  step  1000/1756 | loss 14.8161 | data 0.1 ms | step 15.8 ms | 32428.5 samples/s
  step  1050/1756 | loss 13.4234 | data 0.1 ms | step 15.1 ms | 33821.2 samples/s
  step  1100/1756 | loss 13.3229 | data 0.1 ms | step 16.0 ms | 32012.2 samples/s
  step  1150/1756 | loss 14.3295 | data 0.1 ms | step 15.3 ms | 33455.9 samples/s
  step  1200/1756 | loss 13.1960 | data 0.1 ms | step 15.5 ms | 33042.9 samples/s
  step  1250/1756 | loss 14.2090 | data 0.1 ms | step 15.1 ms | 33923.7 samples/s
  step  1300/1756 | loss 13.7967 | data 0.1 ms | step 15.3 ms | 33479.7 samples/s
  step  1350/1756 | loss 12.8596 | data 0.1 ms | step 15.6 ms | 32896.2 samples/s
  step  1400/1756 | loss 14.0443 | data 0.1 ms | step 15.1 ms | 33966.3 samples/s
  step  1450/1756 | loss 14.3670 | data 0.1 ms | step 15.1 ms | 33841.2 samples/s
  step  1500/1756 | loss 13.8890 | data 0.1 ms | step 15.1 ms | 33964.9 samples/s
  step  1550/1756 | loss 14.1000 | data 0.1 ms | step 15.1 ms | 33974.1 samples/s
  step  1600/1756 | loss 15.1211 | data 0.1 ms | step 15.1 ms | 33922.2 samples/s
  step  1650/1756 | loss 14.4226 | data 0.1 ms | step 15.1 ms | 33831.7 samples/s
  step  1700/1756 | loss 15.7526 | data 0.1 ms | step 15.1 ms | 33957.8 samples/s
  step  1750/1756 | loss 16.3063 | data 0.7 ms | step 15.7 ms | 32522.9 samples/s
Training Loss: 14.258958 | 33391.5 samples/s
Peak GPU memory: 1978.4 MB
Validation Loss: 15.724370 | 109135.4 samples/s

Epoch 17/100
----------------------------------------
Learning Rate: 0.000290
  step    50/1756 | loss 15.8045 | data 0.7 ms | step 15.5 ms | 33016.0 samples/s
  step   100/1756 | loss 14.6529 | data 0.1 ms | step 15.1 ms | 33929.2 samples/s
  step   150/1756 | loss 14.3093 | data 0.1 ms | step 15.1 ms | 33917.8 samples/s
  step   200/1756 | loss 14.9844 | data 0.1 ms | step 15.1 ms | 33944.8 samples/s
  step   250/1756 | loss 13.7883 | data 0.1 ms | step 15.1 ms | 33903.6 samples/s
  step   300/1756 | loss 14.4262 | data 0.1 ms | step 15.1 ms | 33837.4 samples/s
  step   350/1756 | loss 14.8176 | data 0.1 ms | step 15.1 ms | 33918.8 samples/s
  step   400/1756 | loss 14.4105 | data 0.1 ms | step 15.2 ms | 33729.0 samples/s
  step   450/1756 | loss 14.7255 | data 0.1 ms | step 15.6 ms | 32724.3 samples/s
  step   500/1756 | loss 14.7525 | data 0.1 ms | step 15.1 ms | 33936.9 samples/s
  step   550/1756 | loss 14.2799 | data 0.1 ms | step 15.4 ms | 33302.6 samples/s
  step   600/1756 | loss 15.0649 | data 0.1 ms | step 15.4 ms | 33154.1 samples/s
  step   650/1756 | loss 13.8109 | data 0.1 ms | step 15.1 ms | 33946.2 samples/s
  step   700/1756 | loss 13.8505 | data 0.1 ms | step 15.1 ms | 33924.6 samples/s
  step   750/1756 | loss 13.4879 | data 0.1 ms | step 15.1 ms | 33920.8 samples/s
  step   800/1756 | loss 14.3428 | data 0.1 ms | step 15.4 ms | 33232.3 samples/s
  step   850/1756 | loss 13.5472 | data 0.1 ms | step 15.2 ms | 33703.2 samples/s
  step   900/1756 | loss 14.1083 | data 0.1 ms | step 15.7 ms | 32610.3 samples/s
  step   950/1756 | loss 13.5262 | data 0.1 ms | step 15.1 ms | 33951.6 samples/s
  step  1000/1756 | loss 14.4169 | data 0.1 ms | step 15.1 ms | 33959.6 samples/s
  step  1050/1756 | loss 13.8118 | data 0.1 ms | step 15.1 ms | 33817.7 samples/s
  step  1100/1756 | loss 13.4661 | data 0.1 ms | step 15.1 ms | 33950.7 samples/s
  step  1150/1756 | loss 13.8715 | data 0.1 ms | step 15.1 ms | 33804.0 samples/s
  step  1200/1756 | loss 13.5969 | data 0.1 ms | step 15.7 ms | 32627.8 samples/s
  step  1250/1756 | loss 14.7941 | data 0.1 ms | step 15.1 ms | 33928.4 samples/s
  step  1300/1756 | loss 13.6177 | data 0.1 ms | step 15.1 ms | 33907.2 samples/s
  step  1350/1756 | loss 13.8532 | data 0.1 ms | step 15.4 ms | 33170.0 samples/s
  step  1400/1756 | loss 13.3441 | data 0.1 ms | step 16.0 ms | 32089.5 samples/s
  step  1450/1756 | loss 13.6943 | data 0.1 ms | step 15.3 ms | 33386.3 samples/s
  step  1500/1756 | loss 13.9780 | data 0.1 ms | step 15.5 ms | 33112.7 samples/s
  step  1550/1756 | loss 14.4367 | data 0.1 ms | step 15.1 ms | 33954.4 samples/s
  step  1600/1756 | loss 14.2235 | data 0.1 ms | step 15.1 ms | 33957.1 samples/s
  step  1650/1756 | loss 14.0295 | data 0.1 ms | step 15.7 ms | 32690.7 samples/s
  step  1700/1756 | loss 14.1212 | data 0.1 ms | step 15.2 ms | 33621.0 samples/s
  step  1750/1756 | loss 13.3034 | data 0.6 ms | step 15.6 ms | 32783.8 samples/s
Training Loss: 14.147136 | 33502.9 samples/s
Peak GPU memory: 1978.4 MB
Validation Loss: 14.303724 | 109844.6 samples/s

Epoch 18/100
----------------------------------------
Learning Rate: 0.000288
  step    50/1756 | loss 13.5915 | data 0.7 ms | step 15.9 ms | 32215.6 samples/s
  step   100/1756 | loss 14.7779 | data 0.1 ms | step 15.1 ms | 33956.0 samples/s
  step   150/1756 | loss 13.6955 | data 0.1 ms | step 15.1 ms | 33951.0 samples/s
  step   200/1756 | loss 14.4625 | data 0.1 ms | step 15.3 ms | 33363.0 samples/s
  step   250/1756 | loss 14.1486 | data 0.1 ms | step 15.8 ms | 32351.6 samples/s
  step   300/1756 | loss 13.5154 | data 0.1 ms | step 15.1 ms | 33860.3 samples/s
  step   350/1756 | loss 14.1103 | data 0.1 ms | step 16.3 ms | 31330.2 samples/s
  step   400/1756 | loss 13.5181 | data 0.1 ms | step 15.2 ms | 33639.7 samples/s
  step   450/1756 | loss 14.1211 | data 0.1 ms | step 15.6 ms | 32823.8 samples/s
  step   500/1756 | loss 15.1372 | data 0.1 ms | step 15.1 ms | 33908.5 samples/s
  step   550/1756 | loss 15.8356 | data 0.1 ms | step 15.8 ms | 32491.9 samples/s
  step   600/1756 | loss 15.0278 | data 0.1 ms | step 15.1 ms | 33876.6 samples/s
  step   650/1756 | loss 14.5726 | data 0.1 ms | step 15.1 ms | 33886.0 samples/s
  step   700/1756 | loss 13.9854 | data 0.1 ms | step 15.1 ms | 33834.3 samples/s
  step   750/1756 | loss 13.4979 | data 0.1 ms | step 15.4 ms | 33226.0 samples/s
  step   800/1756 | loss 14.3014 | data 0.1 ms | step 15.5 ms | 33000.9 samples/s
  step   850/1756 | loss 13.6037 | data 0.1 ms | step 15.1 ms | 33979.2 samples/s
  step   900/1756 | loss 13.1871 | data 0.1 ms | step 15.2 ms | 33792.4 samples/s
  step   950/1756 | loss 13.2679 | data 0.1 ms | step 15.7 ms | 32660.0 samples/s
  step  1000/1756 | loss 13.5915 | data 0.1 ms | step 15.1 ms | 33861.2 samples/s
  step  1050/1756 | loss 13.3076 | data 0.1 ms | step 15.1 ms | 33918.3 samples/s
  step  1100/1756 | loss 14.0434 | data 0.1 ms | step 15.1 ms | 33813.2 samples/s
  step  1150/1756 | loss 14.1193 | data 0.1 ms | step 15.1 ms | 33962.3 samples/s
  step  1200/1756 | loss 13.4000 | data 0.1 ms | step 15.1 ms | 33921.7 samples/s
  step  1250/1756 | loss 12.8932 | data 0.1 ms | step 15.1 ms | 33936.7 samples/s
  step  1300/1756 | loss 13.7222 | data 0.1 ms | step 15.1 ms | 33962.8 samples/s
  step  1350/1756 | loss 13.2928 | data 0.1 ms | step 15.1 ms | 33964.3 samples/s
  step  1400/1756 | loss 13.3491 | data 0.1 ms | step 15.1 ms | 33921.3 samples/s
  step  1450/1756 | loss 13.3024 | data 0.1 ms | step 15.1 ms | 33979.2 samples/s
  step  1500/1756 | loss 13.5841 | data 0.1 ms | step 15.1 ms | 33971.2 samples/s
  step  1550/1756 | loss 14.2869 | data 0.1 ms | step 15.1 ms | 33974.5 samples/s
  step  1600/1756 | loss 13.7244 | data 0.1 ms | step 15.1 ms | 33971.6 samples/s
  step  1650/1756 | loss 13.4249 | data 0.1 ms | step 15.1 ms | 33892.0 samples/s
  step  1700/1756 | loss 14.8373 | data 0.1 ms | step 15.1 ms | 33947.5 samples/s
  step  1750/1756 | loss 14.4417 | data 0.7 ms | step 15.1 ms | 33974.0 samples/s
Training Loss: 13.932256 | 33555.8 samples/s
Peak GPU memory: 1978.4 MB
Validation Loss: 14.080426 | 111338.5 samples/s

Epoch 19/100
----------------------------------------
Learning Rate: 0.000286
  step    50/1756 | loss 14.1118 | data 0.6 ms | step 15.1 ms | 33904.2 samples/s
  step   100/1756 | loss 13.8060 | data 0.1 ms | step 15.1 ms | 33872.5 samples/s
  step   150/1756 | loss 14.8536 | data 0.1 ms | step 15.1 ms | 33931.1 samples/s
  step   200/1756 | loss 14.7105 | data 0.1 ms | step 15.1 ms | 33963.0 samples/s
  step   250/1756 | loss 15.2665 | data 0.1 ms | step 15.1 ms | 33928.5 samples/s
  step   300/1756 | loss 14.3814 | data 0.1 ms | step 15.1 ms | 33838.1 samples/s
  step   350/1756 | loss 13.8575 | data 0.1 ms | step 15.1 ms | 33942.7 samples/s
  step   400/1756 | loss 14.1275 | data 0.1 ms | step 15.1 ms | 33946.6 samples/s
  step   450/1756 | loss 13.2161 | data 0.1 ms | step 15.1 ms | 33947.9 samples/s
  step   500/1756 | loss 13.5218 | data 0.1 ms | step 15.1 ms | 33964.4 samples/s
  step   550/1756 | loss 13.2963 | data 0.1 ms | step 15.1 ms | 33927.9 samples/s
  step   600/1756 | loss 13.9534 | data 0.1 ms | step 15.1 ms | 33971.1 samples/s
  step   650/1756 | loss 14.2785 | data 0.1 ms | step 15.1 ms | 33984.8 samples/s
  step   700/1756 | loss 13.4235 | data 0.1 ms | step 15.1 ms | 33927.9 samples/s
  step   750/1756 | loss 13.2273 | data 0.1 ms | step 15.1 ms | 33936.1 samples/s
  step   800/1756 | loss 13.8856 | data 0.1 ms | step 15.1 ms | 33958.7 samples/s
  step   850/1756 | loss 13.2859 | data 0.1 ms | step 15.2 ms | 33741.9 samples/s
  step   900/1756 | loss 13.4023 | data 0.1 ms | step 15.1 ms | 33945.6 samples/s
  step   950/1756 | loss 14.3037 | data 0.1 ms | step 15.1 ms | 33941.5 samples/s
  step  1000/1756 | loss 13.4910 | data 0.1 ms | step 15.1 ms | 33934.9 samples/s
  step  1050/1756 | loss 14.4330 | data 0.1 ms | step 15.1 ms | 33929.1 samples/s
  step  1100/1756 | loss 13.3680 | data 0.1 ms | step 15.1 ms | 33950.1 samples/s
  step  1150/1756 | loss 13.5767 | data 0.1 ms | step 15.1 ms | 33955.9 samples/s
  step  1200/1756 | loss 13.1566 | data 0.1 ms | step 15.1 ms | 33931.1 samples/s
  step  1250/1756 | loss 13.2660 | data 0.1 ms | step 15.1 ms | 33971.9 samples/s
  step  1300/1756 | loss 12.8554 | data 0.1 ms | step 15.1 ms | 33962.2 samples/s
  step  1350/1756 | loss 13.6914 | data 0.1 ms | step 15.1 ms | 33931.4 samples/s
  step  1400/1756 | loss 12.5970 | data 0.1 ms | step 15.1 ms | 33830.5 samples/s
  step  1450/1756 | loss 13.1645 | data 0.1 ms | step 15.1 ms | 33880.6 samples/s
  step  1500/1756 | loss 12.9342 | data 0.1 ms | step 15.1 ms | 33942.1 samples/s
  step  1550/1756 | loss 13.5945 | data 0.1 ms | step 15.1 ms | 33947.3 samples/s
  step  1600/1756 | loss 13.0184 | data 0.1 ms | step 15.1 ms | 33943.5 samples/s
  step  1650/1756 | loss 14.7392 | data 0.1 ms | step 15.1 ms | 33932.4 samples/s
  step  1700/1756 | loss 13.9484 | data 0.1 ms | step 15.1 ms | 33938.2 samples/s
  step  1750/1756 | loss 14.4025 | data 0.7 ms | step 15.1 ms | 33882.7 samples/s
Training Loss: 13.746604 | 33918.2 samples/s
Peak GPU memory: 1978.4 MB
Validation Loss: 14.701854 | 111332.3 samples/s

Epoch 20/100
----------------------------------------
Learning Rate: 0.000284
  step    50/1756 | loss 13.6516 | data 0.8 ms | step 15.1 ms | 33801.4 samples/s
  step   100/1756 | loss 13.9722 | data 0.1 ms | step 15.1 ms | 33973.9 samples/s
  step   150/1756 | loss 14.3080 | data 0.1 ms | step 15.1 ms | 33972.3 samples/s
  step   200/1756 | loss 13.5634 | data 0.1 ms | step 15.1 ms | 33963.2 samples/s
  step   250/1756 | loss 14.3245 | data 0.1 ms | step 15.1 ms | 33962.9 samples/s
  step   300/1756 | loss 13.8095 | data 0.1 ms | step 15.1 ms | 33961.1 samples/s
  step   350/1756 | loss 14.1342 | data 0.1 ms | step 15.1 ms | 33934.0 samples/s
  step   400/1756 | loss 13.4365 | data 0.1 ms | step 15.1 ms | 33970.4 samples/s
  step   450/1756 | loss 13.1193 | data 0.1 ms | step 15.1 ms | 33948.4 samples/s
  step   500/1756 | loss 14.1782 | data 0.1 ms | step 15.1 ms | 33943.9 samples/s
  step   550/1756 | loss 13.6708 | data 0.1 ms | step 15.1 ms | 33954.0 samples/s
  step   600/1756 | loss 13.6230 | data 0.1 ms | step 15.1 ms | 33845.3 samples/s
  step   650/1756 | loss 13.4793 | data 0.1 ms | step 15.1 ms | 33923.6 samples/s
  step   700/1756 | loss 13.2198 | data 0.1 ms | step 15.1 ms | 33896.4 samples/s
  step   750/1756 | loss 14.3425 | data 0.1 ms | step 15.1 ms | 33948.6 samples/s
  step   800/1756 | loss 15.3656 | data 0.1 ms | step 15.1 ms | 33956.6 samples/s
  step   850/1756 | loss 14.6886 | data 0.1 ms | step 15.1 ms | 33984.7 samples/s
  step   900/1756 | loss 13.6726 | data 0.1 ms | step 15.1 ms | 33969.6 samples/s
  step   950/1756 | loss 13.3675 | data 0.1 ms | step 15.1 ms | 33900.7 samples/s
  step  1000/1756 | loss 14.7425 | data 0.1 ms | step 15.1 ms | 33963.4 samples/s
  step  1050/1756 | loss 13.0124 | data 0.1 ms | step 15.1 ms | 33970.8 samples/s
  step  1100/1756 | loss 14.0317 | data 0.1 ms | step 15.1 ms | 33932.9 samples/s
  step  1150/1756 | loss 15.7179 | data 0.1 ms | step 15.1 ms | 33861.4 samples/s
  step  1200/1756 | loss 14.6270 | data 0.1 ms | step 15.1 ms | 33962.4 samples/s
  step  1250/1756 | loss 14.3753 | data 0.1 ms | step 15.1 ms | 33942.7 samples/s
  step  1300/1756 | loss 13.6178 | data 0.1 ms | step 15.1 ms | 33970.8 samples/s
  step  1350/1756 | loss 14.1961 | data 0.1 ms | step 15.1 ms | 33961.2 samples/s
  step  1400/1756 | loss 14.8637 | data 0.1 ms | step 15.1 ms | 33934.9 samples/s
  step  1450/1756 | loss 13.7573 | data 0.1 ms | step 15.1 ms | 33952.0 samples/s
  step  1500/1756 | loss 15.8326 | data 0.1 ms | step 15.1 ms | 33962.1 samples/s
  step  1550/1756 | loss 14.1887 | data 0.1 ms | step 15.1 ms | 33923.8 samples/s
  step  1600/1756 | loss 14.2871 | data 0.1 ms | step 15.1 ms | 33954.3 samples/s
  step  1650/1756 | loss 14.8117 | data 0.1 ms | step 15.1 ms | 33944.1 samples/s
  step  1700/1756 | loss 13.5183 | data 0.1 ms | step 15.1 ms | 33833.9 samples/s
  step  1750/1756 | loss 13.5666 | data 0.6 ms | step 15.1 ms | 33930.1 samples/s
Training Loss: 14.085377 | 33929.9 samples/s
Peak GPU memory: 1978.4 MB
Validation Loss: 14.376018 | 111175.4 samples/s

Epoch 21/100
----------------------------------------
Learning Rate: 0.000282
  step    50/1756 | loss 14.3372 | data 0.7 ms | step 15.1 ms | 33932.3 samples/s
  step   100/1756 | loss 13.1336 | data 0.1 ms | step 15.1 ms | 33907.0 samples/s
  step   150/1756 | loss 12.7280 | data 0.1 ms | step 15.1 ms | 33952.5 samples/s
  step   200/1756 | loss 13.0820 | data 0.1 ms | step 15.1 ms | 33936.5 samples/s
  step   250/1756 | loss 14.1987 | data 0.1 ms | step 15.1 ms | 33937.3 samples/s
  step   300/1756 | loss 17.1548 | data 0.1 ms | step 15.1 ms | 33955.8 samples/s
  step   350/1756 | loss 17.3670 | data 0.1 ms | step 15.1 ms | 33810.6 samples/s
  step   400/1756 | loss 16.0228 | data 0.1 ms | step 15.1 ms | 33919.0 samples/s
  step   450/1756 | loss 16.0483 | data 0.1 ms | step 15.1 ms | 33942.0 samples/s
  step   500/1756 | loss 14.5132 | data 0.1 ms | step 15.1 ms | 33924.9 samples/s
  step   550/1756 | loss 14.0151 | data 0.1 ms | step 15.1 ms | 33924.9 samples/s
  step   600/1756 | loss 14.5811 | data 0.1 ms | step 15.1 ms | 33939.7 samples/s
  step   650/1756 | loss 13.6522 | data 0.1 ms | step 15.9 ms | 32163.7 samples/s
  step   700/1756 | loss 13.9873 | data 0.1 ms | step 15.7 ms | 32712.8 samples/s
  step   750/1756 | loss 13.4702 | data 0.1 ms | step 15.7 ms | 32647.7 samples/s
  step   800/1756 | loss 13.8322 | data 0.1 ms | step 15.1 ms | 33909.5 samples/s
  step   850/1756 | loss 14.7402 | data 0.1 ms | step 15.8 ms | 32323.5 samples/s
  step   900/1756 | loss 15.1747 | data 0.1 ms | step 15.1 ms | 33836.6 samples/s
  step   950/1756 | loss 13.8605 | data 0.1 ms | step 15.1 ms | 33885.5 samples/s
  step  1000/1756 | loss 14.2690 | data 0.1 ms | step 15.1 ms | 33940.5 samples/s
  step  1050/1756 | loss 13.9540 | data 0.1 ms | step 15.1 ms | 33960.0 samples/s
  step  1100/1756 | loss 13.2245 | data 0.1 ms | step 15.1 ms | 33969.7 samples/s
  step  1150/1756 | loss 13.4496 | data 0.1 ms | step 15.1 ms | 33939.9 samples/s
  step  1200/1756 | loss 12.4257 | data 0.1 ms | step 15.1 ms | 33952.8 samples/s
  step  1250/1756 | loss 13.1565 | data 0.1 ms | step 15.1 ms | 33942.1 samples/s
  step  1300/1756 | loss 12.4384 | data 0.1 ms | step 15.1 ms | 33953.0 samples/s
  step  1350/1756 | loss 14.8837 | data 0.1 ms | step 15.1 ms | 33964.2 samples/s
  step  1400/1756 | loss 14.0859 | data 0.1 ms | step 15.1 ms | 33927.4 samples/s
  step  1450/1756 | loss 13.9010 | data 0.1 ms | step 15.1 ms | 33819.2 samples/s
  step  1500/1756 | loss 14.1447 | data 0.1 ms | step 15.1 ms | 33968.8 samples/s
  step  1550/1756 | loss 15.5842 | data 0.1 ms | step 15.1 ms | 33976.8 samples/s
  step  1600/1756 | loss 14.1348 | data 0.1 ms | step 15.1 ms | 33958.4 samples/s
  step  1650/1756 | loss 12.9811 | data 0.1 ms | step 15.1 ms | 33900.1 samples/s
  step  1700/1756 | loss 14.5239 | data 0.1 ms | step 15.1 ms | 33926.4 samples/s
  step  1750/1756 | loss 13.9510 | data 0.6 ms | step 15.1 ms | 33927.0 samples/s
Training Loss: 14.206622 | 33744.4 samples/s
Peak GPU memory: 1978.4 MB
Validation Loss: 13.907559 | 111270.4 samples/s

Epoch 22/100
----------------------------------------
Learning Rate: 0.000280
  step    50/1756 | loss 13.2424 | data 0.7 ms | step 15.1 ms | 33859.7 samples/s
  step   100/1756 | loss 13.3728 | data 0.1 ms | step 15.2 ms | 33775.2 samples/s
  step   150/1756 | loss 12.9781 | data 0.1 ms | step 15.1 ms | 33938.4 samples/s
  step   200/1756 | loss 12.3990 | data 0.1 ms | step 15.1 ms | 33932.6 samples/s
  step   250/1756 | loss 13.3158 | data 0.1 ms | step 15.1 ms | 33961.8 samples/s
  step   300/1756 | loss 14.7208 | data 0.1 ms | step 15.1 ms | 33937.7 samples/s
  step   350/1756 | loss 13.2508 | data 0.1 ms | step 15.1 ms | 33934.8 samples/s
  step   400/1756 | loss 14.1842 | data 0.1 ms | step 15.1 ms | 33957.0 samples/s
  step   450/1756 | loss 13.8220 | data 0.1 ms | step 15.1 ms | 33950.6 samples/s
  step   500/1756 | loss 13.0164 | data 0.1 ms | step 15.1 ms | 33901.8 samples/s
  step   550/1756 | loss 12.8157 | data 0.1 ms | step 15.1 ms | 33914.6 samples/s
  step   600/1756 | loss 13.8816 | data 0.1 ms | step 15.1 ms | 33932.1 samples/s
  step   650/1756 | loss 13.6657 | data 0.1 ms | step 15.1 ms | 33836.2 samples/s
  step   700/1756 | loss 13.9315 | data 0.1 ms | step 15.1 ms | 33969.8 samples/s
  step   750/1756 | loss 13.7667 | data 0.1 ms | step 15.1 ms | 33967.3 samples/s
  step   800/1756 | loss 13.2454 | data 0.1 ms | step 15.1 ms | 33841.3 samples/s
  step   850/1756 | loss 13.6097 | data 0.1 ms | step 15.1 ms | 33965.5 samples/s
  step   900/1756 | loss 12.9486 | data 0.1 ms | step 15.1 ms | 33968.8 samples/s
  step   950/1756 | loss 13.5494 | data 0.1 ms | step 15.1 ms | 33932.4 samples/s
  step  1000/1756 | loss 13.6717 | data 0.1 ms | step 15.1 ms | 33966.5 samples/s
  step  1050/1756 | loss 14.0732 | data 0.1 ms | step 15.1 ms | 33958.4 samples/s
  step  1100/1756 | loss 13.7943 | data 0.1 ms | step 15.1 ms | 33965.0 samples/s
  step  1150/1756 | loss 13.3203 | data 0.1 ms | step 15.1 ms | 33975.0 samples/s
  step  1200/1756 | loss 13.3568 | data 0.1 ms | step 15.1 ms | 33840.0 samples/s
  step  1250/1756 | loss 12.4889 | data 0.1 ms | step 15.1 ms | 33951.8 samples/s
  step  1300/1756 | loss 13.2443 | data 0.1 ms | step 15.1 ms | 33977.2 samples/s
  step  1350/1756 | loss 13.2299 | data 0.1 ms | step 15.1 ms | 33973.7 samples/s
  step  1400/1756 | loss 13.4847 | data 0.1 ms | step 15.1 ms | 33866.6 samples/s
  step  1450/1756 | loss 13.3848 | data 0.1 ms | step 15.1 ms | 33951.6 samples/s
  step  1500/1756 | loss 13.4624 | data 0.1 ms | step 15.1 ms | 33963.7 samples/s
  step  1550/1756 | loss 12.4118 | data 0.1 ms | step 15.1 ms | 33955.9 samples/s
  step  1600/1756 | loss 12.8125 | data 0.1 ms | step 15.1 ms | 33984.7 samples/s
  step  1650/1756 | loss 13.0741 | data 0.1 ms | step 15.1 ms | 33916.3 samples/s
  step  1700/1756 | loss 13.4506 | data 0.1 ms | step 15.1 ms | 33921.5 samples/s
  step  1750/1756 | loss 13.4491 | data 0.7 ms | step 15.9 ms | 32259.8 samples/s
Training Loss: 13.388578 | 33872.4 samples/s
Peak GPU memory: 1978.4 MB
Validation Loss: 12.934235 | 110024.1 samples/s

Epoch 23/100
----------------------------------------
Learning Rate: 0.000277
  step    50/1756 | loss 13.1016 | data 0.6 ms | step 15.5 ms | 33093.0 samples/s
  step   100/1756 | loss 13.0094 | data 0.1 ms | step 15.1 ms | 33914.3 samples/s
  step   150/1756 | loss 12.6600 | data 0.1 ms | step 15.1 ms | 33932.8 samples/s
  step   200/1756 | loss 12.5522 | data 0.1 ms | step 16.0 ms | 32072.2 samples/s
  step   250/1756 | loss 12.4171 | data 0.1 ms | step 15.8 ms | 32346.0 samples/s
  step   300/1756 | loss 12.6857 | data 0.1 ms | step 15.6 ms | 32763.4 samples/s
  step   350/1756 | loss 13.4826 | data 0.1 ms | step 15.7 ms | 32706.0 samples/s
  step   400/1756 | loss 13.5910 | data 0.1 ms | step 15.3 ms | 33426.1 samples/s
  step   450/1756 | loss 13.5933 | data 0.1 ms | step 15.5 ms | 32952.9 samples/s
  step   500/1756 | loss 13.5129 | data 0.1 ms | step 15.1 ms | 33934.6 samples/s
  step   550/1756 | loss 13.1852 | data 0.1 ms | step 15.7 ms | 32529.2 samples/s
  step   600/1756 | loss 13.0260 | data 0.1 ms | step 15.1 ms | 33911.9 samples/s
  step   650/1756 | loss 13.5312 | data 0.1 ms | step 15.5 ms | 33049.8 samples/s
  step   700/1756 | loss 14.4505 | data 0.1 ms | step 15.1 ms | 33869.3 samples/s
  step   750/1756 | loss 16.3221 | data 0.1 ms | step 15.2 ms | 33594.0 samples/s
  step   800/1756 | loss 16.1869 | data 0.1 ms | step 15.8 ms | 32459.3 samples/s
  step   850/1756 | loss 15.2675 | data 0.1 ms | step 15.4 ms | 33164.0 samples/s
  step   900/1756 | loss 14.5701 | data 0.1 ms | step 15.3 ms | 33559.0 samples/s
  step   950/1756 | loss 14.4648 | data 0.1 ms | step 15.6 ms | 32753.0 samples/s
  step  1000/1756 | loss 14.5449 | data 0.1 ms | step 15.7 ms | 32657.4 samples/s
  step  1050/1756 | loss 13.3329 | data 0.1 ms | step 15.1 ms | 33854.4 samples/s
  step  1100/1756 | loss 13.2601 | data 0.1 ms | step 15.1 ms | 33954.8 samples/s
  step  1150/1756 | loss 14.0254 | data 0.1 ms | step 15.1 ms | 33904.5 samples/s
  step  1200/1756 | loss 13.3658 | data 0.1 ms | step 15.1 ms | 33942.5 samples/s
  step  1250/1756 | loss 13.1630 | data 0.1 ms | step 15.1 ms | 33919.7 samples/s
  step  1300/1756 | loss 12.9187 | data 0.1 ms | step 15.1 ms | 33934.1 samples/s
  step  1350/1756 | loss 13.0908 | data 0.1 ms | step 15.1 ms | 33945.0 samples/s
  step  1400/1756 | loss 12.8616 | data 0.1 ms | step 15.8 ms | 32483.7 samples/s
  step  1450/1756 | loss 13.3469 | data 0.1 ms | step 15.1 ms | 33849.6 samples/s
  step  1500/1756 | loss 13.0020 | data 0.1 ms | step 15.5 ms | 33044.8 samples/s
  step  1550/1756 | loss 13.2966 | data 0.1 ms | step 15.3 ms | 33399.4 samples/s
  step  1600/1756 | loss 13.7901 | data 0.1 ms | step 15.8 ms | 32419.8 samples/s
  step  1650/1756 | loss 12.5990 | data 0.1 ms | step 15.1 ms | 33924.6 samples/s
  step  1700/1756 | loss 12.7551 | data 0.1 ms | step 15.1 ms | 33883.4 samples/s
  step  1750/1756 | loss 12.7124 | data 0.6 ms | step 15.1 ms | 33895.1 samples/s
Training Loss: 13.531863 | 33327.6 samples/s
Peak GPU memory: 1978.4 MB
Validation Loss: 12.511552 | 109963.5 samples/s

Epoch 24/100
----------------------------------------
Learning Rate: 0.000274
  step    50/1756 | loss 12.7598 | data 0.7 ms | step 16.1 ms | 31822.6 samples/s
  step   100/1756 | loss 12.1380 | data 0.1 ms | step 15.4 ms | 33163.3 samples/s
  step   150/1756 | loss 12.5633 | data 0.1 ms | step 15.7 ms | 32553.2 samples/s
  step   200/1756 | loss 13.5645 | data 0.1 ms | step 15.1 ms | 33956.4 samples/s
  step   250/1756 | loss 13.0688 | data 0.1 ms | step 15.1 ms | 33962.2 samples/s
  step   300/1756 | loss 13.7429 | data 0.1 ms | step 15.1 ms | 33940.0 samples/s
  step   350/1756 | loss 13.5727 | data 0.1 ms | step 15.1 ms | 33963.6 samples/s
  step   400/1756 | loss 13.7830 | data 0.1 ms | step 15.1 ms | 33965.1 samples/s
  step   450/1756 | loss 13.0556 | data 0.1 ms | step 15.1 ms | 33966.9 samples/s
  step   500/1756 | loss 12.6395 | data 0.1 ms | step 15.1 ms | 33999.8 samples/s
  step   550/1756 | loss 12.7947 | data 0.1 ms | step 15.1 ms | 33993.2 samples/s
  step   600/1756 | loss 14.5299 | data 0.1 ms | step 15.1 ms | 33929.4 samples/s
  step   650/1756 | loss 13.1652 | data 0.1 ms | step 15.1 ms | 33855.7 samples/s
  step   700/1756 | loss 13.8704 | data 0.1 ms | step 15.1 ms | 33969.0 samples/s
  step   750/1756 | loss 13.5044 | data 0.1 ms | step 15.1 ms | 33924.0 samples/s
  step   800/1756 | loss 13.4734 | data 0.1 ms | step 15.1 ms | 33962.8 samples/s
  step   850/1756 | loss 13.4214 | data 0.1 ms | step 15.1 ms | 33951.3 samples/s
  step   900/1756 | loss 12.5027 | data 0.1 ms | step 15.1 ms | 33870.6 samples/s
  step   950/1756 | loss 12.0685 | data 0.1 ms | step 15.1 ms | 33974.0 samples/s
  step  1000/1756 | loss 12.4143 | data 0.1 ms | step 15.1 ms | 33945.0 samples/s
  step  1050/1756 | loss 14.8371 | data 0.1 ms | step 15.1 ms | 33935.9 samples/s
  step  1100/1756 | loss 14.8926 | data 0.1 ms | step 15.1 ms | 33953.4 samples/s
  step  1150/1756 | loss 15.9025 | data 0.1 ms | step 15.1 ms | 33973.1 samples/s
  step  1200/1756 | loss 15.4494 | data 0.1 ms | step 15.1 ms | 33815.0 samples/s
  step  1250/1756 | loss 14.4088 | data 0.1 ms | step 15.1 ms | 33946.5 samples/s
  step  1300/1756 | loss 13.5086 | data 0.1 ms | step 15.1 ms | 33948.6 samples/s
  step  1350/1756 | loss 12.9288 | data 0.1 ms | step 15.1 ms | 33955.2 samples/s
  step  1400/1756 | loss 12.3678 | data 0.1 ms | step 15.1 ms | 33958.8 samples/s
  step  1450/1756 | loss 12.6520 | data 0.1 ms | step 15.1 ms | 33968.1 samples/s
  step  1500/1756 | loss 12.5092 | data 0.1 ms | step 15.1 ms | 33918.7 samples/s
  step  1550/1756 | loss 12.3765 | data 0.1 ms | step 15.1 ms | 33955.1 samples/s
  step  1600/1756 | loss 13.3908 | data 0.1 ms | step 15.1 ms | 33925.2 samples/s
  step  1650/1756 | loss 12.3861 | data 0.1 ms | step 15.1 ms | 33924.2 samples/s
  step  1700/1756 | loss 12.6332 | data 0.1 ms | step 15.1 ms | 33962.6 samples/s
  step  1750/1756 | loss 12.4155 | data 0.6 ms | step 15.1 ms | 33830.5 samples/s
Training Loss: 13.293779 | 33805.8 samples/s
Peak GPU memory: 1978.4 MB
Validation Loss: 12.501338 | 109831.0 samples/s

Epoch 25/100
----------------------------------------
Learning Rate: 0.000271
  step    50/1756 | loss 12.0467 | data 0.6 ms | step 15.8 ms | 32485.4 samples/s
  step   100/1756 | loss 11.5316 | data 0.1 ms | step 15.1 ms | 33981.2 samples/s
  step   150/1756 | loss 13.9662 | data 0.1 ms | step 15.1 ms | 33902.6 samples/s
  step   200/1756 | loss 12.7716 | data 0.1 ms | step 15.1 ms | 33962.6 samples/s
  step   250/1756 | loss 12.3267 | data 0.1 ms | step 15.1 ms | 33982.0 samples/s
  step   300/1756 | loss 13.3613 | data 0.1 ms | step 15.1 ms | 33989.4 samples/s
  step   350/1756 | loss 12.1409 | data 0.1 ms | step 15.1 ms | 33991.7 samples/s
  step   400/1756 | loss 12.2348 | data 0.1 ms | step 15.1 ms | 33876.8 samples/s
  step   450/1756 | loss 12.3332 | data 0.1 ms | step 15.1 ms | 33978.3 samples/s
  step   500/1756 | loss 12.0026 | data 0.1 ms | step 15.1 ms | 33923.3 samples/s
  step   550/1756 | loss 12.5723 | data 0.1 ms | step 15.1 ms | 33965.2 samples/s
  step   600/1756 | loss 13.3231 | data 0.1 ms | step 15.1 ms | 33955.8 samples/s
  step   650/1756 | loss 12.4837 | data 0.1 ms | step 15.1 ms | 33965.0 samples/s
  step   700/1756 | loss 11.9098 | data 0.1 ms | step 15.1 ms | 33971.9 samples/s
  step   750/1756 | loss 11.9382 | data 0.1 ms | step 15.1 ms | 33983.2 samples/s
  step   800/1756 | loss 13.3023 | data 0.1 ms | step 15.1 ms | 33972.4 samples/s
  step   850/1756 | loss 12.3201 | data 0.1 ms | step 15.1 ms | 33972.1 samples/s
  step   900/1756 | loss 12.3007 | data 0.1 ms | step 15.1 ms | 33976.4 samples/s
  step   950/1756 | loss 12.4465 | data 0.1 ms | step 15.1 ms | 33841.8 samples/s
  step  1000/1756 | loss 12.8050 | data 0.1 ms | step 15.1 ms | 33957.0 samples/s
  step  1050/1756 | loss 13.4212 | data 0.1 ms | step 15.1 ms | 33990.2 samples/s
  step  1100/1756 | loss 12.2903 | data 0.1 ms | step 15.1 ms | 33975.5 samples/s
  step  1150/1756 | loss 12.9001 | data 0.1 ms | step 15.1 ms | 33979.2 samples/s
  step  1200/1756 | loss 12.8876 | data 0.1 ms | step 15.1 ms | 33986.0 samples/s
  step  1250/1756 | loss 13.2380 | data 0.1 ms | step 15.1 ms | 33984.5 samples/s
  step  1300/1756 | loss 13.7100 | data 0.1 ms | step 15.1 ms | 33973.8 samples/s
  step  1350/1756 | loss 13.0053 | data 0.1 ms | step 15.1 ms | 33976.8 samples/s
  step  1400/1756 | loss 13.3137 | data 0.1 ms | step 15.1 ms | 33974.0 samples/s
  step  1450/1756 | loss 12.6129 | data 0.1 ms | step 15.1 ms | 33901.1 samples/s
  step  1500/1756 | loss 13.3217 | data 0.1 ms | step 15.1 ms | 33875.0 samples/s
  step  1550/1756 | loss 12.0976 | data 0.1 ms | step 15.1 ms | 34004.9 samples/s
  step  1600/1756 | loss 12.1485 | data 0.1 ms | step 15.1 ms | 33983.2 samples/s
  step  1650/1756 | loss 13.2561 | data 0.1 ms | step 15.1 ms | 33996.0 samples/s
  step  1700/1756 | loss 14.0782 | data 0.1 ms | step 15.1 ms | 33986.0 samples/s
  step  1750/1756 | loss 13.2743 | data 0.6 ms | step 15.1 ms | 33924.1 samples/s
Training Loss: 12.740234 | 33909.1 samples/s
Peak GPU memory: 1978.4 MB
Validation Loss: 12.860669 | 111324.7 samples/s

Epoch 26/100
----------------------------------------
Learning Rate: 0.000268
  step    50/1756 | loss 12.9456 | data 0.7 ms | step 15.1 ms | 33916.2 samples/s
  step   100/1756 | loss 12.3957 | data 0.1 ms | step 15.1 ms | 33952.8 samples/s
  step   150/1756 | loss 12.4931 | data 0.1 ms | step 15.2 ms | 33792.3 samples/s
  step   200/1756 | loss 12.4023 | data 0.1 ms | step 15.1 ms | 33972.4 samples/s
  step   250/1756 | loss 12.6564 | data 0.1 ms | step 15.1 ms | 33981.3 samples/s
  step   300/1756 | loss 13.4096 | data 0.1 ms | step 15.1 ms | 33957.3 samples/s
  step   350/1756 | loss 13.0755 | data 0.1 ms | step 15.1 ms | 33975.0 samples/s
  step   400/1756 | loss 13.5646 | data 0.1 ms | step 15.1 ms | 33984.8 samples/s
  step   450/1756 | loss 12.2420 | data 0.1 ms | step 15.1 ms | 33906.5 samples/s
  step   500/1756 | loss 11.4081 | data 0.1 ms | step 15.1 ms | 33988.4 samples/s
  step   550/1756 | loss 12.1174 | data 0.1 ms | step 15.1 ms | 33975.1 samples/s
  step   600/1756 | loss 10.9214 | data 0.1 ms | step 15.1 ms | 33969.0 samples/s
  step   650/1756 | loss 11.9421 | data 0.1 ms | step 15.1 ms | 33998.3 samples/s
  step   700/1756 | loss 11.9824 | data 0.1 ms | step 15.1 ms | 33889.1 samples/s
  step   750/1756 | loss 11.8092 | data 0.1 ms | step 15.1 ms | 33963.4 samples/s
  step   800/1756 | loss 11.5046 | data 0.1 ms | step 15.1 ms | 33994.4 samples/s
  step   850/1756 | loss 11.3406 | data 0.1 ms | step 15.1 ms | 33977.6 samples/s
  step   900/1756 | loss 12.5525 | data 0.1 ms | step 15.1 ms | 33918.2 samples/s
  step   950/1756 | loss 17.0083 | data 0.1 ms | step 15.1 ms | 33968.5 samples/s
  step  1000/1756 | loss 13.3510 | data 0.1 ms | step 15.1 ms | 33921.9 samples/s
  step  1050/1756 | loss 12.9990 | data 0.1 ms | step 15.1 ms | 33960.2 samples/s
  step  1100/1756 | loss 12.5677 | data 0.1 ms | step 15.1 ms | 33967.6 samples/s
  step  1150/1756 | loss 13.2088 | data 0.1 ms | step 15.1 ms | 33964.4 samples/s
  step  1200/1756 | loss 12.8343 | data 0.1 ms | step 15.1 ms | 33929.9 samples/s
  step  1250/1756 | loss 12.1685 | data 0.2 ms | step 15.1 ms | 33807.6 samples/s
  step  1300/1756 | loss 14.6472 | data 0.1 ms | step 15.1 ms | 33970.9 samples/s
  step  1350/1756 | loss 12.4608 | data 0.1 ms | step 15.1 ms | 33953.2 samples/s
  step  1400/1756 | loss 13.6238 | data 0.1 ms | step 15.1 ms | 33982.8 samples/s
  step  1450/1756 | loss 12.9423 | data 0.1 ms | step 15.1 ms | 33975.2 samples/s
  step  1500/1756 | loss 12.6114 | data 0.1 ms | step 15.1 ms | 33931.0 samples/s
  step  1550/1756 | loss 12.2966 | data 0.1 ms | step 15.1 ms | 33984.6 samples/s
  step  1600/1756 | loss 11.6861 | data 0.1 ms | step 15.1 ms | 33977.9 samples/s
  step  1650/1756 | loss 12.2494 | data 0.1 ms | step 15.1 ms | 33949.6 samples/s
  step  1700/1756 | loss 11.8059 | data 0.1 ms | step 15.1 ms | 33980.2 samples/s
  step  1750/1756 | loss 11.9765 | data 0.6 ms | step 15.1 ms | 33954.3 samples/s
Training Loss: 12.601245 | 33942.9 samples/s
Peak GPU memory: 1978.4 MB
Validation Loss: 12.218459 | 111253.4 samples/s

Epoch 27/100
----------------------------------------
Learning Rate: 0.000265
  step    50/1756 | loss 12.7793 | data 0.8 ms | step 15.1 ms | 33891.5 samples/s
  step   100/1756 | loss 11.9966 | data 0.1 ms | step 15.1 ms | 33963.4 samples/s
  step   150/1756 | loss 11.8680 | data 0.1 ms | step 15.1 ms | 33944.0 samples/s
  step   200/1756 | loss 11.3512 | data 0.1 ms | step 15.1 ms | 33924.3 samples/s
  step   250/1756 | loss 11.5008 | data 0.1 ms | step 15.1 ms | 33955.1 samples/s
  step   300/1756 | loss 12.2144 | data 0.1 ms | step 15.1 ms | 33966.2 samples/s
  step   350/1756 | loss 11.5437 | data 0.1 ms | step 15.1 ms | 33946.8 samples/s
  step   400/1756 | loss 11.3113 | data 0.1 ms | step 15.1 ms | 33954.0 samples/s
  step   450/1756 | loss 11.7699 | data 0.1 ms | step 15.1 ms | 33866.6 samples/s
  step   500/1756 | loss 11.0125 | data 0.1 ms | step 15.1 ms | 33954.1 samples/s
  step   550/1756 | loss 12.0753 | data 0.1 ms | step 15.1 ms | 33960.2 samples/s
  step   600/1756 | loss 11.6265 | data 0.1 ms | step 15.1 ms | 33945.6 samples/s
  step   650/1756 | loss 12.0336 | data 0.1 ms | step 15.1 ms | 33969.5 samples/s
  step   700/1756 | loss 12.7252 | data 0.1 ms | step 15.1 ms | 33955.2 samples/s
  step   750/1756 | loss 12.2030 | data 0.1 ms | step 15.1 ms | 33978.2 samples/s
  step   800/1756 | loss 12.8546 | data 0.1 ms | step 15.1 ms | 33979.8 samples/s
  step   850/1756 | loss 15.7216 | data 0.1 ms | step 15.1 ms | 33933.3 samples/s
  step   900/1756 | loss 13.1005 | data 0.1 ms | step 15.1 ms | 33970.8 samples/s
  step   950/1756 | loss 13.3218 | data 0.1 ms | step 15.1 ms | 33973.3 samples/s
  step  1000/1756 | loss 14.7336 | data 0.1 ms | step 15.2 ms | 33790.1 samples/s
  step  1050/1756 | loss 13.5680 | data 0.1 ms | step 15.1 ms | 33935.4 samples/s
  step  1100/1756 | loss 12.7495 | data 0.1 ms | step 15.1 ms | 33946.8 samples/s
  step  1150/1756 | loss 12.6867 | data 0.1 ms | step 15.1 ms | 33927.0 samples/s
  step  1200/1756 | loss 13.4445 | data 0.1 ms | step 15.1 ms | 33936.3 samples/s
  step  1250/1756 | loss 12.5301 | data 0.1 ms | step 15.1 ms | 33945.7 samples/s
  step  1300/1756 | loss 12.7170 | data 0.1 ms | step 15.1 ms | 33904.2 samples/s
  step  1350/1756 | loss 13.1433 | data 0.1 ms | step 15.1 ms | 33916.6 samples/s
  step  1400/1756 | loss 12.6233 | data 0.1 ms | step 15.1 ms | 33946.6 samples/s
  step  1450/1756 | loss 12.0241 | data 0.1 ms | step 15.1 ms | 33901.0 samples/s
  step  1500/1756 | loss 12.4857 | data 0.1 ms | step 15.1 ms | 33954.9 samples/s
  step  1550/1756 | loss 13.8224 | data 0.1 ms | step 15.1 ms | 33871.9 samples/s
  step  1600/1756 | loss 13.6133 | data 0.1 ms | step 15.1 ms | 33934.7 samples/s
  step  1650/1756 | loss 11.5965 | data 0.1 ms | step 15.1 ms | 33979.3 samples/s
  step  1700/1756 | loss 14.0578 | data 0.1 ms | step 15.1 ms | 33950.3 samples/s
  step  1750/1756 | loss 12.5124 | data 0.6 ms | step 15.1 ms | 33944.9 samples/s
Training Loss: 12.604287 | 33930.2 samples/s
Peak GPU memory: 1978.4 MB
Validation Loss: 12.925012 | 111237.4 samples/s

Epoch 28/100
----------------------------------------
Learning Rate: 0.000262
  step    50/1756 | loss 13.0435 | data 0.6 ms | step 15.1 ms | 33944.4 samples/s
  step   100/1756 | loss 16.2933 | data 0.1 ms | step 15.1 ms | 33963.2 samples/s
  step   150/1756 | loss 16.2053 | data 0.1 ms | step 15.1 ms | 33952.7 samples/s
  step   200/1756 | loss 15.5714 | data 0.1 ms | step 15.1 ms | 33916.9 samples/s
  step   250/1756 | loss 14.2629 | data 0.1 ms | step 15.1 ms | 33909.2 samples/s
  step   300/1756 | loss 13.3329 | data 0.1 ms | step 15.1 ms | 33962.1 samples/s
  step   350/1756 | loss 14.1351 | data 0.1 ms | step 15.1 ms | 33971.3 samples/s
  step   400/1756 | loss 13.1103 | data 0.1 ms | step 15.1 ms | 33946.0 samples/s
  step   450/1756 | loss 15.1268 | data 0.1 ms | step 15.1 ms | 33964.9 samples/s
  step   500/1756 | loss 14.7525 | data 0.1 ms | step 15.1 ms | 33883.0 samples/s
  step   550/1756 | loss 14.5250 | data 0.1 ms | step 15.2 ms | 33703.7 samples/s
  step   600/1756 | loss 13.7011 | data 0.2 ms | step 15.2 ms | 33580.4 samples/s
  step   650/1756 | loss 12.5259 | data 0.2 ms | step 15.2 ms | 33692.7 samples/s
  step   700/1756 | loss 12.9090 | data 0.1 ms | step 15.1 ms | 33899.7 samples/s
  step   750/1756 | loss 12.3650 | data 0.1 ms | step 15.4 ms | 33188.9 samples/s
  step   800/1756 | loss 13.1620 | data 0.1 ms | step 15.8 ms | 32498.5 samples/s
  step   850/1756 | loss 12.5007 | data 0.1 ms | step 15.3 ms | 33547.0 samples/s
  step   900/1756 | loss 13.1994 | data 0.1 ms | step 15.1 ms | 33910.9 samples/s
  step   950/1756 | loss 12.9300 | data 0.1 ms | step 15.7 ms | 32672.0 samples/s
  step  1000/1756 | loss 12.7482 | data 0.1 ms | step 15.1 ms | 33973.2 samples/s
  step  1050/1756 | loss 13.1005 | data 0.1 ms | step 15.2 ms | 33680.9 samples/s
  step  1100/1756 | loss 12.1130 | data 0.2 ms | step 15.3 ms | 33484.2 samples/s
  step  1150/1756 | loss 13.0131 | data 0.2 ms | step 15.4 ms | 33250.5 samples/s
  step  1200/1756 | loss 13.1639 | data 0.2 ms | step 15.3 ms | 33381.1 samples/s
  step  1250/1756 | loss 13.9573 | data 0.1 ms | step 15.2 ms | 33681.1 samples/s
  step  1300/1756 | loss 12.3305 | data 0.2 ms | step 15.2 ms | 33640.8 samples/s
  step  1350/1756 | loss 12.9849 | data 0.2 ms | step 15.2 ms | 33677.8 samples/s
  step  1400/1756 | loss 12.8059 | data 0.2 ms | step 15.3 ms | 33441.3 samples/s
  step  1450/1756 | loss 11.2829 | data 0.2 ms | step 15.3 ms | 33569.7 samples/s
  step  1500/1756 | loss 11.9669 | data 0.2 ms | step 15.3 ms | 33536.0 samples/s
  step  1550/1756 | loss 12.7008 | data 0.2 ms | step 15.3 ms | 33529.8 samples/s
  step  1600/1756 | loss 12.5519 | data 0.2 ms | step 15.2 ms | 33652.6 samples/s
  step  1650/1756 | loss 12.9808 | data 0.1 ms | step 15.2 ms | 33660.3 samples/s
  step  1700/1756 | loss 11.7623 | data 0.1 ms | step 15.2 ms | 33636.7 samples/s
  step  1750/1756 | loss 13.0760 | data 0.7 ms | step 15.2 ms | 33621.9 samples/s
Training Loss: 13.314842 | 33631.8 samples/s
Peak GPU memory: 1978.4 MB
Validation Loss: 12.514830 | 110776.4 samples/s

Epoch 29/100
----------------------------------------
Learning Rate: 0.000259
  step    50/1756 | loss 12.1509 | data 0.6 ms | step 15.1 ms | 33896.4 samples/s
  step   100/1756 | loss 12.8618 | data 0.1 ms | step 15.1 ms | 33921.3 samples/s
  step   150/1756 | loss 12.1562 | data 0.1 ms | step 15.1 ms | 33961.5 samples/s
  step   200/1756 | loss 14.4004 | data 0.1 ms | step 15.1 ms | 33972.1 samples/s
  step   250/1756 | loss 13.3576 | data 0.1 ms | step 15.1 ms | 33976.1 samples/s
  step   300/1756 | loss 12.6660 | data 0.1 ms | step 15.1 ms | 33996.2 samples/s
  step   350/1756 | loss 13.4819 | data 0.1 ms | step 15.1 ms | 33979.3 samples/s
  step   400/1756 | loss 13.4918 | data 0.1 ms | step 15.1 ms | 33974.3 samples/s
  step   450/1756 | loss 13.5515 | data 0.1 ms | step 15.1 ms | 33997.5 samples/s
  step   500/1756 | loss 14.1647 | data 0.1 ms | step 15.1 ms | 33845.1 samples/s
  step   550/1756 | loss 12.7891 | data 0.1 ms | step 15.1 ms | 33978.5 samples/s
  step   600/1756 | loss 12.6442 | data 0.1 ms | step 15.1 ms | 33983.7 samples/s
  step   650/1756 | loss 13.3717 | data 0.1 ms | step 15.1 ms | 33993.5 samples/s
  step   700/1756 | loss 13.7570 | data 0.1 ms | step 15.1 ms | 33888.2 samples/s
  step   750/1756 | loss 12.4138 | data 0.1 ms | step 15.1 ms | 33880.7 samples/s
  step   800/1756 | loss 12.8149 | data 0.1 ms | step 15.4 ms | 33293.2 samples/s
  step   850/1756 | loss 13.0384 | data 0.1 ms | step 15.2 ms | 33689.9 samples/s
  step   900/1756 | loss 11.8761 | data 0.1 ms | step 15.1 ms | 33889.6 samples/s
  step   950/1756 | loss 12.1602 | data 0.1 ms | step 15.1 ms | 33927.9 samples/s
  step  1000/1756 | loss 11.8892 | data 0.1 ms | step 15.1 ms | 33980.1 samples/s
  step  1050/1756 | loss 12.8308 | data 0.1 ms | step 15.1 ms | 33871.1 samples/s
  step  1100/1756 | loss 12.8033 | data 0.1 ms | step 15.1 ms | 33808.4 samples/s
  step  1150/1756 | loss 12.1558 | data 0.1 ms | step 15.1 ms | 33937.4 samples/s
  step  1200/1756 | loss 12.2318 | data 0.1 ms | step 15.5 ms | 33110.5 samples/s
  step  1250/1756 | loss 12.3903 | data 0.1 ms | step 15.8 ms | 32380.4 samples/s
  step  1300/1756 | loss 12.0478 | data 0.1 ms | step 15.6 ms | 32886.1 samples/s
  step  1350/1756 | loss 11.4335 | data 0.1 ms | step 15.5 ms | 33085.8 samples/s
  step  1400/1756 | loss 13.2598 | data 0.1 ms | step 15.3 ms | 33428.1 samples/s
  step  1450/1756 | loss 12.6736 | data 0.1 ms | step 15.7 ms | 32582.9 samples/s
  step  1500/1756 | loss 12.5937 | data 0.1 ms | step 15.4 ms | 33319.4 samples/s
  step  1550/1756 | loss 12.4769 | data 0.1 ms | step 15.7 ms | 32619.1 samples/s
  step  1600/1756 | loss 12.4616 | data 0.1 ms | step 15.6 ms | 32744.3 samples/s
  step  1650/1756 | loss 14.5310 | data 0.1 ms | step 15.7 ms | 32689.2 samples/s
  step  1700/1756 | loss 14.5678 | data 0.1 ms | step 15.8 ms | 32357.6 samples/s
  step  1750/1756 | loss 13.2946 | data 0.5 ms | step 15.1 ms | 33931.6 samples/s
Training Loss: 12.882582 | 33544.9 samples/s
Peak GPU memory: 1978.4 MB
Validation Loss: 14.079443 | 110042.3 samples/s

Epoch 30/100
----------------------------------------
Learning Rate: 0.000255
  step    50/1756 | loss 13.4808 | data 0.6 ms | step 15.1 ms | 33813.0 samples/s
  step   100/1756 | loss 14.2302 | data 0.1 ms | step 15.1 ms | 33940.0 samples/s
  step   150/1756 | loss 14.4467 | data 0.1 ms | step 15.1 ms | 33939.3 samples/s
  step   200/1756 | loss 13.6369 | data 0.1 ms | step 15.1 ms | 33947.5 samples/s
  step   250/1756 | loss 13.1258 | data 0.1 ms | step 15.1 ms | 33842.3 samples/s
  step   300/1756 | loss 12.4409 | data 0.1 ms | step 15.1 ms | 33953.0 samples/s
  step   350/1756 | loss 13.6745 | data 0.1 ms | step 15.1 ms | 33967.0 samples/s
  step   400/1756 | loss 13.0329 | data 0.1 ms | step 15.1 ms | 33977.4 samples/s
  step   450/1756 | loss 13.6075 | data 0.1 ms | step 15.1 ms | 33967.4 samples/s
  step   500/1756 | loss 13.8149 | data 0.1 ms | step 15.1 ms | 33986.2 samples/s
  step   550/1756 | loss 13.7651 | data 0.1 ms | step 15.1 ms | 33981.0 samples/s
  step   600/1756 | loss 13.4521 | data 0.1 ms | step 15.1 ms | 33984.2 samples/s
  step   650/1756 | loss 13.0683 | data 0.1 ms | step 15.1 ms | 33948.1 samples/s
  step   700/1756 | loss 13.6936 | data 0.1 ms | step 15.1 ms | 33942.6 samples/s
  step   750/1756 | loss 12.8533 | data 0.1 ms | step 15.1 ms | 33940.1 samples/s
  step   800/1756 | loss 13.0334 | data 0.1 ms | step 15.1 ms | 33856.6 samples/s
  step   850/1756 | loss 12.9078 | data 0.1 ms | step 15.1 ms | 33971.0 samples/s
  step   900/1756 | loss 13.5341 | data 0.1 ms | step 15.1 ms | 33953.8 samples/s
  step   950/1756 | loss 13.5081 | data 0.1 ms | step 15.1 ms | 33952.3 samples/s
  step  1000/1756 | loss 15.8727 | data 0.1 ms | step 15.1 ms | 33941.7 samples/s
  step  1050/1756 | loss 30.2014 | data 0.1 ms | step 15.1 ms | 33976.8 samples/s
  step  1100/1756 | loss 34.3609 | data 0.1 ms | step 15.1 ms | 33956.3 samples/s
  step  1150/1756 | loss 31.9683 | data 0.1 ms | step 15.1 ms | 33845.2 samples/s
  step  1200/1756 | loss 26.7113 | data 0.1 ms | step 15.1 ms | 33970.8 samples/s
  step  1250/1756 | loss 25.6737 | data 0.1 ms | step 15.1 ms | 33970.7 samples/s
  step  1300/1756 | loss 21.8603 | data 0.1 ms | step 15.1 ms | 33916.5 samples/s
  step  1350/1756 | loss 21.9169 | data 0.1 ms | step 15.1 ms | 33873.2 samples/s
  step  1400/1756 | loss 25.3542 | data 0.1 ms | step 15.1 ms | 33971.7 samples/s
  step  1450/1756 | loss 23.1307 | data 0.1 ms | step 15.1 ms | 33933.9 samples/s
  step  1500/1756 | loss 20.9475 | data 0.1 ms | step 15.1 ms | 33972.4 samples/s
  step  1550/1756 | loss 19.4694 | data 0.1 ms | step 15.1 ms | 33965.7 samples/s
  step  1600/1756 | loss 18.9097 | data 0.1 ms | step 15.1 ms | 33939.0 samples/s
  step  1650/1756 | loss 18.6487 | data 0.1 ms | step 15.1 ms | 33962.3 samples/s
  step  1700/1756 | loss 17.5237 | data 0.1 ms | step 15.1 ms | 33963.3 samples/s
  step  1750/1756 | loss 16.4838 | data 0.6 ms | step 15.1 ms | 33911.1 samples/s
Training Loss: 17.828771 | 33933.4 samples/s
Peak GPU memory: 1978.4 MB
Validation Loss: 16.678659 | 111208.9 samples/s

Epoch 31/100
----------------------------------------
Learning Rate: 0.000252
  step    50/1756 | loss 16.7407 | data 0.7 ms | step 15.1 ms | 33925.5 samples/s
  step   100/1756 | loss 16.5975 | data 0.1 ms | step 15.1 ms | 33947.9 samples/s
  step   150/1756 | loss 16.7499 | data 0.1 ms | step 15.1 ms | 33904.3 samples/s
  step   200/1756 | loss 16.9885 | data 0.1 ms | step 15.1 ms | 33908.4 samples/s
  step   250/1756 | loss 16.7442 | data 0.1 ms | step 15.1 ms | 33934.3 samples/s
  step   300/1756 | loss 16.2712 | data 0.1 ms | step 15.1 ms | 33898.4 samples/s
  step   350/1756 | loss 15.1494 | data 0.1 ms | step 15.1 ms | 33931.3 samples/s
  step   400/1756 | loss 18.2997 | data 0.1 ms | step 15.1 ms | 33909.0 samples/s
  step   450/1756 | loss 17.4576 | data 0.1 ms | step 15.1 ms | 33927.6 samples/s
  step   500/1756 | loss 17.9986 | data 0.1 ms | step 15.1 ms | 33961.9 samples/s
  step   550/1756 | loss 21.0827 | data 0.1 ms | step 15.1 ms | 33863.5 samples/s
  step   600/1756 | loss 18.0756 | data 0.1 ms | step 15.1 ms | 33950.8 samples/s
  step   650/1756 | loss 21.8207 | data 0.1 ms | step 15.1 ms | 33950.1 samples/s
  step   700/1756 | loss 22.7310 | data 0.1 ms | step 15.1 ms | 33961.3 samples/s
  step   750/1756 | loss 24.5757 | data 0.1 ms | step 15.1 ms | 33922.5 samples/s
  step   800/1756 | loss 29.0228 | data 0.1 ms | step 15.1 ms | 33966.2 samples/s
  step   850/1756 | loss 28.0380 | data 0.1 ms | step 15.1 ms | 33955.6 samples/s
  step   900/1756 | loss 23.1285 | data 0.1 ms | step 15.1 ms | 33919.7 samples/s
  step   950/1756 | loss 21.7577 | data 0.1 ms | step 15.1 ms | 33889.9 samples/s
  step  1000/1756 | loss 20.2020 | data 0.1 ms | step 15.2 ms | 33698.2 samples/s
  step  1050/1756 | loss 20.9648 | data 0.1 ms | step 15.1 ms | 33889.5 samples/s
  step  1100/1756 | loss 19.8797 | data 0.1 ms | step 15.1 ms | 33833.5 samples/s
  step  1150/1756 | loss 19.1006 | data 0.1 ms | step 15.1 ms | 33987.0 samples/s
  step  1200/1756 | loss 19.0145 | data 0.1 ms | step 15.1 ms | 33967.8 samples/s
  step  1250/1756 | loss 18.7108 | data 0.1 ms | step 15.1 ms | 33977.6 samples/s
  step  1300/1756 | loss 20.0472 | data 0.1 ms | step 15.1 ms | 33973.6 samples/s
  step  1350/1756 | loss 21.3195 | data 0.1 ms | step 15.1 ms | 33879.5 samples/s
  step  1400/1756 | loss 17.9380 | data 0.1 ms | step 15.1 ms | 33953.6 samples/s
  step  1450/1756 | loss 16.9239 | data 0.1 ms | step 15.1 ms | 33964.7 samples/s
  step  1500/1756 | loss 16.5957 | data 0.1 ms | step 15.1 ms | 33971.0 samples/s
  step  1550/1756 | loss 15.7774 | data 0.1 ms | step 15.1 ms | 33946.7 samples/s
  step  1600/1756 | loss 17.0435 | data 0.1 ms | step 15.1 ms | 33966.9 samples/s
  step  1650/1756 | loss 16.4189 | data 0.1 ms | step 15.1 ms | 33839.4 samples/s
  step  1700/1756 | loss 17.3234 | data 0.1 ms | step 15.1 ms | 33958.7 samples/s
  step  1750/1756 | loss 16.3775 | data 0.7 ms | step 15.1 ms | 33954.5 samples/s
Training Loss: 19.209436 | 33918.0 samples/s
Peak GPU memory: 1978.4 MB
Validation Loss: 15.917306 | 111326.9 samples/s

Epoch 32/100
----------------------------------------
Learning Rate: 0.000248
  step    50/1756 | loss 15.6901 | data 0.7 ms | step 15.1 ms | 33976.1 samples/s
  step   100/1756 | loss 16.0789 | data 0.1 ms | step 15.1 ms | 33918.9 samples/s
  step   150/1756 | loss 14.7613 | data 0.1 ms | step 15.1 ms | 33998.0 samples/s
  step   200/1756 | loss 14.5841 | data 0.1 ms | step 15.1 ms | 33968.1 samples/s
  step   250/1756 | loss 14.9984 | data 0.1 ms | step 15.1 ms | 33966.1 samples/s
  step   300/1756 | loss 16.7545 | data 0.1 ms | step 15.1 ms | 33872.9 samples/s
  step   350/1756 | loss 15.3605 | data 0.1 ms | step 15.1 ms | 33945.9 samples/s
  step   400/1756 | loss 22.0323 | data 0.1 ms | step 15.1 ms | 33961.6 samples/s
  step   450/1756 | loss 18.4300 | data 0.1 ms | step 15.1 ms | 33962.4 samples/s
  step   500/1756 | loss 17.2012 | data 0.1 ms | step 15.1 ms | 34000.8 samples/s
  step   550/1756 | loss 16.6915 | data 0.1 ms | step 15.1 ms | 33964.5 samples/s
  step   600/1756 | loss 16.8793 | data 0.1 ms | step 15.1 ms | 33993.6 samples/s
  step   650/1756 | loss 16.1164 | data 0.1 ms | step 15.1 ms | 33985.2 samples/s
  step   700/1756 | loss 15.9961 | data 0.1 ms | step 15.1 ms | 33970.8 samples/s
  step   750/1756 | loss 15.4604 | data 0.1 ms | step 15.1 ms | 33991.2 samples/s
  step   800/1756 | loss 15.5679 | data 0.1 ms | step 15.1 ms | 33993.1 samples/s
  step   850/1756 | loss 15.0886 | data 0.1 ms | step 15.1 ms | 33845.1 samples/s
  step   900/1756 | loss 14.9117 | data 0.1 ms | step 15.1 ms | 33939.7 samples/s
  step   950/1756 | loss 14.7631 | data 0.1 ms | step 15.1 ms | 33945.5 samples/s
  step  1000/1756 | loss 14.1895 | data 0.1 ms | step 15.1 ms | 33900.2 samples/s
  step  1050/1756 | loss 14.4608 | data 0.1 ms | step 15.1 ms | 33971.0 samples/s
  step  1100/1756 | loss 14.9792 | data 0.1 ms | step 15.1 ms | 33990.8 samples/s
  step  1150/1756 | loss 15.3541 | data 0.1 ms | step 15.1 ms | 33929.8 samples/s
  step  1200/1756 | loss 15.1060 | data 0.1 ms | step 15.1 ms | 33975.9 samples/s
  step  1250/1756 | loss 14.4802 | data 0.1 ms | step 15.1 ms | 33878.2 samples/s
  step  1300/1756 | loss 14.6917 | data 0.1 ms | step 15.1 ms | 33946.4 samples/s
  step  1350/1756 | loss 14.5820 | data 0.1 ms | step 15.1 ms | 33957.4 samples/s
  step  1400/1756 | loss 14.3718 | data 0.1 ms | step 15.1 ms | 33870.6 samples/s
  step  1450/1756 | loss 14.9422 | data 0.1 ms | step 15.1 ms | 33913.1 samples/s
  step  1500/1756 | loss 13.6901 | data 0.1 ms | step 15.1 ms | 33958.4 samples/s
  step  1550/1756 | loss 14.8124 | data 0.1 ms | step 15.1 ms | 33983.9 samples/s
  step  1600/1756 | loss 14.4177 | data 0.1 ms | step 15.7 ms | 32536.5 samples/s
  step  1650/1756 | loss 15.1170 | data 0.1 ms | step 15.1 ms | 33981.7 samples/s
  step  1700/1756 | loss 15.3260 | data 0.1 ms | step 15.9 ms | 32284.8 samples/s
  step  1750/1756 | loss 15.9997 | data 0.7 ms | step 15.5 ms | 32933.2 samples/s
Training Loss: 15.534753 | 33822.6 samples/s
Peak GPU memory: 1978.4 MB
Validation Loss: 14.895418 | 108113.1 samples/s

Epoch 33/100
----------------------------------------
Learning Rate: 0.000244
  step    50/1756 | loss 14.6084 | data 0.6 ms | step 15.5 ms | 33073.4 samples/s
  step   100/1756 | loss 14.7161 | data 0.1 ms | step 15.4 ms | 33204.0 samples/s
  step   150/1756 | loss 13.7971 | data 0.1 ms | step 15.4 ms | 33325.5 samples/s
  step   200/1756 | loss 13.9497 | data 0.1 ms | step 15.8 ms | 32334.9 samples/s
  step   250/1756 | loss 14.8673 | data 0.1 ms | step 15.5 ms | 33015.7 samples/s
  step   300/1756 | loss 13.6505 | data 0.1 ms | step 15.1 ms | 33915.4 samples/s
  step   350/1756 | loss 13.8082 | data 0.1 ms | step 15.7 ms | 32620.4 samples/s
  step   400/1756 | loss 13.6642 | data 0.1 ms | step 15.1 ms | 33982.5 samples/s
  step   450/1756 | loss 16.1351 | data 0.1 ms | step 15.1 ms | 33971.9 samples/s
  step   500/1756 | loss 14.2155 | data 0.1 ms | step 15.1 ms | 33862.4 samples/s
  step   550/1756 | loss 14.3474 | data 0.1 ms | step 15.1 ms | 33931.2 samples/s
  step   600/1756 | loss 15.3455 | data 0.1 ms | step 15.1 ms | 33822.2 samples/s
  step   650/1756 | loss 15.5536 | data 0.1 ms | step 15.1 ms | 33947.8 samples/s
  step   700/1756 | loss 15.3460 | data 0.1 ms | step 15.1 ms | 33960.2 samples/s
  step   750/1756 | loss 15.5695 | data 0.1 ms | step 15.1 ms | 33888.6 samples/s
  step   800/1756 | loss 20.5015 | data 0.1 ms | step 15.1 ms | 33941.5 samples/s
  step   850/1756 | loss 18.1255 | data 0.1 ms | step 15.1 ms | 33947.4 samples/s
  step   900/1756 | loss 17.0032 | data 0.1 ms | step 15.1 ms | 33937.8 samples/s
  step   950/1756 | loss 17.4887 | data 0.1 ms | step 15.1 ms | 33979.5 samples/s
  step  1000/1756 | loss 16.5118 | data 0.1 ms | step 15.1 ms | 33965.7 samples/s
  step  1050/1756 | loss 16.4043 | data 0.1 ms | step 15.1 ms | 33936.6 samples/s
  step  1100/1756 | loss 17.3514 | data 0.1 ms | step 15.1 ms | 33949.6 samples/s
  step  1150/1756 | loss 16.2062 | data 0.1 ms | step 15.1 ms | 33841.5 samples/s
  step  1200/1756 | loss 16.4266 | data 0.1 ms | step 15.1 ms | 33955.9 samples/s
  step  1250/1756 | loss 15.3544 | data 0.1 ms | step 15.1 ms | 33953.7 samples/s
  step  1300/1756 | loss 15.7972 | data 0.1 ms | step 15.1 ms | 33946.1 samples/s
  step  1350/1756 | loss 15.1651 | data 0.1 ms | step 15.1 ms | 33949.1 samples/s
  step  1400/1756 | loss 14.9178 | data 0.1 ms | step 15.1 ms | 33972.3 samples/s
  step  1450/1756 | loss 15.2680 | data 0.1 ms | step 15.1 ms | 33947.4 samples/s
  step  1500/1756 | loss 14.7606 | data 0.1 ms | step 15.1 ms | 33940.0 samples/s
  step  1550/1756 | loss 14.4192 | data 0.1 ms | step 15.1 ms | 33967.8 samples/s
  step  1600/1756 | loss 14.1071 | data 0.1 ms | step 15.1 ms | 33979.5 samples/s
  step  1650/1756 | loss 14.2030 | data 0.1 ms | step 15.1 ms | 33903.8 samples/s
  step  1700/1756 | loss 14.2273 | data 0.1 ms | step 15.1 ms | 33825.5 samples/s
  step  1750/1756 | loss 13.9956 | data 0.6 ms | step 15.1 ms | 33931.6 samples/s
Training Loss: 15.363805 | 33749.1 samples/s
Peak GPU memory: 1978.4 MB
Validation Loss: 16.741841 | 111300.1 samples/s

Epoch 34/100
----------------------------------------
Learning Rate: 0.000240
  step    50/1756 | loss 22.9761 | data 0.8 ms | step 15.1 ms | 33930.8 samples/s
  step   100/1756 | loss 19.4581 | data 0.1 ms | step 15.1 ms | 33944.2 samples/s
  step   150/1756 | loss 17.9050 | data 0.1 ms | step 15.1 ms | 33972.4 samples/s
  step   200/1756 | loss 17.6447 | data 0.1 ms | step 15.1 ms | 33985.6 samples/s
  step   250/1756 | loss 17.5106 | data 0.1 ms | step 15.1 ms | 33962.6 samples/s
  step   300/1756 | loss 15.7240 | data 0.1 ms | step 15.1 ms | 33969.3 samples/s
  step   350/1756 | loss 15.0809 | data 0.1 ms | step 15.1 ms | 33866.1 samples/s
  step   400/1756 | loss 15.3662 | data 0.1 ms | step 15.1 ms | 33966.8 samples/s
  step   450/1756 | loss 14.4380 | data 0.1 ms | step 15.1 ms | 33980.4 samples/s
  step   500/1756 | loss 13.7705 | data 0.1 ms | step 15.1 ms | 33977.1 samples/s
  step   550/1756 | loss 15.5979 | data 0.1 ms | step 15.1 ms | 33952.0 samples/s
  step   600/1756 | loss 14.4555 | data 0.1 ms | step 15.1 ms | 33973.7 samples/s
  step   650/1756 | loss 14.7289 | data 0.1 ms | step 15.1 ms | 33976.8 samples/s
  step   700/1756 | loss 15.2196 | data 0.1 ms | step 15.1 ms | 33925.5 samples/s
  step   750/1756 | loss 15.3662 | data 0.1 ms | step 15.1 ms | 33952.6 samples/s
  step   800/1756 | loss 15.2962 | data 0.1 ms | step 15.1 ms | 33981.6 samples/s
  step   850/1756 | loss 15.4829 | data 0.1 ms | step 15.1 ms | 33931.9 samples/s
  step   900/1756 | loss 14.3805 | data 0.1 ms | step 15.1 ms | 33865.2 samples/s
  step   950/1756 | loss 14.1406 | data 0.1 ms | step 15.1 ms | 33975.6 samples/s
  step  1000/1756 | loss 13.4636 | data 0.1 ms | step 15.1 ms | 33948.7 samples/s
  step  1050/1756 | loss 14.2174 | data 0.1 ms | step 15.1 ms | 33956.4 samples/s
  step  1100/1756 | loss 14.5265 | data 0.1 ms | step 15.1 ms | 33952.0 samples/s
  step  1150/1756 | loss 14.0544 | data 0.1 ms | step 15.1 ms | 33938.1 samples/s
  step  1200/1756 | loss 14.2922 | data 0.1 ms | step 15.1 ms | 33980.9 samples/s
  step  1250/1756 | loss 14.5869 | data 0.1 ms | step 15.1 ms | 33959.9 samples/s
  step  1300/1756 | loss 19.9092 | data 0.1 ms | step 15.1 ms | 33947.3 samples/s
  step  1350/1756 | loss 21.2470 | data 0.1 ms | step 15.1 ms | 33882.8 samples/s
  step  1400/1756 | loss 16.9266 | data 0.1 ms | step 15.1 ms | 33968.8 samples/s
  step  1450/1756 | loss 16.2861 | data 0.1 ms | step 15.1 ms | 33851.8 samples/s
  step  1500/1756 | loss 16.1686 | data 0.1 ms | step 15.1 ms | 33957.5 samples/s
  step  1550/1756 | loss 16.4964 | data 0.1 ms | step 15.1 ms | 33946.4 samples/s
  step  1600/1756 | loss 16.1247 | data 0.1 ms | step 15.1 ms | 33906.9 samples/s
  step  1650/1756 | loss 18.1446 | data 0.1 ms | step 15.1 ms | 33959.1 samples/s
  step  1700/1756 | loss 19.6507 | data 0.1 ms | step 15.2 ms | 33735.1 samples/s
  step  1750/1756 | loss 19.1256 | data 0.6 ms | step 15.9 ms | 32105.5 samples/s
Training Loss: 16.317708 | 33873.9 samples/s
Peak GPU memory: 1978.4 MB
Validation Loss: 19.458695 | 107732.5 samples/s

Epoch 35/100
----------------------------------------
Learning Rate: 0.000236
  step    50/1756 | loss 18.9686 | data 0.7 ms | step 15.1 ms | 33944.7 samples/s
  step   100/1756 | loss 18.2285 | data 0.1 ms | step 15.7 ms | 32591.5 samples/s
  step   150/1756 | loss 18.9751 | data 0.1 ms | step 15.1 ms | 33953.6 samples/s
  step   200/1756 | loss 16.8858 | data 0.1 ms | step 15.7 ms | 32548.4 samples/s
  step   250/1756 | loss 15.9473 | data 0.1 ms | step 15.6 ms | 32829.7 samples/s
  step   300/1756 | loss 15.6560 | data 0.1 ms | step 15.6 ms | 32803.8 samples/s
  step   350/1756 | loss 15.2684 | data 0.1 ms | step 15.6 ms | 32747.6 samples/s
  step   400/1756 | loss 15.8842 | data 0.1 ms | step 15.6 ms | 32741.0 samples/s
  step   450/1756 | loss 15.3706 | data 0.1 ms | step 15.1 ms | 33910.8 samples/s
  step   500/1756 | loss 15.0566 | data 0.1 ms | step 15.1 ms | 33814.9 samples/s
  step   550/1756 | loss 13.6483 | data 0.1 ms | step 15.7 ms | 32578.2 samples/s
  step   600/1756 | loss 14.9237 | data 0.1 ms | step 15.1 ms | 33873.6 samples/s
  step   650/1756 | loss 14.5989 | data 0.1 ms | step 15.2 ms | 33751.2 samples/s
  step   700/1756 | loss 13.8264 | data 0.1 ms | step 15.1 ms | 33970.1 samples/s
  step   750/1756 | loss 14.4433 | data 0.1 ms | step 15.1 ms | 33950.4 samples/s
  step   800/1756 | loss 13.7115 | data 0.1 ms | step 15.1 ms | 33976.8 samples/s
  step   850/1756 | loss 14.2055 | data 0.1 ms | step 15.1 ms | 33957.3 samples/s
  step   900/1756 | loss 15.3108 | data 0.1 ms | step 15.1 ms | 33952.3 samples/s
  step   950/1756 | loss 14.6953 | data 0.1 ms | step 15.1 ms | 33958.9 samples/s
  step  1000/1756 | loss 14.5650 | data 0.1 ms | step 15.1 ms | 33983.6 samples/s
  step  1050/1756 | loss 13.8213 | data 0.1 ms | step 15.1 ms | 33942.5 samples/s
  step  1100/1756 | loss 14.0199 | data 0.1 ms | step 15.1 ms | 33961.3 samples/s
  step  1150/1756 | loss 14.8267 | data 0.1 ms | step 15.7 ms | 32560.7 samples/s
  step  1200/1756 | loss 12.7676 | data 0.1 ms | step 15.7 ms | 32592.5 samples/s
  step  1250/1756 | loss 13.8833 | data 0.1 ms | step 15.2 ms | 33663.1 samples/s
  step  1300/1756 | loss 13.4424 | data 0.1 ms | step 15.1 ms | 33947.3 samples/s
  step  1350/1756 | loss 12.3959 | data 0.1 ms | step 15.1 ms | 33964.8 samples/s
  step  1400/1756 | loss 13.2571 | data 0.1 ms | step 15.1 ms | 33975.2 samples/s
  step  1450/1756 | loss 13.1440 | data 0.1 ms | step 15.1 ms | 33953.0 samples/s
  step  1500/1756 | loss 14.0917 | data 0.1 ms | step 15.1 ms | 33909.6 samples/s
  step  1550/1756 | loss 14.7511 | data 0.1 ms | step 15.1 ms | 33924.5 samples/s
  step  1600/1756 | loss 13.6662 | data 0.1 ms | step 15.1 ms | 33987.9 samples/s
  step  1650/1756 | loss 16.7931 | data 0.1 ms | step 15.1 ms | 33955.8 samples/s
  step  1700/1756 | loss 15.3259 | data 0.1 ms | step 15.1 ms | 33967.2 samples/s
  step  1750/1756 | loss 21.5242 | data 0.6 ms | step 15.1 ms | 33860.0 samples/s
Training Loss: 15.090516 | 33586.5 samples/s
Peak GPU memory: 1978.4 MB
Validation Loss: 19.044467 | 111160.5 samples/s

Epoch 36/100
----------------------------------------
Learning Rate: 0.000232
  step    50/1756 | loss 17.1794 | data 0.7 ms | step 15.1 ms | 33917.8 samples/s
  step   100/1756 | loss 15.0914 | data 0.1 ms | step 15.1 ms | 33989.8 samples/s
  step   150/1756 | loss 15.0274 | data 0.1 ms | step 15.1 ms | 33909.8 samples/s
  step   200/1756 | loss 14.2493 | data 0.1 ms | step 15.1 ms | 33943.1 samples/s
  step   250/1756 | loss 14.3524 | data 0.1 ms | step 15.1 ms | 33920.2 samples/s
  step   300/1756 | loss 15.2244 | data 0.1 ms | step 15.1 ms | 33998.8 samples/s
  step   350/1756 | loss 20.9431 | data 0.1 ms | step 15.1 ms | 33931.6 samples/s
  step   400/1756 | loss 19.7319 | data 0.1 ms | step 15.1 ms | 33874.1 samples/s
  step   450/1756 | loss 18.5434 | data 0.1 ms | step 15.1 ms | 33987.4 samples/s
  step   500/1756 | loss 18.9843 | data 0.1 ms | step 15.1 ms | 33959.9 samples/s
  step   550/1756 | loss 20.7658 | data 0.1 ms | step 15.1 ms | 33889.0 samples/s
  step   600/1756 | loss 17.8757 | data 0.1 ms | step 15.1 ms | 33956.0 samples/s
  step   650/1756 | loss 17.3364 | data 0.1 ms | step 15.1 ms | 33935.6 samples/s
  step   700/1756 | loss 16.3609 | data 0.1 ms | step 15.1 ms | 33941.7 samples/s
  step   750/1756 | loss 15.6029 | data 0.1 ms | step 15.1 ms | 33935.9 samples/s
  step   800/1756 | loss 15.2830 | data 0.1 ms | step 15.1 ms | 33921.1 samples/s
  step   850/1756 | loss 14.9744 | data 0.1 ms | step 15.1 ms | 33954.9 samples/s
  step   900/1756 | loss 15.6885 | data 0.1 ms | step 15.1 ms | 33939.3 samples/s
  step   950/1756 | loss 14.6605 | data 0.1 ms | step 15.1 ms | 33845.8 samples/s
  step  1000/1756 | loss 14.5645 | data 0.1 ms | step 15.1 ms | 33977.3 samples/s
  step  1050/1756 | loss 14.8692 | data 0.1 ms | step 15.1 ms | 33979.0 samples/s
  step  1100/1756 | loss 13.9971 | data 0.1 ms | step 15.1 ms | 33955.6 samples/s
  step  1150/1756 | loss 13.4535 | data 0.1 ms | step 15.1 ms | 33957.3 samples/s
  step  1200/1756 | loss 14.0103 | data 0.1 ms | step 15.1 ms | 33979.9 samples/s
  step  1250/1756 | loss 13.6680 | data 0.1 ms | step 15.1 ms | 33930.1 samples/s
  step  1300/1756 | loss 14.6561 | data 0.1 ms | step 15.1 ms | 33958.4 samples/s
  step  1350/1756 | loss 14.0682 | data 0.1 ms | step 15.1 ms | 33953.3 samples/s
  step  1400/1756 | loss 13.6767 | data 0.1 ms | step 15.1 ms | 33882.7 samples/s
  step  1450/1756 | loss 14.9612 | data 0.1 ms | step 15.1 ms | 33949.2 samples/s
  step  1500/1756 | loss 15.1130 | data 0.1 ms | step 15.1 ms | 33846.9 samples/s
  step  1550/1756 | loss 14.6858 | data 0.1 ms | step 15.1 ms | 33942.3 samples/s
  step  1600/1756 | loss 14.0013 | data 0.1 ms | step 15.1 ms | 33972.8 samples/s
  step  1650/1756 | loss 14.5355 | data 0.1 ms | step 15.1 ms | 33968.1 samples/s
  step  1700/1756 | loss 14.5397 | data 0.1 ms | step 15.1 ms | 33952.1 samples/s
  step  1750/1756 | loss 14.2046 | data 0.7 ms | step 15.1 ms | 33920.0 samples/s
Training Loss: 15.619371 | 33931.9 samples/s
Peak GPU memory: 1978.4 MB
Validation Loss: 14.800852 | 111196.0 samples/s

Epoch 37/100
----------------------------------------
Learning Rate: 0.000228
  step    50/1756 | loss 14.7690 | data 0.6 ms | step 15.1 ms | 33918.3 samples/s
  step   100/1756 | loss 14.5481 | data 0.1 ms | step 15.1 ms | 33968.8 samples/s
  step   150/1756 | loss 13.3437 | data 0.1 ms | step 15.6 ms | 32917.9 samples/s
  step   200/1756 | loss 14.1072 | data 0.1 ms | step 15.7 ms | 32517.6 samples/s
  step   250/1756 | loss 13.8914 | data 0.1 ms | step 15.1 ms | 33955.3 samples/s
  step   300/1756 | loss 13.5813 | data 0.1 ms | step 15.1 ms | 33885.6 samples/s
  step   350/1756 | loss 13.3401 | data 0.1 ms | step 15.3 ms | 33434.8 samples/s
  step   400/1756 | loss 13.9048 | data 0.1 ms | step 15.8 ms | 32484.8 samples/s
  step   450/1756 | loss 14.8941 | data 0.1 ms | step 15.4 ms | 33286.2 samples/s
  step   500/1756 | loss 15.6865 | data 0.1 ms | step 15.8 ms | 32448.7 samples/s
  step   550/1756 | loss 14.5547 | data 0.1 ms | step 15.4 ms | 33150.0 samples/s
  step   600/1756 | loss 14.7297 | data 0.1 ms | step 15.8 ms | 32340.0 samples/s
  step   650/1756 | loss 14.6198 | data 0.1 ms | step 15.4 ms | 33146.5 samples/s
  step   700/1756 | loss 13.6862 | data 0.1 ms | step 15.2 ms | 33598.6 samples/s
  step   750/1756 | loss 15.3884 | data 0.1 ms | step 15.4 ms | 33327.6 samples/s
  step   800/1756 | loss 13.6938 | data 0.1 ms | step 15.7 ms | 32578.7 samples/s
  step   850/1756 | loss 13.2562 | data 0.1 ms | step 15.6 ms | 32769.3 samples/s
  step   900/1756 | loss 13.7485 | data 0.1 ms | step 15.3 ms | 33543.2 samples/s
  step   950/1756 | loss 13.3361 | data 0.1 ms | step 15.5 ms | 33064.4 samples/s
  step  1000/1756 | loss 16.9614 | data 0.1 ms | step 15.1 ms | 33916.3 samples/s
  step  1050/1756 | loss 18.2942 | data 0.1 ms | step 15.1 ms | 33948.2 samples/s
  step  1100/1756 | loss 16.2084 | data 0.1 ms | step 15.1 ms | 33860.1 samples/s
  step  1150/1756 | loss 14.7753 | data 0.1 ms | step 15.1 ms | 33950.4 samples/s
  step  1200/1756 | loss 14.5229 | data 0.1 ms | step 15.1 ms | 33885.3 samples/s
  step  1250/1756 | loss 14.8080 | data 0.1 ms | step 15.1 ms | 33841.7 samples/s
  step  1300/1756 | loss 13.6252 | data 0.1 ms | step 15.1 ms | 33935.8 samples/s
  step  1350/1756 | loss 13.3443 | data 0.1 ms | step 15.1 ms | 33920.1 samples/s
  step  1400/1756 | loss 12.8612 | data 0.1 ms | step 15.1 ms | 33952.6 samples/s
  step  1450/1756 | loss 13.0530 | data 0.1 ms | step 15.1 ms | 33937.9 samples/s
  step  1500/1756 | loss 12.9967 | data 0.1 ms | step 15.1 ms | 33904.2 samples/s
  step  1550/1756 | loss 13.4572 | data 0.1 ms | step 15.1 ms | 33951.6 samples/s
  step  1600/1756 | loss 12.6353 | data 0.1 ms | step 15.1 ms | 33942.6 samples/s
  step  1650/1756 | loss 13.0912 | data 0.1 ms | step 15.1 ms | 33922.5 samples/s
  step  1700/1756 | loss 12.5180 | data 0.1 ms | step 15.1 ms | 33925.7 samples/s
  step  1750/1756 | loss 13.7115 | data 0.6 ms | step 15.1 ms | 33905.9 samples/s
Training Loss: 14.162651 | 33500.5 samples/s
Peak GPU memory: 1978.4 MB
Validation Loss: 13.128438 | 111234.6 samples/s

Epoch 38/100
----------------------------------------
Learning Rate: 0.000224
  step    50/1756 | loss 13.3854 | data 0.8 ms | step 15.1 ms | 33922.6 samples/s
  step   100/1756 | loss 13.2691 | data 0.1 ms | step 15.1 ms | 33960.9 samples/s
  step   150/1756 | loss 13.9608 | data 0.1 ms | step 15.1 ms | 33952.2 samples/s
  step   200/1756 | loss 14.0623 | data 0.1 ms | step 15.1 ms | 33913.4 samples/s
  step   250/1756 | loss 14.7936 | data 0.1 ms | step 15.1 ms | 33979.4 samples/s
  step   300/1756 | loss 15.3737 | data 0.1 ms | step 15.1 ms | 33927.5 samples/s
  step   350/1756 | loss 14.7794 | data 0.1 ms | step 15.1 ms | 33890.7 samples/s
  step   400/1756 | loss 14.4816 | data 0.1 ms | step 15.1 ms | 33977.2 samples/s
  step   450/1756 | loss 14.0285 | data 0.1 ms | step 15.1 ms | 33832.3 samples/s
  step   500/1756 | loss 14.1317 | data 0.1 ms | step 15.1 ms | 33956.3 samples/s
  step   550/1756 | loss 12.9310 | data 0.1 ms | step 15.1 ms | 33933.9 samples/s
  step   600/1756 | loss 13.2870 | data 0.1 ms | step 15.1 ms | 33951.3 samples/s
  step   650/1756 | loss 13.3366 | data 0.1 ms | step 15.1 ms | 33956.8 samples/s
  step   700/1756 | loss 13.2388 | data 0.1 ms | step 15.1 ms | 33959.5 samples/s
  step   750/1756 | loss 14.1369 | data 0.1 ms | step 15.1 ms | 33958.2 samples/s
  step   800/1756 | loss 13.5158 | data 0.1 ms | step 15.1 ms | 33840.1 samples/s
  step   850/1756 | loss 14.3058 | data 0.1 ms | step 15.1 ms | 33990.5 samples/s
  step   900/1756 | loss 13.9629 | data 0.1 ms | step 15.1 ms | 33970.8 samples/s
  step   950/1756 | loss 13.9357 | data 0.1 ms | step 15.1 ms | 33931.2 samples/s
  step  1000/1756 | loss 13.3687 | data 0.1 ms | step 15.1 ms | 33831.3 samples/s
  step  1050/1756 | loss 13.5462 | data 0.1 ms | step 15.1 ms | 33976.1 samples/s
  step  1100/1756 | loss 13.5513 | data 0.1 ms | step 15.1 ms | 33899.7 samples/s
  step  1150/1756 | loss 12.6225 | data 0.1 ms | step 15.5 ms | 32975.3 samples/s
  step  1200/1756 | loss 13.3169 | data 0.1 ms | step 15.6 ms | 32757.8 samples/s
  step  1250/1756 | loss 12.7772 | data 0.1 ms | step 15.1 ms | 33887.0 samples/s
  step  1300/1756 | loss 12.7102 | data 0.1 ms | step 15.1 ms | 33944.0 samples/s
  step  1350/1756 | loss 12.3370 | data 0.1 ms | step 15.1 ms | 33965.5 samples/s
  step  1400/1756 | loss 12.8482 | data 0.1 ms | step 15.1 ms | 33949.1 samples/s
  step  1450/1756 | loss 12.9572 | data 0.1 ms | step 15.1 ms | 33974.7 samples/s
  step  1500/1756 | loss 12.6686 | data 0.1 ms | step 15.1 ms | 33868.4 samples/s
  step  1550/1756 | loss 12.7692 | data 0.1 ms | step 15.7 ms | 32546.2 samples/s
  step  1600/1756 | loss 12.7087 | data 0.1 ms | step 15.1 ms | 33979.0 samples/s
  step  1650/1756 | loss 12.8886 | data 0.1 ms | step 15.2 ms | 33653.5 samples/s
  step  1700/1756 | loss 12.0713 | data 0.1 ms | step 15.7 ms | 32608.1 samples/s
  step  1750/1756 | loss 12.1318 | data 0.6 ms | step 15.9 ms | 32153.5 samples/s
Training Loss: 13.434276 | 33718.7 samples/s
Peak GPU memory: 1978.4 MB
Validation Loss: 12.837114 | 109830.4 samples/s

Epoch 39/100
----------------------------------------
Learning Rate: 0.000219
  step    50/1756 | loss 14.6275 | data 0.7 ms | step 15.1 ms | 33920.4 samples/s
  step   100/1756 | loss 14.1972 | data 0.1 ms | step 15.1 ms | 33852.1 samples/s
  step   150/1756 | loss 13.7445 | data 0.1 ms | step 15.1 ms | 33953.9 samples/s
  step   200/1756 | loss 13.5560 | data 0.1 ms | step 15.1 ms | 33848.6 samples/s
  step   250/1756 | loss 12.4004 | data 0.1 ms | step 15.1 ms | 33916.4 samples/s
  step   300/1756 | loss 29.3625 | data 0.1 ms | step 15.1 ms | 33966.5 samples/s
  step   350/1756 | loss 27.3208 | data 0.1 ms | step 15.1 ms | 33959.2 samples/s
  step   400/1756 | loss 25.0048 | data 0.1 ms | step 15.1 ms | 33934.1 samples/s
  step   450/1756 | loss 22.4936 | data 0.1 ms | step 15.1 ms | 33956.1 samples/s
  step   500/1756 | loss 19.0846 | data 0.1 ms | step 15.1 ms | 33993.4 samples/s
  step   550/1756 | loss 21.1669 | data 0.1 ms | step 15.1 ms | 33950.0 samples/s
  step   600/1756 | loss 26.2199 | data 0.1 ms | step 15.1 ms | 33951.2 samples/s
  step   650/1756 | loss 22.9372 | data 0.1 ms | step 15.1 ms | 33987.6 samples/s
  step   700/1756 | loss 22.1574 | data 0.1 ms | step 15.1 ms | 33972.6 samples/s
  step   750/1756 | loss 18.4593 | data 0.1 ms | step 15.1 ms | 33845.1 samples/s
  step   800/1756 | loss 17.8860 | data 0.1 ms | step 15.1 ms | 33980.9 samples/s
  step   850/1756 | loss 17.4669 | data 0.1 ms | step 15.1 ms | 33921.2 samples/s
  step   900/1756 | loss 16.5662 | data 0.1 ms | step 15.1 ms | 33923.1 samples/s
  step   950/1756 | loss 16.2911 | data 0.1 ms | step 15.1 ms | 33951.2 samples/s
  step  1000/1756 | loss 16.5907 | data 0.1 ms | step 15.1 ms | 33958.4 samples/s
  step  1050/1756 | loss 16.9469 | data 0.1 ms | step 15.1 ms | 33940.4 samples/s
  step  1100/1756 | loss 16.5917 | data 0.1 ms | step 15.1 ms | 33992.8 samples/s
  step  1150/1756 | loss 17.4955 | data 0.1 ms | step 15.1 ms | 33966.1 samples/s
  step  1200/1756 | loss 15.9830 | data 0.1 ms | step 15.1 ms | 33920.5 samples/s
  step  1250/1756 | loss 17.6903 | data 0.1 ms | step 15.1 ms | 33975.7 samples/s
  step  1300/1756 | loss 15.7376 | data 0.1 ms | step 15.1 ms | 33845.7 samples/s
  step  1350/1756 | loss 16.1738 | data 0.1 ms | step 15.1 ms | 33918.3 samples/s
  step  1400/1756 | loss 16.9441 | data 0.1 ms | step 15.1 ms | 33957.7 samples/s
  step  1450/1756 | loss 16.4620 | data 0.1 ms | step 15.1 ms | 33946.1 samples/s
  step  1500/1756 | loss 16.9807 | data 0.1 ms | step 15.7 ms | 32605.6 samples/s
  step  1550/1756 | loss 16.3146 | data 0.1 ms | step 15.7 ms | 32565.9 samples/s
  step  1600/1756 | loss 15.9106 | data 0.1 ms | step 15.3 ms | 33566.6 samples/s
  step  1650/1756 | loss 16.7510 | data 0.1 ms | step 15.7 ms | 32524.2 samples/s
  step  1700/1756 | loss 16.3964 | data 0.1 ms | step 15.9 ms | 32240.9 samples/s
  step  1750/1756 | loss 16.1632 | data 0.7 ms | step 15.2 ms | 33668.5 samples/s
Training Loss: 18.160245 | 33733.8 samples/s
Peak GPU memory: 1978.4 MB
Validation Loss: 16.562858 | 106859.5 samples/s

Epoch 40/100
----------------------------------------
Learning Rate: 0.000215
  step    50/1756 | loss 16.9235 | data 0.6 ms | step 15.5 ms | 33050.6 samples/s
  step   100/1756 | loss 16.0418 | data 0.1 ms | step 15.3 ms | 33497.1 samples/s
  step   150/1756 | loss 15.9862 | data 0.1 ms | step 15.5 ms | 32949.5 samples/s
  step   200/1756 | loss 15.6966 | data 0.1 ms | step 15.2 ms | 33747.5 samples/s
  step   250/1756 | loss 16.6170 | data 0.1 ms | step 15.1 ms | 33975.6 samples/s
  step   300/1756 | loss 16.5679 | data 0.1 ms | step 15.6 ms | 32883.8 samples/s
  step   350/1756 | loss 15.8641 | data 0.1 ms | step 15.8 ms | 32374.6 samples/s
  step   400/1756 | loss 16.0310 | data 0.1 ms | step 15.3 ms | 33364.2 samples/s
  step   450/1756 | loss 15.5005 | data 0.1 ms | step 15.7 ms | 32535.3 samples/s
  step   500/1756 | loss 15.2191 | data 0.1 ms | step 15.1 ms | 33858.2 samples/s
  step   550/1756 | loss 15.1440 | data 0.1 ms | step 15.1 ms | 33952.3 samples/s
  step   600/1756 | loss 15.8735 | data 0.1 ms | step 15.1 ms | 33896.4 samples/s
  step   650/1756 | loss 15.6566 | data 0.1 ms | step 15.1 ms | 33975.5 samples/s
  step   700/1756 | loss 15.9067 | data 0.1 ms | step 15.1 ms | 34005.3 samples/s
  step   750/1756 | loss 15.8175 | data 0.1 ms | step 15.1 ms | 33986.5 samples/s
  step   800/1756 | loss 17.0157 | data 0.1 ms | step 15.1 ms | 33925.1 samples/s
  step   850/1756 | loss 17.0934 | data 0.1 ms | step 15.1 ms | 33994.3 samples/s
  step   900/1756 | loss 16.6673 | data 0.1 ms | step 15.1 ms | 33998.2 samples/s
  step   950/1756 | loss 15.3854 | data 0.1 ms | step 15.1 ms | 33990.2 samples/s
  step  1000/1756 | loss 15.7052 | data 0.1 ms | step 15.1 ms | 33997.2 samples/s
  step  1050/1756 | loss 14.9811 | data 0.1 ms | step 15.1 ms | 33882.2 samples/s
  step  1100/1756 | loss 14.9907 | data 0.1 ms | step 15.1 ms | 33975.5 samples/s
  step  1150/1756 | loss 14.2319 | data 0.1 ms | step 15.1 ms | 34007.3 samples/s
  step  1200/1756 | loss 13.4619 | data 0.1 ms | step 15.1 ms | 33988.8 samples/s
  step  1250/1756 | loss 13.1107 | data 0.1 ms | step 15.7 ms | 32575.2 samples/s
  step  1300/1756 | loss 13.2862 | data 0.1 ms | step 15.6 ms | 32797.7 samples/s
  step  1350/1756 | loss 13.6275 | data 0.1 ms | step 15.6 ms | 32902.2 samples/s
  step  1400/1756 | loss 13.4711 | data 0.1 ms | step 15.6 ms | 32757.9 samples/s
  step  1450/1756 | loss 13.9412 | data 0.1 ms | step 15.4 ms | 33223.2 samples/s
  step  1500/1756 | loss 12.9813 | data 0.1 ms | step 15.1 ms | 33928.9 samples/s
  step  1550/1756 | loss 14.5222 | data 0.1 ms | step 15.8 ms | 32424.7 samples/s
  step  1600/1756 | loss 13.6715 | data 0.1 ms | step 15.1 ms | 33865.2 samples/s
  step  1650/1756 | loss 14.4974 | data 0.1 ms | step 15.1 ms | 33990.0 samples/s
  step  1700/1756 | loss 14.4701 | data 0.1 ms | step 15.1 ms | 33860.6 samples/s
  step  1750/1756 | loss 14.2268 | data 0.5 ms | step 15.1 ms | 33944.3 samples/s
Training Loss: 15.139343 | 33529.8 samples/s
Peak GPU memory: 1978.4 MB
Validation Loss: 13.891403 | 111296.8 samples/s

Epoch 41/100
----------------------------------------
Learning Rate: 0.000211
  step    50/1756 | loss 13.7387 | data 0.7 ms | step 15.1 ms | 33909.0 samples/s
  step   100/1756 | loss 14.3493 | data 0.1 ms | step 15.1 ms | 33918.0 samples/s
  step   150/1756 | loss 12.8563 | data 0.1 ms | step 15.1 ms | 33935.2 samples/s
  step   200/1756 | loss 14.5392 | data 0.1 ms | step 15.1 ms | 33915.8 samples/s
  step   250/1756 | loss 12.6531 | data 0.1 ms | step 15.1 ms | 33823.3 samples/s
  step   300/1756 | loss 15.2336 | data 0.1 ms | step 15.1 ms | 33943.1 samples/s
  step   350/1756 | loss 15.3860 | data 0.1 ms | step 15.1 ms | 33954.3 samples/s
  step   400/1756 | loss 14.8140 | data 0.1 ms | step 15.1 ms | 33945.3 samples/s
  step   450/1756 | loss 16.6507 | data 0.1 ms | step 15.1 ms | 33984.2 samples/s
  step   500/1756 | loss 15.9912 | data 0.1 ms | step 15.1 ms | 33984.9 samples/s
  step   550/1756 | loss 15.2837 | data 0.1 ms | step 15.1 ms | 33945.1 samples/s
  step   600/1756 | loss 14.1118 | data 0.1 ms | step 15.1 ms | 34001.3 samples/s
  step   650/1756 | loss 13.9702 | data 0.1 ms | step 15.1 ms | 34005.4 samples/s
  step   700/1756 | loss 14.5546 | data 0.1 ms | step 15.1 ms | 33974.7 samples/s
  step   750/1756 | loss 13.5619 | data 0.1 ms | step 15.1 ms | 33995.0 samples/s
  step   800/1756 | loss 17.2316 | data 0.1 ms | step 15.1 ms | 33891.1 samples/s
  step   850/1756 | loss 16.7876 | data 0.1 ms | step 15.1 ms | 33920.5 samples/s
  step   900/1756 | loss 16.7030 | data 0.1 ms | step 15.1 ms | 33982.6 samples/s
  step   950/1756 | loss 16.3947 | data 0.1 ms | step 15.1 ms | 33985.8 samples/s
  step  1000/1756 | loss 15.4704 | data 0.1 ms | step 15.1 ms | 33966.7 samples/s
  step  1050/1756 | loss 14.1220 | data 0.1 ms | step 15.1 ms | 33993.7 samples/s
  step  1100/1756 | loss 13.7459 | data 0.1 ms | step 15.1 ms | 33980.8 samples/s
  step  1150/1756 | loss 13.4517 | data 0.1 ms | step 15.1 ms | 33986.0 samples/s
  step  1200/1756 | loss 13.3122 | data 0.1 ms | step 15.1 ms | 33978.8 samples/s
  step  1250/1756 | loss 12.9242 | data 0.1 ms | step 15.4 ms | 33164.4 samples/s
  step  1300/1756 | loss 13.4412 | data 0.1 ms | step 15.4 ms | 33181.6 samples/s
  step  1350/1756 | loss 12.4877 | data 0.1 ms | step 15.7 ms | 32686.5 samples/s
  step  1400/1756 | loss 12.8945 | data 0.1 ms | step 15.2 ms | 33787.2 samples/s
  step  1450/1756 | loss 12.5787 | data 0.1 ms | step 15.1 ms | 33904.1 samples/s
  step  1500/1756 | loss 12.7814 | data 0.1 ms | step 15.1 ms | 34004.2 samples/s
  step  1550/1756 | loss 12.7812 | data 0.1 ms | step 15.1 ms | 33978.6 samples/s
  step  1600/1756 | loss 12.8313 | data 0.1 ms | step 15.1 ms | 33882.5 samples/s
  step  1650/1756 | loss 13.4693 | data 0.1 ms | step 15.1 ms | 33999.8 samples/s
  step  1700/1756 | loss 13.0999 | data 0.1 ms | step 15.1 ms | 33991.9 samples/s
  step  1750/1756 | loss 12.7345 | data 0.6 ms | step 15.1 ms | 33944.3 samples/s
Training Loss: 14.188790 | 33862.3 samples/s
Peak GPU memory: 1978.4 MB
Validation Loss: 12.885328 | 111166.7 samples/s

Epoch 42/100
----------------------------------------
Learning Rate: 0.000206
  step    50/1756 | loss 12.9834 | data 0.7 ms | step 15.1 ms | 33885.9 samples/s
  step   100/1756 | loss 12.2915 | data 0.1 ms | step 15.1 ms | 34003.5 samples/s
  step   150/1756 | loss 12.1093 | data 0.1 ms | step 15.1 ms | 33967.0 samples/s
  step   200/1756 | loss 13.0407 | data 0.1 ms | step 15.1 ms | 34001.8 samples/s
  step   250/1756 | loss 12.4585 | data 0.1 ms | step 15.1 ms | 33996.3 samples/s
  step   300/1756 | loss 12.1650 | data 0.1 ms | step 15.1 ms | 33964.0 samples/s
  step   350/1756 | loss 11.3722 | data 0.1 ms | step 15.1 ms | 33958.1 samples/s
  step   400/1756 | loss 12.3323 | data 0.1 ms | step 15.1 ms | 33947.7 samples/s
  step   450/1756 | loss 12.0227 | data 0.1 ms | step 15.1 ms | 33946.9 samples/s
  step   500/1756 | loss 12.4587 | data 0.1 ms | step 15.1 ms | 33900.7 samples/s
  step   550/1756 | loss 13.4632 | data 0.1 ms | step 15.1 ms | 33882.8 samples/s
  step   600/1756 | loss 12.7291 | data 0.1 ms | step 15.1 ms | 33979.3 samples/s
  step   650/1756 | loss 12.0080 | data 0.1 ms | step 15.1 ms | 33947.2 samples/s
  step   700/1756 | loss 13.0904 | data 0.1 ms | step 15.1 ms | 33961.8 samples/s
  step   750/1756 | loss 12.8499 | data 0.1 ms | step 15.1 ms | 33963.3 samples/s
  step   800/1756 | loss 13.8897 | data 0.1 ms | step 15.8 ms | 32422.8 samples/s
  step   850/1756 | loss 12.4882 | data 0.1 ms | step 15.2 ms | 33608.5 samples/s
  step   900/1756 | loss 12.7588 | data 0.1 ms | step 15.1 ms | 33911.0 samples/s
  step   950/1756 | loss 12.2350 | data 0.1 ms | step 15.7 ms | 32605.9 samples/s
  step  1000/1756 | loss 15.0872 | data 0.1 ms | step 15.1 ms | 33958.1 samples/s
  step  1050/1756 | loss 17.8257 | data 0.1 ms | step 15.1 ms | 33888.4 samples/s
  step  1100/1756 | loss 16.1087 | data 0.1 ms | step 15.1 ms | 33834.8 samples/s
  step  1150/1756 | loss 15.9885 | data 0.1 ms | step 15.1 ms | 33945.9 samples/s
  step  1200/1756 | loss 15.3655 | data 0.1 ms | step 15.1 ms | 33967.6 samples/s
  step  1250/1756 | loss 14.7126 | data 0.1 ms | step 15.1 ms | 33920.2 samples/s
  step  1300/1756 | loss 14.1149 | data 0.1 ms | step 15.1 ms | 33933.7 samples/s
  step  1350/1756 | loss 13.6560 | data 0.1 ms | step 15.1 ms | 33960.1 samples/s
  step  1400/1756 | loss 13.6044 | data 0.1 ms | step 15.1 ms | 33873.5 samples/s
  step  1450/1756 | loss 17.6580 | data 0.1 ms | step 15.1 ms | 33959.4 samples/s
  step  1500/1756 | loss 18.2474 | data 0.1 ms | step 15.1 ms | 33960.8 samples/s
  step  1550/1756 | loss 17.5978 | data 0.1 ms | step 15.1 ms | 33946.5 samples/s
  step  1600/1756 | loss 16.8075 | data 0.1 ms | step 15.1 ms | 33967.9 samples/s
  step  1650/1756 | loss 17.2542 | data 0.1 ms | step 15.2 ms | 33791.2 samples/s
  step  1700/1756 | loss 16.7413 | data 0.1 ms | step 15.1 ms | 33940.7 samples/s
  step  1750/1756 | loss 15.3490 | data 0.6 ms | step 15.1 ms | 33960.8 samples/s
Training Loss: 14.149560 | 33837.0 samples/s
Peak GPU memory: 1978.4 MB
Validation Loss: 15.827110 | 111274.7 samples/s

Epoch 43/100
----------------------------------------
Learning Rate: 0.000201
  step    50/1756 | loss 15.6668 | data 2.4 ms | step 15.1 ms | 33863.1 samples/s
  step   100/1756 | loss 15.1678 | data 0.1 ms | step 15.1 ms | 33945.3 samples/s
  step   150/1756 | loss 15.1964 | data 0.1 ms | step 15.1 ms | 33954.0 samples/s
  step   200/1756 | loss 13.6168 | data 0.1 ms | step 15.1 ms | 33947.4 samples/s
  step   250/1756 | loss 14.3666 | data 0.1 ms | step 15.1 ms | 33922.3 samples/s
  step   300/1756 | loss 14.5414 | data 0.1 ms | step 15.1 ms | 33843.1 samples/s
  step   350/1756 | loss 14.1827 | data 0.1 ms | step 15.1 ms | 33942.2 samples/s
  step   400/1756 | loss 14.1471 | data 0.1 ms | step 15.1 ms | 33896.6 samples/s
  step   450/1756 | loss 13.3047 | data 0.1 ms | step 15.1 ms | 33942.7 samples/s
  step   500/1756 | loss 14.5513 | data 0.1 ms | step 15.1 ms | 33949.7 samples/s
  step   550/1756 | loss 13.4941 | data 0.1 ms | step 15.1 ms | 33937.6 samples/s
  step   600/1756 | loss 14.1335 | data 0.1 ms | step 15.1 ms | 33947.2 samples/s
  step   650/1756 | loss 14.0132 | data 0.1 ms | step 15.1 ms | 33961.9 samples/s
  step   700/1756 | loss 14.0936 | data 0.1 ms | step 15.1 ms | 33959.6 samples/s
  step   750/1756 | loss 14.4859 | data 0.1 ms | step 15.1 ms | 33961.6 samples/s
  step   800/1756 | loss 15.3485 | data 0.1 ms | step 15.1 ms | 33953.8 samples/s
  step   850/1756 | loss 14.3309 | data 0.1 ms | step 15.1 ms | 33846.8 samples/s
  step   900/1756 | loss 15.0568 | data 0.1 ms | step 15.1 ms | 33968.6 samples/s
  step   950/1756 | loss 14.4812 | data 0.1 ms | step 15.1 ms | 33967.0 samples/s
  step  1000/1756 | loss 14.7528 | data 0.1 ms | step 15.1 ms | 33953.8 samples/s
  step  1050/1756 | loss 14.5764 | data 0.1 ms | step 15.1 ms | 33975.4 samples/s
  step  1100/1756 | loss 14.8242 | data 0.1 ms | step 15.1 ms | 33986.5 samples/s
  step  1150/1756 | loss 14.7966 | data 0.1 ms | step 15.1 ms | 33965.7 samples/s
  step  1200/1756 | loss 15.5571 | data 0.1 ms | step 15.1 ms | 33954.5 samples/s
  step  1250/1756 | loss 14.6552 | data 0.1 ms | step 15.1 ms | 33945.8 samples/s
  step  1300/1756 | loss 14.8181 | data 0.1 ms | step 15.1 ms | 33885.9 samples/s
  step  1350/1756 | loss 14.9912 | data 0.1 ms | step 15.1 ms | 33947.5 samples/s
  step  1400/1756 | loss 15.0822 | data 0.1 ms | step 15.1 ms | 33865.6 samples/s
  step  1450/1756 | loss 14.0265 | data 0.1 ms | step 15.1 ms | 33917.9 samples/s
  step  1500/1756 | loss 13.7718 | data 0.1 ms | step 15.1 ms | 33930.3 samples/s
  step  1550/1756 | loss 15.1695 | data 0.1 ms | step 15.1 ms | 33969.3 samples/s
  step  1600/1756 | loss 15.0871 | data 0.1 ms | step 15.1 ms | 33958.4 samples/s
  step  1650/1756 | loss 15.1185 | data 0.1 ms | step 15.1 ms | 33944.7 samples/s
  step  1700/1756 | loss 14.7763 | data 0.1 ms | step 15.1 ms | 33955.9 samples/s
  step  1750/1756 | loss 16.5268 | data 0.6 ms | step 15.1 ms | 33918.7 samples/s
Training Loss: 14.661817 | 33929.4 samples/s
Peak GPU memory: 1978.4 MB
Validation Loss: 17.442932 | 111213.9 samples/s

Epoch 44/100
----------------------------------------
Learning Rate: 0.000197
  step    50/1756 | loss 18.9222 | data 0.7 ms | step 15.1 ms | 33802.8 samples/s
  step   100/1756 | loss 16.0499 | data 0.1 ms | step 15.1 ms | 33939.1 samples/s
  step   150/1756 | loss 14.9885 | data 0.1 ms | step 15.1 ms | 33967.2 samples/s
  step   200/1756 | loss 14.6283 | data 0.1 ms | step 15.1 ms | 33965.0 samples/s
  step   250/1756 | loss 14.3722 | data 0.1 ms | step 15.1 ms | 33958.9 samples/s
  step   300/1756 | loss 14.2083 | data 0.1 ms | step 15.1 ms | 33913.7 samples/s
  step   350/1756 | loss 14.8598 | data 0.1 ms | step 15.1 ms | 33956.1 samples/s
  step   400/1756 | loss 14.4659 | data 0.1 ms | step 15.1 ms | 33962.1 samples/s
  step   450/1756 | loss 14.2616 | data 0.1 ms | step 15.1 ms | 33942.1 samples/s
  step   500/1756 | loss 14.8257 | data 0.1 ms | step 15.1 ms | 33894.8 samples/s
  step   550/1756 | loss 13.6978 | data 0.1 ms | step 15.1 ms | 33929.2 samples/s
  step   600/1756 | loss 13.7018 | data 0.1 ms | step 15.1 ms | 33829.2 samples/s
  step   650/1756 | loss 13.7920 | data 0.1 ms | step 15.1 ms | 33928.6 samples/s
  step   700/1756 | loss 14.1509 | data 0.1 ms | step 15.1 ms | 33969.1 samples/s
  step   750/1756 | loss 13.3091 | data 0.1 ms | step 15.1 ms | 33963.6 samples/s
  step   800/1756 | loss 13.2237 | data 0.1 ms | step 15.1 ms | 33939.4 samples/s
  step   850/1756 | loss 13.7777 | data 0.1 ms | step 15.1 ms | 33941.3 samples/s
  step   900/1756 | loss 14.2164 | data 0.1 ms | step 15.1 ms | 33954.5 samples/s
  step   950/1756 | loss 13.3106 | data 0.1 ms | step 15.1 ms | 33949.5 samples/s
  step  1000/1756 | loss 14.1588 | data 0.1 ms | step 15.1 ms | 33949.9 samples/s
  step  1050/1756 | loss 14.0919 | data 0.1 ms | step 15.1 ms | 33948.8 samples/s
  step  1100/1756 | loss 13.5607 | data 0.1 ms | step 15.1 ms | 33941.4 samples/s
  step  1150/1756 | loss 13.5033 | data 0.1 ms | step 15.1 ms | 33864.8 samples/s
  step  1200/1756 | loss 13.2464 | data 0.1 ms | step 15.1 ms | 33964.0 samples/s
  step  1250/1756 | loss 13.0427 | data 0.1 ms | step 15.1 ms | 33909.2 samples/s
  step  1300/1756 | loss 12.7978 | data 0.1 ms | step 15.1 ms | 33958.9 samples/s
  step  1350/1756 | loss 12.7806 | data 0.1 ms | step 15.1 ms | 33970.9 samples/s
  step  1400/1756 | loss 13.3107 | data 0.1 ms | step 15.1 ms | 33937.3 samples/s
  step  1450/1756 | loss 12.9010 | data 0.1 ms | step 15.1 ms | 33909.6 samples/s
  step  1500/1756 | loss 13.1484 | data 0.1 ms | step 15.1 ms | 33918.6 samples/s
  step  1550/1756 | loss 12.8694 | data 0.1 ms | step 15.1 ms | 33869.5 samples/s
  step  1600/1756 | loss 12.7595 | data 0.1 ms | step 15.1 ms | 33931.7 samples/s
  step  1650/1756 | loss 12.6557 | data 0.1 ms | step 15.1 ms | 33951.6 samples/s
  step  1700/1756 | loss 12.8583 | data 0.1 ms | step 15.1 ms | 33826.1 samples/s
  step  1750/1756 | loss 14.2397 | data 0.6 ms | step 15.1 ms | 33880.2 samples/s
Training Loss: 13.902584 | 33919.3 samples/s
Peak GPU memory: 1978.4 MB
Validation Loss: 13.761963 | 111181.5 samples/s

Epoch 45/100
----------------------------------------
Learning Rate: 0.000192
  step    50/1756 | loss 12.9996 | data 0.6 ms | step 15.1 ms | 33931.2 samples/s
  step   100/1756 | loss 13.2774 | data 0.1 ms | step 15.1 ms | 33896.1 samples/s
  step   150/1756 | loss 12.7359 | data 0.1 ms | step 15.1 ms | 33976.8 samples/s
  step   200/1756 | loss 13.3239 | data 0.1 ms | step 15.1 ms | 33978.5 samples/s
  step   250/1756 | loss 12.9129 | data 0.1 ms | step 15.1 ms | 33869.4 samples/s
  step   300/1756 | loss 12.4094 | data 0.1 ms | step 15.1 ms | 33955.8 samples/s
  step   350/1756 | loss 13.1218 | data 0.1 ms | step 15.1 ms | 33845.0 samples/s
  step   400/1756 | loss 12.8570 | data 0.1 ms | step 15.1 ms | 33931.6 samples/s
  step   450/1756 | loss 12.1631 | data 0.1 ms | step 15.1 ms | 33955.9 samples/s
  step   500/1756 | loss 12.7888 | data 0.1 ms | step 15.1 ms | 33946.2 samples/s
  step   550/1756 | loss 12.3759 | data 0.1 ms | step 15.1 ms | 33925.0 samples/s
  step   600/1756 | loss 12.9909 | data 0.1 ms | step 15.1 ms | 33938.1 samples/s
  step   650/1756 | loss 12.9881 | data 0.1 ms | step 15.1 ms | 33951.4 samples/s
  step   700/1756 | loss 12.5044 | data 0.1 ms | step 15.1 ms | 33955.9 samples/s
  step   750/1756 | loss 12.6632 | data 0.1 ms | step 15.1 ms | 33954.1 samples/s
  step   800/1756 | loss 12.7431 | data 0.1 ms | step 15.1 ms | 33947.1 samples/s
  step   850/1756 | loss 12.4882 | data 0.1 ms | step 15.1 ms | 33903.7 samples/s
  step   900/1756 | loss 11.8790 | data 0.1 ms | step 15.1 ms | 33871.7 samples/s
  step   950/1756 | loss 13.0914 | data 0.1 ms | step 15.1 ms | 33956.0 samples/s
  step  1000/1756 | loss 12.3484 | data 0.1 ms | step 15.1 ms | 33944.9 samples/s
  step  1050/1756 | loss 13.1793 | data 0.1 ms | step 15.1 ms | 33970.4 samples/s
  step  1100/1756 | loss 12.4638 | data 0.1 ms | step 15.1 ms | 33946.3 samples/s
  step  1150/1756 | loss 11.8630 | data 0.1 ms | step 15.1 ms | 33944.2 samples/s
  step  1200/1756 | loss 12.7188 | data 0.1 ms | step 15.1 ms | 33991.4 samples/s
  step  1250/1756 | loss 12.5463 | data 0.1 ms | step 15.1 ms | 33978.4 samples/s
  step  1300/1756 | loss 13.3213 | data 0.1 ms | step 15.1 ms | 33949.5 samples/s
  step  1350/1756 | loss 12.3607 | data 0.1 ms | step 15.1 ms | 33981.9 samples/s
  step  1400/1756 | loss 12.9342 | data 0.1 ms | step 15.1 ms | 33992.2 samples/s
  step  1450/1756 | loss 12.5229 | data 0.1 ms | step 15.1 ms | 33845.4 samples/s
  step  1500/1756 | loss 12.4368 | data 0.1 ms | step 15.1 ms | 33980.7 samples/s
  step  1550/1756 | loss 12.4977 | data 0.1 ms | step 15.1 ms | 33982.6 samples/s
  step  1600/1756 | loss 12.9761 | data 0.1 ms | step 15.1 ms | 33956.8 samples/s
  step  1650/1756 | loss 13.2352 | data 0.1 ms | step 15.1 ms | 33941.2 samples/s
  step  1700/1756 | loss 12.2692 | data 0.1 ms | step 15.1 ms | 33975.5 samples/s
  step  1750/1756 | loss 12.8559 | data 0.6 ms | step 15.1 ms | 33936.4 samples/s
Training Loss: 12.700969 | 33934.0 samples/s
Peak GPU memory: 1978.4 MB
Validation Loss: 12.607133 | 111334.0 samples/s

Epoch 46/100
----------------------------------------
Learning Rate: 0.000187
  step    50/1756 | loss 13.1915 | data 0.7 ms | step 15.1 ms | 33868.6 samples/s
  step   100/1756 | loss 13.9110 | data 0.1 ms | step 15.1 ms | 33813.5 samples/s
  step   150/1756 | loss 13.3740 | data 0.1 ms | step 15.1 ms | 33977.3 samples/s
  step   200/1756 | loss 12.8961 | data 0.1 ms | step 15.1 ms | 33953.8 samples/s
  step   250/1756 | loss 12.8308 | data 0.1 ms | step 15.1 ms | 33975.6 samples/s
  step   300/1756 | loss 11.8494 | data 0.1 ms | step 15.1 ms | 33989.6 samples/s
  step   350/1756 | loss 12.8205 | data 0.1 ms | step 15.1 ms | 33943.5 samples/s
  step   400/1756 | loss 12.7150 | data 0.1 ms | step 15.1 ms | 33952.7 samples/s
  step   450/1756 | loss 12.1646 | data 0.1 ms | step 15.1 ms | 33954.4 samples/s
  step   500/1756 | loss 11.8040 | data 0.1 ms | step 15.1 ms | 33934.9 samples/s
  step   550/1756 | loss 12.0426 | data 0.1 ms | step 15.1 ms | 33953.4 samples/s
  step   600/1756 | loss 12.3917 | data 0.1 ms | step 15.1 ms | 33967.5 samples/s
  step   650/1756 | loss 12.7207 | data 0.1 ms | step 15.1 ms | 33826.4 samples/s
  step   700/1756 | loss 11.9523 | data 0.1 ms | step 15.1 ms | 33938.9 samples/s
  step   750/1756 | loss 11.7218 | data 0.1 ms | step 15.1 ms | 33954.3 samples/s
  step   800/1756 | loss 12.0178 | data 0.1 ms | step 15.1 ms | 33892.0 samples/s
  step   850/1756 | loss 11.9292 | data 0.1 ms | step 15.1 ms | 33953.5 samples/s
  step   900/1756 | loss 12.0644 | data 0.1 ms | step 15.1 ms | 33961.7 samples/s
  step   950/1756 | loss 12.3643 | data 0.1 ms | step 15.1 ms | 33948.0 samples/s
  step  1000/1756 | loss 12.2531 | data 0.1 ms | step 15.1 ms | 33895.9 samples/s
  step  1050/1756 | loss 13.1786 | data 0.1 ms | step 15.1 ms | 33951.7 samples/s
  step  1100/1756 | loss 11.9046 | data 0.1 ms | step 15.1 ms | 33911.7 samples/s
  step  1150/1756 | loss 12.1022 | data 0.1 ms | step 15.1 ms | 33969.8 samples/s
  step  1200/1756 | loss 11.5848 | data 0.1 ms | step 15.1 ms | 33834.0 samples/s
  step  1250/1756 | loss 12.0534 | data 0.1 ms | step 15.1 ms | 33942.3 samples/s
  step  1300/1756 | loss 12.1394 | data 0.1 ms | step 15.1 ms | 33963.1 samples/s
  step  1350/1756 | loss 11.4093 | data 0.1 ms | step 15.1 ms | 33945.6 samples/s
  step  1400/1756 | loss 11.3070 | data 0.1 ms | step 15.1 ms | 33952.9 samples/s
  step  1450/1756 | loss 11.7680 | data 0.1 ms | step 15.1 ms | 33960.8 samples/s
  step  1500/1756 | loss 11.9493 | data 0.1 ms | step 15.1 ms | 33959.6 samples/s
  step  1550/1756 | loss 11.7162 | data 0.1 ms | step 15.1 ms | 33952.2 samples/s
  step  1600/1756 | loss 11.8259 | data 0.1 ms | step 15.1 ms | 33960.1 samples/s
  step  1650/1756 | loss 11.2506 | data 0.1 ms | step 15.1 ms | 33959.9 samples/s
  step  1700/1756 | loss 11.6330 | data 0.1 ms | step 15.1 ms | 33927.9 samples/s
  step  1750/1756 | loss 12.2088 | data 0.7 ms | step 15.1 ms | 33865.3 samples/s
Training Loss: 12.197952 | 33927.2 samples/s
Peak GPU memory: 1978.4 MB
Validation Loss: 11.820301 | 111289.1 samples/s

Epoch 47/100
----------------------------------------
Learning Rate: 0.000182
  step    50/1756 | loss 11.6455 | data 0.6 ms | step 15.1 ms | 33939.6 samples/s
  step   100/1756 | loss 11.3089 | data 0.1 ms | step 15.1 ms | 33949.3 samples/s
  step   150/1756 | loss 11.8206 | data 0.1 ms | step 15.1 ms | 33962.6 samples/s
  step   200/1756 | loss 11.4534 | data 0.1 ms | step 15.1 ms | 33987.4 samples/s
  step   250/1756 | loss 12.4139 | data 0.1 ms | step 15.1 ms | 33947.9 samples/s
  step   300/1756 | loss 10.9341 | data 0.1 ms | step 15.1 ms | 33971.5 samples/s
  step   350/1756 | loss 12.6061 | data 0.1 ms | step 15.1 ms | 33988.2 samples/s
  step   400/1756 | loss 11.7954 | data 0.1 ms | step 15.1 ms | 33839.5 samples/s
  step   450/1756 | loss 11.2650 | data 0.1 ms | step 15.1 ms | 33960.4 samples/s
  step   500/1756 | loss 11.3600 | data 0.1 ms | step 15.1 ms | 33986.2 samples/s
  step   550/1756 | loss 12.2634 | data 0.1 ms | step 15.1 ms | 33956.7 samples/s
  step   600/1756 | loss 11.6800 | data 0.1 ms | step 15.1 ms | 33953.4 samples/s
  step   650/1756 | loss 11.4509 | data 0.1 ms | step 15.1 ms | 33967.5 samples/s
  step   700/1756 | loss 11.8832 | data 0.1 ms | step 15.1 ms | 33994.9 samples/s
  step   750/1756 | loss 11.5650 | data 0.1 ms | step 15.1 ms | 33900.3 samples/s
  step   800/1756 | loss 12.0772 | data 0.1 ms | step 15.1 ms | 33958.7 samples/s
  step   850/1756 | loss 11.1484 | data 0.1 ms | step 15.1 ms | 33975.8 samples/s
  step   900/1756 | loss 11.8501 | data 0.1 ms | step 15.1 ms | 33948.2 samples/s
  step   950/1756 | loss 11.4802 | data 0.1 ms | step 15.1 ms | 33894.2 samples/s
  step  1000/1756 | loss 12.5098 | data 0.1 ms | step 15.1 ms | 33907.5 samples/s
  step  1050/1756 | loss 12.7254 | data 0.1 ms | step 15.1 ms | 33953.0 samples/s
  step  1100/1756 | loss 11.6452 | data 0.1 ms | step 15.1 ms | 33980.8 samples/s
  step  1150/1756 | loss 11.0355 | data 0.1 ms | step 15.1 ms | 33992.0 samples/s
  step  1200/1756 | loss 11.5689 | data 0.1 ms | step 15.1 ms | 33958.9 samples/s
  step  1250/1756 | loss 12.4987 | data 0.1 ms | step 15.1 ms | 33962.3 samples/s
  step  1300/1756 | loss 11.5488 | data 0.1 ms | step 15.1 ms | 33974.5 samples/s
  step  1350/1756 | loss 12.3054 | data 0.1 ms | step 15.1 ms | 33952.6 samples/s
  step  1400/1756 | loss 12.6186 | data 0.1 ms | step 15.1 ms | 33964.4 samples/s
  step  1450/1756 | loss 12.6693 | data 0.1 ms | step 15.1 ms | 33956.2 samples/s
  step  1500/1756 | loss 12.1506 | data 0.1 ms | step 15.1 ms | 33933.1 samples/s
  step  1550/1756 | loss 12.1711 | data 0.1 ms | step 15.1 ms | 33908.4 samples/s
  step  1600/1756 | loss 13.2366 | data 0.1 ms | step 15.1 ms | 33954.7 samples/s
  step  1650/1756 | loss 13.5139 | data 0.1 ms | step 15.1 ms | 33895.9 samples/s
  step  1700/1756 | loss 12.6090 | data 0.1 ms | step 15.1 ms | 33939.3 samples/s
  step  1750/1756 | loss 12.5379 | data 0.6 ms | step 15.1 ms | 33932.4 samples/s
Training Loss: 11.977933 | 33942.1 samples/s
Peak GPU memory: 1978.4 MB
Validation Loss: 12.425360 | 111259.8 samples/s

Epoch 48/100
----------------------------------------
Learning Rate: 0.000178
  step    50/1756 | loss 13.1259 | data 0.6 ms | step 15.1 ms | 33880.4 samples/s
  step   100/1756 | loss 13.5097 | data 0.1 ms | step 15.1 ms | 33943.0 samples/s
  step   150/1756 | loss 13.4424 | data 0.1 ms | step 15.1 ms | 33912.9 samples/s
  step   200/1756 | loss 12.9595 | data 0.2 ms | step 15.1 ms | 33816.9 samples/s
  step   250/1756 | loss 13.4215 | data 0.1 ms | step 15.1 ms | 33969.2 samples/s
  step   300/1756 | loss 15.5497 | data 0.1 ms | step 15.1 ms | 33978.7 samples/s
  step   350/1756 | loss 14.8991 | data 0.1 ms | step 15.1 ms | 33949.3 samples/s
  step   400/1756 | loss 18.4273 | data 0.1 ms | step 15.1 ms | 33956.0 samples/s
  step   450/1756 | loss 15.8248 | data 0.1 ms | step 15.1 ms | 33954.7 samples/s
  step   500/1756 | loss 15.0229 | data 0.1 ms | step 15.1 ms | 33934.3 samples/s
  step   550/1756 | loss 13.8175 | data 0.1 ms | step 15.1 ms | 33943.0 samples/s
  step   600/1756 | loss 14.7726 | data 0.1 ms | step 15.1 ms | 33901.2 samples/s
  step   650/1756 | loss 13.4186 | data 0.1 ms | step 15.1 ms | 33918.0 samples/s
  step   700/1756 | loss 14.0119 | data 0.1 ms | step 15.1 ms | 33943.4 samples/s
  step   750/1756 | loss 12.8343 | data 0.1 ms | step 15.1 ms | 33864.1 samples/s
  step   800/1756 | loss 13.7389 | data 0.1 ms | step 15.1 ms | 33944.0 samples/s
  step   850/1756 | loss 14.0321 | data 0.1 ms | step 15.1 ms | 33950.1 samples/s
  step   900/1756 | loss 13.4769 | data 0.1 ms | step 15.1 ms | 33961.8 samples/s
  step   950/1756 | loss 13.5962 | data 0.1 ms | step 15.1 ms | 33934.9 samples/s
  step  1000/1756 | loss 16.5992 | data 0.1 ms | step 15.1 ms | 33927.8 samples/s
  step  1050/1756 | loss 14.9063 | data 0.1 ms | step 15.1 ms | 33937.6 samples/s
  step  1100/1756 | loss 14.4815 | data 0.1 ms | step 15.1 ms | 33942.6 samples/s
  step  1150/1756 | loss 13.4208 | data 0.1 ms | step 15.1 ms | 33956.0 samples/s
  step  1200/1756 | loss 14.2009 | data 0.1 ms | step 15.1 ms | 33952.1 samples/s
  step  1250/1756 | loss 14.0613 | data 0.1 ms | step 15.1 ms | 33829.4 samples/s
  step  1300/1756 | loss 14.5796 | data 0.1 ms | step 15.1 ms | 33869.3 samples/s
  step  1350/1756 | loss 14.1240 | data 0.1 ms | step 15.1 ms | 33960.7 samples/s
  step  1400/1756 | loss 13.7372 | data 0.1 ms | step 15.1 ms | 33900.1 samples/s
  step  1450/1756 | loss 14.8183 | data 0.1 ms | step 15.1 ms | 33956.1 samples/s
  step  1500/1756 | loss 14.6386 | data 0.1 ms | step 15.1 ms | 33936.2 samples/s
  step  1550/1756 | loss 13.3802 | data 0.1 ms | step 15.1 ms | 33919.0 samples/s
  step  1600/1756 | loss 14.7204 | data 0.1 ms | step 15.1 ms | 33960.1 samples/s
  step  1650/1756 | loss 12.6720 | data 0.1 ms | step 15.1 ms | 33962.9 samples/s
  step  1700/1756 | loss 13.6118 | data 0.1 ms | step 15.1 ms | 33952.1 samples/s
  step  1750/1756 | loss 13.7141 | data 0.6 ms | step 15.1 ms | 33925.1 samples/s
Training Loss: 14.202584 | 33921.8 samples/s
Peak GPU memory: 1978.4 MB
Validation Loss: 13.258544 | 111264.9 samples/s

Epoch 49/100
----------------------------------------
Learning Rate: 0.000173
  step    50/1756 | loss 12.7570 | data 0.7 ms | step 15.1 ms | 33823.6 samples/s
  step   100/1756 | loss 13.0497 | data 0.1 ms | step 15.1 ms | 33958.3 samples/s
  step   150/1756 | loss 14.1795 | data 0.1 ms | step 15.1 ms | 33945.9 samples/s
  step   200/1756 | loss 12.8898 | data 0.1 ms | step 15.1 ms | 33980.2 samples/s
  step   250/1756 | loss 12.1397 | data 0.1 ms | step 15.1 ms | 33981.4 samples/s
  step   300/1756 | loss 12.1399 | data 0.1 ms | step 15.1 ms | 33948.5 samples/s
  step   350/1756 | loss 12.7337 | data 0.1 ms | step 15.1 ms | 33949.7 samples/s
  step   400/1756 | loss 12.5455 | data 0.1 ms | step 15.1 ms | 33970.3 samples/s
  step   450/1756 | loss 12.5262 | data 0.1 ms | step 15.1 ms | 33900.7 samples/s
  step   500/1756 | loss 15.8899 | data 0.1 ms | step 15.1 ms | 33863.6 samples/s
  step   550/1756 | loss 14.8191 | data 0.1 ms | step 15.1 ms | 33956.2 samples/s
  step   600/1756 | loss 13.6773 | data 0.1 ms | step 15.1 ms | 33963.7 samples/s
  step   650/1756 | loss 13.2829 | data 0.1 ms | step 15.1 ms | 33937.4 samples/s
  step   700/1756 | loss 13.7520 | data 0.1 ms | step 15.1 ms | 33951.3 samples/s
  step   750/1756 | loss 12.7566 | data 0.1 ms | step 15.1 ms | 33975.2 samples/s
  step   800/1756 | loss 13.3000 | data 0.1 ms | step 15.1 ms | 33941.4 samples/s
  step   850/1756 | loss 13.1329 | data 0.1 ms | step 15.1 ms | 33970.9 samples/s
  step   900/1756 | loss 13.4634 | data 0.1 ms | step 15.1 ms | 33964.6 samples/s
  step   950/1756 | loss 12.8708 | data 0.1 ms | step 15.1 ms | 33987.8 samples/s
  step  1000/1756 | loss 12.7275 | data 0.1 ms | step 15.1 ms | 33989.9 samples/s
  step  1050/1756 | loss 12.2017 | data 0.1 ms | step 15.1 ms | 33847.9 samples/s
  step  1100/1756 | loss 12.9893 | data 0.1 ms | step 15.1 ms | 33960.6 samples/s
  step  1150/1756 | loss 12.7971 | data 0.1 ms | step 15.1 ms | 33966.0 samples/s
  step  1200/1756 | loss 12.0361 | data 0.1 ms | step 15.1 ms | 33928.8 samples/s
  step  1250/1756 | loss 13.0787 | data 0.1 ms | step 15.1 ms | 33931.4 samples/s
  step  1300/1756 | loss 12.4882 | data 0.1 ms | step 15.1 ms | 33981.6 samples/s
  step  1350/1756 | loss 13.0993 | data 0.1 ms | step 15.1 ms | 33904.7 samples/s
  step  1400/1756 | loss 11.7659 | data 0.1 ms | step 15.1 ms | 33959.0 samples/s
  step  1450/1756 | loss 12.8210 | data 0.1 ms | step 15.1 ms | 33973.5 samples/s
  step  1500/1756 | loss 12.3430 | data 0.1 ms | step 15.1 ms | 33934.5 samples/s
  step  1550/1756 | loss 12.7958 | data 0.1 ms | step 15.1 ms | 33964.6 samples/s
  step  1600/1756 | loss 12.4904 | data 0.1 ms | step 15.1 ms | 33850.8 samples/s
  step  1650/1756 | loss 12.9831 | data 0.1 ms | step 15.1 ms | 33972.2 samples/s
  step  1700/1756 | loss 12.4944 | data 0.1 ms | step 15.1 ms | 33964.6 samples/s
  step  1750/1756 | loss 13.0616 | data 0.6 ms | step 15.1 ms | 33924.9 samples/s
Training Loss: 12.970414 | 33935.9 samples/s
Peak GPU memory: 1978.4 MB
Validation Loss: 12.838373 | 111241.3 samples/s

Epoch 50/100
----------------------------------------
Learning Rate: 0.000168
  step    50/1756 | loss 12.8761 | data 0.7 ms | step 15.1 ms | 33898.4 samples/s
  step   100/1756 | loss 12.2517 | data 0.1 ms | step 15.1 ms | 33923.9 samples/s
  step   150/1756 | loss 13.1107 | data 0.1 ms | step 15.1 ms | 33960.4 samples/s
  step   200/1756 | loss 12.6667 | data 0.1 ms | step 15.1 ms | 33934.8 samples/s
  step   250/1756 | loss 12.5607 | data 0.1 ms | step 15.1 ms | 33861.7 samples/s
  step   300/1756 | loss 13.2232 | data 0.1 ms | step 15.1 ms | 33948.5 samples/s
  step   350/1756 | loss 12.5551 | data 0.1 ms | step 15.1 ms | 33894.0 samples/s
  step   400/1756 | loss 13.4488 | data 0.1 ms | step 15.8 ms | 32395.5 samples/s
  step   450/1756 | loss 13.8469 | data 0.1 ms | step 15.1 ms | 33954.4 samples/s
  step   500/1756 | loss 13.4162 | data 0.1 ms | step 15.6 ms | 32751.3 samples/s
  step   550/1756 | loss 12.6070 | data 0.1 ms | step 15.5 ms | 33034.3 samples/s
  step   600/1756 | loss 12.1864 | data 0.1 ms | step 15.1 ms | 33970.9 samples/s
  step   650/1756 | loss 12.2685 | data 0.1 ms | step 15.7 ms | 32662.1 samples/s
  step   700/1756 | loss 11.8286 | data 0.1 ms | step 15.1 ms | 33833.4 samples/s
  step   750/1756 | loss 12.3403 | data 0.1 ms | step 15.1 ms | 33962.9 samples/s
  step   800/1756 | loss 12.1094 | data 0.1 ms | step 15.2 ms | 33707.7 samples/s
  step   850/1756 | loss 12.6188 | data 0.1 ms | step 15.1 ms | 33967.4 samples/s
  step   900/1756 | loss 12.3119 | data 0.1 ms | step 15.1 ms | 33973.1 samples/s
  step   950/1756 | loss 12.3764 | data 0.1 ms | step 15.1 ms | 33947.0 samples/s
  step  1000/1756 | loss 12.8417 | data 0.1 ms | step 15.1 ms | 33948.5 samples/s
  step  1050/1756 | loss 11.8450 | data 0.1 ms | step 15.1 ms | 33991.5 samples/s
  step  1100/1756 | loss 11.6139 | data 0.1 ms | step 15.1 ms | 33973.9 samples/s
  step  1150/1756 | loss 12.9995 | data 0.1 ms | step 15.1 ms | 33935.9 samples/s
  step  1200/1756 | loss 11.3227 | data 0.1 ms | step 15.1 ms | 33963.6 samples/s
  step  1250/1756 | loss 12.9310 | data 0.1 ms | step 15.1 ms | 33975.7 samples/s
  step  1300/1756 | loss 12.9435 | data 0.1 ms | step 15.1 ms | 33904.8 samples/s
  step  1350/1756 | loss 12.3764 | data 0.1 ms | step 15.1 ms | 33812.8 samples/s
  step  1400/1756 | loss 13.0498 | data 0.1 ms | step 15.1 ms | 33974.5 samples/s
  step  1450/1756 | loss 12.1416 | data 0.1 ms | step 15.1 ms | 33939.7 samples/s
  step  1500/1756 | loss 13.1580 | data 0.1 ms | step 15.1 ms | 33966.3 samples/s
  step  1550/1756 | loss 13.6711 | data 0.1 ms | step 15.1 ms | 33957.1 samples/s
  step  1600/1756 | loss 13.5191 | data 0.1 ms | step 15.1 ms | 33981.7 samples/s
  step  1650/1756 | loss 13.5668 | data 0.1 ms | step 15.1 ms | 33972.8 samples/s
  step  1700/1756 | loss 13.7720 | data 0.1 ms | step 15.1 ms | 33973.6 samples/s
  step  1750/1756 | loss 13.2546 | data 0.6 ms | step 15.1 ms | 33908.8 samples/s
Training Loss: 12.728877 | 33781.4 samples/s
Peak GPU memory: 1978.4 MB
Validation Loss: 12.831280 | 111128.5 samples/s

Epoch 51/100
----------------------------------------
Learning Rate: 0.000163
  step    50/1756 | loss 15.1674 | data 0.6 ms | step 15.1 ms | 33916.6 samples/s
  step   100/1756 | loss 15.8501 | data 0.1 ms | step 15.1 ms | 33940.6 samples/s
  step   150/1756 | loss 15.3123 | data 0.1 ms | step 15.1 ms | 33837.2 samples/s
  step   200/1756 | loss 13.8479 | data 0.1 ms | step 15.1 ms | 33910.1 samples/s
  step   250/1756 | loss 13.7020 | data 0.1 ms | step 15.1 ms | 33941.1 samples/s
  step   300/1756 | loss 14.5708 | data 0.1 ms | step 15.1 ms | 33889.0 samples/s
  step   350/1756 | loss 12.8424 | data 0.1 ms | step 15.1 ms | 33933.3 samples/s
  step   400/1756 | loss 13.8446 | data 0.1 ms | step 15.1 ms | 33941.1 samples/s
  step   450/1756 | loss 14.7611 | data 0.1 ms | step 15.1 ms | 33938.3 samples/s
  step   500/1756 | loss 13.3998 | data 0.1 ms | step 15.1 ms | 33972.6 samples/s
  step   550/1756 | loss 13.3173 | data 0.1 ms | step 15.1 ms | 33822.8 samples/s
  step   600/1756 | loss 13.6598 | data 0.1 ms | step 15.1 ms | 33944.3 samples/s
  step   650/1756 | loss 12.5476 | data 0.1 ms | step 15.1 ms | 33959.2 samples/s
  step   700/1756 | loss 13.2495 | data 0.1 ms | step 15.1 ms | 33908.6 samples/s
  step   750/1756 | loss 12.7883 | data 0.1 ms | step 15.1 ms | 33944.2 samples/s
  step   800/1756 | loss 13.4653 | data 0.1 ms | step 15.1 ms | 33957.5 samples/s
  step   850/1756 | loss 13.3166 | data 0.1 ms | step 15.1 ms | 33920.3 samples/s
  step   900/1756 | loss 12.4187 | data 0.1 ms | step 15.1 ms | 33945.3 samples/s
  step   950/1756 | loss 13.5134 | data 0.1 ms | step 15.1 ms | 33922.8 samples/s
  step  1000/1756 | loss 12.6262 | data 0.1 ms | step 15.1 ms | 33959.4 samples/s
  step  1050/1756 | loss 12.4609 | data 0.1 ms | step 15.1 ms | 33924.3 samples/s
  step  1100/1756 | loss 12.4642 | data 0.1 ms | step 15.1 ms | 33848.7 samples/s
  step  1150/1756 | loss 12.6881 | data 0.1 ms | step 15.1 ms | 33947.1 samples/s
  step  1200/1756 | loss 12.3921 | data 0.1 ms | step 15.1 ms | 33900.3 samples/s
  step  1250/1756 | loss 11.6909 | data 0.1 ms | step 15.1 ms | 33985.1 samples/s
  step  1300/1756 | loss 12.0849 | data 0.1 ms | step 15.1 ms | 33971.2 samples/s
  step  1350/1756 | loss 11.8299 | data 0.1 ms | step 15.1 ms | 33945.4 samples/s
  step  1400/1756 | loss 11.6129 | data 0.1 ms | step 15.1 ms | 33977.0 samples/s
  step  1450/1756 | loss 11.7344 | data 0.1 ms | step 15.1 ms | 33917.6 samples/s
  step  1500/1756 | loss 12.5163 | data 0.1 ms | step 15.1 ms | 33902.6 samples/s
  step  1550/1756 | loss 11.5260 | data 0.1 ms | step 15.1 ms | 33966.8 samples/s
  step  1600/1756 | loss 12.2596 | data 0.1 ms | step 15.1 ms | 33953.2 samples/s
  step  1650/1756 | loss 11.4536 | data 0.1 ms | step 15.1 ms | 33876.0 samples/s
  step  1700/1756 | loss 12.1042 | data 0.1 ms | step 15.1 ms | 33964.0 samples/s
  step  1750/1756 | loss 11.7062 | data 0.6 ms | step 15.1 ms | 33924.5 samples/s
Training Loss: 12.985247 | 33921.4 samples/s
Peak GPU memory: 1978.4 MB
Validation Loss: 11.768566 | 111195.5 samples/s

Epoch 52/100
----------------------------------------
Learning Rate: 0.000158
  step    50/1756 | loss 11.9513 | data 0.6 ms | step 15.2 ms | 33648.5 samples/s
  step   100/1756 | loss 12.2373 | data 0.1 ms | step 15.1 ms | 33898.5 samples/s
  step   150/1756 | loss 11.7025 | data 0.1 ms | step 15.1 ms | 33964.7 samples/s
  step   200/1756 | loss 11.8333 | data 0.1 ms | step 15.1 ms | 33944.1 samples/s
  step   250/1756 | loss 11.6828 | data 0.1 ms | step 15.1 ms | 33919.4 samples/s
  step   300/1756 | loss 11.6287 | data 0.1 ms | step 15.1 ms | 33849.0 samples/s
  step   350/1756 | loss 11.5370 | data 0.1 ms | step 15.1 ms | 33941.2 samples/s
  step   400/1756 | loss 11.3413 | data 0.1 ms | step 15.1 ms | 33941.6 samples/s
  step   450/1756 | loss 11.4923 | data 0.1 ms | step 15.1 ms | 33942.8 samples/s
  step   500/1756 | loss 12.1904 | data 0.1 ms | step 15.1 ms | 33945.8 samples/s
  step   550/1756 | loss 11.5805 | data 0.1 ms | step 15.1 ms | 33944.8 samples/s
  step   600/1756 | loss 11.0948 | data 0.1 ms | step 15.1 ms | 33965.9 samples/s
  step   650/1756 | loss 11.7338 | data 0.1 ms | step 15.1 ms | 33969.6 samples/s
  step   700/1756 | loss 11.8656 | data 0.1 ms | step 15.1 ms | 33946.9 samples/s
  step   750/1756 | loss 11.4318 | data 0.1 ms | step 15.1 ms | 33946.4 samples/s
  step   800/1756 | loss 11.2380 | data 0.1 ms | step 15.1 ms | 33957.3 samples/s
  step   850/1756 | loss 11.0389 | data 0.1 ms | step 15.1 ms | 33866.5 samples/s
  step   900/1756 | loss 11.4726 | data 0.1 ms | step 15.1 ms | 33904.1 samples/s
  step   950/1756 | loss 11.4000 | data 0.1 ms | step 15.1 ms | 33955.3 samples/s
  step  1000/1756 | loss 11.3577 | data 0.1 ms | step 15.1 ms | 33896.8 samples/s
  step  1050/1756 | loss 11.1120 | data 0.1 ms | step 15.1 ms | 33948.9 samples/s
  step  1100/1756 | loss 11.6454 | data 0.1 ms | step 15.3 ms | 33431.8 samples/s
  step  1150/1756 | loss 11.9687 | data 0.1 ms | step 15.8 ms | 32405.3 samples/s
  step  1200/1756 | loss 11.7067 | data 0.1 ms | step 15.1 ms | 33809.2 samples/s
  step  1250/1756 | loss 11.5645 | data 0.1 ms | step 15.7 ms | 32563.3 samples/s
  step  1300/1756 | loss 11.0394 | data 0.1 ms | step 15.1 ms | 33922.6 samples/s
  step  1350/1756 | loss 11.1679 | data 0.1 ms | step 15.1 ms | 33956.1 samples/s
  step  1400/1756 | loss 11.1272 | data 0.1 ms | step 15.1 ms | 33811.9 samples/s
  step  1450/1756 | loss 11.2193 | data 0.1 ms | step 15.1 ms | 33927.5 samples/s
  step  1500/1756 | loss 11.3609 | data 0.1 ms | step 15.1 ms | 33969.7 samples/s
  step  1550/1756 | loss 10.6023 | data 0.1 ms | step 15.1 ms | 33960.0 samples/s
  step  1600/1756 | loss 11.7071 | data 0.1 ms | step 15.1 ms | 33965.7 samples/s
  step  1650/1756 | loss 11.2148 | data 0.1 ms | step 15.1 ms | 33921.2 samples/s
  step  1700/1756 | loss 12.0702 | data 0.1 ms | step 15.1 ms | 33958.7 samples/s
  step  1750/1756 | loss 11.8409 | data 0.6 ms | step 15.1 ms | 33951.8 samples/s
Training Loss: 11.514607 | 33813.9 samples/s
Peak GPU memory: 1978.4 MB
Validation Loss: 11.493227 | 111254.8 samples/s

Epoch 53/100
----------------------------------------
Learning Rate: 0.000153
  step    50/1756 | loss 11.6083 | data 0.6 ms | step 15.1 ms | 33858.5 samples/s
  step   100/1756 | loss 11.9625 | data 0.1 ms | step 15.1 ms | 33831.7 samples/s
  step   150/1756 | loss 11.9231 | data 0.1 ms | step 15.1 ms | 33939.0 samples/s
  step   200/1756 | loss 10.9924 | data 0.1 ms | step 15.1 ms | 33939.0 samples/s
  step   250/1756 | loss 11.1059 | data 0.1 ms | step 15.1 ms | 33897.1 samples/s
  step   300/1756 | loss 11.0699 | data 0.1 ms | step 15.1 ms | 33963.5 samples/s
  step   350/1756 | loss 10.6837 | data 0.1 ms | step 15.1 ms | 33936.2 samples/s
  step   400/1756 | loss 10.9089 | data 0.1 ms | step 15.1 ms | 33945.0 samples/s
  step   450/1756 | loss 10.9499 | data 0.1 ms | step 15.1 ms | 33903.8 samples/s
  step   500/1756 | loss 10.9790 | data 0.1 ms | step 15.1 ms | 33962.2 samples/s
  step   550/1756 | loss 10.9367 | data 0.1 ms | step 15.1 ms | 33969.5 samples/s
  step   600/1756 | loss 11.2149 | data 0.1 ms | step 15.1 ms | 33914.0 samples/s
  step   650/1756 | loss 11.3411 | data 0.1 ms | step 15.1 ms | 33875.7 samples/s
  step   700/1756 | loss 11.3066 | data 0.1 ms | step 15.1 ms | 33949.4 samples/s
  step   750/1756 | loss 11.3575 | data 0.1 ms | step 15.1 ms | 33946.0 samples/s
  step   800/1756 | loss 11.0507 | data 0.1 ms | step 15.1 ms | 33950.9 samples/s
  step   850/1756 | loss 10.7434 | data 0.1 ms | step 15.1 ms | 33950.6 samples/s
  step   900/1756 | loss 11.2153 | data 0.1 ms | step 15.1 ms | 33961.1 samples/s
  step   950/1756 | loss 11.4303 | data 0.1 ms | step 15.1 ms | 33950.1 samples/s
  step  1000/1756 | loss 10.4372 | data 0.1 ms | step 15.1 ms | 33938.1 samples/s
  step  1050/1756 | loss 11.1533 | data 0.1 ms | step 15.1 ms | 33957.0 samples/s
  step  1100/1756 | loss 11.0016 | data 0.1 ms | step 15.1 ms | 33970.9 samples/s
  step  1150/1756 | loss 11.4744 | data 0.1 ms | step 15.1 ms | 33926.6 samples/s
  step  1200/1756 | loss 13.0102 | data 0.1 ms | step 15.1 ms | 33835.9 samples/s
  step  1250/1756 | loss 12.2022 | data 0.1 ms | step 15.1 ms | 33956.5 samples/s
  step  1300/1756 | loss 11.9918 | data 0.1 ms | step 15.1 ms | 33953.5 samples/s
  step  1350/1756 | loss 12.2498 | data 0.1 ms | step 15.1 ms | 33930.4 samples/s
  step  1400/1756 | loss 12.3766 | data 0.1 ms | step 15.1 ms | 33947.4 samples/s
  step  1450/1756 | loss 11.6970 | data 0.1 ms | step 15.1 ms | 33942.5 samples/s
  step  1500/1756 | loss 12.0329 | data 0.1 ms | step 15.1 ms | 33948.0 samples/s
  step  1550/1756 | loss 12.1919 | data 0.1 ms | step 15.1 ms | 33941.6 samples/s
  step  1600/1756 | loss 11.9409 | data 0.1 ms | step 15.1 ms | 33945.4 samples/s
  step  1650/1756 | loss 12.3131 | data 0.1 ms | step 15.1 ms | 33898.9 samples/s
  step  1700/1756 | loss 12.5219 | data 0.1 ms | step 15.1 ms | 33933.9 samples/s
  step  1750/1756 | loss 11.7935 | data 0.6 ms | step 15.1 ms | 33849.3 samples/s
Training Loss: 11.524118 | 33921.3 samples/s
Peak GPU memory: 1978.4 MB
Validation Loss: 11.760113 | 111222.4 samples/s

Epoch 54/100
----------------------------------------
Learning Rate: 0.000148
  step    50/1756 | loss 11.3077 | data 0.7 ms | step 15.1 ms | 33912.8 samples/s
  step   100/1756 | loss 11.4930 | data 0.1 ms | step 15.1 ms | 33966.4 samples/s
  step   150/1756 | loss 12.3816 | data 0.1 ms | step 15.9 ms | 32241.3 samples/s
  step   200/1756 | loss 11.3553 | data 0.1 ms | step 15.6 ms | 32920.9 samples/s
  step   250/1756 | loss 11.7483 | data 0.1 ms | step 15.3 ms | 33465.5 samples/s
  step   300/1756 | loss 10.6872 | data 0.1 ms | step 15.4 ms | 33181.8 samples/s
  step   350/1756 | loss 11.5181 | data 0.1 ms | step 15.1 ms | 33935.0 samples/s
  step   400/1756 | loss 11.7591 | data 0.1 ms | step 15.2 ms | 33761.4 samples/s
  step   450/1756 | loss 11.5783 | data 0.1 ms | step 15.1 ms | 33962.5 samples/s
  step   500/1756 | loss 12.2898 | data 0.1 ms | step 15.1 ms | 33940.9 samples/s
  step   550/1756 | loss 11.2756 | data 0.1 ms | step 15.1 ms | 33949.4 samples/s
  step   600/1756 | loss 11.3657 | data 0.1 ms | step 15.1 ms | 33962.9 samples/s
  step   650/1756 | loss 10.9097 | data 0.1 ms | step 15.1 ms | 33963.4 samples/s
  step   700/1756 | loss 11.5078 | data 0.1 ms | step 15.1 ms | 33956.2 samples/s
  step   750/1756 | loss 11.8974 | data 0.1 ms | step 15.1 ms | 33970.9 samples/s
  step   800/1756 | loss 11.4737 | data 0.1 ms | step 15.1 ms | 33983.2 samples/s
  step   850/1756 | loss 11.9577 | data 0.1 ms | step 15.1 ms | 33968.2 samples/s
  step   900/1756 | loss 11.1598 | data 0.1 ms | step 15.1 ms | 33962.2 samples/s
  step   950/1756 | loss 11.6296 | data 0.1 ms | step 15.1 ms | 33832.7 samples/s
  step  1000/1756 | loss 11.6917 | data 0.1 ms | step 15.1 ms | 33957.2 samples/s
  step  1050/1756 | loss 11.0696 | data 0.1 ms | step 15.1 ms | 33986.3 samples/s
  step  1100/1756 | loss 11.3215 | data 0.1 ms | step 15.1 ms | 33946.0 samples/s
  step  1150/1756 | loss 11.9127 | data 0.1 ms | step 15.1 ms | 33955.5 samples/s
  step  1200/1756 | loss 10.6905 | data 0.1 ms | step 15.1 ms | 33952.1 samples/s
  step  1250/1756 | loss 11.2297 | data 0.1 ms | step 15.1 ms | 33941.3 samples/s
  step  1300/1756 | loss 11.1851 | data 0.1 ms | step 15.1 ms | 33967.1 samples/s
  step  1350/1756 | loss 11.0196 | data 0.1 ms | step 15.1 ms | 33971.5 samples/s
  step  1400/1756 | loss 11.6417 | data 0.1 ms | step 15.1 ms | 33975.7 samples/s
  step  1450/1756 | loss 11.3576 | data 0.1 ms | step 15.1 ms | 33964.2 samples/s
  step  1500/1756 | loss 11.9219 | data 0.1 ms | step 15.1 ms | 33874.5 samples/s
  step  1550/1756 | loss 11.6610 | data 0.1 ms | step 15.1 ms | 33933.5 samples/s
  step  1600/1756 | loss 11.4491 | data 0.1 ms | step 15.1 ms | 33927.4 samples/s
  step  1650/1756 | loss 10.8315 | data 0.1 ms | step 15.1 ms | 33960.8 samples/s
  step  1700/1756 | loss 11.5393 | data 0.1 ms | step 15.1 ms | 33972.5 samples/s
  step  1750/1756 | loss 11.0972 | data 0.6 ms | step 15.1 ms | 33948.3 samples/s
Training Loss: 11.455709 | 33819.6 samples/s
Peak GPU memory: 1978.4 MB
Validation Loss: 11.429131 | 111102.3 samples/s

Epoch 55/100
----------------------------------------
Learning Rate: 0.000143
  step    50/1756 | loss 10.0967 | data 0.8 ms | step 15.1 ms | 33933.8 samples/s
  step   100/1756 | loss 11.9358 | data 0.1 ms | step 15.1 ms | 33948.4 samples/s
  step   150/1756 | loss 10.9551 | data 0.1 ms | step 15.1 ms | 33807.8 samples/s
  step   200/1756 | loss 10.8508 | data 0.1 ms | step 15.1 ms | 33938.0 samples/s
  step   250/1756 | loss 11.0679 | data 0.1 ms | step 15.1 ms | 33932.7 samples/s
  step   300/1756 | loss 11.4725 | data 0.1 ms | step 15.1 ms | 33965.8 samples/s
  step   350/1756 | loss 11.2793 | data 0.1 ms | step 15.1 ms | 33835.0 samples/s
  step   400/1756 | loss 10.5097 | data 0.1 ms | step 15.1 ms | 33956.9 samples/s
  step   450/1756 | loss 11.0611 | data 0.1 ms | step 15.1 ms | 33937.5 samples/s
  step   500/1756 | loss 11.0836 | data 0.1 ms | step 15.1 ms | 33899.3 samples/s
  step   550/1756 | loss 10.2880 | data 0.1 ms | step 15.1 ms | 33950.6 samples/s
  step   600/1756 | loss 11.2095 | data 0.1 ms | step 15.1 ms | 33950.0 samples/s
  step   650/1756 | loss 11.7570 | data 0.1 ms | step 15.1 ms | 33932.0 samples/s
  step   700/1756 | loss 10.8481 | data 0.1 ms | step 15.1 ms | 33813.7 samples/s
  step   750/1756 | loss 10.9230 | data 0.1 ms | step 15.1 ms | 33962.4 samples/s
  step   800/1756 | loss 10.5285 | data 0.1 ms | step 15.1 ms | 33937.8 samples/s
  step   850/1756 | loss 11.3006 | data 0.1 ms | step 15.1 ms | 33951.5 samples/s
  step   900/1756 | loss 11.1736 | data 0.1 ms | step 15.1 ms | 33952.1 samples/s
  step   950/1756 | loss 10.5305 | data 0.1 ms | step 15.1 ms | 33907.8 samples/s
  step  1000/1756 | loss 10.8044 | data 0.1 ms | step 15.1 ms | 33945.9 samples/s
  step  1050/1756 | loss 10.4620 | data 0.1 ms | step 15.1 ms | 33946.8 samples/s
  step  1100/1756 | loss 10.7887 | data 0.1 ms | step 15.1 ms | 33921.2 samples/s
  step  1150/1756 | loss 10.9979 | data 0.1 ms | step 15.1 ms | 33940.7 samples/s
  step  1200/1756 | loss 11.3253 | data 0.1 ms | step 15.1 ms | 33975.7 samples/s
  step  1250/1756 | loss 11.0384 | data 0.1 ms | step 15.1 ms | 33814.6 samples/s
  step  1300/1756 | loss 11.1338 | data 0.1 ms | step 15.1 ms | 33968.6 samples/s
  step  1350/1756 | loss 11.0920 | data 0.1 ms | step 15.1 ms | 33934.4 samples/s
  step  1400/1756 | loss 11.1117 | data 0.1 ms | step 15.1 ms | 33894.6 samples/s
  step  1450/1756 | loss 10.8572 | data 0.1 ms | step 15.1 ms | 33946.2 samples/s
  step  1500/1756 | loss 10.7506 | data 0.1 ms | step 15.1 ms | 33939.2 samples/s
  step  1550/1756 | loss 10.9573 | data 0.1 ms | step 15.1 ms | 33922.2 samples/s
  step  1600/1756 | loss 10.6908 | data 0.1 ms | step 15.1 ms | 33929.5 samples/s
  step  1650/1756 | loss 11.1482 | data 0.1 ms | step 15.1 ms | 33953.7 samples/s
  step  1700/1756 | loss 11.4400 | data 0.1 ms | step 15.1 ms | 33922.9 samples/s
  step  1750/1756 | loss 11.6620 | data 0.6 ms | step 15.1 ms | 33908.6 samples/s
Training Loss: 10.998524 | 33917.7 samples/s
Peak GPU memory: 1978.4 MB
Validation Loss: 11.294539 | 111180.1 samples/s

Epoch 56/100
----------------------------------------
Learning Rate: 0.000138
  step    50/1756 | loss 11.1411 | data 0.6 ms | step 15.1 ms | 33943.7 samples/s
  step   100/1756 | loss 10.3684 | data 0.1 ms | step 15.1 ms | 33921.3 samples/s
  step   150/1756 | loss 10.6714 | data 0.1 ms | step 15.1 ms | 33970.0 samples/s
  step   200/1756 | loss 10.4238 | data 0.1 ms | step 15.1 ms | 33944.0 samples/s
  step   250/1756 | loss 10.7746 | data 0.1 ms | step 15.1 ms | 33955.1 samples/s
  step   300/1756 | loss 10.5508 | data 0.1 ms | step 15.1 ms | 33973.7 samples/s
  step   350/1756 | loss 10.3204 | data 0.1 ms | step 15.1 ms | 33983.7 samples/s
  step   400/1756 | loss 10.4866 | data 0.1 ms | step 15.1 ms | 33921.2 samples/s
  step   450/1756 | loss 11.7356 | data 0.1 ms | step 15.1 ms | 33910.3 samples/s
  step   500/1756 | loss 10.8945 | data 0.1 ms | step 15.1 ms | 33906.6 samples/s
  step   550/1756 | loss 11.1863 | data 0.1 ms | step 15.1 ms | 33966.0 samples/s
  step   600/1756 | loss 10.6955 | data 0.1 ms | step 15.1 ms | 33997.6 samples/s
  step   650/1756 | loss 10.9979 | data 0.1 ms | step 15.1 ms | 33975.9 samples/s
  step   700/1756 | loss 11.0414 | data 0.1 ms | step 15.1 ms | 33859.7 samples/s
  step   750/1756 | loss 10.4016 | data 0.1 ms | step 15.1 ms | 34002.8 samples/s
  step   800/1756 | loss 11.4548 | data 0.1 ms | step 15.1 ms | 33994.4 samples/s
  step   850/1756 | loss 11.0897 | data 0.1 ms | step 15.1 ms | 33965.5 samples/s
  step   900/1756 | loss 11.0309 | data 0.1 ms | step 15.1 ms | 33958.4 samples/s
  step   950/1756 | loss 11.4653 | data 0.1 ms | step 15.1 ms | 33974.6 samples/s
  step  1000/1756 | loss 11.0988 | data 0.1 ms | step 15.1 ms | 33955.0 samples/s
  step  1050/1756 | loss 10.7364 | data 0.1 ms | step 15.1 ms | 33843.6 samples/s
  step  1100/1756 | loss 10.4542 | data 0.1 ms | step 15.1 ms | 33938.6 samples/s
  step  1150/1756 | loss 11.3801 | data 0.1 ms | step 15.1 ms | 33941.4 samples/s
  step  1200/1756 | loss 11.0466 | data 0.1 ms | step 15.1 ms | 33929.7 samples/s
  step  1250/1756 | loss 11.4750 | data 0.1 ms | step 15.1 ms | 33947.9 samples/s
  step  1300/1756 | loss 11.6174 | data 0.1 ms | step 15.1 ms | 33968.7 samples/s
  step  1350/1756 | loss 11.3414 | data 0.1 ms | step 15.1 ms | 33903.9 samples/s
  step  1400/1756 | loss 10.9439 | data 0.1 ms | step 15.1 ms | 33976.1 samples/s
  step  1450/1756 | loss 11.0011 | data 0.1 ms | step 15.1 ms | 33985.0 samples/s
  step  1500/1756 | loss 11.2720 | data 0.1 ms | step 15.1 ms | 33937.1 samples/s
  step  1550/1756 | loss 10.9453 | data 0.1 ms | step 15.1 ms | 33961.8 samples/s
  step  1600/1756 | loss 11.1360 | data 0.1 ms | step 15.1 ms | 33856.8 samples/s
  step  1650/1756 | loss 11.1995 | data 0.1 ms | step 15.1 ms | 33945.8 samples/s
  step  1700/1756 | loss 10.9554 | data 0.1 ms | step 15.1 ms | 33931.9 samples/s
  step  1750/1756 | loss 11.4378 | data 0.7 ms | step 15.1 ms | 33947.0 samples/s
Training Loss: 10.988975 | 33938.0 samples/s
Peak GPU memory: 1978.4 MB
Validation Loss: 11.131447 | 111313.3 samples/s

Epoch 57/100
----------------------------------------
Learning Rate: 0.000133
  step    50/1756 | loss 11.0838 | data 0.7 ms | step 15.1 ms | 33931.1 samples/s
  step   100/1756 | loss 11.3042 | data 0.1 ms | step 15.1 ms | 33952.2 samples/s
  step   150/1756 | loss 11.0127 | data 0.1 ms | step 15.1 ms | 33973.8 samples/s
  step   200/1756 | loss 10.7437 | data 0.1 ms | step 15.1 ms | 33943.2 samples/s
  step   250/1756 | loss 10.8975 | data 0.1 ms | step 15.1 ms | 33890.1 samples/s
  step   300/1756 | loss 11.4193 | data 0.1 ms | step 15.1 ms | 33975.2 samples/s
  step   350/1756 | loss 10.8453 | data 0.1 ms | step 15.1 ms | 33906.0 samples/s
  step   400/1756 | loss 11.0971 | data 0.1 ms | step 15.1 ms | 34002.3 samples/s
  step   450/1756 | loss 11.2324 | data 0.1 ms | step 15.1 ms | 33889.7 samples/s
  step   500/1756 | loss 10.7450 | data 0.1 ms | step 15.1 ms | 33939.6 samples/s
  step   550/1756 | loss 10.7253 | data 0.1 ms | step 15.1 ms | 33980.3 samples/s
  step   600/1756 | loss 10.6781 | data 0.1 ms | step 15.1 ms | 33983.4 samples/s
  step   650/1756 | loss 10.8316 | data 0.1 ms | step 15.1 ms | 33944.6 samples/s
  step   700/1756 | loss 10.9789 | data 0.1 ms | step 15.1 ms | 33943.3 samples/s
  step   750/1756 | loss 10.6918 | data 0.1 ms | step 15.1 ms | 33970.4 samples/s
  step   800/1756 | loss 10.3801 | data 0.1 ms | step 15.1 ms | 33840.5 samples/s
  step   850/1756 | loss 11.4052 | data 0.1 ms | step 15.1 ms | 33988.5 samples/s
  step   900/1756 | loss 10.6505 | data 0.1 ms | step 15.1 ms | 33994.5 samples/s
  step   950/1756 | loss 11.1836 | data 0.1 ms | step 15.1 ms | 33953.9 samples/s
  step  1000/1756 | loss 10.3855 | data 0.1 ms | step 15.1 ms | 33953.9 samples/s
  step  1050/1756 | loss 10.2994 | data 0.1 ms | step 15.1 ms | 33978.9 samples/s
  step  1100/1756 | loss 11.1066 | data 0.1 ms | step 15.1 ms | 33948.4 samples/s
  step  1150/1756 | loss 10.7151 | data 0.1 ms | step 15.1 ms | 33975.7 samples/s
  step  1200/1756 | loss 11.0385 | data 0.1 ms | step 15.1 ms | 33968.6 samples/s
  step  1250/1756 | loss 10.9644 | data 0.1 ms | step 15.1 ms | 33898.2 samples/s
  step  1300/1756 | loss 11.5904 | data 0.1 ms | step 15.1 ms | 33975.6 samples/s
  step  1350/1756 | loss 11.8673 | data 0.1 ms | step 15.1 ms | 33953.2 samples/s
  step  1400/1756 | loss 11.0730 | data 0.1 ms | step 15.1 ms | 33813.7 samples/s
  step  1450/1756 | loss 10.7930 | data 0.1 ms | step 15.1 ms | 33924.5 samples/s
  step  1500/1756 | loss 10.9873 | data 0.1 ms | step 15.1 ms | 33951.5 samples/s
  step  1550/1756 | loss 11.1408 | data 0.1 ms | step 15.1 ms | 33937.0 samples/s
  step  1600/1756 | loss 10.8668 | data 0.1 ms | step 15.1 ms | 33949.6 samples/s
  step  1650/1756 | loss 11.1580 | data 0.1 ms | step 15.1 ms | 33962.8 samples/s
  step  1700/1756 | loss 12.0388 | data 0.1 ms | step 15.1 ms | 33937.2 samples/s
  step  1750/1756 | loss 10.8916 | data 0.6 ms | step 15.1 ms | 33946.8 samples/s
Training Loss: 11.005996 | 33937.8 samples/s
Peak GPU memory: 1978.4 MB
Validation Loss: 11.535798 | 111195.4 samples/s

Epoch 58/100
----------------------------------------
Learning Rate: 0.000128
  step    50/1756 | loss 11.3853 | data 0.8 ms | step 15.1 ms | 33821.2 samples/s
  step   100/1756 | loss 11.6105 | data 0.1 ms | step 15.1 ms | 33949.3 samples/s
  step   150/1756 | loss 10.8080 | data 0.1 ms | step 15.1 ms | 33963.6 samples/s
  step   200/1756 | loss 11.7734 | data 0.1 ms | step 15.1 ms | 33967.2 samples/s
  step   250/1756 | loss 12.1242 | data 0.1 ms | step 15.1 ms | 33932.3 samples/s
  step   300/1756 | loss 12.1450 | data 0.1 ms | step 15.1 ms | 33912.2 samples/s
  step   350/1756 | loss 13.1163 | data 0.1 ms | step 15.1 ms | 33923.8 samples/s
  step   400/1756 | loss 12.5324 | data 0.1 ms | step 15.1 ms | 33939.8 samples/s
  step   450/1756 | loss 12.3490 | data 0.1 ms | step 15.1 ms | 33937.9 samples/s
  step   500/1756 | loss 12.0019 | data 0.1 ms | step 15.1 ms | 33957.0 samples/s
  step   550/1756 | loss 12.1369 | data 0.1 ms | step 15.1 ms | 33970.9 samples/s
  step   600/1756 | loss 12.7278 | data 0.1 ms | step 15.2 ms | 33779.1 samples/s
  step   650/1756 | loss 12.1739 | data 0.1 ms | step 15.1 ms | 33964.0 samples/s
  step   700/1756 | loss 12.2119 | data 0.1 ms | step 15.1 ms | 33956.8 samples/s
  step   750/1756 | loss 11.7394 | data 0.1 ms | step 15.1 ms | 33935.0 samples/s
  step   800/1756 | loss 11.4717 | data 0.1 ms | step 15.1 ms | 33931.4 samples/s
  step   850/1756 | loss 11.1196 | data 0.1 ms | step 15.1 ms | 33953.3 samples/s
  step   900/1756 | loss 11.8050 | data 0.1 ms | step 15.1 ms | 33942.3 samples/s
  step   950/1756 | loss 14.5448 | data 0.1 ms | step 15.1 ms | 33864.9 samples/s
  step  1000/1756 | loss 12.7309 | data 0.1 ms | step 15.1 ms | 33964.9 samples/s
  step  1050/1756 | loss 12.5598 | data 0.1 ms | step 15.1 ms | 33931.9 samples/s
  step  1100/1756 | loss 11.7047 | data 0.1 ms | step 15.1 ms | 33937.6 samples/s
  step  1150/1756 | loss 12.5658 | data 0.1 ms | step 15.1 ms | 33853.1 samples/s
  step  1200/1756 | loss 12.0265 | data 0.1 ms | step 15.1 ms | 33878.3 samples/s
  step  1250/1756 | loss 11.8454 | data 0.1 ms | step 15.1 ms | 33942.4 samples/s
  step  1300/1756 | loss 11.7781 | data 0.1 ms | step 15.1 ms | 33958.4 samples/s
  step  1350/1756 | loss 12.2580 | data 0.1 ms | step 15.1 ms | 33906.7 samples/s
  step  1400/1756 | loss 12.3431 | data 0.1 ms | step 15.1 ms | 33967.2 samples/s
  step  1450/1756 | loss 12.4816 | data 0.1 ms | step 15.1 ms | 33947.5 samples/s
  step  1500/1756 | loss 12.6059 | data 0.1 ms | step 15.1 ms | 33949.1 samples/s
  step  1550/1756 | loss 13.7011 | data 0.1 ms | step 15.1 ms | 33971.2 samples/s
  step  1600/1756 | loss 13.1215 | data 0.1 ms | step 15.1 ms | 33956.8 samples/s
  step  1650/1756 | loss 14.8951 | data 0.1 ms | step 15.1 ms | 33928.8 samples/s
  step  1700/1756 | loss 15.2660 | data 0.1 ms | step 15.1 ms | 33849.9 samples/s
  step  1750/1756 | loss 14.1646 | data 0.6 ms | step 15.1 ms | 33913.7 samples/s
Training Loss: 12.460143 | 33919.9 samples/s
Peak GPU memory: 1978.4 MB
Validation Loss: 14.513494 | 111200.8 samples/s

Epoch 59/100
----------------------------------------
Learning Rate: 0.000123
  step    50/1756 | loss 13.7642 | data 0.6 ms | step 15.1 ms | 33890.9 samples/s
  step   100/1756 | loss 13.5616 | data 0.1 ms | step 15.1 ms | 33944.9 samples/s
  step   150/1756 | loss 13.9412 | data 0.1 ms | step 15.1 ms | 33967.7 samples/s
  step   200/1756 | loss 14.3224 | data 0.1 ms | step 15.1 ms | 33903.9 samples/s
  step   250/1756 | loss 14.6938 | data 0.1 ms | step 15.1 ms | 33977.7 samples/s
  step   300/1756 | loss 12.6696 | data 0.1 ms | step 15.1 ms | 33949.5 samples/s
  step   350/1756 | loss 13.4363 | data 0.1 ms | step 15.1 ms | 33810.9 samples/s
  step   400/1756 | loss 12.5210 | data 0.1 ms | step 15.1 ms | 33923.8 samples/s
  step   450/1756 | loss 13.0827 | data 0.1 ms | step 15.1 ms | 33962.3 samples/s
  step   500/1756 | loss 12.8339 | data 0.1 ms | step 15.1 ms | 33929.5 samples/s
  step   550/1756 | loss 13.1624 | data 0.1 ms | step 15.1 ms | 33843.7 samples/s
  step   600/1756 | loss 13.1881 | data 0.1 ms | step 15.1 ms | 33944.7 samples/s
  step   650/1756 | loss 12.2156 | data 0.1 ms | step 15.1 ms | 33918.3 samples/s
  step   700/1756 | loss 12.5489 | data 0.1 ms | step 15.1 ms | 33968.3 samples/s
  step   750/1756 | loss 11.7234 | data 0.1 ms | step 15.1 ms | 33952.8 samples/s
  step   800/1756 | loss 12.6955 | data 0.1 ms | step 15.1 ms | 33946.2 samples/s
  step   850/1756 | loss 12.0559 | data 0.1 ms | step 15.1 ms | 33958.1 samples/s
  step   900/1756 | loss 12.9503 | data 0.1 ms | step 15.1 ms | 33884.2 samples/s
  step   950/1756 | loss 12.9576 | data 0.1 ms | step 15.1 ms | 33965.6 samples/s
  step  1000/1756 | loss 13.2449 | data 0.1 ms | step 15.1 ms | 33954.3 samples/s
  step  1050/1756 | loss 12.8041 | data 0.1 ms | step 15.1 ms | 33956.3 samples/s
  step  1100/1756 | loss 13.2512 | data 0.1 ms | step 15.1 ms | 33946.6 samples/s
  step  1150/1756 | loss 12.0082 | data 0.1 ms | step 15.1 ms | 33913.7 samples/s
  step  1200/1756 | loss 12.0220 | data 0.1 ms | step 15.1 ms | 33964.9 samples/s
  step  1250/1756 | loss 12.2425 | data 0.1 ms | step 15.1 ms | 33965.4 samples/s
  step  1300/1756 | loss 11.8692 | data 0.1 ms | step 15.1 ms | 33912.2 samples/s
  step  1350/1756 | loss 12.1575 | data 0.1 ms | step 15.1 ms | 33976.5 samples/s
  step  1400/1756 | loss 12.4581 | data 0.1 ms | step 15.1 ms | 33975.1 samples/s
  step  1450/1756 | loss 12.7824 | data 0.1 ms | step 15.1 ms | 33847.9 samples/s
  step  1500/1756 | loss 11.5898 | data 0.1 ms | step 15.1 ms | 33954.8 samples/s
  step  1550/1756 | loss 11.8479 | data 0.1 ms | step 15.1 ms | 33976.2 samples/s
  step  1600/1756 | loss 11.7898 | data 0.1 ms | step 15.1 ms | 33927.2 samples/s
  step  1650/1756 | loss 11.7548 | data 0.1 ms | step 15.1 ms | 33897.6 samples/s
  step  1700/1756 | loss 11.6270 | data 0.1 ms | step 15.1 ms | 33961.5 samples/s
  step  1750/1756 | loss 11.3814 | data 0.6 ms | step 15.1 ms | 33888.7 samples/s
Training Loss: 12.654661 | 33925.6 samples/s
Peak GPU memory: 1978.4 MB
Validation Loss: 11.491186 | 111286.6 samples/s

Epoch 60/100
----------------------------------------
Learning Rate: 0.000119
  step    50/1756 | loss 12.1001 | data 0.7 ms | step 15.1 ms | 33938.8 samples/s
  step   100/1756 | loss 11.4345 | data 0.1 ms | step 15.1 ms | 33946.6 samples/s
  step   150/1756 | loss 11.6106 | data 0.1 ms | step 15.1 ms | 33912.5 samples/s
  step   200/1756 | loss 12.2096 | data 0.1 ms | step 15.1 ms | 33973.5 samples/s
  step   250/1756 | loss 11.3586 | data 0.1 ms | step 15.1 ms | 33975.7 samples/s
  step   300/1756 | loss 11.1289 | data 0.1 ms | step 15.1 ms | 33960.2 samples/s
  step   350/1756 | loss 10.7413 | data 0.1 ms | step 15.1 ms | 33961.1 samples/s
  step   400/1756 | loss 11.6702 | data 0.1 ms | step 15.1 ms | 33964.4 samples/s
  step   450/1756 | loss 10.8695 | data 0.1 ms | step 15.1 ms | 33939.8 samples/s
  step   500/1756 | loss 11.1624 | data 0.1 ms | step 15.1 ms | 33933.5 samples/s
  step   550/1756 | loss 12.2500 | data 0.1 ms | step 15.1 ms | 33936.1 samples/s
  step   600/1756 | loss 11.9650 | data 0.1 ms | step 15.1 ms | 33933.0 samples/s
  step   650/1756 | loss 11.4194 | data 0.1 ms | step 15.1 ms | 33947.9 samples/s
  step   700/1756 | loss 11.1536 | data 0.1 ms | step 15.1 ms | 33940.5 samples/s
  step   750/1756 | loss 11.0734 | data 0.1 ms | step 15.1 ms | 33920.5 samples/s
  step   800/1756 | loss 11.2982 | data 0.1 ms | step 15.1 ms | 33966.5 samples/s
  step   850/1756 | loss 11.1735 | data 0.1 ms | step 15.1 ms | 33957.7 samples/s
  step   900/1756 | loss 11.7362 | data 0.1 ms | step 15.1 ms | 33936.9 samples/s
  step   950/1756 | loss 11.8193 | data 0.1 ms | step 15.1 ms | 33966.5 samples/s
  step  1000/1756 | loss 11.0590 | data 0.1 ms | step 15.1 ms | 33942.6 samples/s
  step  1050/1756 | loss 10.9391 | data 0.1 ms | step 15.1 ms | 33912.6 samples/s
  step  1100/1756 | loss 11.1037 | data 0.1 ms | step 15.1 ms | 33965.5 samples/s
  step  1150/1756 | loss 10.7594 | data 0.1 ms | step 15.1 ms | 33954.2 samples/s
  step  1200/1756 | loss 11.0805 | data 0.1 ms | step 15.1 ms | 33952.3 samples/s
  step  1250/1756 | loss 10.8768 | data 0.1 ms | step 15.1 ms | 33984.8 samples/s
  step  1300/1756 | loss 10.6418 | data 0.1 ms | step 15.1 ms | 33963.5 samples/s
  step  1350/1756 | loss 10.9648 | data 0.1 ms | step 15.1 ms | 33943.0 samples/s
  step  1400/1756 | loss 10.6966 | data 0.1 ms | step 15.1 ms | 33968.1 samples/s
  step  1450/1756 | loss 11.2247 | data 0.1 ms | step 15.1 ms | 33969.7 samples/s
  step  1500/1756 | loss 10.9878 | data 0.1 ms | step 15.1 ms | 33959.6 samples/s
  step  1550/1756 | loss 11.3854 | data 0.1 ms | step 15.1 ms | 33969.4 samples/s
  step  1600/1756 | loss 11.1885 | data 0.1 ms | step 15.1 ms | 33971.4 samples/s
  step  1650/1756 | loss 10.8929 | data 0.1 ms | step 15.1 ms | 33928.2 samples/s
  step  1700/1756 | loss 10.9699 | data 0.1 ms | step 15.1 ms | 33945.3 samples/s
  step  1750/1756 | loss 10.8647 | data 0.6 ms | step 15.1 ms | 33942.1 samples/s
Training Loss: 11.258574 | 33943.5 samples/s
Peak GPU memory: 1978.4 MB
Validation Loss: 11.122661 | 111238.3 samples/s

Epoch 61/100
----------------------------------------
Learning Rate: 0.000114
  step    50/1756 | loss 11.5462 | data 0.8 ms | step 15.1 ms | 33910.1 samples/s
  step   100/1756 | loss 11.5950 | data 0.1 ms | step 15.1 ms | 33875.9 samples/s
  step   150/1756 | loss 11.0870 | data 0.1 ms | step 15.1 ms | 33975.4 samples/s
  step   200/1756 | loss 10.6593 | data 0.1 ms | step 15.1 ms | 33976.3 samples/s
  step   250/1756 | loss 10.6536 | data 0.1 ms | step 15.1 ms | 33938.9 samples/s
  step   300/1756 | loss 10.7445 | data 0.1 ms | step 15.1 ms | 33991.7 samples/s
  step   350/1756 | loss 11.5902 | data 0.1 ms | step 15.1 ms | 33980.1 samples/s
  step   400/1756 | loss 12.1433 | data 0.1 ms | step 15.1 ms | 33964.7 samples/s
  step   450/1756 | loss 11.2894 | data 0.1 ms | step 15.1 ms | 33986.1 samples/s
  step   500/1756 | loss 11.3441 | data 0.1 ms | step 15.1 ms | 33962.7 samples/s
  step   550/1756 | loss 12.2082 | data 0.1 ms | step 15.1 ms | 33908.9 samples/s
  step   600/1756 | loss 11.2438 | data 0.1 ms | step 15.1 ms | 33954.5 samples/s
  step   650/1756 | loss 10.7056 | data 0.1 ms | step 15.1 ms | 33861.6 samples/s
  step   700/1756 | loss 11.0025 | data 0.1 ms | step 15.1 ms | 33939.0 samples/s
  step   750/1756 | loss 10.9938 | data 0.1 ms | step 15.1 ms | 33954.2 samples/s
  step   800/1756 | loss 11.9540 | data 0.1 ms | step 15.1 ms | 33961.9 samples/s
  step   850/1756 | loss 11.7971 | data 0.1 ms | step 15.1 ms | 33907.8 samples/s
  step   900/1756 | loss 11.0677 | data 0.1 ms | step 15.1 ms | 33893.6 samples/s
  step   950/1756 | loss 11.8944 | data 0.1 ms | step 15.1 ms | 33966.6 samples/s
  step  1000/1756 | loss 11.0983 | data 0.1 ms | step 15.1 ms | 33954.8 samples/s
  step  1050/1756 | loss 11.7225 | data 0.1 ms | step 15.1 ms | 33970.1 samples/s
  step  1100/1756 | loss 11.2773 | data 0.1 ms | step 15.1 ms | 33945.0 samples/s
  step  1150/1756 | loss 10.8711 | data 0.1 ms | step 15.1 ms | 33960.2 samples/s
  step  1200/1756 | loss 11.3276 | data 0.1 ms | step 15.1 ms | 33959.6 samples/s
  step  1250/1756 | loss 11.6804 | data 0.1 ms | step 15.1 ms | 33989.4 samples/s
  step  1300/1756 | loss 11.1487 | data 0.1 ms | step 15.1 ms | 33953.7 samples/s
  step  1350/1756 | loss 11.9112 | data 0.1 ms | step 15.1 ms | 33954.3 samples/s
  step  1400/1756 | loss 11.3945 | data 0.1 ms | step 15.1 ms | 33959.7 samples/s
  step  1450/1756 | loss 11.2052 | data 0.1 ms | step 15.1 ms | 33941.8 samples/s
  step  1500/1756 | loss 11.1822 | data 0.1 ms | step 15.1 ms | 33970.4 samples/s
  step  1550/1756 | loss 10.7588 | data 0.1 ms | step 15.1 ms | 33961.6 samples/s
  step  1600/1756 | loss 11.8596 | data 0.1 ms | step 15.1 ms | 33940.2 samples/s
  step  1650/1756 | loss 11.4814 | data 0.1 ms | step 15.1 ms | 33947.5 samples/s
  step  1700/1756 | loss 11.8926 | data 0.1 ms | step 15.1 ms | 33980.6 samples/s
  step  1750/1756 | loss 10.7826 | data 0.6 ms | step 15.1 ms | 33907.0 samples/s
Training Loss: 11.348260 | 33941.3 samples/s
Peak GPU memory: 1978.4 MB
Validation Loss: 11.078803 | 111192.3 samples/s

Epoch 62/100
----------------------------------------
Learning Rate: 0.000109
  step    50/1756 | loss 10.7900 | data 0.8 ms | step 15.1 ms | 33937.8 samples/s
  step   100/1756 | loss 10.8115 | data 0.1 ms | step 15.1 ms | 33940.9 samples/s
  step   150/1756 | loss 11.5797 | data 0.1 ms | step 15.1 ms | 33876.8 samples/s
  step   200/1756 | loss 11.3590 | data 0.1 ms | step 15.1 ms | 33942.3 samples/s
  step   250/1756 | loss 11.1478 | data 0.1 ms | step 15.1 ms | 33965.6 samples/s
  step   300/1756 | loss 11.5014 | data 0.1 ms | step 15.1 ms | 33944.1 samples/s
  step   350/1756 | loss 11.9706 | data 0.1 ms | step 15.1 ms | 33962.7 samples/s
  step   400/1756 | loss 11.4703 | data 0.1 ms | step 15.1 ms | 33974.4 samples/s
  step   450/1756 | loss 11.3525 | data 0.1 ms | step 15.1 ms | 33944.5 samples/s
  step   500/1756 | loss 11.7000 | data 0.1 ms | step 15.1 ms | 33945.9 samples/s
  step   550/1756 | loss 11.8959 | data 0.1 ms | step 15.2 ms | 33794.7 samples/s
  step   600/1756 | loss 11.3360 | data 0.1 ms | step 15.1 ms | 33947.8 samples/s
  step   650/1756 | loss 12.3146 | data 0.1 ms | step 15.1 ms | 33959.2 samples/s
  step   700/1756 | loss 13.2728 | data 0.1 ms | step 15.1 ms | 33945.4 samples/s
  step   750/1756 | loss 12.4945 | data 0.1 ms | step 15.1 ms | 33902.7 samples/s
  step   800/1756 | loss 12.6577 | data 0.1 ms | step 15.1 ms | 33925.9 samples/s
  step   850/1756 | loss 11.7672 | data 0.1 ms | step 15.1 ms | 33956.6 samples/s
  step   900/1756 | loss 11.8831 | data 0.1 ms | step 15.1 ms | 33929.8 samples/s
  step   950/1756 | loss 13.0222 | data 0.1 ms | step 15.1 ms | 33940.7 samples/s
  step  1000/1756 | loss 12.2918 | data 0.1 ms | step 15.1 ms | 33949.5 samples/s
  step  1050/1756 | loss 11.7900 | data 0.1 ms | step 15.1 ms | 33966.5 samples/s
  step  1100/1756 | loss 11.1322 | data 0.1 ms | step 15.1 ms | 33947.5 samples/s
  step  1150/1756 | loss 11.4825 | data 0.1 ms | step 15.1 ms | 33925.5 samples/s
  step  1200/1756 | loss 11.8802 | data 0.1 ms | step 15.1 ms | 33966.2 samples/s
  step  1250/1756 | loss 12.4673 | data 0.1 ms | step 15.1 ms | 33909.4 samples/s
  step  1300/1756 | loss 11.9764 | data 0.1 ms | step 15.1 ms | 33977.3 samples/s
  step  1350/1756 | loss 11.4626 | data 0.1 ms | step 15.1 ms | 33921.8 samples/s
  step  1400/1756 | loss 11.5678 | data 0.1 ms | step 15.1 ms | 33933.8 samples/s
  step  1450/1756 | loss 10.9815 | data 0.1 ms | step 15.1 ms | 33932.3 samples/s
  step  1500/1756 | loss 11.3542 | data 0.1 ms | step 15.1 ms | 33967.4 samples/s
  step  1550/1756 | loss 11.4688 | data 0.1 ms | step 15.1 ms | 33934.6 samples/s
  step  1600/1756 | loss 11.1582 | data 0.1 ms | step 15.1 ms | 33957.8 samples/s
  step  1650/1756 | loss 11.0907 | data 0.1 ms | step 15.1 ms | 33940.4 samples/s
  step  1700/1756 | loss 11.4541 | data 0.1 ms | step 15.1 ms | 33911.6 samples/s
  step  1750/1756 | loss 11.5532 | data 0.7 ms | step 15.1 ms | 33952.7 samples/s
Training Loss: 11.692385 | 33930.6 samples/s
Peak GPU memory: 1978.4 MB
Validation Loss: 11.231799 | 111147.9 samples/s

Epoch 63/100
----------------------------------------
Learning Rate: 0.000104
  step    50/1756 | loss 11.2155 | data 0.6 ms | step 15.1 ms | 33916.4 samples/s
  step   100/1756 | loss 10.7297 | data 0.1 ms | step 15.1 ms | 33929.8 samples/s
  step   150/1756 | loss 11.2052 | data 0.1 ms | step 15.1 ms | 33854.2 samples/s
  step   200/1756 | loss 11.0262 | data 0.1 ms | step 15.1 ms | 33970.2 samples/s
  step   250/1756 | loss 10.7130 | data 0.1 ms | step 15.1 ms | 33938.0 samples/s
  step   300/1756 | loss 10.8196 | data 0.1 ms | step 15.1 ms | 33960.4 samples/s
  step   350/1756 | loss 10.8951 | data 0.1 ms | step 15.1 ms | 33963.4 samples/s
  step   400/1756 | loss 12.2083 | data 0.1 ms | step 15.1 ms | 33950.0 samples/s
  step   450/1756 | loss 12.6303 | data 0.1 ms | step 15.1 ms | 33977.2 samples/s
  step   500/1756 | loss 11.6723 | data 0.1 ms | step 15.1 ms | 33971.7 samples/s
  step   550/1756 | loss 10.8198 | data 0.1 ms | step 15.1 ms | 33913.5 samples/s
  step   600/1756 | loss 11.1191 | data 0.1 ms | step 15.1 ms | 33953.4 samples/s
  step   650/1756 | loss 10.6937 | data 0.1 ms | step 15.1 ms | 33968.2 samples/s
  step   700/1756 | loss 10.9691 | data 0.1 ms | step 15.1 ms | 33891.8 samples/s
  step   750/1756 | loss 11.0140 | data 0.1 ms | step 15.1 ms | 33894.4 samples/s
  step   800/1756 | loss 11.8733 | data 0.1 ms | step 15.1 ms | 33952.4 samples/s
  step   850/1756 | loss 11.7963 | data 0.1 ms | step 15.1 ms | 33939.4 samples/s
  step   900/1756 | loss 11.5526 | data 0.1 ms | step 15.1 ms | 33956.0 samples/s
  step   950/1756 | loss 11.0126 | data 0.1 ms | step 15.1 ms | 33931.0 samples/s
  step  1000/1756 | loss 10.8450 | data 0.1 ms | step 15.1 ms | 33879.6 samples/s
  step  1050/1756 | loss 11.3054 | data 0.1 ms | step 15.1 ms | 33958.2 samples/s
  step  1100/1756 | loss 11.2914 | data 0.1 ms | step 15.1 ms | 33971.1 samples/s
  step  1150/1756 | loss 11.2619 | data 0.1 ms | step 15.1 ms | 33951.1 samples/s
  step  1200/1756 | loss 10.8041 | data 0.1 ms | step 15.1 ms | 33953.9 samples/s
  step  1250/1756 | loss 10.7415 | data 0.1 ms | step 15.1 ms | 33967.1 samples/s
  step  1300/1756 | loss 11.1909 | data 0.1 ms | step 15.1 ms | 33964.0 samples/s
  step  1350/1756 | loss 10.7824 | data 0.1 ms | step 15.1 ms | 33983.2 samples/s
  step  1400/1756 | loss 10.8064 | data 0.1 ms | step 15.1 ms | 33966.0 samples/s
  step  1450/1756 | loss 11.0700 | data 0.1 ms | step 15.1 ms | 33957.6 samples/s
  step  1500/1756 | loss 10.7460 | data 0.1 ms | step 15.1 ms | 33970.9 samples/s
  step  1550/1756 | loss 11.4564 | data 0.1 ms | step 15.1 ms | 33968.7 samples/s
  step  1600/1756 | loss 10.8030 | data 0.1 ms | step 15.1 ms | 33915.2 samples/s
  step  1650/1756 | loss 11.0314 | data 0.1 ms | step 15.1 ms | 33977.8 samples/s
  step  1700/1756 | loss 10.7171 | data 0.1 ms | step 15.1 ms | 33967.1 samples/s
  step  1750/1756 | loss 10.2967 | data 0.6 ms | step 15.1 ms | 33924.1 samples/s
Training Loss: 11.123763 | 33937.8 samples/s
Peak GPU memory: 1978.4 MB
Validation Loss: 11.196388 | 111220.7 samples/s

Epoch 64/100
----------------------------------------
Learning Rate: 0.000100
  step    50/1756 | loss 10.9892 | data 0.7 ms | step 15.1 ms | 33909.2 samples/s
  step   100/1756 | loss 11.2484 | data 0.1 ms | step 15.1 ms | 33948.2 samples/s
  step   150/1756 | loss 11.0661 | data 0.1 ms | step 15.1 ms | 33959.7 samples/s
  step   200/1756 | loss 11.5392 | data 0.1 ms | step 15.1 ms | 33926.0 samples/s
  step   250/1756 | loss 10.8155 | data 0.1 ms | step 15.1 ms | 33964.5 samples/s
  step   300/1756 | loss 12.3091 | data 0.1 ms | step 15.1 ms | 33972.9 samples/s
  step   350/1756 | loss 12.2884 | data 0.1 ms | step 15.1 ms | 33929.3 samples/s
  step   400/1756 | loss 11.7436 | data 0.1 ms | step 15.1 ms | 33954.7 samples/s
  step   450/1756 | loss 10.6602 | data 0.1 ms | step 15.1 ms | 33962.1 samples/s
  step   500/1756 | loss 10.8077 | data 0.1 ms | step 15.1 ms | 33956.8 samples/s
  step   550/1756 | loss 11.1559 | data 0.1 ms | step 15.1 ms | 33962.7 samples/s
  step   600/1756 | loss 11.0278 | data 0.1 ms | step 15.1 ms | 33936.1 samples/s
  step   650/1756 | loss 10.7704 | data 0.1 ms | step 15.1 ms | 33888.3 samples/s
  step   700/1756 | loss 10.1673 | data 0.1 ms | step 15.6 ms | 32730.9 samples/s
  step   750/1756 | loss 11.0763 | data 0.1 ms | step 15.6 ms | 32755.8 samples/s
  step   800/1756 | loss 10.2817 | data 0.1 ms | step 15.6 ms | 32917.8 samples/s
  step   850/1756 | loss 10.7814 | data 0.1 ms | step 15.6 ms | 32833.0 samples/s
  step   900/1756 | loss 11.0418 | data 0.1 ms | step 15.6 ms | 32848.4 samples/s
  step   950/1756 | loss 10.6818 | data 0.1 ms | step 15.1 ms | 33929.7 samples/s
  step  1000/1756 | loss 10.2478 | data 0.1 ms | step 15.7 ms | 32634.3 samples/s
  step  1050/1756 | loss 10.6669 | data 0.1 ms | step 15.1 ms | 33978.0 samples/s
  step  1100/1756 | loss 10.8014 | data 0.1 ms | step 15.1 ms | 33964.3 samples/s
  step  1150/1756 | loss 11.0314 | data 0.1 ms | step 15.1 ms | 33985.9 samples/s
  step  1200/1756 | loss 10.4045 | data 0.1 ms | step 15.1 ms | 33961.7 samples/s
  step  1250/1756 | loss 10.4957 | data 0.1 ms | step 15.1 ms | 33967.3 samples/s
  step  1300/1756 | loss 11.2705 | data 0.1 ms | step 15.1 ms | 33962.4 samples/s
  step  1350/1756 | loss 10.9068 | data 0.1 ms | step 15.1 ms | 33968.1 samples/s
  step  1400/1756 | loss 11.1356 | data 0.1 ms | step 15.1 ms | 33933.5 samples/s
  step  1450/1756 | loss 10.6750 | data 0.1 ms | step 15.1 ms | 33948.0 samples/s
  step  1500/1756 | loss 12.0218 | data 0.1 ms | step 15.1 ms | 33954.2 samples/s
  step  1550/1756 | loss 12.2592 | data 0.1 ms | step 15.1 ms | 33921.1 samples/s
  step  1600/1756 | loss 11.8559 | data 0.1 ms | step 15.1 ms | 33925.4 samples/s
  step  1650/1756 | loss 11.4718 | data 0.1 ms | step 15.1 ms | 33984.0 samples/s
  step  1700/1756 | loss 11.4830 | data 0.1 ms | step 15.1 ms | 33942.9 samples/s
  step  1750/1756 | loss 11.0775 | data 0.6 ms | step 15.1 ms | 33964.9 samples/s
Training Loss: 11.091444 | 33738.3 samples/s
Peak GPU memory: 1978.4 MB
Validation Loss: 11.366546 | 111242.3 samples/s

Epoch 65/100
----------------------------------------
Learning Rate: 0.000095
  step    50/1756 | loss 10.8713 | data 0.6 ms | step 15.1 ms | 33920.0 samples/s
  step   100/1756 | loss 11.5326 | data 0.1 ms | step 15.1 ms | 33948.1 samples/s
  step   150/1756 | loss 12.3648 | data 0.1 ms | step 15.1 ms | 33968.3 samples/s
  step   200/1756 | loss 11.9134 | data 0.1 ms | step 15.1 ms | 33948.6 samples/s
  step   250/1756 | loss 11.4852 | data 0.1 ms | step 15.1 ms | 33921.7 samples/s
  step   300/1756 | loss 11.8697 | data 0.1 ms | step 15.1 ms | 33952.2 samples/s
  step   350/1756 | loss 12.1576 | data 0.1 ms | step 15.1 ms | 33975.7 samples/s
  step   400/1756 | loss 12.4813 | data 0.1 ms | step 15.1 ms | 33844.6 samples/s
  step   450/1756 | loss 12.3817 | data 0.1 ms | step 15.1 ms | 33972.9 samples/s
  step   500/1756 | loss 11.7348 | data 0.1 ms | step 15.1 ms | 33989.9 samples/s
  step   550/1756 | loss 11.4884 | data 0.1 ms | step 15.1 ms | 33910.1 samples/s
  step   600/1756 | loss 12.1883 | data 0.1 ms | step 15.1 ms | 33975.5 samples/s
  step   650/1756 | loss 11.4576 | data 0.1 ms | step 15.1 ms | 33955.8 samples/s
  step   700/1756 | loss 11.9278 | data 0.1 ms | step 15.1 ms | 33929.9 samples/s
  step   750/1756 | loss 11.4251 | data 0.1 ms | step 15.1 ms | 33953.4 samples/s
  step   800/1756 | loss 10.8087 | data 0.1 ms | step 15.1 ms | 33976.3 samples/s
  step   850/1756 | loss 11.5599 | data 0.1 ms | step 15.1 ms | 33870.7 samples/s
  step   900/1756 | loss 11.7246 | data 0.1 ms | step 15.1 ms | 33996.3 samples/s
  step   950/1756 | loss 11.0206 | data 0.1 ms | step 15.1 ms | 33922.1 samples/s
  step  1000/1756 | loss 11.0056 | data 0.1 ms | step 15.1 ms | 33925.7 samples/s
  step  1050/1756 | loss 11.9271 | data 0.1 ms | step 15.1 ms | 33881.5 samples/s
  step  1100/1756 | loss 11.9197 | data 0.1 ms | step 15.1 ms | 33909.5 samples/s
  step  1150/1756 | loss 10.6338 | data 0.1 ms | step 15.1 ms | 33945.3 samples/s
  step  1200/1756 | loss 11.2041 | data 0.1 ms | step 15.1 ms | 33941.3 samples/s
  step  1250/1756 | loss 10.8477 | data 0.1 ms | step 15.1 ms | 33966.6 samples/s
  step  1300/1756 | loss 11.3165 | data 0.1 ms | step 15.1 ms | 33971.3 samples/s
  step  1350/1756 | loss 10.8821 | data 0.1 ms | step 15.1 ms | 33994.4 samples/s
  step  1400/1756 | loss 10.4491 | data 0.1 ms | step 15.1 ms | 33950.1 samples/s
  step  1450/1756 | loss 11.4765 | data 0.1 ms | step 15.1 ms | 33921.0 samples/s
  step  1500/1756 | loss 11.0906 | data 0.1 ms | step 15.1 ms | 33969.3 samples/s
  step  1550/1756 | loss 11.1116 | data 0.1 ms | step 15.1 ms | 33956.9 samples/s
  step  1600/1756 | loss 11.0154 | data 0.1 ms | step 15.1 ms | 33974.5 samples/s
  step  1650/1756 | loss 10.9260 | data 0.1 ms | step 15.1 ms | 33967.7 samples/s
  step  1700/1756 | loss 11.6351 | data 0.1 ms | step 15.1 ms | 33961.1 samples/s
  step  1750/1756 | loss 10.9502 | data 0.5 ms | step 15.1 ms | 33932.6 samples/s
Training Loss: 11.451322 | 33939.4 samples/s
Peak GPU memory: 1978.4 MB
Validation Loss: 10.913613 | 111346.1 samples/s

Epoch 66/100
----------------------------------------
Learning Rate: 0.000090
  step    50/1756 | loss 11.0137 | data 0.6 ms | step 15.1 ms | 33946.3 samples/s
  step   100/1756 | loss 10.4761 | data 0.1 ms | step 15.1 ms | 33996.6 samples/s
  step   150/1756 | loss 10.5665 | data 0.1 ms | step 15.1 ms | 33975.9 samples/s
  step   200/1756 | loss 11.0050 | data 0.1 ms | step 15.1 ms | 33976.0 samples/s
  step   250/1756 | loss 11.0882 | data 0.1 ms | step 15.1 ms | 33972.7 samples/s
  step   300/1756 | loss 11.6661 | data 0.1 ms | step 15.1 ms | 33963.8 samples/s
  step   350/1756 | loss 11.6697 | data 0.1 ms | step 15.1 ms | 33947.8 samples/s
  step   400/1756 | loss 10.5795 | data 0.1 ms | step 15.1 ms | 33990.3 samples/s
  step   450/1756 | loss 10.6126 | data 0.1 ms | step 15.1 ms | 33965.7 samples/s
  step   500/1756 | loss 10.4621 | data 0.1 ms | step 15.1 ms | 33912.5 samples/s
  step   550/1756 | loss 10.9414 | data 0.1 ms | step 15.1 ms | 33968.9 samples/s
  step   600/1756 | loss 11.1692 | data 0.1 ms | step 15.1 ms | 33992.3 samples/s
  step   650/1756 | loss 10.8495 | data 0.1 ms | step 15.1 ms | 33972.9 samples/s
  step   700/1756 | loss 10.7914 | data 0.1 ms | step 15.1 ms | 34011.4 samples/s
  step   750/1756 | loss 10.1622 | data 0.1 ms | step 15.1 ms | 34002.2 samples/s
  step   800/1756 | loss 10.5816 | data 0.1 ms | step 15.1 ms | 33974.8 samples/s
  step   850/1756 | loss 10.3364 | data 0.1 ms | step 15.1 ms | 33997.8 samples/s
  step   900/1756 | loss 10.3676 | data 0.1 ms | step 15.1 ms | 34007.4 samples/s
  step   950/1756 | loss 11.2263 | data 0.1 ms | step 15.1 ms | 33956.2 samples/s
  step  1000/1756 | loss 10.3812 | data 0.1 ms | step 15.1 ms | 33982.1 samples/s
  step  1050/1756 | loss 10.5477 | data 0.1 ms | step 15.1 ms | 33999.1 samples/s
  step  1100/1756 | loss 10.4185 | data 0.1 ms | step 15.1 ms | 33907.2 samples/s
  step  1150/1756 | loss 10.3716 | data 0.1 ms | step 15.1 ms | 33962.2 samples/s
  step  1200/1756 | loss 10.5987 | data 0.1 ms | step 15.1 ms | 33958.8 samples/s
  step  1250/1756 | loss 10.5652 | data 0.1 ms | step 15.1 ms | 33946.5 samples/s
  step  1300/1756 | loss 10.5309 | data 0.1 ms | step 15.1 ms | 33967.4 samples/s
  step  1350/1756 | loss 10.5127 | data 0.1 ms | step 15.1 ms | 33948.2 samples/s
  step  1400/1756 | loss 10.6674 | data 0.1 ms | step 15.1 ms | 33885.6 samples/s
  step  1450/1756 | loss 10.3737 | data 0.1 ms | step 15.1 ms | 33955.0 samples/s
  step  1500/1756 | loss 10.4038 | data 0.1 ms | step 15.1 ms | 33972.1 samples/s
  step  1550/1756 | loss 10.3168 | data 0.1 ms | step 15.1 ms | 33943.7 samples/s
  step  1600/1756 | loss 10.1432 | data 0.1 ms | step 15.1 ms | 33967.6 samples/s
  step  1650/1756 | loss 9.5621 | data 0.1 ms | step 15.1 ms | 33971.6 samples/s
  step  1700/1756 | loss 10.2573 | data 0.1 ms | step 15.1 ms | 33920.6 samples/s
  step  1750/1756 | loss 10.6600 | data 0.6 ms | step 15.1 ms | 33940.9 samples/s
Training Loss: 10.621132 | 33957.2 samples/s
Peak GPU memory: 1978.4 MB
Validation Loss: 10.440854 | 111263.3 samples/s

Epoch 67/100
----------------------------------------
Learning Rate: 0.000086
  step    50/1756 | loss 9.8823 | data 0.7 ms | step 15.1 ms | 33932.2 samples/s
  step   100/1756 | loss 10.4056 | data 0.1 ms | step 15.1 ms | 33921.0 samples/s
  step   150/1756 | loss 11.3906 | data 0.1 ms | step 15.1 ms | 33953.5 samples/s
  step   200/1756 | loss 11.3197 | data 0.1 ms | step 15.1 ms | 33972.3 samples/s
  step   250/1756 | loss 10.8702 | data 0.1 ms | step 15.1 ms | 33909.1 samples/s
  step   300/1756 | loss 11.3053 | data 0.1 ms | step 15.1 ms | 33968.4 samples/s
  step   350/1756 | loss 10.2897 | data 0.1 ms | step 15.1 ms | 33928.8 samples/s
  step   400/1756 | loss 11.0148 | data 0.1 ms | step 15.1 ms | 33962.7 samples/s
  step   450/1756 | loss 10.2791 | data 0.1 ms | step 15.1 ms | 33894.1 samples/s
  step   500/1756 | loss 11.1076 | data 0.1 ms | step 15.1 ms | 33972.3 samples/s
  step   550/1756 | loss 10.8775 | data 0.1 ms | step 15.1 ms | 33950.4 samples/s
  step   600/1756 | loss 10.5260 | data 0.1 ms | step 15.1 ms | 33952.4 samples/s
  step   650/1756 | loss 10.7496 | data 0.1 ms | step 15.1 ms | 33957.0 samples/s
  step   700/1756 | loss 10.3121 | data 0.1 ms | step 15.1 ms | 33985.5 samples/s
  step   750/1756 | loss 10.6610 | data 0.1 ms | step 15.1 ms | 33965.2 samples/s
  step   800/1756 | loss 10.5461 | data 0.1 ms | step 15.1 ms | 33978.8 samples/s
  step   850/1756 | loss 9.9605 | data 0.1 ms | step 15.1 ms | 33980.5 samples/s
  step   900/1756 | loss 10.4073 | data 0.1 ms | step 15.1 ms | 33950.7 samples/s
  step   950/1756 | loss 10.0886 | data 0.1 ms | step 15.1 ms | 33866.5 samples/s
  step  1000/1756 | loss 10.5320 | data 0.1 ms | step 15.1 ms | 33957.2 samples/s
  step  1050/1756 | loss 10.2172 | data 0.1 ms | step 15.1 ms | 33963.3 samples/s
  step  1100/1756 | loss 11.0382 | data 0.1 ms | step 15.1 ms | 33915.2 samples/s
  step  1150/1756 | loss 10.1922 | data 0.1 ms | step 15.1 ms | 33966.2 samples/s
  step  1200/1756 | loss 10.3408 | data 0.1 ms | step 15.1 ms | 33893.6 samples/s
  step  1250/1756 | loss 10.2191 | data 0.1 ms | step 15.1 ms | 33965.8 samples/s
  step  1300/1756 | loss 10.0636 | data 0.1 ms | step 15.1 ms | 33976.2 samples/s
  step  1350/1756 | loss 10.0508 | data 0.1 ms | step 15.1 ms | 33903.5 samples/s
  step  1400/1756 | loss 10.1777 | data 0.1 ms | step 15.1 ms | 33973.5 samples/s
  step  1450/1756 | loss 10.3535 | data 0.1 ms | step 15.1 ms | 33967.2 samples/s
  step  1500/1756 | loss 12.1041 | data 0.1 ms | step 15.1 ms | 33934.8 samples/s
  step  1550/1756 | loss 12.2540 | data 0.1 ms | step 15.1 ms | 33989.7 samples/s
  step  1600/1756 | loss 11.7472 | data 0.1 ms | step 15.1 ms | 33994.5 samples/s
  step  1650/1756 | loss 10.5391 | data 0.1 ms | step 15.1 ms | 33936.7 samples/s
  step  1700/1756 | loss 11.7955 | data 0.1 ms | step 15.1 ms | 33962.2 samples/s
  step  1750/1756 | loss 11.2619 | data 0.7 ms | step 15.1 ms | 33953.3 samples/s
Training Loss: 10.711118 | 33942.6 samples/s
Peak GPU memory: 1978.4 MB
Validation Loss: 11.479170 | 111269.7 samples/s

Epoch 68/100
----------------------------------------
Learning Rate: 0.000082
  step    50/1756 | loss 11.1753 | data 0.7 ms | step 15.1 ms | 33922.9 samples/s
  step   100/1756 | loss 11.6978 | data 0.1 ms | step 15.1 ms | 33973.0 samples/s
  step   150/1756 | loss 11.0616 | data 0.1 ms | step 15.1 ms | 33965.2 samples/s
  step   200/1756 | loss 11.5070 | data 0.1 ms | step 15.1 ms | 33950.4 samples/s
  step   250/1756 | loss 12.6761 | data 0.1 ms | step 15.1 ms | 33976.4 samples/s
  step   300/1756 | loss 11.3523 | data 0.1 ms | step 15.1 ms | 33962.8 samples/s
  step   350/1756 | loss 11.7134 | data 0.1 ms | step 15.1 ms | 33918.1 samples/s
  step   400/1756 | loss 12.0537 | data 0.1 ms | step 15.1 ms | 33971.7 samples/s
  step   450/1756 | loss 12.2035 | data 0.1 ms | step 15.1 ms | 33987.1 samples/s
  step   500/1756 | loss 12.2880 | data 0.1 ms | step 15.1 ms | 33948.9 samples/s
  step   550/1756 | loss 11.3495 | data 0.1 ms | step 15.1 ms | 33979.3 samples/s
  step   600/1756 | loss 11.1018 | data 0.1 ms | step 15.1 ms | 33981.5 samples/s
  step   650/1756 | loss 12.2306 | data 0.1 ms | step 15.1 ms | 33961.7 samples/s
  step   700/1756 | loss 11.0912 | data 0.1 ms | step 15.1 ms | 33967.9 samples/s
  step   750/1756 | loss 12.1983 | data 0.1 ms | step 15.1 ms | 33984.9 samples/s
  step   800/1756 | loss 10.7762 | data 0.1 ms | step 15.1 ms | 33947.7 samples/s
  step   850/1756 | loss 11.5295 | data 0.1 ms | step 15.1 ms | 33993.0 samples/s
  step   900/1756 | loss 10.9765 | data 0.1 ms | step 15.1 ms | 33964.9 samples/s
  step   950/1756 | loss 11.5491 | data 0.1 ms | step 15.1 ms | 33958.5 samples/s
  step  1000/1756 | loss 11.1070 | data 0.1 ms | step 15.1 ms | 33965.8 samples/s
  step  1050/1756 | loss 11.5493 | data 0.1 ms | step 15.1 ms | 33971.0 samples/s
  step  1100/1756 | loss 11.3045 | data 0.1 ms | step 15.1 ms | 33997.1 samples/s
  step  1150/1756 | loss 10.9523 | data 0.1 ms | step 15.1 ms | 33968.0 samples/s
  step  1200/1756 | loss 11.8753 | data 0.1 ms | step 15.1 ms | 33990.3 samples/s
  step  1250/1756 | loss 10.2360 | data 0.1 ms | step 15.1 ms | 33975.8 samples/s
  step  1300/1756 | loss 11.0599 | data 0.1 ms | step 15.1 ms | 33906.3 samples/s
  step  1350/1756 | loss 11.3918 | data 0.1 ms | step 15.1 ms | 33893.3 samples/s
  step  1400/1756 | loss 10.4844 | data 0.1 ms | step 15.1 ms | 33941.5 samples/s
  step  1450/1756 | loss 10.8514 | data 0.1 ms | step 15.1 ms | 33951.8 samples/s
  step  1500/1756 | loss 10.5784 | data 0.1 ms | step 15.1 ms | 33970.8 samples/s
  step  1550/1756 | loss 10.1983 | data 0.1 ms | step 15.1 ms | 33986.9 samples/s
  step  1600/1756 | loss 11.0509 | data 0.1 ms | step 15.1 ms | 33978.0 samples/s
  step  1650/1756 | loss 11.4013 | data 0.1 ms | step 15.1 ms | 33976.4 samples/s
  step  1700/1756 | loss 10.7083 | data 0.1 ms | step 15.1 ms | 33976.1 samples/s
  step  1750/1756 | loss 10.5327 | data 0.7 ms | step 15.1 ms | 33935.0 samples/s
Training Loss: 11.301791 | 33955.1 samples/s
Peak GPU memory: 1978.4 MB
Validation Loss: 10.938737 | 111274.9 samples/s

Epoch 69/100
----------------------------------------
Learning Rate: 0.000077
  step    50/1756 | loss 11.6482 | data 0.8 ms | step 15.1 ms | 33954.6 samples/s
  step   100/1756 | loss 10.9210 | data 0.1 ms | step 15.1 ms | 33929.5 samples/s
  step   150/1756 | loss 10.4020 | data 0.1 ms | step 15.1 ms | 33927.9 samples/s
  step   200/1756 | loss 10.2637 | data 0.1 ms | step 15.1 ms | 33961.2 samples/s
  step   250/1756 | loss 10.6955 | data 0.1 ms | step 15.1 ms | 33953.3 samples/s
  step   300/1756 | loss 10.1676 | data 0.1 ms | step 15.1 ms | 33889.0 samples/s
  step   350/1756 | loss 11.1719 | data 0.1 ms | step 15.1 ms | 33953.8 samples/s
  step   400/1756 | loss 10.7545 | data 0.1 ms | step 15.1 ms | 33963.2 samples/s
  step   450/1756 | loss 11.1431 | data 0.1 ms | step 15.1 ms | 33959.4 samples/s
  step   500/1756 | loss 10.5567 | data 0.1 ms | step 15.1 ms | 33961.1 samples/s
  step   550/1756 | loss 10.7256 | data 0.1 ms | step 15.1 ms | 33914.6 samples/s
  step   600/1756 | loss 10.2357 | data 0.1 ms | step 15.1 ms | 33914.0 samples/s
  step   650/1756 | loss 10.5206 | data 0.1 ms | step 15.1 ms | 33954.4 samples/s
  step   700/1756 | loss 10.3396 | data 0.1 ms | step 15.1 ms | 33957.9 samples/s
  step   750/1756 | loss 10.5595 | data 0.1 ms | step 15.1 ms | 33909.2 samples/s
  step   800/1756 | loss 10.8377 | data 0.1 ms | step 15.1 ms | 33949.5 samples/s
  step   850/1756 | loss 10.0679 | data 0.1 ms | step 15.1 ms | 33961.6 samples/s
  step   900/1756 | loss 10.6204 | data 0.1 ms | step 15.1 ms | 33948.8 samples/s
  step   950/1756 | loss 10.2927 | data 0.1 ms | step 15.1 ms | 33960.4 samples/s
  step  1000/1756 | loss 10.1777 | data 0.1 ms | step 15.1 ms | 33962.2 samples/s
  step  1050/1756 | loss 10.6793 | data 0.1 ms | step 15.1 ms | 33882.7 samples/s
  step  1100/1756 | loss 10.1310 | data 0.1 ms | step 15.1 ms | 33944.6 samples/s
  step  1150/1756 | loss 9.9860 | data 0.1 ms | step 15.1 ms | 33957.7 samples/s
  step  1200/1756 | loss 10.1618 | data 0.1 ms | step 15.1 ms | 33901.9 samples/s
  step  1250/1756 | loss 9.9833 | data 0.1 ms | step 15.1 ms | 33953.0 samples/s
  step  1300/1756 | loss 10.6836 | data 0.1 ms | step 15.1 ms | 33847.0 samples/s
  step  1350/1756 | loss 10.1630 | data 0.1 ms | step 15.1 ms | 33854.2 samples/s
  step  1400/1756 | loss 10.4936 | data 0.1 ms | step 15.1 ms | 33955.6 samples/s
  step  1450/1756 | loss 10.0642 | data 0.1 ms | step 15.1 ms | 33968.6 samples/s
  step  1500/1756 | loss 10.4487 | data 0.1 ms | step 15.1 ms | 33946.2 samples/s
  step  1550/1756 | loss 10.1537 | data 0.1 ms | step 15.1 ms | 33944.9 samples/s
  step  1600/1756 | loss 10.0239 | data 0.1 ms | step 15.1 ms | 33954.9 samples/s
  step  1650/1756 | loss 10.1084 | data 0.1 ms | step 15.1 ms | 33948.6 samples/s
  step  1700/1756 | loss 9.6756 | data 0.1 ms | step 15.1 ms | 33961.0 samples/s
  step  1750/1756 | loss 9.8330 | data 0.6 ms | step 15.1 ms | 33944.2 samples/s
Training Loss: 10.413588 | 33930.9 samples/s
Peak GPU memory: 1978.4 MB
Validation Loss: 10.227014 | 111195.3 samples/s

Epoch 70/100
----------------------------------------
Learning Rate: 0.000073
  step    50/1756 | loss 9.8943 | data 0.7 ms | step 15.1 ms | 33900.9 samples/s
  step   100/1756 | loss 9.8119 | data 0.1 ms | step 15.1 ms | 33941.1 samples/s
  step   150/1756 | loss 10.1509 | data 0.1 ms | step 15.1 ms | 33920.9 samples/s
  step   200/1756 | loss 10.4278 | data 0.1 ms | step 15.1 ms | 33932.5 samples/s
  step   250/1756 | loss 10.8158 | data 0.1 ms | step 15.1 ms | 33892.7 samples/s
  step   300/1756 | loss 10.1740 | data 0.1 ms | step 15.1 ms | 33954.9 samples/s
  step   350/1756 | loss 10.4497 | data 0.1 ms | step 15.1 ms | 33971.2 samples/s
  step   400/1756 | loss 10.8127 | data 0.1 ms | step 15.1 ms | 33938.6 samples/s
  step   450/1756 | loss 10.3999 | data 0.1 ms | step 15.1 ms | 33963.6 samples/s
  step   500/1756 | loss 11.7054 | data 0.1 ms | step 15.1 ms | 33842.1 samples/s
  step   550/1756 | loss 12.0351 | data 0.1 ms | step 15.1 ms | 33948.6 samples/s
  step   600/1756 | loss 11.9340 | data 0.1 ms | step 15.1 ms | 33968.3 samples/s
  step   650/1756 | loss 11.9451 | data 0.1 ms | step 15.1 ms | 33963.6 samples/s
  step   700/1756 | loss 10.6319 | data 0.1 ms | step 15.1 ms | 33941.2 samples/s
  step   750/1756 | loss 10.6013 | data 0.1 ms | step 15.1 ms | 33941.9 samples/s
  step   800/1756 | loss 11.2003 | data 0.1 ms | step 15.1 ms | 33966.3 samples/s
  step   850/1756 | loss 11.1345 | data 0.1 ms | step 15.1 ms | 33943.0 samples/s
  step   900/1756 | loss 10.8333 | data 0.1 ms | step 15.1 ms | 33981.3 samples/s
  step   950/1756 | loss 12.3782 | data 0.1 ms | step 15.1 ms | 33924.3 samples/s
  step  1000/1756 | loss 11.7142 | data 0.1 ms | step 15.1 ms | 33812.8 samples/s
  step  1050/1756 | loss 12.0908 | data 0.1 ms | step 15.1 ms | 33856.9 samples/s
  step  1100/1756 | loss 11.8566 | data 0.1 ms | step 15.1 ms | 33954.6 samples/s
  step  1150/1756 | loss 12.2902 | data 0.1 ms | step 15.1 ms | 33892.4 samples/s
  step  1200/1756 | loss 11.8277 | data 0.1 ms | step 15.1 ms | 33947.8 samples/s
  step  1250/1756 | loss 13.0684 | data 0.1 ms | step 15.1 ms | 33936.0 samples/s
  step  1300/1756 | loss 13.2426 | data 0.1 ms | step 15.1 ms | 33938.4 samples/s
  step  1350/1756 | loss 11.9669 | data 0.1 ms | step 15.1 ms | 33958.2 samples/s
  step  1400/1756 | loss 11.3306 | data 0.1 ms | step 15.1 ms | 33946.8 samples/s
  step  1450/1756 | loss 11.7318 | data 0.1 ms | step 15.1 ms | 33907.9 samples/s
  step  1500/1756 | loss 11.5731 | data 0.1 ms | step 15.1 ms | 33949.2 samples/s
  step  1550/1756 | loss 11.7418 | data 0.1 ms | step 15.1 ms | 33952.3 samples/s
  step  1600/1756 | loss 12.3727 | data 0.1 ms | step 15.1 ms | 33842.3 samples/s
  step  1650/1756 | loss 11.6896 | data 0.1 ms | step 15.1 ms | 33929.9 samples/s
  step  1700/1756 | loss 11.4376 | data 0.1 ms | step 15.1 ms | 33942.9 samples/s
  step  1750/1756 | loss 11.2348 | data 0.6 ms | step 15.1 ms | 33920.5 samples/s
Training Loss: 11.389301 | 33921.5 samples/s
Peak GPU memory: 1978.4 MB
Validation Loss: 11.503976 | 111237.1 samples/s

Epoch 71/100
----------------------------------------
Learning Rate: 0.000069
  step    50/1756 | loss 11.1596 | data 0.7 ms | step 15.1 ms | 33890.8 samples/s
  step   100/1756 | loss 11.6880 | data 0.1 ms | step 15.1 ms | 33957.9 samples/s
  step   150/1756 | loss 11.7441 | data 0.1 ms | step 15.1 ms | 33871.6 samples/s
  step   200/1756 | loss 10.9707 | data 0.1 ms | step 15.1 ms | 33939.8 samples/s
  step   250/1756 | loss 11.5792 | data 0.1 ms | step 15.1 ms | 33946.1 samples/s
  step   300/1756 | loss 10.5848 | data 0.1 ms | step 15.1 ms | 33946.7 samples/s
  step   350/1756 | loss 12.0885 | data 0.1 ms | step 15.7 ms | 32579.5 samples/s
  step   400/1756 | loss 11.0903 | data 0.1 ms | step 15.4 ms | 33154.0 samples/s
  step   450/1756 | loss 11.2302 | data 0.1 ms | step 15.4 ms | 33308.1 samples/s
  step   500/1756 | loss 11.8109 | data 0.1 ms | step 15.1 ms | 33933.2 samples/s
  step   550/1756 | loss 11.7236 | data 0.1 ms | step 15.1 ms | 33970.3 samples/s
  step   600/1756 | loss 10.6124 | data 0.1 ms | step 15.1 ms | 33832.9 samples/s
  step   650/1756 | loss 10.9248 | data 0.1 ms | step 15.1 ms | 33948.2 samples/s
  step   700/1756 | loss 11.1826 | data 0.1 ms | step 15.1 ms | 33953.9 samples/s
  step   750/1756 | loss 10.8589 | data 0.1 ms | step 15.1 ms | 33917.8 samples/s
  step   800/1756 | loss 11.9291 | data 0.1 ms | step 15.1 ms | 33937.9 samples/s
  step   850/1756 | loss 11.8027 | data 0.1 ms | step 15.1 ms | 33913.7 samples/s
  step   900/1756 | loss 11.7628 | data 0.1 ms | step 15.1 ms | 33944.4 samples/s
  step   950/1756 | loss 11.5668 | data 0.1 ms | step 15.1 ms | 33951.2 samples/s
  step  1000/1756 | loss 11.5344 | data 0.1 ms | step 15.1 ms | 33895.0 samples/s
  step  1050/1756 | loss 11.4420 | data 0.1 ms | step 15.1 ms | 33898.3 samples/s
  step  1100/1756 | loss 11.5181 | data 0.1 ms | step 15.1 ms | 33943.3 samples/s
  step  1150/1756 | loss 11.0055 | data 0.1 ms | step 15.1 ms | 33919.7 samples/s
  step  1200/1756 | loss 11.0837 | data 0.1 ms | step 15.1 ms | 33985.5 samples/s
  step  1250/1756 | loss 11.8038 | data 0.1 ms | step 15.1 ms | 33959.6 samples/s
  step  1300/1756 | loss 11.8193 | data 0.1 ms | step 15.1 ms | 33962.6 samples/s
  step  1350/1756 | loss 10.9051 | data 0.1 ms | step 15.1 ms | 33907.2 samples/s
  step  1400/1756 | loss 11.4286 | data 0.1 ms | step 15.1 ms | 33847.8 samples/s
  step  1450/1756 | loss 10.6130 | data 0.1 ms | step 15.1 ms | 33941.3 samples/s
  step  1500/1756 | loss 11.1271 | data 0.1 ms | step 15.1 ms | 33946.3 samples/s
  step  1550/1756 | loss 11.2932 | data 0.1 ms | step 15.1 ms | 33929.7 samples/s
  step  1600/1756 | loss 12.9526 | data 0.1 ms | step 15.1 ms | 33894.4 samples/s
  step  1650/1756 | loss 13.6061 | data 0.1 ms | step 15.1 ms | 33966.3 samples/s
  step  1700/1756 | loss 13.9176 | data 0.1 ms | step 15.1 ms | 33958.2 samples/s
  step  1750/1756 | loss 13.5493 | data 0.6 ms | step 15.1 ms | 33955.5 samples/s
Training Loss: 11.602313 | 33842.2 samples/s
Peak GPU memory: 1978.4 MB
Validation Loss: 13.018417 | 111280.4 samples/s

Epoch 72/100
----------------------------------------
Learning Rate: 0.000065
  step    50/1756 | loss 12.6835 | data 0.7 ms | step 15.1 ms | 33817.8 samples/s
  step   100/1756 | loss 12.1343 | data 0.1 ms | step 15.1 ms | 33899.2 samples/s
  step   150/1756 | loss 13.2475 | data 0.1 ms | step 15.1 ms | 33955.5 samples/s
  step   200/1756 | loss 13.0048 | data 0.1 ms | step 15.1 ms | 33956.2 samples/s
  step   250/1756 | loss 12.8162 | data 0.1 ms | step 15.1 ms | 33949.1 samples/s
  step   300/1756 | loss 12.9223 | data 0.1 ms | step 15.1 ms | 33972.9 samples/s
  step   350/1756 | loss 13.4043 | data 0.1 ms | step 15.1 ms | 33974.4 samples/s
  step   400/1756 | loss 13.1055 | data 0.1 ms | step 15.1 ms | 33946.7 samples/s
  step   450/1756 | loss 12.7642 | data 0.1 ms | step 15.1 ms | 33983.1 samples/s
  step   500/1756 | loss 12.6110 | data 0.1 ms | step 15.1 ms | 33983.7 samples/s
  step   550/1756 | loss 12.5960 | data 0.1 ms | step 15.1 ms | 33924.1 samples/s
  step   600/1756 | loss 12.2888 | data 0.1 ms | step 15.1 ms | 33859.3 samples/s
  step   650/1756 | loss 12.3307 | data 0.1 ms | step 15.1 ms | 33940.4 samples/s
  step   700/1756 | loss 11.9038 | data 0.1 ms | step 15.1 ms | 33935.5 samples/s
  step   750/1756 | loss 12.8841 | data 0.1 ms | step 15.1 ms | 33924.1 samples/s
  step   800/1756 | loss 11.8344 | data 0.1 ms | step 15.1 ms | 33960.6 samples/s
  step   850/1756 | loss 12.7080 | data 0.1 ms | step 15.1 ms | 33928.8 samples/s
  step   900/1756 | loss 12.5685 | data 0.1 ms | step 15.1 ms | 33946.9 samples/s
  step   950/1756 | loss 13.1287 | data 0.1 ms | step 15.1 ms | 33953.7 samples/s
  step  1000/1756 | loss 13.1037 | data 0.1 ms | step 15.2 ms | 33787.1 samples/s
  step  1050/1756 | loss 12.8377 | data 0.1 ms | step 15.2 ms | 33598.9 samples/s
  step  1100/1756 | loss 11.9504 | data 0.1 ms | step 15.1 ms | 33942.6 samples/s
  step  1150/1756 | loss 12.7936 | data 0.1 ms | step 15.1 ms | 33858.9 samples/s
  step  1200/1756 | loss 11.8795 | data 0.1 ms | step 15.1 ms | 33852.8 samples/s
  step  1250/1756 | loss 13.7725 | data 0.1 ms | step 15.1 ms | 33865.0 samples/s
  step  1300/1756 | loss 13.5383 | data 0.1 ms | step 15.2 ms | 33689.5 samples/s
  step  1350/1756 | loss 12.5301 | data 0.2 ms | step 15.2 ms | 33744.1 samples/s
  step  1400/1756 | loss 12.0509 | data 0.1 ms | step 15.1 ms | 33969.8 samples/s
  step  1450/1756 | loss 12.7144 | data 0.1 ms | step 15.1 ms | 33951.8 samples/s
  step  1500/1756 | loss 12.5334 | data 0.1 ms | step 15.2 ms | 33704.2 samples/s
  step  1550/1756 | loss 12.1067 | data 0.1 ms | step 15.2 ms | 33791.0 samples/s
  step  1600/1756 | loss 13.0874 | data 0.1 ms | step 15.2 ms | 33744.1 samples/s
  step  1650/1756 | loss 12.6428 | data 0.2 ms | step 15.2 ms | 33619.4 samples/s
  step  1700/1756 | loss 11.8428 | data 0.2 ms | step 15.2 ms | 33731.1 samples/s
  step  1750/1756 | loss 12.1491 | data 0.7 ms | step 15.2 ms | 33731.6 samples/s
Training Loss: 12.643436 | 33860.6 samples/s
Peak GPU memory: 1978.4 MB
Validation Loss: 11.981955 | 110834.8 samples/s

Epoch 73/100
----------------------------------------
Learning Rate: 0.000061
  step    50/1756 | loss 11.2803 | data 0.7 ms | step 15.2 ms | 33655.1 samples/s
  step   100/1756 | loss 12.0463 | data 0.1 ms | step 15.1 ms | 33920.8 samples/s
  step   150/1756 | loss 12.0844 | data 0.1 ms | step 15.1 ms | 33962.2 samples/s
  step   200/1756 | loss 12.1789 | data 0.1 ms | step 15.1 ms | 33976.9 samples/s
  step   250/1756 | loss 12.0810 | data 0.1 ms | step 15.1 ms | 33994.1 samples/s
  step   300/1756 | loss 12.2373 | data 0.1 ms | step 15.1 ms | 33915.5 samples/s
  step   350/1756 | loss 12.3405 | data 0.1 ms | step 15.1 ms | 33858.4 samples/s
  step   400/1756 | loss 12.4995 | data 0.1 ms | step 15.1 ms | 33950.6 samples/s
  step   450/1756 | loss 12.0441 | data 0.1 ms | step 15.1 ms | 33958.1 samples/s
  step   500/1756 | loss 12.2145 | data 0.1 ms | step 15.1 ms | 33965.3 samples/s
  step   550/1756 | loss 11.3794 | data 0.1 ms | step 15.1 ms | 33972.7 samples/s
  step   600/1756 | loss 12.2716 | data 0.1 ms | step 15.1 ms | 33895.1 samples/s
  step   650/1756 | loss 12.3597 | data 0.1 ms | step 15.1 ms | 33944.7 samples/s
  step   700/1756 | loss 12.4452 | data 0.1 ms | step 15.1 ms | 33943.9 samples/s
  step   750/1756 | loss 12.1604 | data 0.1 ms | step 15.1 ms | 33974.7 samples/s
  step   800/1756 | loss 12.6798 | data 0.1 ms | step 15.1 ms | 33944.6 samples/s
  step   850/1756 | loss 12.5324 | data 0.1 ms | step 15.1 ms | 33948.0 samples/s
  step   900/1756 | loss 12.7021 | data 0.1 ms | step 15.1 ms | 33854.6 samples/s
  step   950/1756 | loss 12.0304 | data 0.1 ms | step 15.1 ms | 33892.8 samples/s
  step  1000/1756 | loss 12.3846 | data 0.1 ms | step 15.7 ms | 32519.9 samples/s
  step  1050/1756 | loss 11.6684 | data 0.1 ms | step 15.2 ms | 33698.5 samples/s
  step  1100/1756 | loss 12.6482 | data 0.1 ms | step 15.4 ms | 33296.8 samples/s
  step  1150/1756 | loss 12.9935 | data 0.1 ms | step 15.1 ms | 33947.6 samples/s
  step  1200/1756 | loss 11.3642 | data 0.1 ms | step 15.1 ms | 33957.2 samples/s
  step  1250/1756 | loss 12.3434 | data 0.1 ms | step 15.1 ms | 33855.7 samples/s
  step  1300/1756 | loss 12.3610 | data 0.1 ms | step 15.1 ms | 33865.6 samples/s
  step  1350/1756 | loss 13.2012 | data 0.1 ms | step 15.5 ms | 33128.2 samples/s
  step  1400/1756 | loss 12.6751 | data 0.1 ms | step 15.8 ms | 32420.8 samples/s
  step  1450/1756 | loss 12.2183 | data 0.1 ms | step 15.5 ms | 33045.4 samples/s
  step  1500/1756 | loss 12.9829 | data 0.1 ms | step 15.2 ms | 33661.1 samples/s
  step  1550/1756 | loss 12.0417 | data 0.1 ms | step 15.7 ms | 32518.6 samples/s
  step  1600/1756 | loss 13.1552 | data 0.1 ms | step 15.4 ms | 33207.8 samples/s
  step  1650/1756 | loss 12.4072 | data 0.1 ms | step 15.6 ms | 32817.2 samples/s
  step  1700/1756 | loss 11.9766 | data 0.1 ms | step 15.4 ms | 33303.8 samples/s
  step  1750/1756 | loss 12.2179 | data 0.6 ms | step 15.6 ms | 32884.2 samples/s
Training Loss: 12.292139 | 33599.2 samples/s
Peak GPU memory: 1978.4 MB
Validation Loss: 12.294836 | 108647.9 samples/s

Epoch 74/100
----------------------------------------
Learning Rate: 0.000057
  step    50/1756 | loss 11.9407 | data 0.7 ms | step 15.1 ms | 33916.8 samples/s
  step   100/1756 | loss 11.6094 | data 0.1 ms | step 15.9 ms | 32264.4 samples/s
  step   150/1756 | loss 12.0401 | data 0.1 ms | step 16.0 ms | 32007.5 samples/s
  step   200/1756 | loss 13.2452 | data 0.1 ms | step 16.2 ms | 31688.5 samples/s
  step   250/1756 | loss 11.7142 | data 0.1 ms | step 15.1 ms | 33901.9 samples/s
  step   300/1756 | loss 12.6554 | data 0.1 ms | step 15.2 ms | 33784.8 samples/s
  step   350/1756 | loss 12.4178 | data 0.1 ms | step 15.2 ms | 33658.1 samples/s
  step   400/1756 | loss 12.7878 | data 0.1 ms | step 16.4 ms | 31312.5 samples/s
  step   450/1756 | loss 12.6922 | data 0.1 ms | step 15.6 ms | 32759.9 samples/s
  step   500/1756 | loss 12.6192 | data 0.1 ms | step 15.4 ms | 33247.3 samples/s
  step   550/1756 | loss 12.4322 | data 0.1 ms | step 15.2 ms | 33647.4 samples/s
  step   600/1756 | loss 12.9313 | data 0.1 ms | step 15.6 ms | 32765.6 samples/s
  step   650/1756 | loss 11.5081 | data 0.1 ms | step 15.1 ms | 33955.9 samples/s
  step   700/1756 | loss 11.9425 | data 0.1 ms | step 15.1 ms | 33969.2 samples/s
  step   750/1756 | loss 11.7110 | data 0.1 ms | step 15.1 ms | 33870.9 samples/s
  step   800/1756 | loss 11.8503 | data 0.1 ms | step 15.1 ms | 33934.6 samples/s
  step   850/1756 | loss 11.4198 | data 0.1 ms | step 15.1 ms | 33889.7 samples/s
  step   900/1756 | loss 11.2511 | data 0.1 ms | step 15.1 ms | 33930.6 samples/s
  step   950/1756 | loss 11.8000 | data 0.1 ms | step 15.1 ms | 33956.1 samples/s
  step  1000/1756 | loss 11.1818 | data 0.1 ms | step 15.1 ms | 33924.0 samples/s
  step  1050/1756 | loss 11.3043 | data 0.1 ms | step 15.1 ms | 33937.2 samples/s
  step  1100/1756 | loss 11.2880 | data 0.1 ms | step 15.1 ms | 33970.0 samples/s
  step  1150/1756 | loss 12.3273 | data 0.1 ms | step 15.1 ms | 33950.7 samples/s
  step  1200/1756 | loss 11.2471 | data 0.1 ms | step 15.1 ms | 33957.4 samples/s
  step  1250/1756 | loss 11.1857 | data 0.1 ms | step 15.1 ms | 33872.3 samples/s
  step  1300/1756 | loss 11.2320 | data 0.1 ms | step 15.1 ms | 33944.0 samples/s
  step  1350/1756 | loss 11.5892 | data 0.1 ms | step 15.1 ms | 33955.4 samples/s
  step  1400/1756 | loss 11.5029 | data 0.1 ms | step 15.1 ms | 33932.0 samples/s
  step  1450/1756 | loss 11.8192 | data 0.1 ms | step 15.1 ms | 33942.8 samples/s
  step  1500/1756 | loss 10.6914 | data 0.1 ms | step 15.1 ms | 33958.9 samples/s
  step  1550/1756 | loss 11.7621 | data 0.1 ms | step 15.1 ms | 33951.4 samples/s
  step  1600/1756 | loss 11.9248 | data 0.1 ms | step 15.1 ms | 33936.4 samples/s
  step  1650/1756 | loss 11.2317 | data 0.1 ms | step 15.1 ms | 33967.2 samples/s
  step  1700/1756 | loss 11.1617 | data 0.1 ms | step 15.1 ms | 33966.8 samples/s
  step  1750/1756 | loss 11.6703 | data 0.6 ms | step 15.1 ms | 33884.7 samples/s
Training Loss: 11.815972 | 33562.9 samples/s
Peak GPU memory: 1978.4 MB
Validation Loss: 11.529076 | 111154.1 samples/s

Epoch 75/100
----------------------------------------
Learning Rate: 0.000053
  step    50/1756 | loss 11.3026 | data 0.7 ms | step 15.1 ms | 33936.8 samples/s
  step   100/1756 | loss 11.7672 | data 0.1 ms | step 15.1 ms | 33937.3 samples/s
  step   150/1756 | loss 12.0170 | data 0.1 ms | step 15.1 ms | 33914.4 samples/s
  step   200/1756 | loss 12.4640 | data 0.1 ms | step 15.1 ms | 33961.9 samples/s
  step   250/1756 | loss 12.4669 | data 0.1 ms | step 15.1 ms | 33930.8 samples/s
  step   300/1756 | loss 11.7196 | data 0.1 ms | step 15.1 ms | 33952.4 samples/s
  step   350/1756 | loss 11.1986 | data 0.1 ms | step 15.1 ms | 33973.3 samples/s
  step   400/1756 | loss 11.5627 | data 0.1 ms | step 15.1 ms | 33957.9 samples/s
  step   450/1756 | loss 11.5149 | data 0.1 ms | step 15.1 ms | 33796.7 samples/s
  step   500/1756 | loss 10.9377 | data 0.1 ms | step 15.1 ms | 33954.6 samples/s
  step   550/1756 | loss 10.9123 | data 0.1 ms | step 15.1 ms | 33805.5 samples/s
  step   600/1756 | loss 11.2306 | data 0.1 ms | step 15.1 ms | 33940.7 samples/s
  step   650/1756 | loss 10.8052 | data 0.1 ms | step 15.1 ms | 33980.6 samples/s
  step   700/1756 | loss 10.8884 | data 0.1 ms | step 15.1 ms | 33961.3 samples/s
  step   750/1756 | loss 11.3099 | data 0.1 ms | step 15.1 ms | 33927.9 samples/s
  step   800/1756 | loss 10.6816 | data 0.1 ms | step 15.1 ms | 33930.5 samples/s
  step   850/1756 | loss 11.4131 | data 0.1 ms | step 15.1 ms | 33902.5 samples/s
  step   900/1756 | loss 11.0230 | data 0.1 ms | step 15.1 ms | 33929.2 samples/s
  step   950/1756 | loss 10.4155 | data 0.1 ms | step 15.1 ms | 33971.9 samples/s
  step  1000/1756 | loss 10.9510 | data 0.1 ms | step 15.1 ms | 33863.8 samples/s
  step  1050/1756 | loss 11.2045 | data 0.1 ms | step 15.1 ms | 33933.2 samples/s
  step  1100/1756 | loss 10.5948 | data 0.1 ms | step 15.1 ms | 33958.1 samples/s
  step  1150/1756 | loss 10.8296 | data 0.1 ms | step 15.1 ms | 33940.9 samples/s
  step  1200/1756 | loss 10.2523 | data 0.1 ms | step 15.1 ms | 33937.3 samples/s
  step  1250/1756 | loss 10.2578 | data 0.1 ms | step 15.1 ms | 33995.9 samples/s
  step  1300/1756 | loss 11.0173 | data 0.1 ms | step 15.1 ms | 33901.6 samples/s
  step  1350/1756 | loss 10.7007 | data 0.1 ms | step 15.1 ms | 33963.7 samples/s
  step  1400/1756 | loss 10.8652 | data 0.1 ms | step 15.1 ms | 33956.9 samples/s
  step  1450/1756 | loss 11.2063 | data 0.1 ms | step 15.1 ms | 33968.8 samples/s
  step  1500/1756 | loss 10.7215 | data 0.1 ms | step 15.1 ms | 33941.0 samples/s
  step  1550/1756 | loss 11.5537 | data 0.1 ms | step 15.1 ms | 33894.3 samples/s
  step  1600/1756 | loss 11.1574 | data 0.1 ms | step 15.1 ms | 33852.3 samples/s
  step  1650/1756 | loss 10.5713 | data 0.1 ms | step 15.1 ms | 33953.3 samples/s
  step  1700/1756 | loss 10.8632 | data 0.1 ms | step 15.1 ms | 33928.6 samples/s
  step  1750/1756 | loss 10.4220 | data 0.7 ms | step 15.1 ms | 33893.9 samples/s
Training Loss: 11.100599 | 33922.6 samples/s
Peak GPU memory: 1978.4 MB
Validation Loss: 10.779856 | 111206.0 samples/s

Epoch 76/100
----------------------------------------
Learning Rate: 0.000049
  step    50/1756 | loss 11.2265 | data 0.7 ms | step 15.1 ms | 33909.3 samples/s
  step   100/1756 | loss 11.2143 | data 0.1 ms | step 15.1 ms | 33925.9 samples/s
  step   150/1756 | loss 10.7780 | data 0.1 ms | step 15.1 ms | 33918.4 samples/s
  step   200/1756 | loss 10.8242 | data 0.1 ms | step 15.1 ms | 33931.8 samples/s
  step   250/1756 | loss 10.5735 | data 0.1 ms | step 15.1 ms | 33817.2 samples/s
  step   300/1756 | loss 11.2185 | data 0.1 ms | step 15.1 ms | 33964.9 samples/s
  step   350/1756 | loss 10.5656 | data 0.1 ms | step 15.1 ms | 33953.9 samples/s
  step   400/1756 | loss 11.5150 | data 0.1 ms | step 15.1 ms | 33943.9 samples/s
  step   450/1756 | loss 11.2191 | data 0.1 ms | step 15.1 ms | 33974.2 samples/s
  step   500/1756 | loss 11.2959 | data 0.1 ms | step 15.1 ms | 33954.9 samples/s
  step   550/1756 | loss 10.9084 | data 0.1 ms | step 15.1 ms | 33917.6 samples/s
  step   600/1756 | loss 10.9609 | data 0.1 ms | step 15.1 ms | 33968.0 samples/s
  step   650/1756 | loss 10.7811 | data 0.1 ms | step 15.1 ms | 33962.9 samples/s
  step   700/1756 | loss 11.2327 | data 0.1 ms | step 15.1 ms | 33930.2 samples/s
  step   750/1756 | loss 10.6595 | data 0.1 ms | step 15.1 ms | 33944.8 samples/s
  step   800/1756 | loss 10.5707 | data 0.1 ms | step 15.1 ms | 33798.3 samples/s
  step   850/1756 | loss 11.1349 | data 0.1 ms | step 15.1 ms | 33963.0 samples/s
  step   900/1756 | loss 10.2226 | data 0.1 ms | step 15.1 ms | 33968.4 samples/s
  step   950/1756 | loss 10.4077 | data 0.1 ms | step 15.1 ms | 33973.4 samples/s
  step  1000/1756 | loss 11.4120 | data 0.1 ms | step 15.1 ms | 33939.3 samples/s
  step  1050/1756 | loss 10.7481 | data 0.1 ms | step 15.1 ms | 33945.9 samples/s
  step  1100/1756 | loss 10.8644 | data 0.1 ms | step 15.1 ms | 33833.2 samples/s
  step  1150/1756 | loss 10.3683 | data 0.1 ms | step 15.1 ms | 33871.1 samples/s
  step  1200/1756 | loss 10.6235 | data 0.1 ms | step 15.1 ms | 33965.9 samples/s
  step  1250/1756 | loss 9.9627 | data 0.1 ms | step 15.1 ms | 33986.5 samples/s
  step  1300/1756 | loss 10.8887 | data 0.1 ms | step 15.1 ms | 33963.1 samples/s
  step  1350/1756 | loss 10.7388 | data 0.1 ms | step 15.1 ms | 33853.8 samples/s
  step  1400/1756 | loss 10.5290 | data 0.1 ms | step 15.1 ms | 33979.6 samples/s
  step  1450/1756 | loss 10.6343 | data 0.1 ms | step 15.1 ms | 33920.2 samples/s
  step  1500/1756 | loss 11.7366 | data 0.1 ms | step 15.1 ms | 33803.2 samples/s
  step  1550/1756 | loss 11.3035 | data 0.1 ms | step 15.9 ms | 32249.1 samples/s
  step  1600/1756 | loss 11.1236 | data 0.1 ms | step 15.6 ms | 32748.7 samples/s
  step  1650/1756 | loss 11.5665 | data 0.1 ms | step 15.1 ms | 33958.3 samples/s
  step  1700/1756 | loss 11.0108 | data 0.1 ms | step 15.8 ms | 32362.8 samples/s
  step  1750/1756 | loss 11.4088 | data 0.6 ms | step 16.0 ms | 31959.9 samples/s
Training Loss: 10.912741 | 33731.5 samples/s
Peak GPU memory: 1978.4 MB
Validation Loss: 11.035057 | 110922.8 samples/s

Epoch 77/100
----------------------------------------
Learning Rate: 0.000046
  step    50/1756 | loss 10.9014 | data 0.7 ms | step 15.1 ms | 33809.9 samples/s
  step   100/1756 | loss 11.6658 | data 0.1 ms | step 15.5 ms | 33012.9 samples/s
  step   150/1756 | loss 10.6511 | data 0.1 ms | step 15.4 ms | 33325.0 samples/s
  step   200/1756 | loss 10.6896 | data 0.1 ms | step 15.1 ms | 33957.1 samples/s
  step   250/1756 | loss 10.8439 | data 0.1 ms | step 15.1 ms | 33970.4 samples/s
  step   300/1756 | loss 11.2932 | data 0.1 ms | step 15.1 ms | 33953.2 samples/s
  step   350/1756 | loss 10.6371 | data 0.1 ms | step 15.1 ms | 33977.9 samples/s
  step   400/1756 | loss 10.8052 | data 0.1 ms | step 15.1 ms | 33982.2 samples/s
  step   450/1756 | loss 11.1369 | data 0.1 ms | step 15.1 ms | 33911.1 samples/s
  step   500/1756 | loss 11.9703 | data 0.1 ms | step 15.1 ms | 33957.1 samples/s
  step   550/1756 | loss 11.0672 | data 0.1 ms | step 15.1 ms | 33853.0 samples/s
  step   600/1756 | loss 11.2680 | data 0.1 ms | step 15.1 ms | 33957.7 samples/s
  step   650/1756 | loss 11.4781 | data 0.1 ms | step 15.1 ms | 33984.1 samples/s
  step   700/1756 | loss 10.4066 | data 0.1 ms | step 15.1 ms | 33959.1 samples/s
  step   750/1756 | loss 11.2403 | data 0.1 ms | step 15.1 ms | 33955.3 samples/s
  step   800/1756 | loss 11.4927 | data 0.1 ms | step 15.1 ms | 33989.9 samples/s
  step   850/1756 | loss 11.5044 | data 0.1 ms | step 15.1 ms | 33972.8 samples/s
  step   900/1756 | loss 11.1780 | data 0.1 ms | step 15.1 ms | 33916.3 samples/s
  step   950/1756 | loss 11.0338 | data 0.1 ms | step 15.1 ms | 33962.0 samples/s
  step  1000/1756 | loss 10.4013 | data 0.1 ms | step 15.1 ms | 33960.1 samples/s
  step  1050/1756 | loss 10.6103 | data 0.1 ms | step 15.1 ms | 33934.9 samples/s
  step  1100/1756 | loss 11.0090 | data 0.1 ms | step 15.1 ms | 33826.4 samples/s
  step  1150/1756 | loss 11.1193 | data 0.1 ms | step 15.1 ms | 33967.6 samples/s
  step  1200/1756 | loss 10.0814 | data 0.1 ms | step 15.1 ms | 33934.2 samples/s
  step  1250/1756 | loss 11.2355 | data 0.1 ms | step 15.1 ms | 33943.4 samples/s
  step  1300/1756 | loss 11.2376 | data 0.1 ms | step 15.1 ms | 33957.4 samples/s
  step  1350/1756 | loss 10.7463 | data 0.1 ms | step 15.1 ms | 33906.3 samples/s
  step  1400/1756 | loss 10.5589 | data 0.1 ms | step 15.1 ms | 33862.7 samples/s
  step  1450/1756 | loss 11.5626 | data 0.1 ms | step 15.1 ms | 33948.0 samples/s
  step  1500/1756 | loss 10.7251 | data 0.1 ms | step 15.1 ms | 33967.9 samples/s
  step  1550/1756 | loss 10.9257 | data 0.1 ms | step 15.1 ms | 33953.4 samples/s
  step  1600/1756 | loss 10.2996 | data 0.1 ms | step 15.1 ms | 33960.4 samples/s
  step  1650/1756 | loss 11.2732 | data 0.1 ms | step 15.1 ms | 33969.8 samples/s
  step  1700/1756 | loss 10.7103 | data 0.1 ms | step 15.1 ms | 33835.4 samples/s
  step  1750/1756 | loss 11.3382 | data 0.6 ms | step 15.1 ms | 33921.0 samples/s
Training Loss: 10.997309 | 33884.7 samples/s
Peak GPU memory: 1978.4 MB
Validation Loss: 10.525610 | 111231.7 samples/s

Epoch 78/100
----------------------------------------
Learning Rate: 0.000042
  step    50/1756 | loss 11.1219 | data 0.8 ms | step 15.1 ms | 33840.0 samples/s
  step   100/1756 | loss 10.5611 | data 0.1 ms | step 15.9 ms | 32293.6 samples/s
  step   150/1756 | loss 10.7964 | data 0.1 ms | step 15.2 ms | 33739.2 samples/s
  step   200/1756 | loss 10.8514 | data 0.1 ms | step 15.2 ms | 33748.0 samples/s
  step   250/1756 | loss 10.6647 | data 0.1 ms | step 15.7 ms | 32604.8 samples/s
  step   300/1756 | loss 11.0926 | data 0.1 ms | step 15.2 ms | 33623.5 samples/s
  step   350/1756 | loss 11.2777 | data 0.1 ms | step 15.2 ms | 33623.5 samples/s
  step   400/1756 | loss 10.4178 | data 0.1 ms | step 15.7 ms | 32636.2 samples/s
  step   450/1756 | loss 10.9461 | data 0.1 ms | step 15.5 ms | 33057.0 samples/s
  step   500/1756 | loss 10.1836 | data 0.1 ms | step 15.6 ms | 32807.5 samples/s
  step   550/1756 | loss 11.0730 | data 0.1 ms | step 15.5 ms | 33010.5 samples/s
  step   600/1756 | loss 10.6272 | data 0.1 ms | step 15.4 ms | 33197.5 samples/s
  step   650/1756 | loss 11.1804 | data 0.1 ms | step 15.5 ms | 33034.9 samples/s
  step   700/1756 | loss 10.3231 | data 0.1 ms | step 15.7 ms | 32603.0 samples/s
  step   750/1756 | loss 10.5402 | data 0.1 ms | step 15.7 ms | 32678.3 samples/s
  step   800/1756 | loss 10.3999 | data 0.1 ms | step 15.2 ms | 33720.1 samples/s
  step   850/1756 | loss 10.0657 | data 0.1 ms | step 15.1 ms | 33904.3 samples/s
  step   900/1756 | loss 10.5536 | data 0.1 ms | step 16.2 ms | 31587.3 samples/s
  step   950/1756 | loss 11.1376 | data 0.1 ms | step 16.0 ms | 31990.4 samples/s
  step  1000/1756 | loss 10.8598 | data 0.1 ms | step 15.1 ms | 33953.8 samples/s
  step  1050/1756 | loss 10.6712 | data 0.1 ms | step 15.9 ms | 32236.4 samples/s
  step  1100/1756 | loss 10.3734 | data 0.1 ms | step 15.1 ms | 33954.9 samples/s
  step  1150/1756 | loss 10.7630 | data 0.1 ms | step 16.1 ms | 31860.0 samples/s
  step  1200/1756 | loss 10.3077 | data 0.1 ms | step 15.8 ms | 32362.3 samples/s
  step  1250/1756 | loss 10.1629 | data 0.1 ms | step 15.1 ms | 33934.7 samples/s
  step  1300/1756 | loss 9.8195 | data 0.1 ms | step 16.0 ms | 31949.4 samples/s
  step  1350/1756 | loss 10.4411 | data 0.1 ms | step 15.9 ms | 32199.9 samples/s
  step  1400/1756 | loss 10.4660 | data 0.1 ms | step 15.1 ms | 33862.4 samples/s
  step  1450/1756 | loss 10.2753 | data 0.1 ms | step 15.2 ms | 33757.5 samples/s
  step  1500/1756 | loss 10.5430 | data 0.1 ms | step 15.4 ms | 33141.7 samples/s
  step  1550/1756 | loss 11.5032 | data 0.1 ms | step 16.3 ms | 31442.4 samples/s
  step  1600/1756 | loss 10.6584 | data 0.1 ms | step 15.4 ms | 33295.8 samples/s
  step  1650/1756 | loss 10.6162 | data 0.1 ms | step 15.1 ms | 33956.7 samples/s
  step  1700/1756 | loss 10.3481 | data 0.1 ms | step 15.1 ms | 33922.4 samples/s
  step  1750/1756 | loss 10.2688 | data 0.7 ms | step 15.1 ms | 33943.9 samples/s
Training Loss: 10.623509 | 33047.2 samples/s
Peak GPU memory: 1978.4 MB
Validation Loss: 10.417162 | 111139.1 samples/s

Epoch 79/100
----------------------------------------
Learning Rate: 0.000039
  step    50/1756 | loss 10.8951 | data 0.7 ms | step 15.1 ms | 33920.6 samples/s
  step   100/1756 | loss 10.3030 | data 0.1 ms | step 15.1 ms | 33971.8 samples/s
  step   150/1756 | loss 10.2920 | data 0.1 ms | step 15.1 ms | 33930.0 samples/s
  step   200/1756 | loss 10.5397 | data 0.1 ms | step 15.1 ms | 33951.4 samples/s
  step   250/1756 | loss 10.4846 | data 0.1 ms | step 15.1 ms | 33976.1 samples/s
  step   300/1756 | loss 10.2447 | data 0.1 ms | step 15.1 ms | 33916.1 samples/s
  step   350/1756 | loss 10.4074 | data 0.1 ms | step 15.1 ms | 33962.7 samples/s
  step   400/1756 | loss 10.2818 | data 0.1 ms | step 15.1 ms | 33978.4 samples/s
  step   450/1756 | loss 11.1320 | data 0.1 ms | step 15.1 ms | 33955.3 samples/s
  step   500/1756 | loss 10.3879 | data 0.1 ms | step 15.1 ms | 33955.5 samples/s
  step   550/1756 | loss 10.4622 | data 0.1 ms | step 15.1 ms | 33952.6 samples/s
  step   600/1756 | loss 10.2008 | data 0.1 ms | step 15.1 ms | 33955.8 samples/s
  step   650/1756 | loss 9.9532 | data 0.1 ms | step 15.1 ms | 33974.7 samples/s
  step   700/1756 | loss 10.2588 | data 0.1 ms | step 15.1 ms | 33960.7 samples/s
  step   750/1756 | loss 10.2623 | data 0.1 ms | step 15.1 ms | 33947.4 samples/s
  step   800/1756 | loss 10.6619 | data 0.1 ms | step 15.1 ms | 33967.4 samples/s
  step   850/1756 | loss 10.7734 | data 0.1 ms | step 15.1 ms | 33979.1 samples/s
  step   900/1756 | loss 10.2859 | data 0.1 ms | step 15.1 ms | 33952.8 samples/s
  step   950/1756 | loss 10.2631 | data 0.1 ms | step 15.1 ms | 33936.8 samples/s
  step  1000/1756 | loss 10.1529 | data 0.1 ms | step 15.1 ms | 33955.2 samples/s
  step  1050/1756 | loss 10.4016 | data 0.1 ms | step 15.1 ms | 33950.8 samples/s
  step  1100/1756 | loss 10.5300 | data 0.1 ms | step 15.1 ms | 33960.7 samples/s
  step  1150/1756 | loss 10.8553 | data 0.1 ms | step 15.1 ms | 33965.7 samples/s
  step  1200/1756 | loss 10.5989 | data 0.1 ms | step 15.1 ms | 33895.6 samples/s
  step  1250/1756 | loss 10.0659 | data 0.1 ms | step 15.1 ms | 33946.2 samples/s
  step  1300/1756 | loss 10.1145 | data 0.1 ms | step 15.1 ms | 33957.5 samples/s
  step  1350/1756 | loss 10.6294 | data 0.1 ms | step 15.1 ms | 33934.5 samples/s
  step  1400/1756 | loss 10.2310 | data 0.1 ms | step 15.1 ms | 33985.3 samples/s
  step  1450/1756 | loss 10.3894 | data 0.1 ms | step 15.1 ms | 33897.2 samples/s
  step  1500/1756 | loss 10.6378 | data 0.1 ms | step 15.1 ms | 33959.5 samples/s
  step  1550/1756 | loss 10.8855 | data 0.1 ms | step 15.1 ms | 33976.5 samples/s
  step  1600/1756 | loss 9.7529 | data 0.1 ms | step 15.1 ms | 33974.4 samples/s
  step  1650/1756 | loss 10.3465 | data 0.1 ms | step 15.1 ms | 33840.7 samples/s
  step  1700/1756 | loss 9.8679 | data 0.1 ms | step 15.1 ms | 33967.9 samples/s
  step  1750/1756 | loss 10.1813 | data 0.6 ms | step 15.1 ms | 33949.2 samples/s
Training Loss: 10.396030 | 33942.6 samples/s
Peak GPU memory: 1978.4 MB
Validation Loss: 10.448768 | 111371.2 samples/s

Epoch 80/100
----------------------------------------
Learning Rate: 0.000036
  step    50/1756 | loss 10.6776 | data 0.7 ms | step 15.1 ms | 33833.0 samples/s
  step   100/1756 | loss 10.1703 | data 0.1 ms | step 15.1 ms | 33959.7 samples/s
  step   150/1756 | loss 9.8987 | data 0.1 ms | step 15.1 ms | 33963.1 samples/s
  step   200/1756 | loss 10.7926 | data 0.1 ms | step 15.1 ms | 33910.0 samples/s
  step   250/1756 | loss 9.7149 | data 0.1 ms | step 15.1 ms | 33972.7 samples/s
  step   300/1756 | loss 10.6070 | data 0.1 ms | step 15.1 ms | 33976.7 samples/s
  step   350/1756 | loss 11.3849 | data 0.1 ms | step 15.1 ms | 33955.6 samples/s
  step   400/1756 | loss 10.8789 | data 0.1 ms | step 15.1 ms | 33971.2 samples/s
  step   450/1756 | loss 10.5355 | data 0.1 ms | step 15.1 ms | 33970.6 samples/s
  step   500/1756 | loss 10.6496 | data 0.1 ms | step 15.1 ms | 33970.3 samples/s
  step   550/1756 | loss 10.3890 | data 0.1 ms | step 15.1 ms | 33931.6 samples/s
  step   600/1756 | loss 10.5348 | data 0.1 ms | step 15.1 ms | 33979.7 samples/s
  step   650/1756 | loss 10.9187 | data 0.1 ms | step 15.1 ms | 33960.9 samples/s
  step   700/1756 | loss 10.6758 | data 0.1 ms | step 15.1 ms | 33932.3 samples/s
  step   750/1756 | loss 9.8747 | data 0.1 ms | step 15.1 ms | 33905.3 samples/s
  step   800/1756 | loss 9.6842 | data 0.1 ms | step 15.1 ms | 33954.2 samples/s
  step   850/1756 | loss 10.3678 | data 0.1 ms | step 15.1 ms | 33938.6 samples/s
  step   900/1756 | loss 9.8559 | data 0.1 ms | step 15.1 ms | 33951.2 samples/s
  step   950/1756 | loss 10.1235 | data 0.1 ms | step 15.1 ms | 33854.7 samples/s
  step  1000/1756 | loss 9.7461 | data 0.1 ms | step 15.1 ms | 33825.4 samples/s
  step  1050/1756 | loss 10.8924 | data 0.1 ms | step 15.6 ms | 32859.4 samples/s
  step  1100/1756 | loss 9.9103 | data 0.1 ms | step 15.1 ms | 33984.6 samples/s
  step  1150/1756 | loss 10.8107 | data 0.1 ms | step 15.1 ms | 33915.1 samples/s
  step  1200/1756 | loss 10.3641 | data 0.1 ms | step 15.1 ms | 33969.5 samples/s
  step  1250/1756 | loss 10.2047 | data 0.1 ms | step 15.1 ms | 33956.6 samples/s
  step  1300/1756 | loss 10.5235 | data 0.1 ms | step 15.2 ms | 33702.8 samples/s
  step  1350/1756 | loss 9.6691 | data 0.1 ms | step 15.1 ms | 33966.0 samples/s
  step  1400/1756 | loss 10.6451 | data 0.1 ms | step 15.1 ms | 33964.0 samples/s
  step  1450/1756 | loss 10.2568 | data 0.1 ms | step 15.1 ms | 33871.8 samples/s
  step  1500/1756 | loss 10.6777 | data 0.1 ms | step 15.9 ms | 32242.3 samples/s
  step  1550/1756 | loss 10.4602 | data 0.1 ms | step 15.3 ms | 33410.3 samples/s
  step  1600/1756 | loss 10.7302 | data 0.1 ms | step 15.1 ms | 33812.1 samples/s
  step  1650/1756 | loss 10.4441 | data 0.1 ms | step 15.5 ms | 32998.7 samples/s
  step  1700/1756 | loss 10.3931 | data 0.1 ms | step 15.6 ms | 32860.0 samples/s
  step  1750/1756 | loss 10.7853 | data 0.7 ms | step 15.1 ms | 33914.0 samples/s
Training Loss: 10.407238 | 33763.7 samples/s
Peak GPU memory: 1978.4 MB
Validation Loss: 10.236305 | 109688.5 samples/s

Epoch 81/100
----------------------------------------
Learning Rate: 0.000033
  step    50/1756 | loss 10.3942 | data 0.6 ms | step 15.1 ms | 33924.9 samples/s
  step   100/1756 | loss 10.3172 | data 0.1 ms | step 15.1 ms | 33964.8 samples/s
  step   150/1756 | loss 11.3336 | data 0.1 ms | step 15.1 ms | 33896.2 samples/s
  step   200/1756 | loss 10.2407 | data 0.1 ms | step 15.1 ms | 33943.4 samples/s
  step   250/1756 | loss 10.8092 | data 0.1 ms | step 15.1 ms | 33929.7 samples/s
  step   300/1756 | loss 11.1424 | data 0.1 ms | step 15.1 ms | 33943.2 samples/s
  step   350/1756 | loss 10.6222 | data 0.1 ms | step 15.1 ms | 33966.7 samples/s
  step   400/1756 | loss 10.0929 | data 0.1 ms | step 15.1 ms | 33992.4 samples/s
  step   450/1756 | loss 9.4712 | data 0.1 ms | step 15.1 ms | 33963.7 samples/s
  step   500/1756 | loss 11.2721 | data 0.1 ms | step 15.1 ms | 33883.8 samples/s
  step   550/1756 | loss 10.9556 | data 0.1 ms | step 15.1 ms | 33958.5 samples/s
  step   600/1756 | loss 10.8920 | data 0.1 ms | step 15.1 ms | 33975.5 samples/s
  step   650/1756 | loss 10.4389 | data 0.1 ms | step 15.1 ms | 33998.5 samples/s
  step   700/1756 | loss 10.5907 | data 0.1 ms | step 15.1 ms | 33983.6 samples/s
  step   750/1756 | loss 10.6669 | data 0.1 ms | step 15.1 ms | 33955.3 samples/s
  step   800/1756 | loss 10.3229 | data 0.1 ms | step 15.1 ms | 34002.8 samples/s
  step   850/1756 | loss 10.4339 | data 0.1 ms | step 15.1 ms | 33978.0 samples/s
  step   900/1756 | loss 10.3643 | data 0.1 ms | step 15.1 ms | 33977.6 samples/s
  step   950/1756 | loss 10.3578 | data 0.1 ms | step 15.1 ms | 33984.7 samples/s
  step  1000/1756 | loss 10.0857 | data 0.1 ms | step 15.1 ms | 33987.2 samples/s
  step  1050/1756 | loss 10.1725 | data 0.1 ms | step 15.2 ms | 33705.9 samples/s
  step  1100/1756 | loss 10.7617 | data 0.1 ms | step 15.1 ms | 33867.7 samples/s
  step  1150/1756 | loss 10.1852 | data 0.1 ms | step 15.1 ms | 33955.4 samples/s
  step  1200/1756 | loss 9.9940 | data 0.1 ms | step 15.1 ms | 33942.2 samples/s
  step  1250/1756 | loss 10.5320 | data 0.1 ms | step 15.1 ms | 33964.3 samples/s
  step  1300/1756 | loss 9.9007 | data 0.1 ms | step 15.1 ms | 33954.9 samples/s
  step  1350/1756 | loss 9.9148 | data 0.1 ms | step 15.1 ms | 33953.9 samples/s
  step  1400/1756 | loss 9.5353 | data 0.1 ms | step 15.1 ms | 33966.1 samples/s
  step  1450/1756 | loss 11.1091 | data 0.1 ms | step 15.1 ms | 33957.0 samples/s
  step  1500/1756 | loss 10.6311 | data 0.1 ms | step 15.1 ms | 33921.6 samples/s
  step  1550/1756 | loss 10.4877 | data 0.1 ms | step 15.1 ms | 33871.0 samples/s
  step  1600/1756 | loss 10.7168 | data 0.1 ms | step 15.1 ms | 33825.3 samples/s
  step  1650/1756 | loss 10.3297 | data 0.1 ms | step 15.1 ms | 33916.0 samples/s
  step  1700/1756 | loss 9.9488 | data 0.1 ms | step 15.1 ms | 33918.6 samples/s
  step  1750/1756 | loss 10.3650 | data 0.7 ms | step 15.1 ms | 33941.7 samples/s
Training Loss: 10.434487 | 33931.7 samples/s
Peak GPU memory: 1978.4 MB
Validation Loss: 10.435704 | 111241.9 samples/s

Epoch 82/100
----------------------------------------
Learning Rate: 0.000030
  step    50/1756 | loss 11.1039 | data 0.7 ms | step 15.1 ms | 33937.7 samples/s
  step   100/1756 | loss 10.9008 | data 0.1 ms | step 15.1 ms | 33924.1 samples/s
  step   150/1756 | loss 10.1404 | data 0.1 ms | step 15.1 ms | 33963.5 samples/s
  step   200/1756 | loss 10.4345 | data 0.1 ms | step 15.1 ms | 33979.0 samples/s
  step   250/1756 | loss 11.3542 | data 0.1 ms | step 15.1 ms | 33821.7 samples/s
  step   300/1756 | loss 10.5171 | data 0.1 ms | step 15.1 ms | 33907.4 samples/s
  step   350/1756 | loss 10.9081 | data 0.1 ms | step 15.1 ms | 33966.1 samples/s
  step   400/1756 | loss 10.5222 | data 0.1 ms | step 15.1 ms | 33937.6 samples/s
  step   450/1756 | loss 10.6703 | data 0.1 ms | step 15.1 ms | 33951.0 samples/s
  step   500/1756 | loss 10.0048 | data 0.1 ms | step 15.1 ms | 33967.0 samples/s
  step   550/1756 | loss 9.7598 | data 0.1 ms | step 15.1 ms | 33934.7 samples/s
  step   600/1756 | loss 10.5344 | data 0.1 ms | step 15.1 ms | 33952.3 samples/s
  step   650/1756 | loss 10.2407 | data 0.1 ms | step 15.1 ms | 33973.0 samples/s
  step   700/1756 | loss 10.5870 | data 0.1 ms | step 15.1 ms | 33904.4 samples/s
  step   750/1756 | loss 10.0377 | data 0.1 ms | step 15.1 ms | 33961.2 samples/s
  step   800/1756 | loss 10.6762 | data 0.1 ms | step 15.1 ms | 33923.4 samples/s
  step   850/1756 | loss 10.9118 | data 0.1 ms | step 15.1 ms | 33883.5 samples/s
  step   900/1756 | loss 11.3909 | data 0.1 ms | step 15.1 ms | 33955.5 samples/s
  step   950/1756 | loss 10.9610 | data 0.1 ms | step 15.1 ms | 33937.2 samples/s
  step  1000/1756 | loss 10.4486 | data 0.1 ms | step 15.1 ms | 33902.1 samples/s
  step  1050/1756 | loss 10.2038 | data 0.1 ms | step 15.1 ms | 33959.1 samples/s
  step  1100/1756 | loss 10.0684 | data 0.1 ms | step 15.1 ms | 33922.6 samples/s
  step  1150/1756 | loss 10.3111 | data 0.1 ms | step 15.1 ms | 33907.7 samples/s
  step  1200/1756 | loss 10.4685 | data 0.1 ms | step 15.1 ms | 33977.2 samples/s
  step  1250/1756 | loss 10.7270 | data 0.1 ms | step 15.1 ms | 33920.7 samples/s
  step  1300/1756 | loss 10.3093 | data 0.1 ms | step 15.1 ms | 33947.6 samples/s
  step  1350/1756 | loss 10.7245 | data 0.1 ms | step 15.1 ms | 33930.3 samples/s
  step  1400/1756 | loss 10.8409 | data 0.1 ms | step 15.1 ms | 33890.4 samples/s
  step  1450/1756 | loss 10.0875 | data 0.1 ms | step 15.1 ms | 33948.7 samples/s
  step  1500/1756 | loss 9.9261 | data 0.1 ms | step 15.3 ms | 33516.5 samples/s
  step  1550/1756 | loss 9.6431 | data 0.1 ms | step 15.7 ms | 32631.5 samples/s
  step  1600/1756 | loss 10.1761 | data 0.1 ms | step 15.3 ms | 33511.5 samples/s
  step  1650/1756 | loss 10.3145 | data 0.1 ms | step 15.8 ms | 32411.0 samples/s
  step  1700/1756 | loss 10.6912 | data 0.1 ms | step 15.1 ms | 33884.5 samples/s
  step  1750/1756 | loss 9.9946 | data 0.7 ms | step 15.1 ms | 33908.3 samples/s
Training Loss: 10.478662 | 33816.5 samples/s
Peak GPU memory: 1978.4 MB
Validation Loss: 10.436551 | 111141.6 samples/s

Epoch 83/100
----------------------------------------
Learning Rate: 0.000027
  step    50/1756 | loss 10.0350 | data 0.6 ms | step 15.1 ms | 33852.6 samples/s
  step   100/1756 | loss 10.2262 | data 0.1 ms | step 15.1 ms | 33969.4 samples/s
  step   150/1756 | loss 10.4175 | data 0.1 ms | step 15.1 ms | 33917.5 samples/s
  step   200/1756 | loss 9.9392 | data 0.1 ms | step 15.1 ms | 33969.2 samples/s
  step   250/1756 | loss 10.2094 | data 0.1 ms | step 15.1 ms | 33880.4 samples/s
  step   300/1756 | loss 10.3948 | data 0.1 ms | step 15.1 ms | 33939.2 samples/s
  step   350/1756 | loss 9.6173 | data 0.1 ms | step 15.1 ms | 33950.1 samples/s
  step   400/1756 | loss 10.4181 | data 0.1 ms | step 15.1 ms | 33967.6 samples/s
  step   450/1756 | loss 10.1656 | data 0.1 ms | step 15.1 ms | 33929.5 samples/s
  step   500/1756 | loss 10.4018 | data 0.1 ms | step 15.1 ms | 33959.4 samples/s
  step   550/1756 | loss 10.7953 | data 0.1 ms | step 15.1 ms | 33931.7 samples/s
  step   600/1756 | loss 10.6942 | data 0.1 ms | step 15.1 ms | 33861.1 samples/s
  step   650/1756 | loss 11.3705 | data 0.1 ms | step 15.1 ms | 33966.1 samples/s
  step   700/1756 | loss 10.5243 | data 0.1 ms | step 15.1 ms | 33973.5 samples/s
  step   750/1756 | loss 10.1714 | data 0.1 ms | step 15.1 ms | 33947.2 samples/s
  step   800/1756 | loss 10.9984 | data 0.1 ms | step 15.1 ms | 33936.3 samples/s
  step   850/1756 | loss 10.2263 | data 0.1 ms | step 15.1 ms | 33962.4 samples/s
  step   900/1756 | loss 9.9567 | data 0.1 ms | step 15.1 ms | 33947.5 samples/s
  step   950/1756 | loss 10.8730 | data 0.1 ms | step 15.1 ms | 33901.0 samples/s
  step  1000/1756 | loss 10.6477 | data 0.1 ms | step 15.1 ms | 33976.3 samples/s
  step  1050/1756 | loss 9.9795 | data 0.1 ms | step 15.1 ms | 33960.7 samples/s
  step  1100/1756 | loss 10.9217 | data 0.1 ms | step 15.1 ms | 33941.1 samples/s
  step  1150/1756 | loss 10.2011 | data 0.1 ms | step 15.1 ms | 33826.5 samples/s
  step  1200/1756 | loss 10.4377 | data 0.1 ms | step 15.1 ms | 33991.2 samples/s
  step  1250/1756 | loss 10.2049 | data 0.1 ms | step 15.1 ms | 33940.1 samples/s
  step  1300/1756 | loss 10.1484 | data 0.1 ms | step 15.1 ms | 33986.6 samples/s
  step  1350/1756 | loss 10.1019 | data 0.1 ms | step 15.1 ms | 33980.3 samples/s
  step  1400/1756 | loss 11.1201 | data 0.1 ms | step 15.1 ms | 33911.9 samples/s
  step  1450/1756 | loss 10.1031 | data 0.1 ms | step 15.1 ms | 33966.2 samples/s
  step  1500/1756 | loss 10.6463 | data 0.1 ms | step 15.1 ms | 33955.8 samples/s
  step  1550/1756 | loss 10.6672 | data 0.1 ms | step 15.1 ms | 33949.0 samples/s
  step  1600/1756 | loss 10.5565 | data 0.1 ms | step 15.1 ms | 33959.7 samples/s
  step  1650/1756 | loss 10.5968 | data 0.1 ms | step 15.1 ms | 33895.4 samples/s
  step  1700/1756 | loss 10.3445 | data 0.1 ms | step 15.1 ms | 33815.8 samples/s
  step  1750/1756 | loss 10.8764 | data 0.7 ms | step 15.1 ms | 33940.8 samples/s
Training Loss: 10.425478 | 33928.1 samples/s
Peak GPU memory: 1978.4 MB
Validation Loss: 10.234591 | 111323.8 samples/s

Epoch 84/100
----------------------------------------
Learning Rate: 0.000024
  step    50/1756 | loss 10.6856 | data 0.7 ms | step 15.1 ms | 33911.7 samples/s
  step   100/1756 | loss 10.5834 | data 0.1 ms | step 15.1 ms | 33923.6 samples/s
  step   150/1756 | loss 10.5288 | data 0.1 ms | step 15.1 ms | 33976.4 samples/s
  step   200/1756 | loss 9.8292 | data 0.1 ms | step 15.1 ms | 33943.2 samples/s
  step   250/1756 | loss 10.2113 | data 0.1 ms | step 15.1 ms | 33932.4 samples/s
  step   300/1756 | loss 10.5512 | data 0.1 ms | step 15.1 ms | 33976.0 samples/s
  step   350/1756 | loss 10.1189 | data 0.1 ms | step 15.1 ms | 33839.8 samples/s
  step   400/1756 | loss 10.4687 | data 0.1 ms | step 15.1 ms | 33936.8 samples/s
  step   450/1756 | loss 9.9896 | data 0.1 ms | step 15.1 ms | 33922.6 samples/s
  step   500/1756 | loss 10.1382 | data 0.1 ms | step 15.1 ms | 33957.9 samples/s
  step   550/1756 | loss 9.8505 | data 0.1 ms | step 15.1 ms | 33953.7 samples/s
  step   600/1756 | loss 10.8559 | data 0.1 ms | step 15.1 ms | 33928.9 samples/s
  step   650/1756 | loss 10.5988 | data 0.1 ms | step 15.1 ms | 33911.9 samples/s
  step   700/1756 | loss 10.8478 | data 0.1 ms | step 15.1 ms | 33947.9 samples/s
  step   750/1756 | loss 10.8553 | data 0.1 ms | step 15.1 ms | 33953.5 samples/s
  step   800/1756 | loss 10.9646 | data 0.1 ms | step 15.1 ms | 33932.6 samples/s
  step   850/1756 | loss 10.4490 | data 0.1 ms | step 15.1 ms | 33890.5 samples/s
  step   900/1756 | loss 10.7766 | data 0.1 ms | step 15.1 ms | 33850.1 samples/s
  step   950/1756 | loss 10.1428 | data 0.1 ms | step 15.1 ms | 33943.2 samples/s
  step  1000/1756 | loss 10.1087 | data 0.1 ms | step 15.1 ms | 33927.7 samples/s
  step  1050/1756 | loss 10.4073 | data 0.1 ms | step 15.1 ms | 33942.1 samples/s
  step  1100/1756 | loss 10.6013 | data 0.1 ms | step 15.1 ms | 33903.6 samples/s
  step  1150/1756 | loss 10.5845 | data 0.1 ms | step 15.1 ms | 33928.0 samples/s
  step  1200/1756 | loss 11.0984 | data 0.1 ms | step 15.1 ms | 33909.6 samples/s
  step  1250/1756 | loss 10.8622 | data 0.1 ms | step 15.1 ms | 33901.0 samples/s
  step  1300/1756 | loss 10.8079 | data 0.1 ms | step 15.1 ms | 33856.5 samples/s
  step  1350/1756 | loss 10.3564 | data 0.1 ms | step 15.1 ms | 33920.0 samples/s
  step  1400/1756 | loss 11.0572 | data 0.1 ms | step 15.1 ms | 33896.7 samples/s
  step  1450/1756 | loss 10.4994 | data 0.1 ms | step 15.1 ms | 33821.8 samples/s
  step  1500/1756 | loss 10.0984 | data 0.1 ms | step 15.1 ms | 33905.3 samples/s
  step  1550/1756 | loss 10.2706 | data 0.1 ms | step 15.1 ms | 33942.3 samples/s
  step  1600/1756 | loss 10.1284 | data 0.1 ms | step 15.1 ms | 33956.0 samples/s
  step  1650/1756 | loss 10.6267 | data 0.1 ms | step 15.1 ms | 33930.0 samples/s
  step  1700/1756 | loss 10.5607 | data 0.1 ms | step 15.1 ms | 33930.3 samples/s
  step  1750/1756 | loss 9.6544 | data 0.6 ms | step 15.1 ms | 33924.7 samples/s
Training Loss: 10.458620 | 33913.0 samples/s
Peak GPU memory: 1978.4 MB
Validation Loss: 10.145976 | 111309.3 samples/s

Epoch 85/100
----------------------------------------
Learning Rate: 0.000021
  step    50/1756 | loss 10.1635 | data 0.7 ms | step 15.1 ms | 33903.3 samples/s
  step   100/1756 | loss 9.9005 | data 0.1 ms | step 15.1 ms | 33805.4 samples/s
  step   150/1756 | loss 10.0339 | data 0.1 ms | step 15.1 ms | 33960.8 samples/s
  step   200/1756 | loss 10.4889 | data 0.1 ms | step 15.1 ms | 33942.3 samples/s
  step   250/1756 | loss 11.1716 | data 0.1 ms | step 15.1 ms | 33966.6 samples/s
  step   300/1756 | loss 10.2083 | data 0.1 ms | step 15.1 ms | 33958.3 samples/s
  step   350/1756 | loss 9.8236 | data 0.1 ms | step 15.1 ms | 33929.3 samples/s
  step   400/1756 | loss 9.9353 | data 0.1 ms | step 15.1 ms | 33950.9 samples/s
  step   450/1756 | loss 10.7607 | data 0.1 ms | step 15.1 ms | 33975.7 samples/s
  step   500/1756 | loss 9.7204 | data 0.1 ms | step 15.1 ms | 33862.0 samples/s
  step   550/1756 | loss 10.4078 | data 0.1 ms | step 15.1 ms | 33966.6 samples/s
  step   600/1756 | loss 9.8964 | data 0.1 ms | step 15.1 ms | 33960.5 samples/s
  step   650/1756 | loss 10.9133 | data 0.1 ms | step 15.1 ms | 33819.3 samples/s
  step   700/1756 | loss 10.8291 | data 0.1 ms | step 15.1 ms | 33964.6 samples/s
  step   750/1756 | loss 10.4370 | data 0.1 ms | step 15.1 ms | 33967.1 samples/s
  step   800/1756 | loss 10.4878 | data 0.1 ms | step 15.1 ms | 33918.1 samples/s
  step   850/1756 | loss 10.1698 | data 0.1 ms | step 15.1 ms | 33967.3 samples/s
  step   900/1756 | loss 10.3637 | data 0.1 ms | step 15.1 ms | 33973.6 samples/s
  step   950/1756 | loss 10.4225 | data 0.1 ms | step 15.1 ms | 33953.0 samples/s
  step  1000/1756 | loss 10.0692 | data 0.1 ms | step 15.1 ms | 33902.3 samples/s
  step  1050/1756 | loss 9.9643 | data 0.1 ms | step 15.1 ms | 33962.2 samples/s
  step  1100/1756 | loss 10.0057 | data 0.1 ms | step 15.1 ms | 33956.0 samples/s
  step  1150/1756 | loss 10.4284 | data 0.1 ms | step 15.1 ms | 33973.9 samples/s
  step  1200/1756 | loss 10.4889 | data 0.1 ms | step 15.1 ms | 33852.5 samples/s
  step  1250/1756 | loss 9.8172 | data 0.1 ms | step 15.1 ms | 33940.2 samples/s
  step  1300/1756 | loss 9.9053 | data 0.1 ms | step 15.1 ms | 33957.3 samples/s
  step  1350/1756 | loss 9.3695 | data 0.1 ms | step 15.1 ms | 33954.2 samples/s
  step  1400/1756 | loss 10.0264 | data 0.1 ms | step 15.1 ms | 33963.0 samples/s
  step  1450/1756 | loss 10.1004 | data 0.1 ms | step 15.1 ms | 33989.1 samples/s
  step  1500/1756 | loss 9.7838 | data 0.1 ms | step 15.1 ms | 33988.7 samples/s
  step  1550/1756 | loss 10.3586 | data 0.1 ms | step 15.1 ms | 33943.5 samples/s
  step  1600/1756 | loss 9.8033 | data 0.1 ms | step 15.1 ms | 33970.5 samples/s
  step  1650/1756 | loss 9.9856 | data 0.1 ms | step 15.1 ms | 33969.2 samples/s
  step  1700/1756 | loss 10.5048 | data 0.1 ms | step 15.1 ms | 33916.4 samples/s
  step  1750/1756 | loss 9.0417 | data 0.6 ms | step 15.2 ms | 33755.1 samples/s
Training Loss: 10.159335 | 33927.7 samples/s
Peak GPU memory: 1978.4 MB
Validation Loss: 10.053276 | 111243.2 samples/s

Epoch 86/100
----------------------------------------
Learning Rate: 0.000019
  step    50/1756 | loss 10.2566 | data 0.6 ms | step 15.1 ms | 33951.5 samples/s
  step   100/1756 | loss 10.0885 | data 0.1 ms | step 15.1 ms | 33979.2 samples/s
  step   150/1756 | loss 10.3020 | data 0.1 ms | step 15.1 ms | 33963.1 samples/s
  step   200/1756 | loss 10.1504 | data 0.1 ms | step 15.1 ms | 33977.0 samples/s
  step   250/1756 | loss 9.9705 | data 0.1 ms | step 15.1 ms | 34002.2 samples/s
  step   300/1756 | loss 10.4968 | data 0.1 ms | step 15.1 ms | 33955.4 samples/s
  step   350/1756 | loss 10.0961 | data 0.1 ms | step 15.1 ms | 33960.8 samples/s
  step   400/1756 | loss 9.6294 | data 0.1 ms | step 15.1 ms | 33944.8 samples/s
  step   450/1756 | loss 10.0000 | data 0.1 ms | step 15.1 ms | 33861.4 samples/s
  step   500/1756 | loss 10.3751 | data 0.1 ms | step 15.1 ms | 33989.8 samples/s
  step   550/1756 | loss 10.4160 | data 0.1 ms | step 15.1 ms | 33980.3 samples/s
  step   600/1756 | loss 10.5250 | data 0.1 ms | step 15.1 ms | 33946.3 samples/s
  step   650/1756 | loss 10.0342 | data 0.1 ms | step 15.1 ms | 33984.6 samples/s
  step   700/1756 | loss 11.0508 | data 0.1 ms | step 15.1 ms | 33970.5 samples/s
  step   750/1756 | loss 10.5044 | data 0.1 ms | step 15.1 ms | 33940.0 samples/s
  step   800/1756 | loss 9.7750 | data 0.1 ms | step 15.1 ms | 33964.3 samples/s
  step   850/1756 | loss 9.9945 | data 0.1 ms | step 15.1 ms | 33950.6 samples/s
  step   900/1756 | loss 9.7593 | data 0.1 ms | step 15.1 ms | 33926.8 samples/s
  step   950/1756 | loss 10.7315 | data 0.1 ms | step 15.1 ms | 33952.6 samples/s
  step  1000/1756 | loss 10.1348 | data 0.1 ms | step 15.1 ms | 33842.5 samples/s
  step  1050/1756 | loss 10.1089 | data 0.1 ms | step 15.1 ms | 33975.0 samples/s
  step  1100/1756 | loss 9.9923 | data 0.1 ms | step 15.1 ms | 33982.2 samples/s
  step  1150/1756 | loss 10.0445 | data 0.1 ms | step 15.1 ms | 33966.5 samples/s
  step  1200/1756 | loss 10.2595 | data 0.1 ms | step 15.1 ms | 33922.1 samples/s
  step  1250/1756 | loss 10.6982 | data 0.1 ms | step 15.1 ms | 33922.4 samples/s
  step  1300/1756 | loss 10.0021 | data 0.1 ms | step 15.1 ms | 33976.9 samples/s
  step  1350/1756 | loss 9.9058 | data 0.1 ms | step 15.1 ms | 33946.4 samples/s
  step  1400/1756 | loss 10.2606 | data 0.1 ms | step 15.1 ms | 33957.6 samples/s
  step  1450/1756 | loss 10.2684 | data 0.1 ms | step 15.1 ms | 33965.3 samples/s
  step  1500/1756 | loss 10.3134 | data 0.1 ms | step 15.1 ms | 33927.0 samples/s
  step  1550/1756 | loss 10.2703 | data 0.1 ms | step 15.1 ms | 33809.0 samples/s
  step  1600/1756 | loss 9.8417 | data 0.1 ms | step 15.1 ms | 33998.0 samples/s
  step  1650/1756 | loss 9.8367 | data 0.1 ms | step 15.1 ms | 33915.5 samples/s
  step  1700/1756 | loss 9.9147 | data 0.1 ms | step 15.1 ms | 33952.3 samples/s
  step  1750/1756 | loss 9.9957 | data 0.6 ms | step 15.1 ms | 33957.8 samples/s
Training Loss: 10.169163 | 33941.5 samples/s
Peak GPU memory: 1978.4 MB
Validation Loss: 10.128617 | 111209.4 samples/s

Epoch 87/100
----------------------------------------
Learning Rate: 0.000017
  step    50/1756 | loss 9.9637 | data 0.7 ms | step 15.1 ms | 33906.8 samples/s
  step   100/1756 | loss 9.3341 | data 0.1 ms | step 15.1 ms | 33939.6 samples/s
  step   150/1756 | loss 9.9290 | data 0.1 ms | step 15.1 ms | 33887.7 samples/s
  step   200/1756 | loss 9.8574 | data 0.1 ms | step 15.2 ms | 33785.7 samples/s
  step   250/1756 | loss 10.4087 | data 0.1 ms | step 15.1 ms | 33906.7 samples/s
  step   300/1756 | loss 10.0961 | data 0.1 ms | step 16.1 ms | 31857.5 samples/s
  step   350/1756 | loss 10.3279 | data 0.1 ms | step 15.1 ms | 33915.9 samples/s
  step   400/1756 | loss 9.9021 | data 0.1 ms | step 15.1 ms | 33954.6 samples/s
  step   450/1756 | loss 10.5048 | data 0.1 ms | step 15.8 ms | 32447.7 samples/s
  step   500/1756 | loss 9.5633 | data 0.1 ms | step 15.1 ms | 33960.6 samples/s
  step   550/1756 | loss 9.9302 | data 0.1 ms | step 15.1 ms | 33879.0 samples/s
  step   600/1756 | loss 9.5053 | data 0.1 ms | step 15.1 ms | 33965.1 samples/s
  step   650/1756 | loss 10.1897 | data 0.1 ms | step 15.1 ms | 33955.9 samples/s
  step   700/1756 | loss 9.6232 | data 0.1 ms | step 15.1 ms | 33899.6 samples/s
  step   750/1756 | loss 9.9986 | data 0.1 ms | step 15.1 ms | 33854.2 samples/s
  step   800/1756 | loss 10.5578 | data 0.1 ms | step 15.1 ms | 33943.8 samples/s
  step   850/1756 | loss 10.2930 | data 0.1 ms | step 15.1 ms | 33935.8 samples/s
  step   900/1756 | loss 10.8419 | data 0.1 ms | step 15.1 ms | 33946.6 samples/s
  step   950/1756 | loss 9.5058 | data 0.1 ms | step 15.1 ms | 33939.6 samples/s
  step  1000/1756 | loss 9.5856 | data 0.1 ms | step 15.1 ms | 33943.8 samples/s
  step  1050/1756 | loss 9.8203 | data 0.1 ms | step 15.1 ms | 33951.9 samples/s
  step  1100/1756 | loss 10.1442 | data 0.1 ms | step 15.1 ms | 33942.9 samples/s
  step  1150/1756 | loss 9.8370 | data 0.1 ms | step 15.1 ms | 33944.6 samples/s
  step  1200/1756 | loss 9.7794 | data 0.1 ms | step 15.1 ms | 33940.8 samples/s
  step  1250/1756 | loss 10.1044 | data 0.1 ms | step 15.1 ms | 33935.6 samples/s
  step  1300/1756 | loss 10.7729 | data 0.1 ms | step 15.1 ms | 33832.0 samples/s
  step  1350/1756 | loss 10.3563 | data 0.1 ms | step 15.1 ms | 33969.1 samples/s
  step  1400/1756 | loss 10.1897 | data 0.1 ms | step 15.1 ms | 33943.3 samples/s
  step  1450/1756 | loss 9.9655 | data 0.1 ms | step 15.1 ms | 33946.6 samples/s
  step  1500/1756 | loss 10.0847 | data 0.1 ms | step 15.1 ms | 33946.3 samples/s
  step  1550/1756 | loss 9.5913 | data 0.1 ms | step 15.1 ms | 33975.5 samples/s
  step  1600/1756 | loss 10.2226 | data 0.1 ms | step 15.1 ms | 33925.7 samples/s
  step  1650/1756 | loss 9.7770 | data 0.1 ms | step 15.1 ms | 33979.8 samples/s
  step  1700/1756 | loss 9.9021 | data 0.1 ms | step 15.1 ms | 33964.1 samples/s
  step  1750/1756 | loss 9.2876 | data 0.6 ms | step 15.1 ms | 33931.9 samples/s
Training Loss: 9.996145 | 33815.1 samples/s
Peak GPU memory: 1978.4 MB
Validation Loss: 10.053623 | 111211.1 samples/s

Epoch 88/100
----------------------------------------
Learning Rate: 0.000015
  step    50/1756 | loss 10.1606 | data 0.7 ms | step 15.1 ms | 33912.0 samples/s
  step   100/1756 | loss 9.9890 | data 0.1 ms | step 15.1 ms | 33939.2 samples/s
  step   150/1756 | loss 9.6537 | data 0.1 ms | step 15.1 ms | 33924.7 samples/s
  step   200/1756 | loss 9.7979 | data 0.1 ms | step 15.1 ms | 33937.7 samples/s
  step   250/1756 | loss 9.9297 | data 0.1 ms | step 15.1 ms | 33942.5 samples/s
  step   300/1756 | loss 10.2349 | data 0.1 ms | step 15.1 ms | 33951.4 samples/s
  step   350/1756 | loss 10.2815 | data 0.1 ms | step 15.1 ms | 33964.7 samples/s
  step   400/1756 | loss 9.5498 | data 0.1 ms | step 15.1 ms | 33958.3 samples/s
  step   450/1756 | loss 10.5361 | data 0.1 ms | step 15.1 ms | 33950.3 samples/s
  step   500/1756 | loss 9.9903 | data 0.1 ms | step 15.1 ms | 33832.9 samples/s
  step   550/1756 | loss 9.7405 | data 0.1 ms | step 15.1 ms | 33972.6 samples/s
  step   600/1756 | loss 9.5680 | data 0.1 ms | step 15.1 ms | 33880.0 samples/s
  step   650/1756 | loss 9.9874 | data 0.1 ms | step 15.1 ms | 33940.9 samples/s
  step   700/1756 | loss 9.7757 | data 0.1 ms | step 15.1 ms | 33966.0 samples/s
  step   750/1756 | loss 9.7318 | data 0.1 ms | step 15.1 ms | 33940.0 samples/s
  step   800/1756 | loss 10.1084 | data 0.1 ms | step 15.1 ms | 33987.8 samples/s
  step   850/1756 | loss 9.6519 | data 0.1 ms | step 15.1 ms | 33957.0 samples/s
  step   900/1756 | loss 9.6855 | data 0.1 ms | step 15.1 ms | 33947.0 samples/s
  step   950/1756 | loss 9.3876 | data 0.1 ms | step 15.1 ms | 33943.5 samples/s
  step  1000/1756 | loss 10.3040 | data 0.1 ms | step 15.1 ms | 33939.3 samples/s
  step  1050/1756 | loss 10.0290 | data 0.1 ms | step 15.1 ms | 33814.9 samples/s
  step  1100/1756 | loss 9.8680 | data 0.1 ms | step 15.1 ms | 33955.3 samples/s
  step  1150/1756 | loss 9.9628 | data 0.1 ms | step 15.1 ms | 33954.7 samples/s
  step  1200/1756 | loss 10.0924 | data 0.1 ms | step 15.1 ms | 33942.7 samples/s
  step  1250/1756 | loss 10.0506 | data 0.1 ms | step 15.1 ms | 33936.8 samples/s
  step  1300/1756 | loss 10.0255 | data 0.1 ms | step 15.1 ms | 33921.8 samples/s
  step  1350/1756 | loss 10.6684 | data 0.1 ms | step 15.1 ms | 33969.2 samples/s
  step  1400/1756 | loss 9.5296 | data 0.1 ms | step 15.1 ms | 33928.6 samples/s
  step  1450/1756 | loss 10.0351 | data 0.1 ms | step 15.1 ms | 33943.2 samples/s
  step  1500/1756 | loss 10.1177 | data 0.1 ms | step 15.1 ms | 33867.2 samples/s
  step  1550/1756 | loss 10.2724 | data 0.1 ms | step 15.1 ms | 33874.9 samples/s
  step  1600/1756 | loss 10.0111 | data 0.1 ms | step 15.1 ms | 33844.3 samples/s
  step  1650/1756 | loss 9.7752 | data 0.1 ms | step 15.1 ms | 33964.6 samples/s
  step  1700/1756 | loss 9.9935 | data 0.1 ms | step 15.1 ms | 33924.0 samples/s
  step  1750/1756 | loss 9.6214 | data 0.6 ms | step 15.1 ms | 33952.7 samples/s
Training Loss: 9.943658 | 33923.0 samples/s
Peak GPU memory: 1978.4 MB
Validation Loss: 10.011611 | 111156.7 samples/s

Epoch 89/100
----------------------------------------
Learning Rate: 0.000013
  step    50/1756 | loss 9.8009 | data 0.7 ms | step 15.1 ms | 33944.9 samples/s
  step   100/1756 | loss 10.0732 | data 0.1 ms | step 15.1 ms | 33948.5 samples/s
  step   150/1756 | loss 9.8441 | data 0.1 ms | step 15.1 ms | 33976.8 samples/s
  step   200/1756 | loss 9.7131 | data 0.1 ms | step 15.1 ms | 33977.0 samples/s
  step   250/1756 | loss 10.0669 | data 0.1 ms | step 15.1 ms | 33967.4 samples/s
  step   300/1756 | loss 10.2546 | data 0.1 ms | step 15.1 ms | 33829.3 samples/s
  step   350/1756 | loss 10.4949 | data 0.1 ms | step 15.1 ms | 33979.7 samples/s
  step   400/1756 | loss 10.0837 | data 0.1 ms | step 15.1 ms | 33972.8 samples/s
  step   450/1756 | loss 9.3410 | data 0.1 ms | step 15.1 ms | 33928.7 samples/s
  step   500/1756 | loss 10.5630 | data 0.1 ms | step 15.1 ms | 33893.9 samples/s
  step   550/1756 | loss 9.5563 | data 0.1 ms | step 15.1 ms | 33911.1 samples/s
  step   600/1756 | loss 9.7237 | data 0.1 ms | step 15.1 ms | 33973.9 samples/s
  step   650/1756 | loss 9.9140 | data 0.1 ms | step 15.1 ms | 33906.9 samples/s
  step   700/1756 | loss 9.9720 | data 0.1 ms | step 15.1 ms | 33949.5 samples/s
  step   750/1756 | loss 9.7545 | data 0.1 ms | step 15.1 ms | 33973.7 samples/s
  step   800/1756 | loss 10.0713 | data 0.1 ms | step 15.1 ms | 33955.6 samples/s
  step   850/1756 | loss 9.6883 | data 0.1 ms | step 15.1 ms | 33822.6 samples/s
  step   900/1756 | loss 10.1249 | data 0.1 ms | step 15.1 ms | 33953.7 samples/s
  step   950/1756 | loss 9.8009 | data 0.1 ms | step 15.1 ms | 33992.6 samples/s
  step  1000/1756 | loss 9.6005 | data 0.1 ms | step 15.1 ms | 33957.8 samples/s
  step  1050/1756 | loss 10.1633 | data 0.1 ms | step 15.1 ms | 33972.4 samples/s
  step  1100/1756 | loss 9.9233 | data 0.1 ms | step 15.1 ms | 33964.5 samples/s
  step  1150/1756 | loss 9.7224 | data 0.1 ms | step 15.1 ms | 33939.3 samples/s
  step  1200/1756 | loss 9.5745 | data 0.1 ms | step 15.1 ms | 33971.3 samples/s
  step  1250/1756 | loss 9.5627 | data 0.1 ms | step 15.1 ms | 33993.0 samples/s
  step  1300/1756 | loss 9.6012 | data 0.1 ms | step 15.1 ms | 33984.7 samples/s
  step  1350/1756 | loss 9.8822 | data 0.1 ms | step 15.1 ms | 33999.4 samples/s
  step  1400/1756 | loss 9.8141 | data 0.1 ms | step 15.1 ms | 33861.5 samples/s
  step  1450/1756 | loss 9.8611 | data 0.1 ms | step 15.1 ms | 33825.6 samples/s
  step  1500/1756 | loss 9.5409 | data 0.1 ms | step 15.1 ms | 33951.6 samples/s
  step  1550/1756 | loss 9.8349 | data 0.1 ms | step 15.1 ms | 33953.8 samples/s
  step  1600/1756 | loss 9.7560 | data 0.1 ms | step 15.1 ms | 33933.3 samples/s
  step  1650/1756 | loss 10.1907 | data 0.1 ms | step 15.1 ms | 33959.8 samples/s
  step  1700/1756 | loss 9.9656 | data 0.1 ms | step 15.1 ms | 33925.6 samples/s
  step  1750/1756 | loss 9.8380 | data 0.6 ms | step 15.1 ms | 33939.6 samples/s
Training Loss: 9.875947 | 33935.1 samples/s
Peak GPU memory: 1978.4 MB
Validation Loss: 9.700628 | 111308.3 samples/s

Epoch 90/100
----------------------------------------
Learning Rate: 0.000011
  step    50/1756 | loss 9.9444 | data 0.8 ms | step 15.2 ms | 33728.1 samples/s
  step   100/1756 | loss 9.9489 | data 0.1 ms | step 15.1 ms | 33950.7 samples/s
  step   150/1756 | loss 10.1493 | data 0.1 ms | step 15.1 ms | 33943.3 samples/s
  step   200/1756 | loss 10.0849 | data 0.1 ms | step 15.1 ms | 33948.1 samples/s
  step   250/1756 | loss 9.6794 | data 0.1 ms | step 15.1 ms | 33942.6 samples/s
  step   300/1756 | loss 10.4163 | data 0.1 ms | step 15.1 ms | 33913.4 samples/s
  step   350/1756 | loss 9.6121 | data 0.1 ms | step 15.1 ms | 33930.5 samples/s
  step   400/1756 | loss 10.1541 | data 0.1 ms | step 15.1 ms | 33918.7 samples/s
  step   450/1756 | loss 10.0026 | data 0.1 ms | step 15.1 ms | 33939.4 samples/s
  step   500/1756 | loss 10.1293 | data 0.1 ms | step 15.1 ms | 33901.2 samples/s
  step   550/1756 | loss 10.1051 | data 0.1 ms | step 15.1 ms | 33968.1 samples/s
  step   600/1756 | loss 9.4863 | data 0.1 ms | step 15.1 ms | 33814.2 samples/s
  step   650/1756 | loss 9.7167 | data 0.1 ms | step 15.1 ms | 33934.8 samples/s
  step   700/1756 | loss 9.6225 | data 0.1 ms | step 15.1 ms | 33958.4 samples/s
  step   750/1756 | loss 10.4485 | data 0.1 ms | step 15.1 ms | 33954.8 samples/s
  step   800/1756 | loss 9.6272 | data 0.1 ms | step 15.1 ms | 33947.9 samples/s
  step   850/1756 | loss 9.6943 | data 0.1 ms | step 15.1 ms | 33952.7 samples/s
  step   900/1756 | loss 9.8041 | data 0.1 ms | step 15.1 ms | 33950.6 samples/s
  step   950/1756 | loss 10.1994 | data 0.1 ms | step 15.1 ms | 33943.3 samples/s
  step  1000/1756 | loss 10.0396 | data 0.1 ms | step 15.1 ms | 33926.6 samples/s
  step  1050/1756 | loss 10.2651 | data 0.1 ms | step 15.1 ms | 33951.9 samples/s
  step  1100/1756 | loss 10.3042 | data 0.1 ms | step 15.1 ms | 33939.8 samples/s
  step  1150/1756 | loss 9.4901 | data 0.1 ms | step 15.1 ms | 33824.9 samples/s
  step  1200/1756 | loss 9.8781 | data 0.1 ms | step 15.1 ms | 33973.2 samples/s
  step  1250/1756 | loss 9.7844 | data 0.1 ms | step 15.1 ms | 33942.5 samples/s
  step  1300/1756 | loss 9.5924 | data 0.1 ms | step 15.1 ms | 33956.6 samples/s
  step  1350/1756 | loss 9.5995 | data 0.1 ms | step 15.1 ms | 33957.7 samples/s
  step  1400/1756 | loss 10.3175 | data 0.1 ms | step 15.1 ms | 33910.4 samples/s
  step  1450/1756 | loss 9.9245 | data 0.1 ms | step 15.1 ms | 33963.7 samples/s
  step  1500/1756 | loss 9.8327 | data 0.1 ms | step 15.1 ms | 33958.5 samples/s
  step  1550/1756 | loss 8.9353 | data 0.1 ms | step 15.1 ms | 33948.4 samples/s
  step  1600/1756 | loss 9.3664 | data 0.1 ms | step 15.1 ms | 33956.9 samples/s
  step  1650/1756 | loss 9.7127 | data 0.1 ms | step 15.1 ms | 33974.4 samples/s
  step  1700/1756 | loss 9.5392 | data 0.1 ms | step 15.1 ms | 33856.0 samples/s
  step  1750/1756 | loss 9.0503 | data 0.6 ms | step 15.1 ms | 33908.5 samples/s
Training Loss: 9.842499 | 33920.5 samples/s
Peak GPU memory: 1978.4 MB
Validation Loss: 9.879703 | 111378.2 samples/s

Epoch 91/100
----------------------------------------
Learning Rate: 0.000009
  step    50/1756 | loss 9.6142 | data 0.8 ms | step 15.1 ms | 33944.8 samples/s
  step   100/1756 | loss 10.0010 | data 0.1 ms | step 15.1 ms | 33944.0 samples/s
  step   150/1756 | loss 9.2113 | data 0.1 ms | step 15.1 ms | 33969.6 samples/s
  step   200/1756 | loss 10.4353 | data 0.1 ms | step 15.1 ms | 33963.7 samples/s
  step   250/1756 | loss 9.7263 | data 0.1 ms | step 15.1 ms | 33960.0 samples/s
  step   300/1756 | loss 9.7316 | data 0.1 ms | step 15.1 ms | 33996.3 samples/s
  step   350/1756 | loss 9.2095 | data 0.1 ms | step 15.1 ms | 33954.2 samples/s
  step   400/1756 | loss 9.6018 | data 0.1 ms | step 15.2 ms | 33789.2 samples/s
  step   450/1756 | loss 9.7189 | data 0.1 ms | step 15.1 ms | 33947.4 samples/s
  step   500/1756 | loss 9.7287 | data 0.1 ms | step 15.1 ms | 33935.8 samples/s
  step   550/1756 | loss 9.6593 | data 0.1 ms | step 15.1 ms | 33898.0 samples/s
  step   600/1756 | loss 10.4989 | data 0.1 ms | step 15.1 ms | 33931.9 samples/s
  step   650/1756 | loss 9.7095 | data 0.1 ms | step 15.1 ms | 33937.9 samples/s
  step   700/1756 | loss 9.8261 | data 0.1 ms | step 15.1 ms | 33936.6 samples/s
  step   750/1756 | loss 9.9796 | data 0.1 ms | step 15.1 ms | 33943.2 samples/s
  step   800/1756 | loss 9.8729 | data 0.1 ms | step 15.1 ms | 33984.2 samples/s
  step   850/1756 | loss 9.7013 | data 0.1 ms | step 15.1 ms | 33971.9 samples/s
  step   900/1756 | loss 9.3338 | data 0.1 ms | step 15.1 ms | 33890.2 samples/s
  step   950/1756 | loss 9.9602 | data 0.1 ms | step 15.1 ms | 33891.6 samples/s
  step  1000/1756 | loss 9.7794 | data 0.1 ms | step 15.1 ms | 33980.9 samples/s
  step  1050/1756 | loss 9.9290 | data 0.1 ms | step 15.1 ms | 33961.7 samples/s
  step  1100/1756 | loss 9.7003 | data 0.1 ms | step 15.1 ms | 33985.7 samples/s
  step  1150/1756 | loss 9.3315 | data 0.1 ms | step 15.1 ms | 33940.7 samples/s
  step  1200/1756 | loss 9.8533 | data 0.1 ms | step 15.1 ms | 33947.7 samples/s
  step  1250/1756 | loss 9.5521 | data 0.1 ms | step 15.1 ms | 33988.8 samples/s
  step  1300/1756 | loss 9.9166 | data 0.1 ms | step 15.1 ms | 33988.2 samples/s
  step  1350/1756 | loss 10.4383 | data 0.1 ms | step 15.1 ms | 33938.4 samples/s
  step  1400/1756 | loss 9.7269 | data 0.1 ms | step 15.1 ms | 33985.1 samples/s
  step  1450/1756 | loss 10.1138 | data 0.1 ms | step 15.1 ms | 33941.4 samples/s
  step  1500/1756 | loss 9.3004 | data 0.1 ms | step 15.1 ms | 33807.2 samples/s
  step  1550/1756 | loss 9.4768 | data 0.1 ms | step 15.1 ms | 33946.1 samples/s
  step  1600/1756 | loss 9.7028 | data 0.1 ms | step 15.1 ms | 33917.9 samples/s
  step  1650/1756 | loss 9.6676 | data 0.1 ms | step 15.1 ms | 33912.5 samples/s
  step  1700/1756 | loss 9.9413 | data 0.1 ms | step 15.1 ms | 33869.2 samples/s
  step  1750/1756 | loss 9.5347 | data 0.6 ms | step 15.1 ms | 33949.5 samples/s
Training Loss: 9.764807 | 33931.2 samples/s
Peak GPU memory: 1978.4 MB
Validation Loss: 9.762078 | 111269.6 samples/s

Epoch 92/100
----------------------------------------
Learning Rate: 0.000008
  step    50/1756 | loss 9.3819 | data 0.8 ms | step 15.1 ms | 33886.0 samples/s
  step   100/1756 | loss 9.7625 | data 0.1 ms | step 15.1 ms | 33959.3 samples/s
  step   150/1756 | loss 8.7829 | data 0.1 ms | step 15.2 ms | 33744.0 samples/s
  step   200/1756 | loss 9.7492 | data 0.1 ms | step 15.1 ms | 33958.3 samples/s
  step   250/1756 | loss 9.3207 | data 0.1 ms | step 15.1 ms | 33959.3 samples/s
  step   300/1756 | loss 10.2975 | data 0.1 ms | step 15.1 ms | 33983.6 samples/s
  step   350/1756 | loss 10.0120 | data 0.1 ms | step 15.1 ms | 33900.2 samples/s
  step   400/1756 | loss 9.7626 | data 0.1 ms | step 15.1 ms | 33953.3 samples/s
  step   450/1756 | loss 9.9724 | data 0.1 ms | step 15.1 ms | 33959.1 samples/s
  step   500/1756 | loss 10.1977 | data 0.1 ms | step 15.1 ms | 33949.2 samples/s
  step   550/1756 | loss 10.0683 | data 0.1 ms | step 15.1 ms | 33982.0 samples/s
  step   600/1756 | loss 9.6009 | data 0.1 ms | step 15.1 ms | 33972.5 samples/s
  step   650/1756 | loss 9.6856 | data 0.1 ms | step 15.1 ms | 33962.7 samples/s
  step   700/1756 | loss 9.9862 | data 0.1 ms | step 15.1 ms | 33826.9 samples/s
  step   750/1756 | loss 10.2502 | data 0.1 ms | step 15.1 ms | 33958.0 samples/s
  step   800/1756 | loss 9.5151 | data 0.1 ms | step 15.1 ms | 33931.1 samples/s
  step   850/1756 | loss 9.3508 | data 0.1 ms | step 15.1 ms | 33967.9 samples/s
  step   900/1756 | loss 9.6863 | data 0.1 ms | step 15.1 ms | 33987.8 samples/s
  step   950/1756 | loss 9.9369 | data 0.1 ms | step 15.1 ms | 33965.9 samples/s
  step  1000/1756 | loss 9.7431 | data 0.1 ms | step 15.1 ms | 33980.2 samples/s
  step  1050/1756 | loss 9.3957 | data 0.1 ms | step 15.1 ms | 33983.8 samples/s
  step  1100/1756 | loss 9.6089 | data 0.1 ms | step 15.1 ms | 33959.1 samples/s
  step  1150/1756 | loss 9.5136 | data 0.1 ms | step 15.1 ms | 33962.9 samples/s
  step  1200/1756 | loss 9.3556 | data 0.1 ms | step 15.1 ms | 33988.1 samples/s
  step  1250/1756 | loss 9.6229 | data 0.1 ms | step 15.2 ms | 33787.9 samples/s
  step  1300/1756 | loss 9.6214 | data 0.1 ms | step 15.1 ms | 33992.4 samples/s
  step  1350/1756 | loss 10.1278 | data 0.1 ms | step 15.1 ms | 33991.9 samples/s
  step  1400/1756 | loss 9.1605 | data 0.1 ms | step 15.1 ms | 34001.4 samples/s
  step  1450/1756 | loss 9.5158 | data 0.1 ms | step 15.1 ms | 33983.4 samples/s
  step  1500/1756 | loss 9.5184 | data 0.1 ms | step 15.1 ms | 34014.5 samples/s
  step  1550/1756 | loss 10.5107 | data 0.1 ms | step 15.1 ms | 34000.0 samples/s
  step  1600/1756 | loss 9.6079 | data 0.1 ms | step 15.1 ms | 34007.9 samples/s
  step  1650/1756 | loss 10.0961 | data 0.1 ms | step 15.0 ms | 34022.2 samples/s
  step  1700/1756 | loss 9.9349 | data 0.1 ms | step 15.1 ms | 33990.7 samples/s
  step  1750/1756 | loss 9.3640 | data 0.6 ms | step 15.1 ms | 33956.9 samples/s
Training Loss: 9.712951 | 33949.4 samples/s
Peak GPU memory: 1978.4 MB
Validation Loss: 9.897522 | 111125.9 samples/s

Epoch 93/100
----------------------------------------
Learning Rate: 0.000006
  step    50/1756 | loss 9.4215 | data 0.6 ms | step 15.3 ms | 33378.6 samples/s
  step   100/1756 | loss 8.8627 | data 0.1 ms | step 15.1 ms | 33838.6 samples/s
  step   150/1756 | loss 9.5699 | data 0.1 ms | step 15.1 ms | 33935.8 samples/s
  step   200/1756 | loss 10.1562 | data 0.1 ms | step 15.1 ms | 33974.8 samples/s
  step   250/1756 | loss 9.5503 | data 0.1 ms | step 15.1 ms | 33982.3 samples/s
  step   300/1756 | loss 8.9895 | data 0.1 ms | step 15.1 ms | 33918.9 samples/s
  step   350/1756 | loss 9.7525 | data 0.1 ms | step 15.1 ms | 33996.2 samples/s
  step   400/1756 | loss 10.1813 | data 0.1 ms | step 15.1 ms | 34008.6 samples/s
  step   450/1756 | loss 10.1874 | data 0.1 ms | step 15.1 ms | 33879.3 samples/s
  step   500/1756 | loss 9.1152 | data 0.1 ms | step 15.1 ms | 33938.4 samples/s
  step   550/1756 | loss 9.8869 | data 0.1 ms | step 15.1 ms | 33948.8 samples/s
  step   600/1756 | loss 9.7166 | data 0.1 ms | step 15.1 ms | 33936.3 samples/s
  step   650/1756 | loss 9.6784 | data 0.1 ms | step 15.1 ms | 33972.5 samples/s
  step   700/1756 | loss 9.9767 | data 0.1 ms | step 15.1 ms | 33940.1 samples/s
  step   750/1756 | loss 9.8699 | data 0.1 ms | step 15.1 ms | 33939.9 samples/s
  step   800/1756 | loss 9.3134 | data 0.1 ms | step 15.1 ms | 33979.2 samples/s
  step   850/1756 | loss 9.1785 | data 0.1 ms | step 15.1 ms | 33975.9 samples/s
  step   900/1756 | loss 9.5695 | data 0.1 ms | step 15.1 ms | 33971.3 samples/s
  step   950/1756 | loss 9.7450 | data 0.1 ms | step 15.1 ms | 33982.6 samples/s
  step  1000/1756 | loss 9.6207 | data 0.1 ms | step 15.1 ms | 33854.6 samples/s
  step  1050/1756 | loss 9.8627 | data 0.1 ms | step 15.1 ms | 33964.4 samples/s
  step  1100/1756 | loss 9.5339 | data 0.1 ms | step 15.1 ms | 33974.7 samples/s
  step  1150/1756 | loss 9.5645 | data 0.1 ms | step 15.1 ms | 33976.5 samples/s
  step  1200/1756 | loss 9.7915 | data 0.1 ms | step 15.1 ms | 33919.3 samples/s
  step  1250/1756 | loss 9.2731 | data 0.1 ms | step 15.1 ms | 33964.9 samples/s
  step  1300/1756 | loss 10.3615 | data 0.1 ms | step 15.1 ms | 33993.9 samples/s
  step  1350/1756 | loss 10.0115 | data 0.1 ms | step 15.1 ms | 33978.3 samples/s
  step  1400/1756 | loss 9.4715 | data 0.1 ms | step 15.1 ms | 34004.3 samples/s
  step  1450/1756 | loss 9.7730 | data 0.1 ms | step 15.1 ms | 34000.0 samples/s
  step  1500/1756 | loss 9.4036 | data 0.1 ms | step 15.1 ms | 33974.4 samples/s
  step  1550/1756 | loss 10.0331 | data 0.1 ms | step 15.1 ms | 33871.7 samples/s
  step  1600/1756 | loss 9.7854 | data 0.1 ms | step 15.5 ms | 32950.9 samples/s
  step  1650/1756 | loss 9.2326 | data 0.1 ms | step 15.7 ms | 32623.3 samples/s
  step  1700/1756 | loss 10.5374 | data 0.1 ms | step 15.1 ms | 33975.8 samples/s
  step  1750/1756 | loss 9.9325 | data 0.6 ms | step 15.7 ms | 32554.4 samples/s
Training Loss: 9.687043 | 33819.6 samples/s
Peak GPU memory: 1978.4 MB
Validation Loss: 9.773142 | 111238.1 samples/s

Epoch 94/100
----------------------------------------
Learning Rate: 0.000005
  step    50/1756 | loss 9.6552 | data 0.6 ms | step 15.1 ms | 33883.4 samples/s
  step   100/1756 | loss 10.1987 | data 0.1 ms | step 15.1 ms | 33961.7 samples/s
  step   150/1756 | loss 9.8745 | data 0.1 ms | step 15.1 ms | 33965.4 samples/s
  step   200/1756 | loss 9.5470 | data 0.1 ms | step 15.1 ms | 33839.6 samples/s
  step   250/1756 | loss 9.9145 | data 0.1 ms | step 15.1 ms | 33814.3 samples/s
  step   300/1756 | loss 9.2008 | data 0.1 ms | step 15.1 ms | 33968.4 samples/s
  step   350/1756 | loss 9.4041 | data 0.1 ms | step 15.1 ms | 33946.9 samples/s
  step   400/1756 | loss 9.6406 | data 0.1 ms | step 15.1 ms | 33963.4 samples/s
  step   450/1756 | loss 10.2295 | data 0.1 ms | step 15.1 ms | 33934.1 samples/s
  step   500/1756 | loss 9.0616 | data 0.1 ms | step 15.1 ms | 33965.8 samples/s
  step   550/1756 | loss 10.2141 | data 0.1 ms | step 15.1 ms | 33937.7 samples/s
  step   600/1756 | loss 9.5299 | data 0.1 ms | step 15.1 ms | 33955.2 samples/s
  step   650/1756 | loss 9.4638 | data 0.1 ms | step 15.1 ms | 33965.7 samples/s
  step   700/1756 | loss 9.7905 | data 0.1 ms | step 15.1 ms | 33905.9 samples/s
  step   750/1756 | loss 9.6448 | data 0.1 ms | step 15.1 ms | 33939.6 samples/s
  step   800/1756 | loss 9.8462 | data 0.1 ms | step 15.1 ms | 33866.3 samples/s
  step   850/1756 | loss 9.9719 | data 0.1 ms | step 15.1 ms | 33953.6 samples/s
  step   900/1756 | loss 9.1051 | data 0.1 ms | step 15.1 ms | 33953.3 samples/s
  step   950/1756 | loss 10.1033 | data 0.1 ms | step 15.1 ms | 33965.9 samples/s
  step  1000/1756 | loss 9.7052 | data 0.1 ms | step 15.1 ms | 33918.9 samples/s
  step  1050/1756 | loss 9.4016 | data 0.1 ms | step 15.1 ms | 33949.9 samples/s
  step  1100/1756 | loss 9.6824 | data 0.1 ms | step 15.1 ms | 33954.1 samples/s
  step  1150/1756 | loss 9.9457 | data 0.1 ms | step 15.1 ms | 33896.4 samples/s
  step  1200/1756 | loss 10.1073 | data 0.1 ms | step 15.1 ms | 33968.3 samples/s
  step  1250/1756 | loss 10.1456 | data 0.1 ms | step 15.1 ms | 33950.5 samples/s
  step  1300/1756 | loss 9.4865 | data 0.1 ms | step 15.1 ms | 33916.7 samples/s
  step  1350/1756 | loss 9.3335 | data 0.1 ms | step 15.1 ms | 33854.3 samples/s
  step  1400/1756 | loss 10.0880 | data 0.1 ms | step 15.1 ms | 33970.5 samples/s
  step  1450/1756 | loss 8.8566 | data 0.1 ms | step 15.1 ms | 33924.1 samples/s
  step  1500/1756 | loss 9.1693 | data 0.1 ms | step 15.1 ms | 33939.7 samples/s
  step  1550/1756 | loss 9.1751 | data 0.1 ms | step 15.1 ms | 33942.9 samples/s
  step  1600/1756 | loss 9.7527 | data 0.1 ms | step 15.1 ms | 33924.7 samples/s
  step  1650/1756 | loss 9.8576 | data 0.1 ms | step 15.1 ms | 33956.8 samples/s
  step  1700/1756 | loss 10.3637 | data 0.1 ms | step 15.1 ms | 33954.7 samples/s
  step  1750/1756 | loss 9.4317 | data 0.6 ms | step 15.1 ms | 33930.7 samples/s
Training Loss: 9.679707 | 33925.4 samples/s
Peak GPU memory: 1978.4 MB
Validation Loss: 9.731084 | 111234.1 samples/s

Epoch 95/100
----------------------------------------
Learning Rate: 0.000004
  step    50/1756 | loss 9.7079 | data 0.5 ms | step 15.1 ms | 33900.8 samples/s
  step   100/1756 | loss 9.6839 | data 0.1 ms | step 15.1 ms | 33958.8 samples/s
  step   150/1756 | loss 9.6391 | data 0.1 ms | step 15.1 ms | 33888.1 samples/s
  step   200/1756 | loss 10.1719 | data 0.1 ms | step 15.1 ms | 33947.5 samples/s
  step   250/1756 | loss 9.9002 | data 0.1 ms | step 15.1 ms | 33959.9 samples/s
  step   300/1756 | loss 9.3916 | data 0.1 ms | step 15.1 ms | 33952.0 samples/s
  step   350/1756 | loss 10.4717 | data 0.1 ms | step 15.1 ms | 33960.0 samples/s
  step   400/1756 | loss 9.8141 | data 0.1 ms | step 15.1 ms | 33979.0 samples/s
  step   450/1756 | loss 9.8009 | data 0.1 ms | step 15.1 ms | 33951.7 samples/s
  step   500/1756 | loss 9.2268 | data 0.1 ms | step 15.1 ms | 33974.5 samples/s
  step   550/1756 | loss 9.0623 | data 0.1 ms | step 15.1 ms | 33864.7 samples/s
  step   600/1756 | loss 9.9577 | data 0.1 ms | step 15.1 ms | 33957.1 samples/s
  step   650/1756 | loss 9.7593 | data 0.1 ms | step 15.1 ms | 33930.5 samples/s
  step   700/1756 | loss 9.8865 | data 0.1 ms | step 15.1 ms | 33987.3 samples/s
  step   750/1756 | loss 9.8727 | data 0.1 ms | step 15.1 ms | 33985.1 samples/s
  step   800/1756 | loss 10.0585 | data 0.1 ms | step 15.1 ms | 33980.9 samples/s
  step   850/1756 | loss 9.4581 | data 0.1 ms | step 15.1 ms | 34001.5 samples/s
  step   900/1756 | loss 9.3821 | data 0.1 ms | step 15.1 ms | 34011.4 samples/s
  step   950/1756 | loss 9.6890 | data 0.1 ms | step 15.1 ms | 33927.9 samples/s
  step  1000/1756 | loss 9.2517 | data 0.1 ms | step 15.1 ms | 33989.4 samples/s
  step  1050/1756 | loss 9.1680 | data 0.1 ms | step 15.1 ms | 33938.6 samples/s
  step  1100/1756 | loss 9.9742 | data 0.1 ms | step 15.1 ms | 33832.4 samples/s
  step  1150/1756 | loss 9.4797 | data 0.1 ms | step 15.1 ms | 33982.8 samples/s
  step  1200/1756 | loss 9.4384 | data 0.1 ms | step 15.1 ms | 33948.2 samples/s
  step  1250/1756 | loss 9.8826 | data 0.1 ms | step 15.1 ms | 33946.1 samples/s
  step  1300/1756 | loss 9.5781 | data 0.1 ms | step 15.1 ms | 33966.7 samples/s
  step  1350/1756 | loss 9.9034 | data 0.1 ms | step 15.1 ms | 33967.9 samples/s
  step  1400/1756 | loss 9.7516 | data 0.1 ms | step 15.1 ms | 33962.8 samples/s
  step  1450/1756 | loss 9.2783 | data 0.1 ms | step 15.1 ms | 33957.4 samples/s
  step  1500/1756 | loss 10.1433 | data 0.1 ms | step 15.1 ms | 33990.2 samples/s
  step  1550/1756 | loss 10.0939 | data 0.1 ms | step 15.1 ms | 33960.4 samples/s
  step  1600/1756 | loss 9.2756 | data 0.1 ms | step 15.1 ms | 33979.3 samples/s
  step  1650/1756 | loss 9.3050 | data 0.1 ms | step 15.1 ms | 33832.7 samples/s
  step  1700/1756 | loss 10.0962 | data 0.1 ms | step 15.8 ms | 32346.3 samples/s
  step  1750/1756 | loss 9.6115 | data 0.6 ms | step 15.1 ms | 33964.7 samples/s
Training Loss: 9.695290 | 33897.7 samples/s
Peak GPU memory: 1978.4 MB
Validation Loss: 9.646225 | 110161.2 samples/s

Epoch 96/100
----------------------------------------
Learning Rate: 0.000003
  step    50/1756 | loss 9.3688 | data 0.8 ms | step 15.1 ms | 33817.1 samples/s
  step   100/1756 | loss 9.8067 | data 0.1 ms | step 15.1 ms | 33902.3 samples/s
  step   150/1756 | loss 9.6712 | data 0.1 ms | step 15.1 ms | 33956.0 samples/s
  step   200/1756 | loss 10.0075 | data 0.1 ms | step 15.1 ms | 33972.7 samples/s
  step   250/1756 | loss 9.9260 | data 0.1 ms | step 15.1 ms | 33950.2 samples/s
  step   300/1756 | loss 9.8133 | data 0.1 ms | step 15.1 ms | 33867.5 samples/s
  step   350/1756 | loss 10.1300 | data 0.1 ms | step 15.1 ms | 33909.4 samples/s
  step   400/1756 | loss 9.8597 | data 0.1 ms | step 15.1 ms | 33954.9 samples/s
  step   450/1756 | loss 10.1853 | data 0.1 ms | step 15.1 ms | 33974.6 samples/s
  step   500/1756 | loss 9.6148 | data 0.1 ms | step 15.1 ms | 33990.6 samples/s
  step   550/1756 | loss 9.5615 | data 0.1 ms | step 15.1 ms | 33969.6 samples/s
  step   600/1756 | loss 9.3039 | data 0.1 ms | step 15.1 ms | 33979.3 samples/s
  step   650/1756 | loss 9.0842 | data 0.1 ms | step 15.1 ms | 33966.3 samples/s
  step   700/1756 | loss 10.6513 | data 0.1 ms | step 15.1 ms | 33949.1 samples/s
  step   750/1756 | loss 9.8713 | data 0.1 ms | step 15.1 ms | 33975.1 samples/s
  step   800/1756 | loss 9.7244 | data 0.1 ms | step 15.1 ms | 33969.5 samples/s
  step   850/1756 | loss 9.3705 | data 0.1 ms | step 15.1 ms | 33845.7 samples/s
  step   900/1756 | loss 9.8907 | data 0.1 ms | step 15.1 ms | 33876.4 samples/s
  step   950/1756 | loss 9.9572 | data 0.1 ms | step 15.1 ms | 33965.8 samples/s
  step  1000/1756 | loss 10.0413 | data 0.1 ms | step 15.1 ms | 33897.5 samples/s
  step  1050/1756 | loss 9.6056 | data 0.1 ms | step 15.1 ms | 33970.1 samples/s
  step  1100/1756 | loss 9.8171 | data 0.1 ms | step 15.1 ms | 33982.3 samples/s
  step  1150/1756 | loss 9.9019 | data 0.1 ms | step 15.1 ms | 33927.2 samples/s
  step  1200/1756 | loss 9.4861 | data 0.1 ms | step 15.1 ms | 33983.3 samples/s
  step  1250/1756 | loss 9.5532 | data 0.1 ms | step 15.1 ms | 33987.4 samples/s
  step  1300/1756 | loss 9.7466 | data 0.1 ms | step 15.1 ms | 33954.2 samples/s
  step  1350/1756 | loss 9.4300 | data 0.1 ms | step 15.1 ms | 33954.8 samples/s
  step  1400/1756 | loss 10.3123 | data 0.1 ms | step 15.1 ms | 33865.7 samples/s
  step  1450/1756 | loss 9.9705 | data 0.1 ms | step 15.1 ms | 33946.6 samples/s
  step  1500/1756 | loss 9.5657 | data 0.1 ms | step 15.1 ms | 33940.3 samples/s
  step  1550/1756 | loss 9.2222 | data 0.1 ms | step 15.1 ms | 33960.9 samples/s
  step  1600/1756 | loss 9.7595 | data 0.1 ms | step 15.1 ms | 33975.2 samples/s
  step  1650/1756 | loss 9.7203 | data 0.1 ms | step 15.1 ms | 33939.4 samples/s
  step  1700/1756 | loss 9.8427 | data 0.1 ms | step 15.1 ms | 33960.9 samples/s
  step  1750/1756 | loss 9.3294 | data 0.6 ms | step 15.1 ms | 33959.0 samples/s
Training Loss: 9.741597 | 33934.7 samples/s
Peak GPU memory: 1978.4 MB
Validation Loss: 9.645969 | 110744.4 samples/s

Epoch 97/100
----------------------------------------
Learning Rate: 0.000002
  step    50/1756 | loss 9.5150 | data 0.8 ms | step 15.2 ms | 33706.3 samples/s
  step   100/1756 | loss 10.0480 | data 0.1 ms | step 15.1 ms | 33912.3 samples/s
  step   150/1756 | loss 9.9888 | data 0.1 ms | step 15.1 ms | 33902.1 samples/s
  step   200/1756 | loss 9.1590 | data 0.1 ms | step 15.1 ms | 33918.3 samples/s
  step   250/1756 | loss 9.9178 | data 0.1 ms | step 15.1 ms | 33927.5 samples/s
  step   300/1756 | loss 9.5499 | data 0.1 ms | step 15.1 ms | 33944.6 samples/s
  step   350/1756 | loss 9.2981 | data 0.1 ms | step 15.1 ms | 33920.9 samples/s
  step   400/1756 | loss 9.4206 | data 0.1 ms | step 15.1 ms | 33938.6 samples/s
  step   450/1756 | loss 9.8580 | data 0.1 ms | step 15.1 ms | 33948.2 samples/s
  step   500/1756 | loss 9.6442 | data 0.1 ms | step 15.1 ms | 33928.0 samples/s
  step   550/1756 | loss 9.5470 | data 0.1 ms | step 15.1 ms | 33942.2 samples/s
  step   600/1756 | loss 10.0060 | data 0.1 ms | step 15.1 ms | 33823.6 samples/s
  step   650/1756 | loss 9.7464 | data 0.1 ms | step 15.1 ms | 33942.1 samples/s
  step   700/1756 | loss 9.0784 | data 0.1 ms | step 15.1 ms | 33962.3 samples/s
  step   750/1756 | loss 9.9235 | data 0.1 ms | step 15.1 ms | 33940.5 samples/s
  step   800/1756 | loss 9.5029 | data 0.1 ms | step 15.1 ms | 33956.8 samples/s
  step   850/1756 | loss 9.7885 | data 0.1 ms | step 15.1 ms | 33952.4 samples/s
  step   900/1756 | loss 10.2707 | data 0.1 ms | step 15.1 ms | 33965.1 samples/s
  step   950/1756 | loss 9.2205 | data 0.1 ms | step 15.1 ms | 33909.7 samples/s
  step  1000/1756 | loss 9.9515 | data 0.1 ms | step 15.1 ms | 33968.0 samples/s
  step  1050/1756 | loss 9.4518 | data 0.1 ms | step 15.1 ms | 33934.3 samples/s
  step  1100/1756 | loss 9.7180 | data 0.1 ms | step 15.1 ms | 33930.2 samples/s
  step  1150/1756 | loss 9.9248 | data 0.1 ms | step 15.1 ms | 33865.7 samples/s
  step  1200/1756 | loss 10.4586 | data 0.1 ms | step 15.1 ms | 33913.2 samples/s
  step  1250/1756 | loss 9.4795 | data 0.1 ms | step 15.1 ms | 33917.7 samples/s
  step  1300/1756 | loss 9.5736 | data 0.1 ms | step 15.1 ms | 33934.5 samples/s
  step  1350/1756 | loss 10.1421 | data 0.1 ms | step 15.1 ms | 33951.9 samples/s
  step  1400/1756 | loss 9.6499 | data 0.1 ms | step 15.1 ms | 33917.6 samples/s
  step  1450/1756 | loss 9.0858 | data 0.1 ms | step 15.1 ms | 33955.7 samples/s
  step  1500/1756 | loss 9.6883 | data 0.1 ms | step 15.1 ms | 33937.2 samples/s
  step  1550/1756 | loss 9.7425 | data 0.1 ms | step 15.1 ms | 33932.3 samples/s
  step  1600/1756 | loss 9.5567 | data 0.1 ms | step 15.1 ms | 33951.4 samples/s
  step  1650/1756 | loss 9.7842 | data 0.1 ms | step 15.1 ms | 33911.2 samples/s
  step  1700/1756 | loss 10.1315 | data 0.1 ms | step 15.1 ms | 33877.2 samples/s
  step  1750/1756 | loss 9.4941 | data 0.7 ms | step 15.1 ms | 33841.2 samples/s
Training Loss: 9.703541 | 33912.2 samples/s
Peak GPU memory: 1978.4 MB
Validation Loss: 9.638321 | 111182.7 samples/s

Epoch 98/100
----------------------------------------
Learning Rate: 0.000002
  step    50/1756 | loss 10.1532 | data 0.7 ms | step 15.1 ms | 33861.3 samples/s
  step   100/1756 | loss 8.9439 | data 0.1 ms | step 15.1 ms | 33897.4 samples/s
  step   150/1756 | loss 9.8448 | data 0.1 ms | step 15.1 ms | 33949.3 samples/s
  step   200/1756 | loss 9.4982 | data 0.1 ms | step 15.1 ms | 33979.6 samples/s
  step   250/1756 | loss 9.4420 | data 0.1 ms | step 15.1 ms | 33949.8 samples/s
  step   300/1756 | loss 9.7047 | data 0.1 ms | step 15.1 ms | 33900.7 samples/s
  step   350/1756 | loss 10.4166 | data 0.1 ms | step 15.1 ms | 33943.4 samples/s
  step   400/1756 | loss 9.7837 | data 0.1 ms | step 15.1 ms | 33842.6 samples/s
  step   450/1756 | loss 9.9750 | data 0.1 ms | step 15.1 ms | 33875.3 samples/s
  step   500/1756 | loss 9.1619 | data 0.1 ms | step 15.1 ms | 33942.5 samples/s
  step   550/1756 | loss 10.1252 | data 0.1 ms | step 15.1 ms | 33964.2 samples/s
  step   600/1756 | loss 10.0542 | data 0.1 ms | step 15.1 ms | 33927.7 samples/s
  step   650/1756 | loss 8.7197 | data 0.1 ms | step 15.1 ms | 33960.2 samples/s
  step   700/1756 | loss 9.3381 | data 0.1 ms | step 15.1 ms | 33956.4 samples/s
  step   750/1756 | loss 9.6917 | data 0.1 ms | step 15.1 ms | 33931.6 samples/s
  step   800/1756 | loss 9.7714 | data 0.1 ms | step 15.9 ms | 32287.1 samples/s
  step   850/1756 | loss 9.4699 | data 0.1 ms | step 16.0 ms | 32025.0 samples/s
  step   900/1756 | loss 8.8270 | data 0.1 ms | step 15.4 ms | 33335.7 samples/s
  step   950/1756 | loss 9.5797 | data 0.1 ms | step 15.7 ms | 32546.0 samples/s
  step  1000/1756 | loss 9.7321 | data 0.1 ms | step 15.1 ms | 33810.9 samples/s
  step  1050/1756 | loss 9.5941 | data 0.1 ms | step 15.1 ms | 33934.6 samples/s
  step  1100/1756 | loss 9.6782 | data 0.1 ms | step 15.1 ms | 33872.3 samples/s
  step  1150/1756 | loss 9.2272 | data 0.1 ms | step 15.1 ms | 33876.9 samples/s
  step  1200/1756 | loss 10.2033 | data 0.1 ms | step 15.1 ms | 33938.6 samples/s
  step  1250/1756 | loss 9.5434 | data 0.1 ms | step 15.1 ms | 33949.2 samples/s
  step  1300/1756 | loss 10.1454 | data 0.1 ms | step 15.1 ms | 33976.3 samples/s
  step  1350/1756 | loss 9.6528 | data 0.1 ms | step 15.1 ms | 33949.6 samples/s
  step  1400/1756 | loss 10.0243 | data 0.1 ms | step 15.1 ms | 33974.9 samples/s
  step  1450/1756 | loss 9.9706 | data 0.1 ms | step 15.1 ms | 33924.0 samples/s
  step  1500/1756 | loss 9.1274 | data 0.1 ms | step 15.1 ms | 33861.1 samples/s
  step  1550/1756 | loss 9.5413 | data 0.1 ms | step 15.1 ms | 33963.2 samples/s
  step  1600/1756 | loss 9.4894 | data 0.1 ms | step 15.1 ms | 33948.2 samples/s
  step  1650/1756 | loss 9.0617 | data 0.1 ms | step 15.1 ms | 33944.0 samples/s
  step  1700/1756 | loss 9.6533 | data 0.1 ms | step 15.1 ms | 33926.3 samples/s
  step  1750/1756 | loss 9.8622 | data 0.6 ms | step 15.1 ms | 33941.1 samples/s
Training Loss: 9.624921 | 33753.4 samples/s
Peak GPU memory: 1978.4 MB
Validation Loss: 9.649420 | 111217.4 samples/s

Epoch 99/100
----------------------------------------
Learning Rate: 0.000001
  step    50/1756 | loss 9.9874 | data 0.7 ms | step 15.1 ms | 33930.1 samples/s
  step   100/1756 | loss 9.6227 | data 0.1 ms | step 15.1 ms | 33932.3 samples/s
  step   150/1756 | loss 8.8155 | data 0.1 ms | step 15.1 ms | 33900.0 samples/s
  step   200/1756 | loss 9.9216 | data 0.1 ms | step 15.1 ms | 33948.4 samples/s
  step   250/1756 | loss 9.1907 | data 0.1 ms | step 15.1 ms | 33954.2 samples/s
  step   300/1756 | loss 10.2139 | data 0.1 ms | step 15.1 ms | 33953.5 samples/s
  step   350/1756 | loss 10.0001 | data 0.1 ms | step 15.1 ms | 33942.3 samples/s
  step   400/1756 | loss 9.9081 | data 0.1 ms | step 15.1 ms | 33951.7 samples/s
  step   450/1756 | loss 10.1078 | data 0.1 ms | step 15.1 ms | 33946.5 samples/s
  step   500/1756 | loss 9.6388 | data 0.1 ms | step 15.1 ms | 33917.0 samples/s
  step   550/1756 | loss 9.2752 | data 0.1 ms | step 15.1 ms | 33955.5 samples/s
  step   600/1756 | loss 9.6297 | data 0.1 ms | step 15.1 ms | 33959.9 samples/s
  step   650/1756 | loss 9.9414 | data 0.1 ms | step 15.1 ms | 33914.3 samples/s
  step   700/1756 | loss 9.7672 | data 0.1 ms | step 15.1 ms | 33865.9 samples/s
  step   750/1756 | loss 9.4858 | data 0.1 ms | step 15.1 ms | 33969.3 samples/s
  step   800/1756 | loss 9.0527 | data 0.1 ms | step 15.1 ms | 33898.4 samples/s
  step   850/1756 | loss 8.8930 | data 0.1 ms | step 15.1 ms | 33967.0 samples/s
  step   900/1756 | loss 9.0217 | data 0.1 ms | step 15.1 ms | 33898.2 samples/s
  step   950/1756 | loss 10.1037 | data 0.1 ms | step 15.1 ms | 33925.9 samples/s
  step  1000/1756 | loss 9.9563 | data 0.1 ms | step 15.1 ms | 33990.9 samples/s
  step  1050/1756 | loss 9.4769 | data 0.1 ms | step 15.1 ms | 33977.7 samples/s
  step  1100/1756 | loss 9.9014 | data 0.1 ms | step 15.1 ms | 33971.0 samples/s
  step  1150/1756 | loss 10.1053 | data 0.1 ms | step 15.1 ms | 33973.6 samples/s
  step  1200/1756 | loss 10.4121 | data 0.1 ms | step 15.1 ms | 33969.6 samples/s
  step  1250/1756 | loss 9.7234 | data 0.1 ms | step 15.1 ms | 33807.6 samples/s
  step  1300/1756 | loss 9.4149 | data 0.1 ms | step 15.1 ms | 33951.6 samples/s
  step  1350/1756 | loss 9.5337 | data 0.1 ms | step 15.1 ms | 33967.6 samples/s
  step  1400/1756 | loss 9.8301 | data 0.1 ms | step 15.1 ms | 33941.7 samples/s
  step  1450/1756 | loss 9.7738 | data 0.1 ms | step 15.1 ms | 33941.2 samples/s
  step  1500/1756 | loss 9.9596 | data 0.1 ms | step 15.1 ms | 33969.7 samples/s
  step  1550/1756 | loss 9.4551 | data 0.1 ms | step 15.1 ms | 33940.8 samples/s
  step  1600/1756 | loss 9.2851 | data 0.1 ms | step 15.1 ms | 33915.5 samples/s
  step  1650/1756 | loss 8.9674 | data 0.1 ms | step 15.1 ms | 33945.0 samples/s
  step  1700/1756 | loss 9.4338 | data 0.1 ms | step 15.1 ms | 33954.3 samples/s
  step  1750/1756 | loss 9.5224 | data 0.6 ms | step 15.1 ms | 33883.9 samples/s
Training Loss: 9.633483 | 33930.6 samples/s
Peak GPU memory: 1978.4 MB
Validation Loss: 9.713932 | 111169.5 samples/s

Epoch 100/100
----------------------------------------
Learning Rate: 0.000001
  step    50/1756 | loss 9.3954 | data 0.7 ms | step 15.1 ms | 33936.9 samples/s
  step   100/1756 | loss 10.1896 | data 0.1 ms | step 15.1 ms | 33968.3 samples/s
  step   150/1756 | loss 10.0170 | data 0.1 ms | step 15.1 ms | 33833.0 samples/s
  step   200/1756 | loss 9.8918 | data 0.1 ms | step 15.1 ms | 33948.5 samples/s
  step   250/1756 | loss 9.0810 | data 0.1 ms | step 15.1 ms | 33954.9 samples/s
  step   300/1756 | loss 10.2647 | data 0.1 ms | step 15.1 ms | 33957.7 samples/s
  step   350/1756 | loss 9.4313 | data 0.1 ms | step 15.1 ms | 33969.4 samples/s
  step   400/1756 | loss 9.8793 | data 0.1 ms | step 15.1 ms | 33978.5 samples/s
  step   450/1756 | loss 9.8078 | data 0.1 ms | step 15.1 ms | 33852.3 samples/s
  step   500/1756 | loss 9.5518 | data 0.1 ms | step 15.1 ms | 33992.0 samples/s
  step   550/1756 | loss 9.3001 | data 0.1 ms | step 15.1 ms | 33907.4 samples/s
  step   600/1756 | loss 9.9788 | data 0.1 ms | step 15.1 ms | 33945.7 samples/s
  step   650/1756 | loss 9.6234 | data 0.1 ms | step 15.1 ms | 33970.6 samples/s
  step   700/1756 | loss 9.7266 | data 0.1 ms | step 15.1 ms | 33972.2 samples/s
  step   750/1756 | loss 9.7542 | data 0.1 ms | step 15.1 ms | 33913.3 samples/s
  step   800/1756 | loss 10.1792 | data 0.1 ms | step 15.1 ms | 33969.5 samples/s
  step   850/1756 | loss 9.5141 | data 0.1 ms | step 15.1 ms | 33983.9 samples/s
  step   900/1756 | loss 9.4134 | data 0.1 ms | step 15.1 ms | 33979.7 samples/s
  step   950/1756 | loss 9.4125 | data 0.1 ms | step 15.1 ms | 33999.7 samples/s
  step  1000/1756 | loss 9.3097 | data 0.1 ms | step 15.1 ms | 33891.9 samples/s
  step  1050/1756 | loss 10.0059 | data 0.1 ms | step 15.1 ms | 33957.6 samples/s
  step  1100/1756 | loss 9.9478 | data 0.1 ms | step 15.1 ms | 33956.6 samples/s
  step  1150/1756 | loss 9.6453 | data 0.1 ms | step 15.1 ms | 33991.8 samples/s
  step  1200/1756 | loss 9.6357 | data 0.1 ms | step 15.1 ms | 33972.0 samples/s
  step  1250/1756 | loss 9.5561 | data 0.1 ms | step 15.1 ms | 33977.5 samples/s
  step  1300/1756 | loss 10.0272 | data 0.1 ms | step 15.1 ms | 33973.5 samples/s
  step  1350/1756 | loss 9.4130 | data 0.1 ms | step 15.1 ms | 33936.3 samples/s
  step  1400/1756 | loss 9.5150 | data 0.1 ms | step 15.1 ms | 33985.8 samples/s
  step  1450/1756 | loss 9.5398 | data 0.1 ms | step 15.1 ms | 33970.8 samples/s
  step  1500/1756 | loss 9.3894 | data 0.1 ms | step 15.1 ms | 33964.6 samples/s
  step  1550/1756 | loss 9.7489 | data 0.1 ms | step 15.1 ms | 33873.5 samples/s
  step  1600/1756 | loss 9.4183 | data 0.1 ms | step 15.1 ms | 33958.6 samples/s
  step  1650/1756 | loss 9.0805 | data 0.1 ms | step 15.1 ms | 33920.2 samples/s
  step  1700/1756 | loss 9.7325 | data 0.1 ms | step 15.1 ms | 33983.4 samples/s
  step  1750/1756 | loss 9.1142 | data 0.6 ms | step 15.1 ms | 33952.4 samples/s
Training Loss: 9.639313 | 33945.9 samples/s
Peak GPU memory: 1978.4 MB
Validation Loss: 9.708249 | 111346.0 samples/s

Test Loss: 30.452463 | 41.0 samples/s

Final model saved to: mask_aware_tf_heavy/mat_pseudo_lwm_weights.pth
