Training Loss: 9.639313 | 33945.9 samples/s
Peak GPU memory: 1978.4 MB
Validation Loss: 9.708249 | 111346.0 samples/s

Test Loss: 30.452463 | 41.0 samples/s

  step   150/1756 | loss 10.0170 | data 0.1 ms | step 15.1 ms | 33833.0 samples/s
  step   200/1756 | loss 9.8918 | data 0.1 ms | step 15.1 ms | 33948.5 samples/s
  step   250/1756 | loss 9.0810 | data 0.1 ms | step 15.1 ms | 33954.9 samples/s
  step   300/1756 | loss 10.2647 | data 0.1 ms | step 15.1 ms | 33957.7 samples/s
  step   350/1756 | loss 9.4313 | data 0.1 ms | step 15.1 ms | 33969.4 samples/s
  step   400/1756 | loss 9.8793 | data 0.1 ms | step 15.1 ms | 33978.5 samples/s
  step   450/1756 | loss 9.8078 | data 0.1 ms | step 15.1 ms | 33852.3 samples/s
  step   500/1756 | loss 9.5518 | data 0.1 ms | step 15.1 ms | 33992.0 samples/s
  step   550/1756 | loss 9.3001 | data 0.1 ms | step 15.1 ms | 33907.4 samples/s
  step   600/1756 | loss 9.9788 | data 0.1 ms | step 15.1 ms | 33945.7 samples/s
  step   650/1756 | loss 9.6234 | data 0.1 ms | step 15.1 ms | 33970.6 samples/s
  step   700/1756 | loss 9.7266 | data 0.1 ms | step 15.1 ms | 33972.2 samples/s
  step   750/1756 | loss 9.7542 | data 0.1 ms | step 15.1 ms | 33913.3 samples/s
  step   800/1756 | loss 10.1792 | data 0.1 ms | step 15.1 ms | 33969.5 samples/s
  step   850/1756 | loss 9.5141 | data 0.1 ms | step 15.1 ms | 33983.9 samples/s
  step   900/1756 | loss 9.4134 | data 0.1 ms | step 15.1 ms | 33979.7 samples/s
  step   950/1756 | loss 9.4125 | data 0.1 ms | step 15.1 ms | 33999.7 samples/s
  step  1000/1756 | loss 9.3097 | data 0.1 ms | step 15.1 ms | 33891.9 samples/s
  step  1050/1756 | loss 10.0059 | data 0.1 ms | step 15.1 ms | 33957.6 samples/s
  step  1100/1756 | loss 9.9478 | data 0.1 ms | step 15.1 ms | 33956.6 samples/s
  step  1150/1756 | loss 9.6453 | data 0.1 ms | step 15.1 ms | 33991.8 samples/s
  step  1200/1756 | loss 9.6357 | data 0.1 ms | step 15.1 ms | 33972.0 samples/s
  step  1250/1756 | loss 9.5561 | data 0.1 ms | step 15.1 ms | 33977.5 samples/s
  step  1300/1756 | loss 10.0272 | data 0.1 ms | step 15.1 ms | 33973.5 samples/s
  step  1350/1756 | loss 9.4130 | data 0.1 ms | step 15.1 ms | 33936.3 samples/s
  step  1400/1756 | loss 9.5150 | data 0.1 ms | step 15.1 ms | 33985.8 samples/s
  step  1450/1756 | loss 9.5398 | data 0.1 ms | step 15.1 ms | 33970.8 samples/s
  step  1500/1756 | loss 9.3894 | data 0.1 ms | step 15.1 ms | 33964.6 samples/s
  step  1550/1756 | loss 9.7489 | data 0.1 ms | step 15.1 ms | 33873.5 samples/s
  step  1600/1756 | loss 9.4183 | data 0.1 ms | step 15.1 ms | 33958.6 samples/s
  step  1650/1756 | loss 9.0805 | data 0.1 ms | step 15.1 ms | 33920.2 samples/s
  step  1700/1756 | loss 9.7325 | data 0.1 ms | step 15.1 ms | 33983.4 samples/s
  step  1750/1756 | loss 9.1142 | data 0.6 ms | step 15.1 ms | 33952.4 samples/s
Training Loss: 9.639313 | 33945.9 samples/s
Peak GPU memory: 1978.4 MB
Validation Loss: 9.708249 | 111346.0 samples/s

Test Loss: 30.452463 | 41.0 samples/s

  step   150/1756 | loss 10.0170 | data 0.1 ms | step 15.1 ms | 33833.0 samples/s
  step   200/1756 | loss 9.8918 | data 0.1 ms | step 15.1 ms | 33948.5 samples/s
  step   250/1756 | loss 9.0810 | data 0.1 ms | step 15.1 ms | 33954.9 samples/s
  step   300/1756 | loss 10.2647 | data 0.1 ms | step 15.1 ms | 33957.7 samples/s
  step   350/1756 | loss 9.4313 | data 0.1 ms | step 15.1 ms | 33969.4 samples/s
  step   400/1756 | loss 9.8793 | data 0.1 ms | step 15.1 ms | 33978.5 samples/s
  step   450/1756 | loss 9.8078 | data 0.1 ms | step 15.1 ms | 33852.3 samples/s
  step   500/1756 | loss 9.5518 | data 0.1 ms | step 15.1 ms | 33992.0 samples/s
  step   550/1756 | loss 9.3001 | data 0.1 ms | step 15.1 ms | 33907.4 samples/s
  step   600/1756 | loss 9.9788 | data 0.1 ms | step 15.1 ms | 33945.7 samples/s
  step   650/1756 | loss 9.6234 | data 0.1 ms | step 15.1 ms | 33970.6 samples/s
  step   700/1756 | loss 9.7266 | data 0.1 ms | step 15.1 ms | 33972.2 samples/s
  step   750/1756 | loss 9.7542 | data 0.1 ms | step 15.1 ms | 33913.3 samples/s
  step   800/1756 | loss 10.1792 | data 0.1 ms | step 15.1 ms | 33969.5 samples/s
  step   850/1756 | loss 9.5141 | data 0.1 ms | step 15.1 ms | 33983.9 samples/s
  step   900/1756 | loss 9.4134 | data 0.1 ms | step 15.1 ms | 33979.7 samples/s
  step   950/1756 | loss 9.4125 | data 0.1 ms | step 15.1 ms | 33999.7 samples/s
  step  1000/1756 | loss 9.3097 | data 0.1 ms | step 15.1 ms | 33891.9 samples/s
  step  1050/1756 | loss 10.0059 | data 0.1 ms | step 15.1 ms | 33957.6 samples/s
  step  1100/1756 | loss 9.9478 | data 0.1 ms | step 15.1 ms | 33956.6 samples/s
  step  1150/1756 | loss 9.6453 | data 0.1 ms | step 15.1 ms | 33991.8 samples/s
  step  1200/1756 | loss 9.6357 | data 0.1 ms | step 15.1 ms | 33972.0 samples/s
  step  1250/1756 | loss 9.5561 | data 0.1 ms | step 15.1 ms | 33977.5 samples/s
  step  1300/1756 | loss 10.0272 | data 0.1 ms | step 15.1 ms | 33973.5 samples/s
  step  1350/1756 | loss 9.4130 | data 0.1 ms | step 15.1 ms | 33936.3 samples/s
  step  1400/1756 | loss 9.5150 | data 0.1 ms | step 15.1 ms | 33985.8 samples/s
  step  1450/1756 | loss 9.5398 | data 0.1 ms | step 15.1 ms | 33970.8 samples/s
  step  1500/1756 | loss 9.3894 | data 0.1 ms | step 15.1 ms | 33964.6 samples/s
  step  1550/1756 | loss 9.7489 | data 0.1 ms | step 15.1 ms | 33873.5 samples/s
  step  1600/1756 | loss 9.4183 | data 0.1 ms | step 15.1 ms | 33958.6 samples/s
  step  1650/1756 | loss 9.0805 | data 0.1 ms | step 15.1 ms | 33920.2 samples/s
  step  1700/1756 | loss 9.7325 | data 0.1 ms | step 15.1 ms | 33983.4 samples/s
  step  1750/1756 | loss 9.1142 | data 0.6 ms | step 15.1 ms | 33952.4 samples/s
Training Loss: 9.639313 | 33945.9 samples/s
Peak GPU memory: 1978.4 MB
Validation Loss: 9.708249 | 111346.0 samples/s

Test Loss: 30.452463 | 41.0 samples/s

  step   150/1756 | loss 10.0170 | data 0.1 ms | step 15.1 ms | 33833.0 samples/s
  step   200/1756 | loss 9.8918 | data 0.1 ms | step 15.1 ms | 33948.5 samples/s
  step   250/1756 | loss 9.0810 | data 0.1 ms | step 15.1 ms | 33954.9 samples/s
  step   300/1756 | loss 10.2647 | data 0.1 ms | step 15.1 ms | 33957.7 samples/s
  step   350/1756 | loss 9.4313 | data 0.1 ms | step 15.1 ms | 33969.4 samples/s
  step   400/1756 | loss 9.8793 | data 0.1 ms | step 15.1 ms | 33978.5 samples/s
  step   450/1756 | loss 9.8078 | data 0.1 ms | step 15.1 ms | 33852.3 samples/s
  step   500/1756 | loss 9.5518 | data 0.1 ms | step 15.1 ms | 33992.0 samples/s
  step   550/1756 | loss 9.3001 | data 0.1 ms | step 15.1 ms | 33907.4 samples/s
  step   600/1756 | loss 9.9788 | data 0.1 ms | step 15.1 ms | 33945.7 samples/s
  step   650/1756 | loss 9.6234 | data 0.1 ms | step 15.1 ms | 33970.6 samples/s
  step   700/1756 | loss 9.7266 | data 0.1 ms | step 15.1 ms | 33972.2 samples/s
  step   750/1756 | loss 9.7542 | data 0.1 ms | step 15.1 ms | 33913.3 samples/s
  step   800/1756 | loss 10.1792 | data 0.1 ms | step 15.1 ms | 33969.5 samples/s
  step   850/1756 | loss 9.5141 | data 0.1 ms | step 15.1 ms | 33983.9 samples/s
  step   900/1756 | loss 9.4134 | data 0.1 ms | step 15.1 ms | 33979.7 samples/s
  step   950/1756 | loss 9.4125 | data 0.1 ms | step 15.1 ms | 33999.7 samples/s
  step  1000/1756 | loss 9.3097 | data 0.1 ms | step 15.1 ms | 33891.9 samples/s
  step  1050/1756 | loss 10.0059 | data 0.1 ms | step 15.1 ms | 33957.6 samples/s
  step  1100/1756 | loss 9.9478 | data 0.1 ms | step 15.1 ms | 33956.6 samples/s
  step  1150/1756 | loss 9.6453 | data 0.1 ms | step 15.1 ms | 33991.8 samples/s
  step  1200/1756 | loss 9.6357 | data 0.1 ms | step 15.1 ms | 33972.0 samples/s
  step  1250/1756 | loss 9.5561 | data 0.1 ms | step 15.1 ms | 33977.5 samples/s
  step  1300/1756 | loss 10.0272 | data 0.1 ms | step 15.1 ms | 33973.5 samples/s
  step  1350/1756 | loss 9.4130 | data 0.1 ms | step 15.1 ms | 33936.3 samples/s
  step  1400/1756 | loss 9.5150 | data 0.1 ms | step 15.1 ms | 33985.8 samples/s
  step  1450/1756 | loss 9.5398 | data 0.1 ms | step 15.1 ms | 33970.8 samples/s
  step  1500/1756 | loss 9.3894 | data 0.1 ms | step 15.1 ms | 33964.6 samples/s
  step  1550/1756 | loss 9.7489 | data 0.1 ms | step 15.1 ms | 33873.5 samples/s
  step  1600/1756 | loss 9.4183 | data 0.1 ms | step 15.1 ms | 33958.6 samples/s
  step  1650/1756 | loss 9.0805 | data 0.1 ms | step 15.1 ms | 33920.2 samples/s
  step  1700/1756 | loss 9.7325 | data 0.1 ms | step 15.1 ms | 33983.4 samples/s
  step  1750/1756 | loss 9.1142 | data 0.6 ms | step 15.1 ms | 33952.4 samples/s
Training Loss: 9.639313 | 33945.9 samples/s
Peak GPU memory: 1978.4 MB
Validation Loss: 9.708249 | 111346.0 samples/s

Test Loss: 30.452463 | 41.0 samples/s

  step   150/1756 | loss 10.0170 | data 0.1 ms | step 15.1 ms | 33833.0 samples/s
  step   200/1756 | loss 9.8918 | data 0.1 ms | step 15.1 ms | 33948.5 samples/s
  step   250/1756 | loss 9.0810 | data 0.1 ms | step 15.1 ms | 33954.9 samples/s
  step   300/1756 | loss 10.2647 | data 0.1 ms | step 15.1 ms | 33957.7 samples/s
  step   350/1756 | loss 9.4313 | data 0.1 ms | step 15.1 ms | 33969.4 samples/s
  step   400/1756 | loss 9.8793 | data 0.1 ms | step 15.1 ms | 33978.5 samples/s
  step   450/1756 | loss 9.8078 | data 0.1 ms | step 15.1 ms | 33852.3 samples/s
  step   500/1756 | loss 9.5518 | data 0.1 ms | step 15.1 ms | 33992.0 samples/s
  step   550/1756 | loss 9.3001 | data 0.1 ms | step 15.1 ms | 33907.4 samples/s
  step   600/1756 | loss 9.9788 | data 0.1 ms | step 15.1 ms | 33945.7 samples/s
  step   650/1756 | loss 9.6234 | data 0.1 ms | step 15.1 ms | 33970.6 samples/s
  step   700/1756 | loss 9.7266 | data 0.1 ms | step 15.1 ms | 33972.2 samples/s
  step   750/1756 | loss 9.7542 | data 0.1 ms | step 15.1 ms | 33913.3 samples/s
  step   800/1756 | loss 10.1792 | data 0.1 ms | step 15.1 ms | 33969.5 samples/s
  step   850/1756 | loss 9.5141 | data 0.1 ms | step 15.1 ms | 33983.9 samples/s
  step   900/1756 | loss 9.4134 | data 0.1 ms | step 15.1 ms | 33979.7 samples/s
  step   950/1756 | loss 9.4125 | data 0.1 ms | step 15.1 ms | 33999.7 samples/s
  step  1000/1756 | loss 9.3097 | data 0.1 ms | step 15.1 ms | 33891.9 samples/s
  step  1050/1756 | loss 10.0059 | data 0.1 ms | step 15.1 ms | 33957.6 samples/s
  step  1100/1756 | loss 9.9478 | data 0.1 ms | step 15.1 ms | 33956.6 samples/s
  step  1150/1756 | loss 9.6453 | data 0.1 ms | step 15.1 ms | 33991.8 samples/s
  step  1200/1756 | loss 9.6357 | data 0.1 ms | step 15.1 ms | 33972.0 samples/s
  step  1250/1756 | loss 9.5561 | data 0.1 ms | step 15.1 ms | 33977.5 samples/s
  step  1300/1756 | loss 10.0272 | data 0.1 ms | step 15.1 ms | 33973.5 samples/s
  step  1350/1756 | loss 9.4130 | data 0.1 ms | step 15.1 ms | 33936.3 samples/s
  step  1400/1756 | loss 9.5150 | data 0.1 ms | step 15.1 ms | 33985.8 samples/s
  step  1450/1756 | loss 9.5398 | data 0.1 ms | step 15.1 ms | 33970.8 samples/s
  step  1500/1756 | loss 9.3894 | data 0.1 ms | step 15.1 ms | 33964.6 samples/s
  step  1550/1756 | loss 9.7489 | data 0.1 ms | step 15.1 ms | 33873.5 samples/s
  step  1600/1756 | loss 9.4183 | data 0.1 ms | step 15.1 ms | 33958.6 samples/s
  step  1650/1756 | loss 9.0805 | data 0.1 ms | step 15.1 ms | 33920.2 samples/s
  step  1700/1756 | loss 9.7325 | data 0.1 ms | step 15.1 ms | 33983.4 samples/s
  step  1750/1756 | loss 9.1142 | data 0.6 ms | step 15.1 ms | 33952.4 samples/s
Training Loss: 9.639313 | 33945.9 samples/s
Peak GPU memory: 1978.4 MB
Validation Loss: 9.708249 | 111346.0 samples/s

Test Loss: 30.452463 | 41.0 samples/s

  step   150/1756 | loss 10.0170 | data 0.1 ms | step 15.1 ms | 33833.0 samples/s
  step   200/1756 | loss 9.8918 | data 0.1 ms | step 15.1 ms | 33948.5 samples/s
  step   250/1756 | loss 9.0810 | data 0.1 ms | step 15.1 ms | 33954.9 samples/s
  step   300/1756 | loss 10.2647 | data 0.1 ms | step 15.1 ms | 33957.7 samples/s
  step   350/1756 | loss 9.4313 | data 0.1 ms | step 15.1 ms | 33969.4 samples/s
  step   400/1756 | loss 9.8793 | data 0.1 ms | step 15.1 ms | 33978.5 samples/s
  step   450/1756 | loss 9.8078 | data 0.1 ms | step 15.1 ms | 33852.3 samples/s
  step   500/1756 | loss 9.5518 | data 0.1 ms | step 15.1 ms | 33992.0 samples/s
  step   550/1756 | loss 9.3001 | data 0.1 ms | step 15.1 ms | 33907.4 samples/s
  step   600/1756 | loss 9.9788 | data 0.1 ms | step 15.1 ms | 33945.7 samples/s
  step   650/1756 | loss 9.6234 | data 0.1 ms | step 15.1 ms | 33970.6 samples/s
  step   700/1756 | loss 9.7266 | data 0.1 ms | step 15.1 ms | 33972.2 samples/s
  step   750/1756 | loss 9.7542 | data 0.1 ms | step 15.1 ms | 33913.3 samples/s
  step   800/1756 | loss 10.1792 | data 0.1 ms | step 15.1 ms | 33969.5 samples/s
  step   850/1756 | loss 9.5141 | data 0.1 ms | step 15.1 ms | 33983.9 samples/s
  step   900/1756 | loss 9.4134 | data 0.1 ms | step 15.1 ms | 33979.7 samples/s
  step   950/1756 | loss 9.4125 | data 0.1 ms | step 15.1 ms | 33999.7 samples/s
  step  1000/1756 | loss 9.3097 | data 0.1 ms | step 15.1 ms | 33891.9 samples/s
  step  1050/1756 | loss 10.0059 | data 0.1 ms | step 15.1 ms | 33957.6 samples/s
  step  1100/1756 | loss 9.9478 | data 0.1 ms | step 15.1 ms | 33956.6 samples/s
  step  1150/1756 | loss 9.6453 | data 0.1 ms | step 15.1 ms | 33991.8 samples/s
  step  1200/1756 | loss 9.6357 | data 0.1 ms | step 15.1 ms | 33972.0 samples/s
  step  1250/1756 | loss 9.5561 | data 0.1 ms | step 15.1 ms | 33977.5 samples/s
  step  1300/1756 | loss 10.0272 | data 0.1 ms | step 15.1 ms | 33973.5 samples/s
  step  1350/1756 | loss 9.4130 | data 0.1 ms | step 15.1 ms | 33936.3 samples/s
  step  1400/1756 | loss 9.5150 | data 0.1 ms | step 15.1 ms | 33985.8 samples/s
  step  1450/1756 | loss 9.5398 | data 0.1 ms | step 15.1 ms | 33970.8 samples/s
  step  1500/1756 | loss 9.3894 | data 0.1 ms | step 15.1 ms | 33964.6 samples/s
  step  1550/1756 | loss 9.7489 | data 0.1 ms | step 15.1 ms | 33873.5 samples/s
  step  1600/1756 | loss 9.4183 | data 0.1 ms | step 15.1 ms | 33958.6 samples/s
  step  1650/1756 | loss 9.0805 | data 0.1 ms | step 15.1 ms | 33920.2 samples/s
  step  1700/1756 | loss 9.7325 | data 0.1 ms | step 15.1 ms | 33983.4 samples/s
  step  1750/1756 | loss 9.1142 | data 0.6 ms | step 15.1 ms | 33952.4 samples/s
Training Loss: 9.639313 | 33945.9 samples/s
Peak GPU memory: 1978.4 MB
Validation Loss: 9.708249 | 111346.0 samples/s

Test Loss: 30.452463 | 41.0 samples/s

  step   150/1756 | loss 10.0170 | data 0.1 ms | step 15.1 ms | 33833.0 samples/s
  step   200/1756 | loss 9.8918 | data 0.1 ms | step 15.1 ms | 33948.5 samples/s
  step   250/1756 | loss 9.0810 | data 0.1 ms | step 15.1 ms | 33954.9 samples/s
  step   300/1756 | loss 10.2647 | data 0.1 ms | step 15.1 ms | 33957.7 samples/s
  step   350/1756 | loss 9.4313 | data 0.1 ms | step 15.1 ms | 33969.4 samples/s
  step   400/1756 | loss 9.8793 | data 0.1 ms | step 15.1 ms | 33978.5 samples/s
  step   450/1756 | loss 9.8078 | data 0.1 ms | step 15.1 ms | 33852.3 samples/s
  step   500/1756 | loss 9.5518 | data 0.1 ms | step 15.1 ms | 33992.0 samples/s
  step   550/1756 | loss 9.3001 | data 0.1 ms | step 15.1 ms | 33907.4 samples/s
  step   600/1756 | loss 9.9788 | data 0.1 ms | step 15.1 ms | 33945.7 samples/s
  step   650/1756 | loss 9.6234 | data 0.1 ms | step 15.1 ms | 33970.6 samples/s
  step   700/1756 | loss 9.7266 | data 0.1 ms | step 15.1 ms | 33972.2 samples/s
  step   750/1756 | loss 9.7542 | data 0.1 ms | step 15.1 ms | 33913.3 samples/s
  step   800/1756 | loss 10.1792 | data 0.1 ms | step 15.1 ms | 33969.5 samples/s
  step   850/1756 | loss 9.5141 | data 0.1 ms | step 15.1 ms | 33983.9 samples/s
  step   900/1756 | loss 9.4134 | data 0.1 ms | step 15.1 ms | 33979.7 samples/s
  step   950/1756 | loss 9.4125 | data 0.1 ms | step 15.1 ms | 33999.7 samples/s
  step  1000/1756 | loss 9.3097 | data 0.1 ms | step 15.1 ms | 33891.9 samples/s
  step  1050/1756 | loss 10.0059 | data 0.1 ms | step 15.1 ms | 33957.6 samples/s
  step  1100/1756 | loss 9.9478 | data 0.1 ms | step 15.1 ms | 33956.6 samples/s
  step  1150/1756 | loss 9.6453 | data 0.1 ms | step 15.1 ms | 33991.8 samples/s
  step  1200/1756 | loss 9.6357 | data 0.1 ms | step 15.1 ms | 33972.0 samples/s
  step  1250/1756 | loss 9.5561 | data 0.1 ms | step 15.1 ms | 33977.5 samples/s
  step  1300/1756 | loss 10.0272 | data 0.1 ms | step 15.1 ms | 33973.5 samples/s
  step  1350/1756 | loss 9.4130 | data 0.1 ms | step 15.1 ms | 33936.3 samples/s
  step  1400/1756 | loss 9.5150 | data 0.1 ms | step 15.1 ms | 33985.8 samples/s
  step  1450/1756 | loss 9.5398 | data 0.1 ms | step 15.1 ms | 33970.8 samples/s
  step  1500/1756 | loss 9.3894 | data 0.1 ms | step 15.1 ms | 33964.6 samples/s
  step  1550/1756 | loss 9.7489 | data 0.1 ms | step 15.1 ms | 33873.5 samples/s
  step  1600/1756 | loss 9.4183 | data 0.1 ms | step 15.1 ms | 33958.6 samples/s
  step  1650/1756 | loss 9.0805 | data 0.1 ms | step 15.1 ms | 33920.2 samples/s
  step  1700/1756 | loss 9.7325 | data 0.1 ms | step 15.1 ms | 33983.4 samples/s
  step  1750/1756 | loss 9.1142 | data 0.6 ms | step 15.1 ms | 33952.4 samples/s
Training Loss: 9.639313 | 33945.9 samples/s
Peak GPU memory: 1978.4 MB
Validation Loss: 9.708249 | 111346.0 samples/s

Test Loss: 30.452463 | 41.0 samples/s

  step   150/1756 | loss 10.0170 | data 0.1 ms | step 15.1 ms | 33833.0 samples/s
  step   200/1756 | loss 9.8918 | data 0.1 ms | step 15.1 ms | 33948.5 samples/s
  step   250/1756 | loss 9.0810 | data 0.1 ms | step 15.1 ms | 33954.9 samples/s
  step   300/1756 | loss 10.2647 | data 0.1 ms | step 15.1 ms | 33957.7 samples/s
  step   350/1756 | loss 9.4313 | data 0.1 ms | step 15.1 ms | 33969.4 samples/s
  step   400/1756 | loss 9.8793 | data 0.1 ms | step 15.1 ms | 33978.5 samples/s
  step   450/1756 | loss 9.8078 | data 0.1 ms | step 15.1 ms | 33852.3 samples/s
  step   500/1756 | loss 9.5518 | data 0.1 ms | step 15.1 ms | 33992.0 samples/s
  step   550/1756 | loss 9.3001 | data 0.1 ms | step 15.1 ms | 33907.4 samples/s
  step   600/1756 | loss 9.9788 | data 0.1 ms | step 15.1 ms | 33945.7 samples/s
  step   650/1756 | loss 9.6234 | data 0.1 ms | step 15.1 ms | 33970.6 samples/s
  step   700/1756 | loss 9.7266 | data 0.1 ms | step 15.1 ms | 33972.2 samples/s
  step   750/1756 | loss 9.7542 | data 0.1 ms | step 15.1 ms | 33913.3 samples/s
  step   800/1756 | loss 10.1792 | data 0.1 ms | step 15.1 ms | 33969.5 samples/s
  step   850/1756 | loss 9.5141 | data 0.1 ms | step 15.1 ms | 33983.9 samples/s
  step   900/1756 | loss 9.4134 | data 0.1 ms | step 15.1 ms | 33979.7 samples/s
  step   950/1756 | loss 9.4125 | data 0.1 ms | step 15.1 ms | 33999.7 samples/s
  step  1000/1756 | loss 9.3097 | data 0.1 ms | step 15.1 ms | 33891.9 samples/s
  step  1050/1756 | loss 10.0059 | data 0.1 ms | step 15.1 ms | 33957.6 samples/s
  step  1100/1756 | loss 9.9478 | data 0.1 ms | step 15.1 ms | 33956.6 samples/s
  step  1150/1756 | loss 9.6453 | data 0.1 ms | step 15.1 ms | 33991.8 samples/s
  step  1200/1756 | loss 9.6357 | data 0.1 ms | step 15.1 ms | 33972.0 samples/s
  step  1250/1756 | loss 9.5561 | data 0.1 ms | step 15.1 ms | 33977.5 samples/s
  step  1300/1756 | loss 10.0272 | data 0.1 ms | step 15.1 ms | 33973.5 samples/s
  step  1350/1756 | loss 9.4130 | data 0.1 ms | step 15.1 ms | 33936.3 samples/s
  step  1400/1756 | loss 9.5150 | data 0.1 ms | step 15.1 ms | 33985.8 samples/s
  step  1450/1756 | loss 9.5398 | data 0.1 ms | step 15.1 ms | 33970.8 samples/s
  step  1500/1756 | loss 9.3894 | data 0.1 ms | step 15.1 ms | 33964.6 samples/s
  step  1550/1756 | loss 9.7489 | data 0.1 ms | step 15.1 ms | 33873.5 samples/s
  step  1600/1756 | loss 9.4183 | data 0.1 ms | step 15.1 ms | 33958.6 samples/s
  step  1650/1756 | loss 9.0805 | data 0.1 ms | step 15.1 ms | 33920.2 samples/s
  step  1700/1756 | loss 9.7325 | data 0.1 ms | step 15.1 ms | 33983.4 samples/s
  step  1750/1756 | loss 9.1142 | data 0.6 ms | step 15.1 ms | 33952.4 samples/s
Training Loss: 9.639313 | 33945.9 samples/s
Peak GPU memory: 1978.4 MB
Validation Loss: 9.708249 | 111346.0 samples/s

Test Loss: 30.452463 | 41.0 samples/s

  step   150/1756 | loss 10.0170 | data 0.1 ms | step 15.1 ms | 33833.0 samples/s
  step   200/1756 | loss 9.8918 | data 0.1 ms | step 15.1 ms | 33948.5 samples/s
  step   250/1756 | loss 9.0810 | data 0.1 ms | step 15.1 ms | 33954.9 samples/s
  step   300/1756 | loss 10.2647 | data 0.1 ms | step 15.1 ms | 33957.7 samples/s
  step   350/1756 | loss 9.4313 | data 0.1 ms | step 15.1 ms | 33969.4 samples/s
  step   400/1756 | loss 9.8793 | data 0.1 ms | step 15.1 ms | 33978.5 samples/s
  step   450/1756 | loss 9.8078 | data 0.1 ms | step 15.1 ms | 33852.3 samples/s
  step   500/1756 | loss 9.5518 | data 0.1 ms | step 15.1 ms | 33992.0 samples/s
  step   550/1756 | loss 9.3001 | data 0.1 ms | step 15.1 ms | 33907.4 samples/s
  step   600/1756 | loss 9.9788 | data 0.1 ms | step 15.1 ms | 33945.7 samples/s
  step   650/1756 | loss 9.6234 | data 0.1 ms | step 15.1 ms | 33970.6 samples/s
  step   700/1756 | loss 9.7266 | data 0.1 ms | step 15.1 ms | 33972.2 samples/s
  step   750/1756 | loss 9.7542 | data 0.1 ms | step 15.1 ms | 33913.3 samples/s
  step   800/1756 | loss 10.1792 | data 0.1 ms | step 15.1 ms | 33969.5 samples/s
  step   850/1756 | loss 9.5141 | data 0.1 ms | step 15.1 ms | 33983.9 samples/s
  step   900/1756 | loss 9.4134 | data 0.1 ms | step 15.1 ms | 33979.7 samples/s
  step   950/1756 | loss 9.4125 | data 0.1 ms | step 15.1 ms | 33999.7 samples/s
  step  1000/1756 | loss 9.3097 | data 0.1 ms | step 15.1 ms | 33891.9 samples/s
  step  1050/1756 | loss 10.0059 | data 0.1 ms | step 15.1 ms | 33957.6 samples/s
  step  1100/1756 | loss 9.9478 | data 0.1 ms | step 15.1 ms | 33956.6 samples/s
  step  1150/1756 | loss 9.6453 | data 0.1 ms | step 15.1 ms | 33991.8 samples/s
  step  1200/1756 | loss 9.6357 | data 0.1 ms | step 15.1 ms | 33972.0 samples/s
  step  1250/1756 | loss 9.5561 | data 0.1 ms | step 15.1 ms | 33977.5 samples/s
  step  1300/1756 | loss 10.0272 | data 0.1 ms | step 15.1 ms | 33973.5 samples/s
  step  1350/1756 | loss 9.4130 | data 0.1 ms | step 15.1 ms | 33936.3 samples/s
  step  1400/1756 | loss 9.5150 | data 0.1 ms | step 15.1 ms | 33985.8 samples/s
  step  1450/1756 | loss 9.5398 | data 0.1 ms | step 15.1 ms | 33970.8 samples/s
  step  1500/1756 | loss 9.3894 | data 0.1 ms | step 15.1 ms | 33964.6 samples/s
  step  1550/1756 | loss 9.7489 | data 0.1 ms | step 15.1 ms | 33873.5 samples/s
  step  1600/1756 | loss 9.4183 | data 0.1 ms | step 15.1 ms | 33958.6 samples/s
  step  1650/1756 | loss 9.0805 | data 0.1 ms | step 15.1 ms | 33920.2 samples/s
  step  1700/1756 | loss 9.7325 | data 0.1 ms | step 15.1 ms | 33983.4 samples/s
  step  1750/1756 | loss 9.1142 | data 0.6 ms | step 15.1 ms | 33952.4 samples/s
Training Loss: 9.639313 | 33945.9 samples/s
Peak GPU memory: 1978.4 MB
Validation Loss: 9.708249 | 111346.0 samples/s

Test Loss: 30.452463 | 41.0 samples/s

  step   150/1756 | loss 10.0170 | data 0.1 ms | step 15.1 ms | 33833.0 samples/s
  step   200/1756 | loss 9.8918 | data 0.1 ms | step 15.1 ms | 33948.5 samples/s
  step   250/1756 | loss 9.0810 | data 0.1 ms | step 15.1 ms | 33954.9 samples/s
  step   300/1756 | loss 10.2647 | data 0.1 ms | step 15.1 ms | 33957.7 samples/s
  step   350/1756 | loss 9.4313 | data 0.1 ms | step 15.1 ms | 33969.4 samples/s
  step   400/1756 | loss 9.8793 | data 0.1 ms | step 15.1 ms | 33978.5 samples/s
  step   450/1756 | loss 9.8078 | data 0.1 ms | step 15.1 ms | 33852.3 samples/s
  step   500/1756 | loss 9.5518 | data 0.1 ms | step 15.1 ms | 33992.0 samples/s
  step   550/1756 | loss 9.3001 | data 0.1 ms | step 15.1 ms | 33907.4 samples/s
  step   600/1756 | loss 9.9788 | data 0.1 ms | step 15.1 ms | 33945.7 samples/s
  step   650/1756 | loss 9.6234 | data 0.1 ms | step 15.1 ms | 33970.6 samples/s
  step   700/1756 | loss 9.7266 | data 0.1 ms | step 15.1 ms | 33972.2 samples/s
  step   750/1756 | loss 9.7542 | data 0.1 ms | step 15.1 ms | 33913.3 samples/s
  step   800/1756 | loss 10.1792 | data 0.1 ms | step 15.1 ms | 33969.5 samples/s
  step   850/1756 | loss 9.5141 | data 0.1 ms | step 15.1 ms | 33983.9 samples/s
  step   900/1756 | loss 9.4134 | data 0.1 ms | step 15.1 ms | 33979.7 samples/s
  step   950/1756 | loss 9.4125 | data 0.1 ms | step 15.1 ms | 33999.7 samples/s
  step  1000/1756 | loss 9.3097 | data 0.1 ms | step 15.1 ms | 33891.9 samples/s
  step  1050/1756 | loss 10.0059 | data 0.1 ms | step 15.1 ms | 33957.6 samples/s
  step  1100/1756 | loss 9.9478 | data 0.1 ms | step 15.1 ms | 33956.6 samples/s
  step  1150/1756 | loss 9.6453 | data 0.1 ms | step 15.1 ms | 33991.8 samples/s
  step  1200/1756 | loss 9.6357 | data 0.1 ms | step 15.1 ms | 33972.0 samples/s
  step  1250/1756 | loss 9.5561 | data 0.1 ms | step 15.1 ms | 33977.5 samples/s
  step  1300/1756 | loss 10.0272 | data 0.1 ms | step 15.1 ms | 33973.5 samples/s
  step  1350/1756 | loss 9.4130 | data 0.1 ms | step 15.1 ms | 33936.3 samples/s
  step  1400/1756 | loss 9.5150 | data 0.1 ms | step 15.1 ms | 33985.8 samples/s
  step  1450/1756 | loss 9.5398 | data 0.1 ms | step 15.1 ms | 33970.8 samples/s
  step  1500/1756 | loss 9.3894 | data 0.1 ms | step 15.1 ms | 33964.6 samples/s
  step  1550/1756 | loss 9.7489 | data 0.1 ms | step 15.1 ms | 33873.5 samples/s
  step  1600/1756 | loss 9.4183 | data 0.1 ms | step 15.1 ms | 33958.6 samples/s
  step  1650/1756 | loss 9.0805 | data 0.1 ms | step 15.1 ms | 33920.2 samples/s
  step  1700/1756 | loss 9.7325 | data 0.1 ms | step 15.1 ms | 33983.4 samples/s
  step  1750/1756 | loss 9.1142 | data 0.6 ms | step 15.1 ms | 33952.4 samples/s
Training Loss: 9.639313 | 33945.9 samples/s
Peak GPU memory: 1978.4 MB
Validation Loss: 9.708249 | 111346.0 samples/s

Test Loss: 30.452463 | 41.0 samples/s

  step   150/1756 | loss 10.0170 | data 0.1 ms | step 15.1 ms | 33833.0 samples/s
  step   200/1756 | loss 9.8918 | data 0.1 ms | step 15.1 ms | 33948.5 samples/s
  step   250/1756 | loss 9.0810 | data 0.1 ms | step 15.1 ms | 33954.9 samples/s
  step   300/1756 | loss 10.2647 | data 0.1 ms | step 15.1 ms | 33957.7 samples/s
  step   350/1756 | loss 9.4313 | data 0.1 ms | step 15.1 ms | 33969.4 samples/s
  step   400/1756 | loss 9.8793 | data 0.1 ms | step 15.1 ms | 33978.5 samples/s
  step   450/1756 | loss 9.8078 | data 0.1 ms | step 15.1 ms | 33852.3 samples/s
  step   500/1756 | loss 9.5518 | data 0.1 ms | step 15.1 ms | 33992.0 samples/s
  step   550/1756 | loss 9.3001 | data 0.1 ms | step 15.1 ms | 33907.4 samples/s
  step   600/1756 | loss 9.9788 | data 0.1 ms | step 15.1 ms | 33945.7 samples/s
  step   650/1756 | loss 9.6234 | data 0.1 ms | step 15.1 ms | 33970.6 samples/s
  step   700/1756 | loss 9.7266 | data 0.1 ms | step 15.1 ms | 33972.2 samples/s
  step   750/1756 | loss 9.7542 | data 0.1 ms | step 15.1 ms | 33913.3 samples/s
  step   800/1756 | loss 10.1792 | data 0.1 ms | step 15.1 ms | 33969.5 samples/s
  step   850/1756 | loss 9.5141 | data 0.1 ms | step 15.1 ms | 33983.9 samples/s
  step   900/1756 | loss 9.4134 | data 0.1 ms | step 15.1 ms | 33979.7 samples/s
  step   950/1756 | loss 9.4125 | data 0.1 ms | step 15.1 ms | 33999.7 samples/s
  step  1000/1756 | loss 9.3097 | data 0.1 ms | step 15.1 ms | 33891.9 samples/s
  step  1050/1756 | loss 10.0059 | data 0.1 ms | step 15.1 ms | 33957.6 samples/s
  step  1100/1756 | loss 9.9478 | data 0.1 ms | step 15.1 ms | 33956.6 samples/s
  step  1150/1756 | loss 9.6453 | data 0.1 ms | step 15.1 ms | 33991.8 samples/s
  step  1200/1756 | loss 9.6357 | data 0.1 ms | step 15.1 ms | 33972.0 samples/s
  step  1250/1756 | loss 9.5561 | data 0.1 ms | step 15.1 ms | 33977.5 samples/s
  step  1300/1756 | loss 10.0272 | data 0.1 ms | step 15.1 ms | 33973.5 samples/s
  step  1350/1756 | loss 9.4130 | data 0.1 ms | step 15.1 ms | 33936.3 samples/s
  step  1400/1756 | loss 9.5150 | data 0.1 ms | step 15.1 ms | 33985.8 samples/s
  step  1450/1756 | loss 9.5398 | data 0.1 ms | step 15.1 ms | 33970.8 samples/s
  step  1500/1756 | loss 9.3894 | data 0.1 ms | step 15.1 ms | 33964.6 samples/s
  step  1550/1756 | loss 9.7489 | data 0.1 ms | step 15.1 ms | 33873.5 samples/s
  step  1600/1756 | loss 9.4183 | data 0.1 ms | step 15.1 ms | 33958.6 samples/s
  step  1650/1756 | loss 9.0805 | data 0.1 ms | step 15.1 ms | 33920.2 samples/s
  step  1700/1756 | loss 9.7325 | data 0.1 ms | step 15.1 ms | 33983.4 samples/s
  step  1750/1756 | loss 9.1142 | data 0.6 ms | step 15.1 ms | 33952.4 samples/s
Training Loss: 9.639313 | 33945.9 samples/s
Peak GPU memory: 1978.4 MB
Validation Loss: 9.708249 | 111346.0 samples/s

Test Loss: 30.452463 | 41.0 samples/s

Final model saved to: mask_aware_tf_heavy/mat_pseudo_lwm_weights.pth
============================================================
MAT Pseudo-Grid LWM (Method 2: 8×16) — Pre-training
============================================================
Log file    : mask_aware_tf_heavy/mat_pseudo_lwm_weights.log
Device      : cuda
Scenarios   : ['O1_3p5_v1', 'O1_3p5_v2', 'Boston5G_3p5', 'asu_campus1']
AMP         : disabled
Epochs      : 100
Batch size  : 512
LR          : 0.0003 | Weight decay: 1e-05
Scheduler   : Warmup(5ep) + CosineAnnealing(eta_min=1e-06)
Mask ratio  : 0.15
Save path   : mask_aware_tf_heavy/mat_pseudo_lwm_weights.pth
------------------------------------------------------------
Dataset — train: 898605, val: 224651, test: 1
============================================================

Epoch 1/100
----------------------------------------
Learning Rate: 0.000003
  step    50/1756 | loss 147.7084 | data 3.6 ms | step 25.4 ms | 20188.2 samples/s
  step   100/1756 | loss 148.0254 | data 0.1 ms | step 16.0 ms | 32074.4 samples/s
  step   150/1756 | loss 147.4862 | data 0.1 ms | step 15.9 ms | 32155.3 samples/s
  step   200/1756 | loss 150.7181 | data 0.1 ms | step 15.9 ms | 32162.6 samples/s
  step   250/1756 | loss 146.9103 | data 0.1 ms | step 15.9 ms | 32120.1 samples/s
  step   300/1756 | loss 146.7527 | data 0.1 ms | step 15.9 ms | 32101.2 samples/s
  step   350/1756 | loss 145.6474 | data 0.1 ms | step 16.0 ms | 32092.7 samples/s
  step   400/1756 | loss 146.7054 | data 0.1 ms | step 16.0 ms | 32036.8 samples/s
  step   450/1756 | loss 146.7141 | data 0.1 ms | step 16.0 ms | 32079.1 samples/s
  step   500/1756 | loss 142.3050 | data 0.1 ms | step 16.0 ms | 32081.7 samples/s
  step   550/1756 | loss 148.2709 | data 0.1 ms | step 15.8 ms | 32361.7 samples/s
  step   600/1756 | loss 148.0546 | data 0.1 ms | step 15.7 ms | 32566.8 samples/s
  step   650/1756 | loss 144.5535 | data 0.1 ms | step 15.7 ms | 32568.8 samples/s
  step   700/1756 | loss 149.0858 | data 0.1 ms | step 15.7 ms | 32554.1 samples/s
  step   750/1756 | loss 147.2437 | data 0.1 ms | step 15.7 ms | 32562.3 samples/s
  step   800/1756 | loss 143.2185 | data 0.1 ms | step 15.7 ms | 32591.2 samples/s
  step   850/1756 | loss 139.7761 | data 0.1 ms | step 15.7 ms | 32561.3 samples/s
  step   900/1756 | loss 138.6322 | data 0.1 ms | step 15.7 ms | 32538.2 samples/s
  step   950/1756 | loss 136.8664 | data 0.1 ms | step 15.7 ms | 32577.3 samples/s
  step  1000/1756 | loss 140.9552 | data 0.1 ms | step 15.7 ms | 32557.2 samples/s
  step  1050/1756 | loss 135.0360 | data 0.1 ms | step 15.7 ms | 32565.9 samples/s
  step  1100/1756 | loss 137.5197 | data 0.1 ms | step 15.7 ms | 32570.4 samples/s
  step  1150/1756 | loss 132.3737 | data 0.1 ms | step 15.7 ms | 32570.9 samples/s
  step  1200/1756 | loss 132.6314 | data 0.1 ms | step 15.7 ms | 32536.2 samples/s
  step  1250/1756 | loss 142.9807 | data 0.1 ms | step 15.7 ms | 32552.0 samples/s
  step  1300/1756 | loss 146.3499 | data 0.1 ms | step 15.7 ms | 32555.4 samples/s
  step  1350/1756 | loss 144.0404 | data 0.1 ms | step 15.8 ms | 32418.4 samples/s
  step  1400/1756 | loss 138.9331 | data 0.1 ms | step 15.8 ms | 32426.6 samples/s
  step  1450/1756 | loss 139.0755 | data 0.1 ms | step 15.7 ms | 32557.0 samples/s
  step  1500/1756 | loss 139.0630 | data 0.1 ms | step 15.7 ms | 32538.4 samples/s
  step  1550/1756 | loss 137.3366 | data 0.1 ms | step 15.7 ms | 32568.6 samples/s
  step  1600/1756 | loss 139.0985 | data 0.1 ms | step 15.7 ms | 32564.8 samples/s
  step  1650/1756 | loss 134.2409 | data 0.1 ms | step 15.7 ms | 32548.0 samples/s
  step  1700/1756 | loss 128.3036 | data 0.1 ms | step 15.7 ms | 32568.9 samples/s
  step  1750/1756 | loss 128.7131 | data 0.7 ms | step 15.7 ms | 32553.2 samples/s
Training Loss: 141.687480 | 31837.6 samples/s
Peak GPU memory: 2461.0 MB
Validation Loss: 127.078294 | 107090.4 samples/s

Epoch 2/100
----------------------------------------
Learning Rate: 0.000062
  step    50/1756 | loss 122.2583 | data 0.7 ms | step 16.1 ms | 31879.6 samples/s
  step   100/1756 | loss 118.0609 | data 0.1 ms | step 16.0 ms | 32037.3 samples/s
  step   150/1756 | loss 107.0548 | data 0.1 ms | step 15.9 ms | 32217.6 samples/s
  step   200/1756 | loss 92.9284 | data 0.1 ms | step 16.0 ms | 32010.0 samples/s
  step   250/1756 | loss 87.3232 | data 0.1 ms | step 16.0 ms | 32049.6 samples/s
  step   300/1756 | loss 87.7992 | data 0.1 ms | step 16.0 ms | 32050.0 samples/s
  step   350/1756 | loss 87.7703 | data 0.1 ms | step 16.0 ms | 32034.5 samples/s
  step   400/1756 | loss 81.2193 | data 0.1 ms | step 16.0 ms | 32041.7 samples/s
  step   450/1756 | loss 80.1907 | data 0.1 ms | step 16.0 ms | 32055.2 samples/s
  step   500/1756 | loss 74.0344 | data 0.1 ms | step 16.0 ms | 32044.6 samples/s
  step   550/1756 | loss 69.2545 | data 0.1 ms | step 16.0 ms | 32037.6 samples/s
  step   600/1756 | loss 65.5954 | data 0.1 ms | step 16.0 ms | 32054.1 samples/s
  step   650/1756 | loss 66.9665 | data 0.1 ms | step 16.0 ms | 32067.3 samples/s
  step   700/1756 | loss 68.1362 | data 0.1 ms | step 16.0 ms | 32018.9 samples/s
  step   750/1756 | loss 62.3053 | data 0.1 ms | step 16.0 ms | 32030.1 samples/s
  step   800/1756 | loss 69.0033 | data 0.1 ms | step 16.0 ms | 32030.5 samples/s
  step   850/1756 | loss 64.7826 | data 0.1 ms | step 16.0 ms | 32020.6 samples/s
  step   900/1756 | loss 65.0858 | data 0.1 ms | step 16.0 ms | 32015.2 samples/s
  step   950/1756 | loss 62.2219 | data 0.1 ms | step 16.0 ms | 32044.6 samples/s
  step  1000/1756 | loss 60.1630 | data 0.1 ms | step 16.0 ms | 31990.5 samples/s
  step  1050/1756 | loss 61.4331 | data 0.1 ms | step 16.0 ms | 32024.3 samples/s
  step  1100/1756 | loss 70.2077 | data 0.1 ms | step 16.0 ms | 32034.6 samples/s
  step  1150/1756 | loss 69.0917 | data 0.1 ms | step 16.0 ms | 31982.3 samples/s
  step  1200/1756 | loss 66.0632 | data 0.1 ms | step 16.0 ms | 32005.4 samples/s
  step  1250/1756 | loss 67.3711 | data 0.1 ms | step 16.0 ms | 32064.2 samples/s
  step  1300/1756 | loss 65.0613 | data 0.1 ms | step 16.0 ms | 31964.2 samples/s
  step  1350/1756 | loss 65.2176 | data 0.1 ms | step 15.9 ms | 32126.0 samples/s
  step  1400/1756 | loss 61.0487 | data 0.1 ms | step 16.0 ms | 32009.7 samples/s
  step  1450/1756 | loss 60.8822 | data 0.1 ms | step 16.0 ms | 32012.7 samples/s
  step  1500/1756 | loss 60.0833 | data 0.1 ms | step 16.0 ms | 32022.3 samples/s
  step  1550/1756 | loss 58.7576 | data 0.1 ms | step 16.0 ms | 32060.1 samples/s
  step  1600/1756 | loss 62.1652 | data 0.1 ms | step 16.0 ms | 32032.2 samples/s
  step  1650/1756 | loss 60.5023 | data 0.1 ms | step 16.0 ms | 32021.1 samples/s
  step  1700/1756 | loss 60.8010 | data 0.1 ms | step 16.0 ms | 32001.2 samples/s
  step  1750/1756 | loss 61.3675 | data 0.7 ms | step 16.0 ms | 31966.0 samples/s
Training Loss: 72.585982 | 32023.1 samples/s
Peak GPU memory: 1978.4 MB
Validation Loss: 58.498656 | 107419.8 samples/s

Epoch 3/100
----------------------------------------
Learning Rate: 0.000122
  step    50/1756 | loss 60.7010 | data 0.7 ms | step 16.0 ms | 31973.4 samples/s
  step   100/1756 | loss 58.6626 | data 0.1 ms | step 16.0 ms | 32067.9 samples/s
  step   150/1756 | loss 58.4816 | data 0.1 ms | step 16.0 ms | 32090.0 samples/s
  step   200/1756 | loss 59.0246 | data 0.1 ms | step 16.0 ms | 32015.4 samples/s
  step   250/1756 | loss 55.7010 | data 0.1 ms | step 16.0 ms | 32039.1 samples/s
  step   300/1756 | loss 55.2589 | data 0.1 ms | step 16.0 ms | 32087.6 samples/s
  step   350/1756 | loss 54.5889 | data 0.1 ms | step 15.9 ms | 32116.3 samples/s
  step   400/1756 | loss 53.0314 | data 0.1 ms | step 16.0 ms | 32028.8 samples/s
  step   450/1756 | loss 50.4553 | data 0.1 ms | step 15.8 ms | 32431.3 samples/s
  step   500/1756 | loss 52.1728 | data 0.1 ms | step 15.8 ms | 32470.1 samples/s
  step   550/1756 | loss 53.8281 | data 0.1 ms | step 15.8 ms | 32475.4 samples/s
  step   600/1756 | loss 56.9522 | data 0.1 ms | step 15.8 ms | 32464.2 samples/s
  step   650/1756 | loss 55.0500 | data 0.1 ms | step 15.8 ms | 32445.3 samples/s
  step   700/1756 | loss 53.2401 | data 0.1 ms | step 15.7 ms | 32511.8 samples/s
  step   750/1756 | loss 51.3601 | data 0.1 ms | step 15.7 ms | 32516.6 samples/s
  step   800/1756 | loss 52.9227 | data 0.1 ms | step 15.8 ms | 32466.1 samples/s
  step   850/1756 | loss 50.6970 | data 0.1 ms | step 15.8 ms | 32500.5 samples/s
  step   900/1756 | loss 50.5093 | data 0.1 ms | step 15.8 ms | 32503.5 samples/s
  step   950/1756 | loss 53.1113 | data 0.1 ms | step 15.8 ms | 32441.8 samples/s
  step  1000/1756 | loss 51.8041 | data 0.1 ms | step 15.7 ms | 32578.1 samples/s
  step  1050/1756 | loss 52.5504 | data 0.1 ms | step 15.8 ms | 32475.1 samples/s
  step  1100/1756 | loss 49.2450 | data 0.1 ms | step 15.8 ms | 32442.8 samples/s
  step  1150/1756 | loss 49.0753 | data 0.1 ms | step 15.8 ms | 32474.5 samples/s
  step  1200/1756 | loss 48.2177 | data 0.1 ms | step 15.8 ms | 32476.8 samples/s
  step  1250/1756 | loss 49.5832 | data 0.1 ms | step 15.8 ms | 32469.5 samples/s
  step  1300/1756 | loss 46.8563 | data 0.1 ms | step 15.8 ms | 32458.3 samples/s
  step  1350/1756 | loss 48.2290 | data 0.1 ms | step 15.8 ms | 32456.1 samples/s
  step  1400/1756 | loss 46.2034 | data 0.1 ms | step 15.8 ms | 32419.6 samples/s
  step  1450/1756 | loss 49.3200 | data 0.1 ms | step 15.8 ms | 32423.5 samples/s
  step  1500/1756 | loss 48.5593 | data 0.1 ms | step 15.8 ms | 32449.7 samples/s
  step  1550/1756 | loss 46.8962 | data 0.1 ms | step 15.8 ms | 32462.2 samples/s
  step  1600/1756 | loss 44.9541 | data 0.1 ms | step 15.8 ms | 32441.6 samples/s
  step  1650/1756 | loss 47.3091 | data 0.1 ms | step 15.8 ms | 32455.2 samples/s
  step  1700/1756 | loss 48.5297 | data 0.1 ms | step 15.8 ms | 32464.0 samples/s
  step  1750/1756 | loss 47.1409 | data 0.6 ms | step 15.8 ms | 32390.2 samples/s
Training Loss: 51.711474 | 32363.0 samples/s
Peak GPU memory: 1978.4 MB
Validation Loss: 46.711856 | 109142.3 samples/s

Epoch 4/100
----------------------------------------
Learning Rate: 0.000181
  step    50/1756 | loss 49.0029 | data 0.6 ms | step 15.8 ms | 32398.5 samples/s
  step   100/1756 | loss 46.6246 | data 0.1 ms | step 15.8 ms | 32456.1 samples/s
  step   150/1756 | loss 46.7601 | data 0.1 ms | step 15.8 ms | 32441.6 samples/s
  step   200/1756 | loss 46.4155 | data 0.1 ms | step 15.8 ms | 32467.9 samples/s
  step   250/1756 | loss 46.5291 | data 0.1 ms | step 15.8 ms | 32461.7 samples/s
  step   300/1756 | loss 44.1046 | data 0.1 ms | step 15.8 ms | 32455.5 samples/s
  step   350/1756 | loss 43.3953 | data 0.1 ms | step 15.8 ms | 32477.5 samples/s
  step   400/1756 | loss 45.0434 | data 0.1 ms | step 15.8 ms | 32472.7 samples/s
  step   450/1756 | loss 43.4207 | data 0.1 ms | step 15.8 ms | 32448.5 samples/s
  step   500/1756 | loss 43.8858 | data 0.1 ms | step 15.8 ms | 32452.3 samples/s
  step   550/1756 | loss 43.6068 | data 0.1 ms | step 15.8 ms | 32471.5 samples/s
  step   600/1756 | loss 41.5490 | data 0.1 ms | step 15.8 ms | 32469.6 samples/s
  step   650/1756 | loss 43.9730 | data 0.1 ms | step 15.8 ms | 32443.6 samples/s
  step   700/1756 | loss 47.1985 | data 0.1 ms | step 15.8 ms | 32449.9 samples/s
  step   750/1756 | loss 48.9947 | data 0.1 ms | step 15.8 ms | 32462.3 samples/s
  step   800/1756 | loss 46.5447 | data 0.1 ms | step 15.8 ms | 32387.6 samples/s
  step   850/1756 | loss 43.6199 | data 0.1 ms | step 15.8 ms | 32431.9 samples/s
  step   900/1756 | loss 44.8335 | data 0.1 ms | step 15.8 ms | 32436.1 samples/s
  step   950/1756 | loss 45.4833 | data 0.1 ms | step 15.8 ms | 32426.3 samples/s
  step  1000/1756 | loss 43.0236 | data 0.1 ms | step 15.8 ms | 32457.0 samples/s
  step  1050/1756 | loss 43.0713 | data 0.1 ms | step 15.8 ms | 32461.0 samples/s
  step  1100/1756 | loss 42.1721 | data 0.1 ms | step 15.8 ms | 32440.6 samples/s
  step  1150/1756 | loss 40.7661 | data 0.1 ms | step 15.8 ms | 32456.9 samples/s
  step  1200/1756 | loss 41.5124 | data 0.1 ms | step 15.8 ms | 32447.3 samples/s
  step  1250/1756 | loss 39.9627 | data 0.1 ms | step 15.8 ms | 32427.1 samples/s
  step  1300/1756 | loss 42.4099 | data 0.1 ms | step 15.8 ms | 32445.0 samples/s
  step  1350/1756 | loss 43.0829 | data 0.1 ms | step 15.8 ms | 32459.9 samples/s
  step  1400/1756 | loss 42.2495 | data 0.1 ms | step 15.8 ms | 32428.4 samples/s
  step  1450/1756 | loss 39.2195 | data 0.1 ms | step 15.8 ms | 32399.9 samples/s
  step  1500/1756 | loss 39.0990 | data 0.1 ms | step 15.8 ms | 32479.6 samples/s
  step  1550/1756 | loss 39.0245 | data 0.1 ms | step 15.8 ms | 32464.2 samples/s
  step  1600/1756 | loss 40.1524 | data 0.1 ms | step 15.8 ms | 32401.8 samples/s
  step  1650/1756 | loss 38.3515 | data 0.1 ms | step 15.8 ms | 32458.8 samples/s
  step  1700/1756 | loss 39.2088 | data 0.1 ms | step 15.8 ms | 32463.8 samples/s
  step  1750/1756 | loss 43.1546 | data 0.6 ms | step 15.8 ms | 32408.4 samples/s
Training Loss: 43.366520 | 32438.9 samples/s
Peak GPU memory: 1978.4 MB
Validation Loss: 42.426722 | 108916.3 samples/s

Epoch 5/100
----------------------------------------
Learning Rate: 0.000241
  step    50/1756 | loss 39.7604 | data 0.7 ms | step 15.8 ms | 32412.4 samples/s
  step   100/1756 | loss 39.4435 | data 0.1 ms | step 15.8 ms | 32432.3 samples/s
  step   150/1756 | loss 37.5953 | data 0.1 ms | step 15.8 ms | 32428.4 samples/s
  step   200/1756 | loss 40.2840 | data 0.1 ms | step 15.8 ms | 32440.8 samples/s
  step   250/1756 | loss 38.1200 | data 0.1 ms | step 15.8 ms | 32459.3 samples/s
  step   300/1756 | loss 35.5730 | data 0.1 ms | step 15.8 ms | 32449.6 samples/s
  step   350/1756 | loss 35.6633 | data 0.1 ms | step 15.8 ms | 32408.1 samples/s
  step   400/1756 | loss 35.1158 | data 0.1 ms | step 15.8 ms | 32456.9 samples/s
  step   450/1756 | loss 35.8851 | data 0.1 ms | step 15.8 ms | 32443.3 samples/s
  step   500/1756 | loss 34.5232 | data 0.1 ms | step 15.8 ms | 32471.7 samples/s
  step   550/1756 | loss 42.0602 | data 0.1 ms | step 15.8 ms | 32475.8 samples/s
  step   600/1756 | loss 42.6441 | data 0.1 ms | step 15.8 ms | 32384.5 samples/s
  step   650/1756 | loss 36.0930 | data 0.1 ms | step 15.8 ms | 32446.4 samples/s
  step   700/1756 | loss 35.1617 | data 0.1 ms | step 15.8 ms | 32422.4 samples/s
  step   750/1756 | loss 34.4691 | data 0.1 ms | step 15.8 ms | 32394.2 samples/s
  step   800/1756 | loss 33.6725 | data 0.1 ms | step 15.8 ms | 32440.5 samples/s
  step   850/1756 | loss 33.4733 | data 0.1 ms | step 15.8 ms | 32457.3 samples/s
  step   900/1756 | loss 32.3945 | data 0.1 ms | step 15.8 ms | 32427.6 samples/s
  step   950/1756 | loss 33.8504 | data 0.1 ms | step 15.8 ms | 32474.0 samples/s
  step  1000/1756 | loss 31.9817 | data 0.1 ms | step 15.8 ms | 32448.7 samples/s
  step  1050/1756 | loss 30.4842 | data 0.1 ms | step 15.8 ms | 32449.0 samples/s
  step  1100/1756 | loss 30.5049 | data 0.1 ms | step 15.8 ms | 32454.8 samples/s
  step  1150/1756 | loss 30.4802 | data 0.1 ms | step 15.8 ms | 32444.6 samples/s
  step  1200/1756 | loss 29.8617 | data 0.1 ms | step 15.8 ms | 32457.3 samples/s
  step  1250/1756 | loss 30.0111 | data 0.1 ms | step 15.8 ms | 32415.9 samples/s
  step  1300/1756 | loss 29.9244 | data 0.1 ms | step 15.8 ms | 32460.0 samples/s
  step  1350/1756 | loss 29.1403 | data 0.1 ms | step 15.8 ms | 32427.3 samples/s
  step  1400/1756 | loss 29.4696 | data 0.1 ms | step 15.8 ms | 32392.5 samples/s
  step  1450/1756 | loss 28.8161 | data 0.1 ms | step 15.8 ms | 32433.4 samples/s
  step  1500/1756 | loss 29.3804 | data 0.1 ms | step 15.8 ms | 32427.8 samples/s
  step  1550/1756 | loss 28.5907 | data 0.1 ms | step 15.8 ms | 32408.8 samples/s
  step  1600/1756 | loss 27.9660 | data 0.1 ms | step 15.8 ms | 32421.2 samples/s
  step  1650/1756 | loss 28.8563 | data 0.1 ms | step 15.8 ms | 32428.6 samples/s
  step  1700/1756 | loss 26.9529 | data 0.1 ms | step 15.8 ms | 32414.0 samples/s
  step  1750/1756 | loss 27.6092 | data 0.7 ms | step 15.8 ms | 32422.3 samples/s
Training Loss: 33.297914 | 32429.9 samples/s
Peak GPU memory: 1978.4 MB
Validation Loss: 26.415157 | 108970.9 samples/s

Epoch 6/100
----------------------------------------
Learning Rate: 0.000300
  step    50/1756 | loss 26.2383 | data 0.6 ms | step 15.8 ms | 32383.3 samples/s
  step   100/1756 | loss 26.6275 | data 0.1 ms | step 15.8 ms | 32391.9 samples/s
  step   150/1756 | loss 25.6690 | data 0.1 ms | step 15.8 ms | 32413.3 samples/s
  step   200/1756 | loss 25.8083 | data 0.1 ms | step 15.8 ms | 32425.6 samples/s
  step   250/1756 | loss 26.0001 | data 0.1 ms | step 15.8 ms | 32410.5 samples/s
  step   300/1756 | loss 25.0292 | data 0.1 ms | step 15.8 ms | 32420.3 samples/s
  step   350/1756 | loss 25.0163 | data 0.1 ms | step 15.8 ms | 32428.7 samples/s
  step   400/1756 | loss 24.4350 | data 0.1 ms | step 15.8 ms | 32429.1 samples/s
  step   450/1756 | loss 26.0082 | data 0.1 ms | step 15.8 ms | 32373.5 samples/s
  step   500/1756 | loss 24.6865 | data 0.1 ms | step 15.8 ms | 32428.0 samples/s
  step   550/1756 | loss 23.8175 | data 0.1 ms | step 15.8 ms | 32363.6 samples/s
  step   600/1756 | loss 24.1800 | data 0.1 ms | step 15.8 ms | 32362.8 samples/s
  step   650/1756 | loss 27.8317 | data 0.1 ms | step 15.8 ms | 32390.6 samples/s
  step   700/1756 | loss 25.7518 | data 0.1 ms | step 15.8 ms | 32447.6 samples/s
  step   750/1756 | loss 25.7154 | data 0.1 ms | step 15.8 ms | 32421.8 samples/s
  step   800/1756 | loss 23.1752 | data 0.1 ms | step 15.8 ms | 32424.9 samples/s
  step   850/1756 | loss 24.1315 | data 0.1 ms | step 15.8 ms | 32433.1 samples/s
  step   900/1756 | loss 22.0832 | data 0.1 ms | step 15.8 ms | 32404.8 samples/s
  step   950/1756 | loss 22.8871 | data 0.1 ms | step 15.8 ms | 32427.9 samples/s
  step  1000/1756 | loss 21.8955 | data 0.1 ms | step 15.8 ms | 32430.7 samples/s
  step  1050/1756 | loss 24.0344 | data 0.1 ms | step 15.8 ms | 32407.2 samples/s
  step  1100/1756 | loss 22.8461 | data 0.1 ms | step 15.8 ms | 32402.6 samples/s
  step  1150/1756 | loss 23.3414 | data 0.1 ms | step 15.8 ms | 32415.4 samples/s
  step  1200/1756 | loss 23.2258 | data 0.1 ms | step 15.8 ms | 32364.1 samples/s
  step  1250/1756 | loss 21.8099 | data 0.1 ms | step 15.8 ms | 32416.2 samples/s
  step  1300/1756 | loss 27.5251 | data 0.1 ms | step 15.8 ms | 32403.3 samples/s
  step  1350/1756 | loss 26.3246 | data 0.1 ms | step 15.8 ms | 32409.2 samples/s
  step  1400/1756 | loss 23.1925 | data 0.1 ms | step 15.8 ms | 32427.2 samples/s
  step  1450/1756 | loss 23.4618 | data 0.1 ms | step 15.8 ms | 32425.0 samples/s
  step  1500/1756 | loss 25.3044 | data 0.1 ms | step 15.8 ms | 32418.8 samples/s
  step  1550/1756 | loss 24.2583 | data 0.1 ms | step 15.8 ms | 32402.5 samples/s
  step  1600/1756 | loss 27.7347 | data 0.1 ms | step 15.8 ms | 32408.7 samples/s
  step  1650/1756 | loss 25.0762 | data 0.1 ms | step 15.8 ms | 32386.1 samples/s
  step  1700/1756 | loss 24.1489 | data 0.1 ms | step 15.8 ms | 32364.6 samples/s
  step  1750/1756 | loss 23.8565 | data 0.6 ms | step 15.8 ms | 32390.8 samples/s
Training Loss: 24.665368 | 32400.3 samples/s
Peak GPU memory: 1978.4 MB
Validation Loss: 23.000317 | 108905.2 samples/s

Epoch 7/100
----------------------------------------
Learning Rate: 0.000300
  step    50/1756 | loss 21.9661 | data 0.6 ms | step 15.8 ms | 32354.4 samples/s
  step   100/1756 | loss 22.8233 | data 0.1 ms | step 15.8 ms | 32374.5 samples/s
  step   150/1756 | loss 24.8084 | data 0.1 ms | step 15.8 ms | 32405.0 samples/s
  step   200/1756 | loss 22.0795 | data 0.1 ms | step 15.8 ms | 32398.4 samples/s
  step   250/1756 | loss 19.8908 | data 0.1 ms | step 15.8 ms | 32343.3 samples/s
  step   300/1756 | loss 22.1963 | data 0.1 ms | step 15.8 ms | 32366.4 samples/s
  step   350/1756 | loss 20.6007 | data 0.1 ms | step 15.8 ms | 32383.7 samples/s
  step   400/1756 | loss 20.3801 | data 0.1 ms | step 15.8 ms | 32367.2 samples/s
  step   450/1756 | loss 20.5461 | data 0.1 ms | step 15.8 ms | 32394.7 samples/s
  step   500/1756 | loss 21.2647 | data 0.1 ms | step 15.8 ms | 32401.1 samples/s
  step   550/1756 | loss 20.5076 | data 0.1 ms | step 15.8 ms | 32391.9 samples/s
  step   600/1756 | loss 20.3594 | data 0.1 ms | step 15.8 ms | 32403.6 samples/s
  step   650/1756 | loss 19.1482 | data 0.1 ms | step 15.8 ms | 32410.7 samples/s
  step   700/1756 | loss 21.2745 | data 0.1 ms | step 15.8 ms | 32381.9 samples/s
  step   750/1756 | loss 22.6878 | data 0.1 ms | step 15.8 ms | 32372.6 samples/s
  step   800/1756 | loss 20.6702 | data 0.1 ms | step 15.8 ms | 32404.0 samples/s
  step   850/1756 | loss 19.7930 | data 0.1 ms | step 15.8 ms | 32387.5 samples/s
  step   900/1756 | loss 20.1878 | data 0.1 ms | step 15.8 ms | 32358.3 samples/s
  step   950/1756 | loss 18.9192 | data 0.1 ms | step 15.8 ms | 32371.7 samples/s
  step  1000/1756 | loss 20.6806 | data 0.1 ms | step 15.8 ms | 32400.5 samples/s
  step  1050/1756 | loss 20.7005 | data 0.1 ms | step 15.8 ms | 32348.2 samples/s
  step  1100/1756 | loss 21.2089 | data 0.1 ms | step 15.8 ms | 32401.9 samples/s
  step  1150/1756 | loss 20.7350 | data 0.1 ms | step 15.8 ms | 32375.4 samples/s
  step  1200/1756 | loss 19.7696 | data 0.1 ms | step 15.8 ms | 32356.3 samples/s
  step  1250/1756 | loss 19.6375 | data 0.1 ms | step 15.8 ms | 32392.2 samples/s
  step  1300/1756 | loss 19.2044 | data 0.1 ms | step 15.8 ms | 32390.6 samples/s
  step  1350/1756 | loss 18.5581 | data 0.1 ms | step 15.8 ms | 32353.9 samples/s
  step  1400/1756 | loss 19.7582 | data 0.1 ms | step 15.8 ms | 32401.4 samples/s
  step  1450/1756 | loss 19.3331 | data 0.1 ms | step 15.8 ms | 32405.1 samples/s
  step  1500/1756 | loss 21.1936 | data 0.1 ms | step 15.8 ms | 32373.7 samples/s
  step  1550/1756 | loss 20.1807 | data 0.1 ms | step 15.8 ms | 32382.6 samples/s
  step  1600/1756 | loss 21.6718 | data 0.1 ms | step 15.8 ms | 32367.1 samples/s
  step  1650/1756 | loss 21.1897 | data 0.1 ms | step 15.8 ms | 32352.4 samples/s
  step  1700/1756 | loss 19.6212 | data 0.1 ms | step 15.8 ms | 32387.7 samples/s
  step  1750/1756 | loss 22.2189 | data 0.6 ms | step 15.8 ms | 32388.9 samples/s
Training Loss: 20.740219 | 32374.7 samples/s
Peak GPU memory: 1978.4 MB
Validation Loss: 20.967697 | 108747.1 samples/s

Epoch 8/100
----------------------------------------
Learning Rate: 0.000300
  step    50/1756 | loss 20.0188 | data 0.6 ms | step 15.8 ms | 32362.6 samples/s
  step   100/1756 | loss 20.8086 | data 0.1 ms | step 15.8 ms | 32344.7 samples/s
  step   150/1756 | loss 20.9615 | data 0.1 ms | step 15.8 ms | 32402.9 samples/s
  step   200/1756 | loss 19.2018 | data 0.1 ms | step 15.8 ms | 32383.5 samples/s
  step   250/1756 | loss 18.5568 | data 0.1 ms | step 15.8 ms | 32370.8 samples/s
  step   300/1756 | loss 19.4573 | data 0.1 ms | step 15.8 ms | 32412.6 samples/s
  step   350/1756 | loss 20.1943 | data 0.1 ms | step 15.8 ms | 32416.0 samples/s
  step   400/1756 | loss 19.6990 | data 0.1 ms | step 15.8 ms | 32375.6 samples/s
  step   450/1756 | loss 29.1443 | data 0.1 ms | step 15.8 ms | 32411.1 samples/s
  step   500/1756 | loss 21.5725 | data 0.1 ms | step 15.8 ms | 32413.6 samples/s
  step   550/1756 | loss 21.7480 | data 0.1 ms | step 15.8 ms | 32392.4 samples/s
  step   600/1756 | loss 22.4510 | data 0.1 ms | step 15.8 ms | 32402.5 samples/s
  step   650/1756 | loss 46.8511 | data 0.1 ms | step 15.8 ms | 32402.2 samples/s
  step   700/1756 | loss 40.7455 | data 0.1 ms | step 15.8 ms | 32307.4 samples/s
  step   750/1756 | loss 38.9450 | data 0.1 ms | step 15.8 ms | 32405.1 samples/s
  step   800/1756 | loss 37.4965 | data 0.1 ms | step 15.8 ms | 32383.3 samples/s
  step   850/1756 | loss 33.3983 | data 0.1 ms | step 15.8 ms | 32343.2 samples/s
  step   900/1756 | loss 32.4201 | data 0.1 ms | step 15.8 ms | 32362.8 samples/s
  step   950/1756 | loss 34.9202 | data 0.1 ms | step 15.8 ms | 32404.0 samples/s
  step  1000/1756 | loss 37.5589 | data 0.1 ms | step 15.8 ms | 32401.0 samples/s
  step  1050/1756 | loss 35.9029 | data 0.1 ms | step 15.8 ms | 32390.2 samples/s
  step  1100/1756 | loss 36.2437 | data 0.1 ms | step 15.8 ms | 32424.8 samples/s
  step  1150/1756 | loss 38.5102 | data 0.1 ms | step 15.8 ms | 32437.2 samples/s
  step  1200/1756 | loss 34.3897 | data 0.1 ms | step 15.8 ms | 32417.9 samples/s
  step  1250/1756 | loss 31.7891 | data 0.1 ms | step 15.8 ms | 32414.6 samples/s
  step  1300/1756 | loss 31.0044 | data 0.1 ms | step 15.8 ms | 32417.5 samples/s
  step  1350/1756 | loss 37.8452 | data 0.1 ms | step 15.8 ms | 32342.4 samples/s
  step  1400/1756 | loss 30.2825 | data 0.1 ms | step 15.8 ms | 32388.2 samples/s
  step  1450/1756 | loss 44.8994 | data 0.1 ms | step 15.8 ms | 32399.7 samples/s
  step  1500/1756 | loss 43.2435 | data 0.1 ms | step 15.8 ms | 32384.8 samples/s
  step  1550/1756 | loss 33.5303 | data 0.1 ms | step 15.8 ms | 32406.1 samples/s
  step  1600/1756 | loss 30.8182 | data 0.1 ms | step 15.8 ms | 32411.3 samples/s
  step  1650/1756 | loss 37.7547 | data 0.1 ms | step 15.8 ms | 32380.1 samples/s
  step  1700/1756 | loss 33.3022 | data 0.1 ms | step 15.8 ms | 32419.2 samples/s
  step  1750/1756 | loss 33.2013 | data 0.6 ms | step 15.8 ms | 32402.8 samples/s
Training Loss: 31.116992 | 32385.4 samples/s
Peak GPU memory: 1978.4 MB
Validation Loss: 33.354186 | 108747.0 samples/s

Epoch 9/100
----------------------------------------
Learning Rate: 0.000299
  step    50/1756 | loss 31.7431 | data 0.6 ms | step 15.8 ms | 32356.5 samples/s
  step   100/1756 | loss 29.2403 | data 0.1 ms | step 15.8 ms | 32406.8 samples/s
  step   150/1756 | loss 28.1761 | data 0.1 ms | step 15.8 ms | 32414.4 samples/s
  step   200/1756 | loss 29.3675 | data 0.1 ms | step 15.8 ms | 32421.8 samples/s
  step   250/1756 | loss 28.9402 | data 0.1 ms | step 15.9 ms | 32246.9 samples/s
  step   300/1756 | loss 29.9927 | data 0.1 ms | step 15.8 ms | 32423.2 samples/s
  step   350/1756 | loss 48.2547 | data 0.1 ms | step 15.8 ms | 32396.3 samples/s
  step   400/1756 | loss 39.9196 | data 0.1 ms | step 15.8 ms | 32396.4 samples/s
  step   450/1756 | loss 33.4919 | data 0.1 ms | step 15.8 ms | 32403.2 samples/s
  step   500/1756 | loss 29.9342 | data 0.1 ms | step 15.8 ms | 32404.9 samples/s
  step   550/1756 | loss 28.9707 | data 0.1 ms | step 15.8 ms | 32396.0 samples/s
  step   600/1756 | loss 27.5340 | data 0.1 ms | step 15.8 ms | 32418.0 samples/s
  step   650/1756 | loss 26.7745 | data 0.1 ms | step 15.8 ms | 32331.3 samples/s
  step   700/1756 | loss 26.0979 | data 0.1 ms | step 15.8 ms | 32351.6 samples/s
  step   750/1756 | loss 30.6604 | data 0.1 ms | step 15.8 ms | 32402.9 samples/s
  step   800/1756 | loss 36.6497 | data 0.1 ms | step 15.8 ms | 32412.6 samples/s
  step   850/1756 | loss 30.8467 | data 0.1 ms | step 15.8 ms | 32404.7 samples/s
  step   900/1756 | loss 32.9995 | data 0.1 ms | step 15.8 ms | 32427.8 samples/s
  step   950/1756 | loss 30.9012 | data 0.1 ms | step 15.8 ms | 32420.4 samples/s
  step  1000/1756 | loss 29.2049 | data 0.1 ms | step 15.8 ms | 32393.6 samples/s
  step  1050/1756 | loss 28.4173 | data 0.1 ms | step 15.8 ms | 32423.1 samples/s
  step  1100/1756 | loss 28.6826 | data 0.1 ms | step 15.8 ms | 32440.1 samples/s
  step  1150/1756 | loss 30.5429 | data 0.1 ms | step 15.8 ms | 32407.2 samples/s
  step  1200/1756 | loss 27.6381 | data 0.1 ms | step 15.8 ms | 32413.1 samples/s
  step  1250/1756 | loss 29.9842 | data 0.1 ms | step 15.8 ms | 32432.9 samples/s
  step  1300/1756 | loss 28.6394 | data 0.1 ms | step 15.8 ms | 32433.5 samples/s
  step  1350/1756 | loss 28.5017 | data 0.1 ms | step 15.8 ms | 32400.3 samples/s
  step  1400/1756 | loss 29.4568 | data 0.1 ms | step 15.8 ms | 32425.3 samples/s
  step  1450/1756 | loss 32.9861 | data 0.1 ms | step 15.8 ms | 32431.1 samples/s
  step  1500/1756 | loss 29.3645 | data 0.1 ms | step 15.8 ms | 32409.8 samples/s
  step  1550/1756 | loss 27.9077 | data 0.1 ms | step 15.8 ms | 32414.7 samples/s
  step  1600/1756 | loss 28.4058 | data 0.1 ms | step 15.8 ms | 32425.2 samples/s
  step  1650/1756 | loss 30.9430 | data 0.1 ms | step 15.8 ms | 32359.7 samples/s
  step  1700/1756 | loss 27.8299 | data 0.1 ms | step 15.8 ms | 32418.4 samples/s
  step  1750/1756 | loss 25.3961 | data 0.6 ms | step 15.8 ms | 32410.8 samples/s
Training Loss: 30.388087 | 32397.3 samples/s
Peak GPU memory: 1978.4 MB
Validation Loss: 26.336237 | 108877.2 samples/s

Epoch 10/100
----------------------------------------
Learning Rate: 0.000299
  step    50/1756 | loss 37.1410 | data 0.7 ms | step 15.8 ms | 32352.6 samples/s
  step   100/1756 | loss 58.6336 | data 0.1 ms | step 15.8 ms | 32381.5 samples/s
  step   150/1756 | loss 62.1653 | data 0.1 ms | step 15.8 ms | 32363.5 samples/s
  step   200/1756 | loss 59.7363 | data 0.1 ms | step 15.8 ms | 32377.4 samples/s
  step   250/1756 | loss 45.0892 | data 0.1 ms | step 15.8 ms | 32401.0 samples/s
  step   300/1756 | loss 44.7841 | data 0.1 ms | step 15.8 ms | 32414.7 samples/s
  step   350/1756 | loss 39.7931 | data 0.1 ms | step 15.8 ms | 32400.6 samples/s
  step   400/1756 | loss 35.7511 | data 0.1 ms | step 15.8 ms | 32376.2 samples/s
  step   450/1756 | loss 34.8518 | data 0.1 ms | step 15.8 ms | 32399.6 samples/s
  step   500/1756 | loss 42.9914 | data 0.1 ms | step 15.8 ms | 32408.7 samples/s
  step   550/1756 | loss 40.9080 | data 0.1 ms | step 15.8 ms | 32399.8 samples/s
  step   600/1756 | loss 40.0046 | data 0.1 ms | step 15.8 ms | 32405.1 samples/s
  step   650/1756 | loss 34.7687 | data 0.1 ms | step 15.8 ms | 32397.6 samples/s
  step   700/1756 | loss 32.6428 | data 0.1 ms | step 15.8 ms | 32330.8 samples/s
  step   750/1756 | loss 34.1890 | data 0.1 ms | step 15.8 ms | 32385.5 samples/s
  step   800/1756 | loss 34.2321 | data 0.1 ms | step 15.8 ms | 32388.2 samples/s
  step   850/1756 | loss 30.9922 | data 0.1 ms | step 15.8 ms | 32359.8 samples/s
  step   900/1756 | loss 30.5000 | data 0.1 ms | step 15.8 ms | 32391.4 samples/s
  step   950/1756 | loss 30.0419 | data 0.1 ms | step 15.8 ms | 32392.1 samples/s
  step  1000/1756 | loss 29.7552 | data 0.1 ms | step 15.8 ms | 32378.5 samples/s
  step  1050/1756 | loss 29.2486 | data 0.1 ms | step 15.8 ms | 32406.3 samples/s
  step  1100/1756 | loss 29.1790 | data 0.1 ms | step 15.8 ms | 32398.8 samples/s
  step  1150/1756 | loss 30.6964 | data 0.1 ms | step 15.8 ms | 32381.4 samples/s
  step  1200/1756 | loss 27.2119 | data 0.1 ms | step 15.8 ms | 32398.8 samples/s
  step  1250/1756 | loss 26.2718 | data 0.1 ms | step 15.8 ms | 32393.3 samples/s
  step  1300/1756 | loss 25.1681 | data 0.1 ms | step 15.8 ms | 32370.9 samples/s
  step  1350/1756 | loss 25.9092 | data 0.1 ms | step 15.8 ms | 32385.8 samples/s
  step  1400/1756 | loss 26.6694 | data 0.1 ms | step 15.8 ms | 32398.0 samples/s
  step  1450/1756 | loss 26.0111 | data 0.1 ms | step 15.8 ms | 32388.3 samples/s
  step  1500/1756 | loss 24.5279 | data 0.1 ms | step 15.8 ms | 32342.9 samples/s
  step  1550/1756 | loss 25.8408 | data 0.1 ms | step 15.8 ms | 32373.5 samples/s
  step  1600/1756 | loss 26.8431 | data 0.1 ms | step 15.8 ms | 32399.1 samples/s
  step  1650/1756 | loss 26.2622 | data 0.1 ms | step 15.8 ms | 32378.2 samples/s
  step  1700/1756 | loss 26.1145 | data 0.1 ms | step 15.8 ms | 32400.6 samples/s
  step  1750/1756 | loss 28.2406 | data 0.6 ms | step 15.8 ms | 32391.4 samples/s
Training Loss: 34.363162 | 32379.2 samples/s
Peak GPU memory: 1978.4 MB
Validation Loss: 27.099039 | 108900.7 samples/s

Epoch 11/100
----------------------------------------
Learning Rate: 0.000298
  step    50/1756 | loss 27.6829 | data 0.7 ms | step 15.8 ms | 32342.3 samples/s
  step   100/1756 | loss 25.5553 | data 0.1 ms | step 15.8 ms | 32400.2 samples/s
  step   150/1756 | loss 26.2290 | data 0.1 ms | step 15.8 ms | 32401.1 samples/s
  step   200/1756 | loss 33.2558 | data 0.1 ms | step 15.8 ms | 32315.2 samples/s
  step   250/1756 | loss 29.8670 | data 0.1 ms | step 15.8 ms | 32397.0 samples/s
  step   300/1756 | loss 27.4793 | data 0.1 ms | step 15.8 ms | 32380.9 samples/s
  step   350/1756 | loss 35.2865 | data 0.1 ms | step 15.8 ms | 32358.6 samples/s
  step   400/1756 | loss 56.8058 | data 0.1 ms | step 15.8 ms | 32403.5 samples/s
  step   450/1756 | loss 45.4007 | data 0.1 ms | step 15.8 ms | 32381.7 samples/s
  step   500/1756 | loss 40.2876 | data 0.1 ms | step 15.8 ms | 32333.0 samples/s
  step   550/1756 | loss 33.4469 | data 0.1 ms | step 15.8 ms | 32385.8 samples/s
  step   600/1756 | loss 31.1119 | data 0.1 ms | step 15.8 ms | 32368.4 samples/s
  step   650/1756 | loss 28.9065 | data 0.1 ms | step 15.8 ms | 32402.6 samples/s
  step   700/1756 | loss 28.8999 | data 0.1 ms | step 15.8 ms | 32384.2 samples/s
  step   750/1756 | loss 33.9950 | data 0.1 ms | step 15.8 ms | 32376.9 samples/s
  step   800/1756 | loss 32.8317 | data 0.1 ms | step 15.8 ms | 32405.1 samples/s
  step   850/1756 | loss 28.7264 | data 0.1 ms | step 15.8 ms | 32365.0 samples/s
  step   900/1756 | loss 28.2441 | data 0.1 ms | step 15.8 ms | 32335.9 samples/s
  step   950/1756 | loss 40.8180 | data 0.1 ms | step 15.8 ms | 32395.7 samples/s
  step  1000/1756 | loss 32.6839 | data 0.1 ms | step 15.8 ms | 32376.7 samples/s
  step  1050/1756 | loss 30.4420 | data 0.1 ms | step 15.8 ms | 32412.3 samples/s
  step  1100/1756 | loss 31.5273 | data 0.1 ms | step 15.8 ms | 32390.9 samples/s
  step  1150/1756 | loss 29.4789 | data 0.1 ms | step 15.8 ms | 32350.9 samples/s
  step  1200/1756 | loss 31.5963 | data 0.1 ms | step 15.8 ms | 32374.2 samples/s
  step  1250/1756 | loss 30.6390 | data 0.1 ms | step 15.8 ms | 32380.5 samples/s
  step  1300/1756 | loss 28.2330 | data 0.1 ms | step 15.8 ms | 32339.8 samples/s
  step  1350/1756 | loss 27.2020 | data 0.1 ms | step 15.8 ms | 32407.5 samples/s
  step  1400/1756 | loss 28.2659 | data 0.1 ms | step 15.8 ms | 32412.1 samples/s
  step  1450/1756 | loss 30.9824 | data 0.1 ms | step 15.8 ms | 32377.4 samples/s
  step  1500/1756 | loss 27.9766 | data 0.1 ms | step 15.8 ms | 32403.9 samples/s
  step  1550/1756 | loss 27.5715 | data 0.1 ms | step 15.8 ms | 32402.2 samples/s
  step  1600/1756 | loss 25.7340 | data 0.1 ms | step 15.8 ms | 32380.7 samples/s
  step  1650/1756 | loss 26.0242 | data 0.1 ms | step 15.8 ms | 32408.0 samples/s
  step  1700/1756 | loss 29.7296 | data 0.1 ms | step 15.8 ms | 32411.1 samples/s
  step  1750/1756 | loss 28.2827 | data 0.7 ms | step 15.8 ms | 32379.0 samples/s
Training Loss: 31.441319 | 32373.7 samples/s
Peak GPU memory: 1978.4 MB
Validation Loss: 27.909592 | 108788.9 samples/s

Epoch 12/100
----------------------------------------
Learning Rate: 0.000297
  step    50/1756 | loss 26.4584 | data 0.7 ms | step 15.8 ms | 32323.9 samples/s
  step   100/1756 | loss 28.4709 | data 0.1 ms | step 15.8 ms | 32384.4 samples/s
  step   150/1756 | loss 28.6484 | data 0.1 ms | step 15.8 ms | 32392.9 samples/s
  step   200/1756 | loss 30.4400 | data 0.1 ms | step 15.8 ms | 32378.9 samples/s
  step   250/1756 | loss 30.0710 | data 0.1 ms | step 15.8 ms | 32384.1 samples/s
  step   300/1756 | loss 28.2281 | data 0.1 ms | step 15.8 ms | 32400.0 samples/s
  step   350/1756 | loss 28.0992 | data 0.1 ms | step 15.8 ms | 32346.8 samples/s
  step   400/1756 | loss 25.5118 | data 0.1 ms | step 15.8 ms | 32385.4 samples/s
  step   450/1756 | loss 24.7714 | data 0.1 ms | step 15.8 ms | 32387.7 samples/s
  step   500/1756 | loss 24.1808 | data 0.1 ms | step 15.8 ms | 32352.2 samples/s
  step   550/1756 | loss 23.9388 | data 0.1 ms | step 15.8 ms | 32404.7 samples/s
  step   600/1756 | loss 24.9436 | data 0.1 ms | step 15.8 ms | 32394.1 samples/s
  step   650/1756 | loss 25.4468 | data 0.1 ms | step 15.8 ms | 32357.6 samples/s
  step   700/1756 | loss 24.7182 | data 0.1 ms | step 15.8 ms | 32387.3 samples/s
  step   750/1756 | loss 29.6719 | data 0.1 ms | step 15.8 ms | 32387.4 samples/s
  step   800/1756 | loss 27.2438 | data 0.1 ms | step 15.8 ms | 32372.7 samples/s
  step   850/1756 | loss 25.4496 | data 0.1 ms | step 15.8 ms | 32366.4 samples/s
  step   900/1756 | loss 25.9351 | data 0.1 ms | step 15.8 ms | 32391.4 samples/s
  step   950/1756 | loss 25.0224 | data 0.1 ms | step 15.8 ms | 32379.9 samples/s
  step  1000/1756 | loss 24.6649 | data 0.1 ms | step 15.8 ms | 32370.1 samples/s
  step  1050/1756 | loss 24.7254 | data 0.1 ms | step 15.8 ms | 32409.9 samples/s
  step  1100/1756 | loss 23.9118 | data 0.1 ms | step 15.8 ms | 32404.8 samples/s
  step  1150/1756 | loss 25.1427 | data 0.1 ms | step 15.8 ms | 32344.5 samples/s
  step  1200/1756 | loss 23.5210 | data 0.1 ms | step 15.8 ms | 32408.5 samples/s
  step  1250/1756 | loss 22.8769 | data 0.1 ms | step 15.8 ms | 32395.4 samples/s
  step  1300/1756 | loss 23.5055 | data 0.1 ms | step 15.8 ms | 32381.8 samples/s
  step  1350/1756 | loss 24.5395 | data 0.1 ms | step 15.8 ms | 32395.6 samples/s
  step  1400/1756 | loss 23.7385 | data 0.1 ms | step 15.8 ms | 32398.9 samples/s
  step  1450/1756 | loss 22.9100 | data 0.1 ms | step 15.8 ms | 32387.4 samples/s
  step  1500/1756 | loss 22.6079 | data 0.1 ms | step 15.8 ms | 32393.2 samples/s
  step  1550/1756 | loss 22.3339 | data 0.1 ms | step 15.8 ms | 32376.9 samples/s
  step  1600/1756 | loss 22.7403 | data 0.1 ms | step 15.8 ms | 32388.5 samples/s
  step  1650/1756 | loss 22.7461 | data 0.1 ms | step 15.8 ms | 32320.2 samples/s
  step  1700/1756 | loss 22.2445 | data 0.1 ms | step 15.8 ms | 32393.9 samples/s
  step  1750/1756 | loss 20.7826 | data 0.6 ms | step 15.8 ms | 32320.6 samples/s
Training Loss: 25.136942 | 32372.4 samples/s
Peak GPU memory: 1978.4 MB
Validation Loss: 22.639289 | 108871.1 samples/s

Epoch 13/100
----------------------------------------
Learning Rate: 0.000296
  step    50/1756 | loss 23.1328 | data 0.6 ms | step 15.8 ms | 32330.4 samples/s
  step   100/1756 | loss 23.7956 | data 0.1 ms | step 15.8 ms | 32319.8 samples/s
  step   150/1756 | loss 22.8868 | data 0.1 ms | step 15.8 ms | 32333.3 samples/s
  step   200/1756 | loss 22.3879 | data 0.1 ms | step 15.8 ms | 32359.7 samples/s
  step   250/1756 | loss 24.0557 | data 0.1 ms | step 15.8 ms | 32409.8 samples/s
  step   300/1756 | loss 23.7216 | data 0.1 ms | step 15.8 ms | 32414.5 samples/s
  step   350/1756 | loss 21.0021 | data 0.1 ms | step 15.8 ms | 32402.6 samples/s
  step   400/1756 | loss 21.6230 | data 0.1 ms | step 15.8 ms | 32404.2 samples/s
  step   450/1756 | loss 22.7758 | data 0.1 ms | step 15.8 ms | 32400.3 samples/s
  step   500/1756 | loss 20.9170 | data 0.1 ms | step 15.8 ms | 32391.6 samples/s
  step   550/1756 | loss 19.8351 | data 0.1 ms | step 15.8 ms | 32363.6 samples/s
  step   600/1756 | loss 20.5945 | data 0.1 ms | step 15.8 ms | 32420.3 samples/s
  step   650/1756 | loss 21.1840 | data 0.1 ms | step 15.8 ms | 32396.7 samples/s
  step   700/1756 | loss 20.2188 | data 0.1 ms | step 15.8 ms | 32408.0 samples/s
  step   750/1756 | loss 20.6226 | data 0.1 ms | step 15.8 ms | 32397.8 samples/s
  step   800/1756 | loss 21.3210 | data 0.1 ms | step 15.8 ms | 32375.0 samples/s
  step   850/1756 | loss 22.9605 | data 0.1 ms | step 15.8 ms | 32416.9 samples/s
  step   900/1756 | loss 21.9564 | data 0.1 ms | step 15.8 ms | 32419.6 samples/s
  step   950/1756 | loss 19.6735 | data 0.1 ms | step 15.8 ms | 32365.0 samples/s
  step  1000/1756 | loss 20.9128 | data 0.1 ms | step 15.8 ms | 32411.3 samples/s
  step  1050/1756 | loss 20.4972 | data 0.1 ms | step 15.8 ms | 32413.8 samples/s
  step  1100/1756 | loss 20.9138 | data 0.1 ms | step 15.8 ms | 32389.8 samples/s
  step  1150/1756 | loss 19.4988 | data 0.1 ms | step 15.8 ms | 32400.1 samples/s
  step  1200/1756 | loss 22.4522 | data 0.1 ms | step 15.8 ms | 32413.4 samples/s
  step  1250/1756 | loss 20.5587 | data 0.1 ms | step 15.8 ms | 32422.5 samples/s
  step  1300/1756 | loss 20.5440 | data 0.1 ms | step 15.8 ms | 32382.8 samples/s
  step  1350/1756 | loss 20.5056 | data 0.1 ms | step 15.8 ms | 32420.1 samples/s
  step  1400/1756 | loss 21.7983 | data 0.1 ms | step 15.8 ms | 32405.7 samples/s
  step  1450/1756 | loss 20.3394 | data 0.1 ms | step 15.8 ms | 32387.6 samples/s
  step  1500/1756 | loss 20.9150 | data 0.1 ms | step 15.8 ms | 32410.0 samples/s
  step  1550/1756 | loss 23.3061 | data 0.1 ms | step 15.8 ms | 32370.2 samples/s
  step  1600/1756 | loss 30.1639 | data 0.1 ms | step 15.8 ms | 32367.0 samples/s
  step  1650/1756 | loss 26.3983 | data 0.1 ms | step 15.8 ms | 32399.8 samples/s
  step  1700/1756 | loss 24.2765 | data 0.1 ms | step 15.8 ms | 32408.5 samples/s
  step  1750/1756 | loss 22.5681 | data 0.6 ms | step 15.8 ms | 32323.8 samples/s
Training Loss: 22.012822 | 32383.1 samples/s
Peak GPU memory: 1978.4 MB
Validation Loss: 23.063907 | 108689.5 samples/s

Epoch 14/100
----------------------------------------
Learning Rate: 0.000295
  step    50/1756 | loss 23.0085 | data 0.7 ms | step 15.8 ms | 32373.8 samples/s
  step   100/1756 | loss 22.9606 | data 0.1 ms | step 15.8 ms | 32411.8 samples/s
  step   150/1756 | loss 23.6467 | data 0.1 ms | step 15.8 ms | 32360.8 samples/s
  step   200/1756 | loss 22.9382 | data 0.1 ms | step 15.8 ms | 32392.9 samples/s
  step   250/1756 | loss 27.2436 | data 0.1 ms | step 15.8 ms | 32413.7 samples/s
  step   300/1756 | loss 25.9134 | data 0.1 ms | step 15.8 ms | 32400.8 samples/s
  step   350/1756 | loss 22.7490 | data 0.1 ms | step 15.8 ms | 32414.4 samples/s
  step   400/1756 | loss 22.3299 | data 0.1 ms | step 15.8 ms | 32411.1 samples/s
  step   450/1756 | loss 22.0699 | data 0.1 ms | step 16.1 ms | 31797.5 samples/s
  step   500/1756 | loss 21.7995 | data 0.1 ms | step 15.8 ms | 32480.3 samples/s
  step   550/1756 | loss 21.4064 | data 0.1 ms | step 15.8 ms | 32408.4 samples/s
  step   600/1756 | loss 20.7119 | data 0.1 ms | step 15.8 ms | 32377.1 samples/s
  step   650/1756 | loss 23.1051 | data 0.1 ms | step 15.8 ms | 32383.1 samples/s
  step   700/1756 | loss 22.3319 | data 0.1 ms | step 15.8 ms | 32424.9 samples/s
  step   750/1756 | loss 31.8008 | data 0.1 ms | step 15.8 ms | 32400.7 samples/s
  step   800/1756 | loss 36.0427 | data 0.1 ms | step 15.8 ms | 32383.2 samples/s
  step   850/1756 | loss 27.9546 | data 0.1 ms | step 15.8 ms | 32377.6 samples/s
  step   900/1756 | loss 42.1918 | data 0.1 ms | step 15.8 ms | 32397.3 samples/s
  step   950/1756 | loss 62.1378 | data 0.1 ms | step 15.8 ms | 32350.0 samples/s
  step  1000/1756 | loss 78.7437 | data 0.1 ms | step 15.8 ms | 32376.3 samples/s
  step  1050/1756 | loss 72.6615 | data 0.1 ms | step 15.8 ms | 32394.6 samples/s
  step  1100/1756 | loss 67.0011 | data 0.1 ms | step 15.8 ms | 32367.2 samples/s
  step  1150/1756 | loss 56.6704 | data 0.1 ms | step 15.8 ms | 32393.5 samples/s
  step  1200/1756 | loss 52.4786 | data 0.1 ms | step 15.8 ms | 32391.0 samples/s
  step  1250/1756 | loss 51.0153 | data 0.1 ms | step 15.8 ms | 32372.0 samples/s
  step  1300/1756 | loss 46.4043 | data 0.1 ms | step 15.8 ms | 32394.8 samples/s
  step  1350/1756 | loss 45.7666 | data 0.1 ms | step 15.8 ms | 32382.2 samples/s
  step  1400/1756 | loss 48.3444 | data 0.1 ms | step 15.8 ms | 32366.5 samples/s
  step  1450/1756 | loss 59.3854 | data 0.1 ms | step 15.8 ms | 32371.4 samples/s
  step  1500/1756 | loss 51.5410 | data 0.1 ms | step 15.8 ms | 32394.7 samples/s
  step  1550/1756 | loss 50.1759 | data 0.1 ms | step 15.8 ms | 32372.1 samples/s
  step  1600/1756 | loss 58.7213 | data 0.1 ms | step 15.8 ms | 32377.3 samples/s
  step  1650/1756 | loss 55.2843 | data 0.1 ms | step 15.8 ms | 32409.6 samples/s
  step  1700/1756 | loss 52.1504 | data 0.1 ms | step 15.8 ms | 32406.9 samples/s
  step  1750/1756 | loss 57.0482 | data 0.6 ms | step 15.8 ms | 32330.0 samples/s
Training Loss: 40.793620 | 32365.8 samples/s
Peak GPU memory: 1978.4 MB
Validation Loss: 73.133025 | 108870.3 samples/s

Epoch 15/100
----------------------------------------
Learning Rate: 0.000293
  step    50/1756 | loss 61.9402 | data 0.7 ms | step 15.8 ms | 32307.3 samples/s
  step   100/1756 | loss 56.5583 | data 0.1 ms | step 15.8 ms | 32346.9 samples/s
  step   150/1756 | loss 62.1996 | data 0.1 ms | step 15.8 ms | 32385.0 samples/s
  step   200/1756 | loss 65.3390 | data 0.1 ms | step 15.8 ms | 32373.3 samples/s
  step   250/1756 | loss 58.6986 | data 0.1 ms | step 15.8 ms | 32415.1 samples/s
  step   300/1756 | loss 55.5990 | data 0.1 ms | step 15.8 ms | 32384.7 samples/s
  step   350/1756 | loss 52.7145 | data 0.1 ms | step 15.8 ms | 32310.5 samples/s
  step   400/1756 | loss 54.4573 | data 0.1 ms | step 15.8 ms | 32398.3 samples/s
  step   450/1756 | loss 52.4041 | data 0.1 ms | step 15.8 ms | 32407.9 samples/s
  step   500/1756 | loss 50.9451 | data 0.1 ms | step 15.8 ms | 32389.0 samples/s
  step   550/1756 | loss 49.5122 | data 0.1 ms | step 15.8 ms | 32405.9 samples/s
  step   600/1756 | loss 51.0075 | data 0.1 ms | step 15.8 ms | 32423.3 samples/s
  step   650/1756 | loss 52.2752 | data 0.1 ms | step 15.8 ms | 32375.6 samples/s
  step   700/1756 | loss 51.8519 | data 0.1 ms | step 15.8 ms | 32407.6 samples/s
  step   750/1756 | loss 49.7827 | data 0.1 ms | step 15.8 ms | 32418.8 samples/s
  step   800/1756 | loss 49.5197 | data 0.1 ms | step 15.8 ms | 32353.3 samples/s
  step   850/1756 | loss 47.2627 | data 0.1 ms | step 15.8 ms | 32410.0 samples/s
  step   900/1756 | loss 46.9212 | data 0.1 ms | step 15.8 ms | 32405.9 samples/s
  step   950/1756 | loss 44.2147 | data 0.1 ms | step 15.8 ms | 32397.1 samples/s
  step  1000/1756 | loss 44.5677 | data 0.1 ms | step 15.8 ms | 32421.7 samples/s
  step  1050/1756 | loss 42.6784 | data 0.1 ms | step 15.8 ms | 32411.1 samples/s
  step  1100/1756 | loss 42.9623 | data 0.1 ms | step 15.8 ms | 32385.5 samples/s
  step  1150/1756 | loss 42.6884 | data 0.1 ms | step 15.8 ms | 32417.1 samples/s
  step  1200/1756 | loss 42.7010 | data 0.1 ms | step 15.8 ms | 32404.1 samples/s
  step  1250/1756 | loss 56.4040 | data 0.1 ms | step 15.8 ms | 32402.5 samples/s
  step  1300/1756 | loss 56.6144 | data 0.1 ms | step 15.8 ms | 32414.4 samples/s
  step  1350/1756 | loss 54.7801 | data 0.1 ms | step 15.8 ms | 32418.9 samples/s
  step  1400/1756 | loss 53.3742 | data 0.1 ms | step 15.8 ms | 32376.3 samples/s
  step  1450/1756 | loss 50.5754 | data 0.1 ms | step 15.8 ms | 32405.6 samples/s
  step  1500/1756 | loss 52.3369 | data 0.1 ms | step 15.8 ms | 32417.9 samples/s
  step  1550/1756 | loss 48.8481 | data 0.1 ms | step 15.8 ms | 32410.7 samples/s
  step  1600/1756 | loss 48.8107 | data 0.1 ms | step 15.8 ms | 32382.5 samples/s
  step  1650/1756 | loss 49.0270 | data 0.1 ms | step 15.8 ms | 32434.9 samples/s
  step  1700/1756 | loss 52.8899 | data 0.1 ms | step 15.8 ms | 32428.4 samples/s
  step  1750/1756 | loss 51.8985 | data 0.6 ms | step 15.8 ms | 32380.5 samples/s
Training Loss: 51.581731 | 32387.9 samples/s
Peak GPU memory: 1978.4 MB
Validation Loss: 53.620403 | 108962.6 samples/s

Epoch 16/100
----------------------------------------
Learning Rate: 0.000292
  step    50/1756 | loss 51.1343 | data 0.8 ms | step 15.8 ms | 32364.2 samples/s
  step   100/1756 | loss 49.7721 | data 0.1 ms | step 15.8 ms | 32317.3 samples/s
  step   150/1756 | loss 48.1797 | data 0.1 ms | step 15.8 ms | 32406.3 samples/s
  step   200/1756 | loss 48.5036 | data 0.1 ms | step 15.8 ms | 32425.6 samples/s
  step   250/1756 | loss 45.4159 | data 0.1 ms | step 15.8 ms | 32406.0 samples/s
  step   300/1756 | loss 45.4359 | data 0.1 ms | step 15.8 ms | 32404.9 samples/s
  step   350/1756 | loss 44.4807 | data 0.1 ms | step 15.8 ms | 32425.6 samples/s
  step   400/1756 | loss 45.0394 | data 0.1 ms | step 15.8 ms | 32421.2 samples/s
  step   450/1756 | loss 44.2994 | data 0.1 ms | step 15.8 ms | 32390.0 samples/s
  step   500/1756 | loss 43.6096 | data 0.1 ms | step 15.8 ms | 32391.5 samples/s
  step   550/1756 | loss 43.1622 | data 0.1 ms | step 15.8 ms | 32408.3 samples/s
  step   600/1756 | loss 41.6678 | data 0.1 ms | step 15.8 ms | 32378.7 samples/s
  step   650/1756 | loss 42.2764 | data 0.1 ms | step 15.8 ms | 32426.8 samples/s
  step   700/1756 | loss 41.1224 | data 0.1 ms | step 15.8 ms | 32407.1 samples/s
  step   750/1756 | loss 40.0924 | data 0.1 ms | step 15.8 ms | 32402.2 samples/s
  step   800/1756 | loss 43.2510 | data 0.1 ms | step 15.8 ms | 32396.1 samples/s
  step   850/1756 | loss 41.5604 | data 0.1 ms | step 15.8 ms | 32420.2 samples/s
  step   900/1756 | loss 43.8122 | data 0.1 ms | step 15.8 ms | 32430.7 samples/s
  step   950/1756 | loss 45.6153 | data 0.1 ms | step 15.8 ms | 32384.2 samples/s
  step  1000/1756 | loss 45.7429 | data 0.1 ms | step 15.8 ms | 32433.8 samples/s
  step  1050/1756 | loss 45.8684 | data 0.1 ms | step 15.8 ms | 32410.2 samples/s
  step  1100/1756 | loss 44.7526 | data 0.1 ms | step 15.8 ms | 32400.5 samples/s
  step  1150/1756 | loss 45.0897 | data 0.1 ms | step 15.8 ms | 32427.6 samples/s
  step  1200/1756 | loss 43.5490 | data 0.1 ms | step 15.8 ms | 32411.6 samples/s
  step  1250/1756 | loss 46.7415 | data 0.1 ms | step 15.8 ms | 32383.3 samples/s
  step  1300/1756 | loss 52.2337 | data 0.1 ms | step 15.8 ms | 32410.8 samples/s
  step  1350/1756 | loss 54.4682 | data 0.1 ms | step 15.8 ms | 32414.2 samples/s
  step  1400/1756 | loss 54.2559 | data 0.1 ms | step 15.8 ms | 32372.6 samples/s
  step  1450/1756 | loss 47.5418 | data 0.1 ms | step 15.8 ms | 32406.7 samples/s
  step  1500/1756 | loss 46.9239 | data 0.1 ms | step 15.8 ms | 32406.4 samples/s
  step  1550/1756 | loss 52.2387 | data 0.1 ms | step 15.8 ms | 32397.1 samples/s
  step  1600/1756 | loss 51.1190 | data 0.1 ms | step 15.8 ms | 32412.8 samples/s
  step  1650/1756 | loss 45.5217 | data 0.1 ms | step 15.8 ms | 32404.7 samples/s
  step  1700/1756 | loss 45.4839 | data 0.1 ms | step 15.8 ms | 32376.1 samples/s
  step  1750/1756 | loss 42.4757 | data 0.6 ms | step 15.8 ms | 32385.8 samples/s
Training Loss: 46.069345 | 32394.7 samples/s
Peak GPU memory: 1978.4 MB
Validation Loss: 42.885346 | 108785.8 samples/s

Epoch 17/100
----------------------------------------
Learning Rate: 0.000290
  step    50/1756 | loss 42.9711 | data 0.6 ms | step 15.8 ms | 32366.9 samples/s
  step   100/1756 | loss 45.2726 | data 0.1 ms | step 15.8 ms | 32431.3 samples/s
  step   150/1756 | loss 47.5685 | data 0.1 ms | step 15.8 ms | 32420.0 samples/s
  step   200/1756 | loss 47.2364 | data 0.1 ms | step 15.8 ms | 32457.1 samples/s
  step   250/1756 | loss 43.6980 | data 0.1 ms | step 15.8 ms | 32442.1 samples/s
  step   300/1756 | loss 52.7268 | data 0.1 ms | step 15.8 ms | 32434.7 samples/s
  step   350/1756 | loss 102.2286 | data 0.1 ms | step 15.8 ms | 32450.4 samples/s
  step   400/1756 | loss 59.1866 | data 0.1 ms | step 15.8 ms | 32430.6 samples/s
  step   450/1756 | loss 58.2716 | data 0.1 ms | step 15.8 ms | 32347.8 samples/s
  step   500/1756 | loss 54.5173 | data 0.1 ms | step 15.8 ms | 32423.4 samples/s
  step   550/1756 | loss 48.2295 | data 0.1 ms | step 15.8 ms | 32432.8 samples/s
  step   600/1756 | loss 48.0828 | data 0.1 ms | step 15.8 ms | 32409.0 samples/s
  step   650/1756 | loss 45.2148 | data 0.1 ms | step 15.8 ms | 32435.4 samples/s
  step   700/1756 | loss 43.3942 | data 0.1 ms | step 15.8 ms | 32428.8 samples/s
  step   750/1756 | loss 42.0245 | data 0.1 ms | step 15.8 ms | 32398.2 samples/s
  step   800/1756 | loss 44.4955 | data 0.1 ms | step 15.8 ms | 32401.3 samples/s
  step   850/1756 | loss 44.3502 | data 0.1 ms | step 15.8 ms | 32414.1 samples/s
  step   900/1756 | loss 46.0894 | data 0.1 ms | step 15.8 ms | 32394.1 samples/s
  step   950/1756 | loss 52.3019 | data 0.1 ms | step 15.8 ms | 32390.1 samples/s
  step  1000/1756 | loss 47.9611 | data 0.1 ms | step 15.8 ms | 32399.8 samples/s
  step  1050/1756 | loss 43.8876 | data 0.1 ms | step 15.8 ms | 32395.1 samples/s
  step  1100/1756 | loss 40.7651 | data 0.1 ms | step 15.8 ms | 32396.3 samples/s
  step  1150/1756 | loss 40.7310 | data 0.1 ms | step 15.8 ms | 32403.1 samples/s
  step  1200/1756 | loss 39.8671 | data 0.1 ms | step 15.8 ms | 32392.4 samples/s
  step  1250/1756 | loss 40.6180 | data 0.1 ms | step 15.8 ms | 32374.4 samples/s
  step  1300/1756 | loss 38.9588 | data 0.1 ms | step 15.8 ms | 32398.1 samples/s
  step  1350/1756 | loss 39.9514 | data 0.1 ms | step 15.8 ms | 32388.0 samples/s
  step  1400/1756 | loss 37.8328 | data 0.1 ms | step 15.8 ms | 32346.3 samples/s
  step  1450/1756 | loss 37.9776 | data 0.1 ms | step 15.8 ms | 32409.1 samples/s
  step  1500/1756 | loss 37.9835 | data 0.1 ms | step 15.8 ms | 32405.1 samples/s
  step  1550/1756 | loss 37.4536 | data 0.1 ms | step 15.8 ms | 32405.0 samples/s
  step  1600/1756 | loss 36.7175 | data 0.1 ms | step 15.8 ms | 32403.2 samples/s
  step  1650/1756 | loss 36.3723 | data 0.1 ms | step 15.8 ms | 32414.3 samples/s
  step  1700/1756 | loss 36.3540 | data 0.1 ms | step 15.8 ms | 32417.0 samples/s
  step  1750/1756 | loss 34.7096 | data 0.6 ms | step 15.8 ms | 32386.3 samples/s
Training Loss: 45.567747 | 32399.8 samples/s
Peak GPU memory: 1978.4 MB
Validation Loss: 35.979580 | 108948.5 samples/s

Epoch 18/100
----------------------------------------
Learning Rate: 0.000288
  step    50/1756 | loss 35.7678 | data 0.6 ms | step 15.8 ms | 32377.5 samples/s
  step   100/1756 | loss 35.7317 | data 0.1 ms | step 15.8 ms | 32386.0 samples/s
  step   150/1756 | loss 33.8403 | data 0.1 ms | step 15.8 ms | 32388.7 samples/s
  step   200/1756 | loss 36.1169 | data 0.1 ms | step 15.8 ms | 32400.0 samples/s
  step   250/1756 | loss 34.8887 | data 0.1 ms | step 15.8 ms | 32406.6 samples/s
  step   300/1756 | loss 34.9748 | data 0.1 ms | step 15.8 ms | 32350.1 samples/s
  step   350/1756 | loss 37.0777 | data 0.1 ms | step 15.8 ms | 32363.2 samples/s
  step   400/1756 | loss 36.4548 | data 0.1 ms | step 15.8 ms | 32376.0 samples/s
  step   450/1756 | loss 55.4465 | data 0.1 ms | step 15.8 ms | 32381.5 samples/s
  step   500/1756 | loss 84.7263 | data 0.1 ms | step 15.8 ms | 32410.7 samples/s
  step   550/1756 | loss 71.9845 | data 0.1 ms | step 15.8 ms | 32419.9 samples/s
  step   600/1756 | loss 65.2750 | data 0.1 ms | step 15.8 ms | 32409.3 samples/s
  step   650/1756 | loss 60.3930 | data 0.1 ms | step 15.8 ms | 32421.9 samples/s
  step   700/1756 | loss 55.4268 | data 0.1 ms | step 15.8 ms | 32418.6 samples/s
  step   750/1756 | loss 51.9680 | data 0.1 ms | step 15.8 ms | 32399.1 samples/s
  step   800/1756 | loss 51.3071 | data 0.1 ms | step 15.8 ms | 32417.8 samples/s
  step   850/1756 | loss 47.3344 | data 0.1 ms | step 15.8 ms | 32402.4 samples/s
  step   900/1756 | loss 45.5334 | data 0.1 ms | step 15.8 ms | 32406.7 samples/s
  step   950/1756 | loss 50.7954 | data 0.1 ms | step 15.8 ms | 32425.9 samples/s
  step  1000/1756 | loss 48.5169 | data 0.1 ms | step 15.8 ms | 32422.7 samples/s
  step  1050/1756 | loss 44.4622 | data 0.1 ms | step 15.8 ms | 32391.8 samples/s
  step  1100/1756 | loss 45.0479 | data 0.1 ms | step 15.8 ms | 32384.1 samples/s
  step  1150/1756 | loss 43.8017 | data 0.1 ms | step 15.8 ms | 32412.4 samples/s
  step  1200/1756 | loss 41.5084 | data 0.1 ms | step 15.8 ms | 32382.9 samples/s
  step  1250/1756 | loss 42.1382 | data 0.1 ms | step 15.8 ms | 32404.4 samples/s
  step  1300/1756 | loss 40.9497 | data 0.1 ms | step 15.8 ms | 32422.9 samples/s
  step  1350/1756 | loss 39.2890 | data 0.1 ms | step 15.8 ms | 32414.9 samples/s
  step  1400/1756 | loss 38.9964 | data 0.1 ms | step 15.8 ms | 32386.4 samples/s
  step  1450/1756 | loss 37.3831 | data 0.1 ms | step 15.8 ms | 32404.2 samples/s
  step  1500/1756 | loss 36.5444 | data 0.1 ms | step 15.8 ms | 32383.7 samples/s
  step  1550/1756 | loss 38.3777 | data 0.1 ms | step 15.8 ms | 32398.2 samples/s
  step  1600/1756 | loss 37.4489 | data 0.1 ms | step 15.8 ms | 32385.4 samples/s
  step  1650/1756 | loss 34.7201 | data 0.1 ms | step 15.8 ms | 32393.1 samples/s
  step  1700/1756 | loss 36.4266 | data 0.1 ms | step 15.8 ms | 32379.2 samples/s
  step  1750/1756 | loss 36.9850 | data 0.6 ms | step 15.8 ms | 32399.0 samples/s
Training Loss: 44.773579 | 32391.1 samples/s
Peak GPU memory: 1978.4 MB
Validation Loss: 39.753826 | 108406.5 samples/s

Epoch 19/100
----------------------------------------
Learning Rate: 0.000286
  step    50/1756 | loss 38.2873 | data 0.7 ms | step 15.8 ms | 32375.4 samples/s
  step   100/1756 | loss 35.4841 | data 0.1 ms | step 15.8 ms | 32348.3 samples/s
  step   150/1756 | loss 35.9354 | data 0.1 ms | step 15.8 ms | 32410.7 samples/s
  step   200/1756 | loss 34.7074 | data 0.1 ms | step 15.8 ms | 32444.2 samples/s
  step   250/1756 | loss 34.5497 | data 0.1 ms | step 15.8 ms | 32391.3 samples/s
  step   300/1756 | loss 32.6800 | data 0.1 ms | step 15.8 ms | 32419.4 samples/s
  step   350/1756 | loss 32.1022 | data 0.1 ms | step 15.8 ms | 32405.1 samples/s
  step   400/1756 | loss 32.3362 | data 0.1 ms | step 15.8 ms | 32401.0 samples/s
  step   450/1756 | loss 31.6502 | data 0.1 ms | step 15.8 ms | 32398.1 samples/s
  step   500/1756 | loss 32.3643 | data 0.1 ms | step 15.8 ms | 32413.1 samples/s
  step   550/1756 | loss 33.3942 | data 0.1 ms | step 15.8 ms | 32388.8 samples/s
  step   600/1756 | loss 35.0897 | data 0.1 ms | step 15.8 ms | 32374.8 samples/s
  step   650/1756 | loss 35.0606 | data 0.1 ms | step 15.8 ms | 32393.0 samples/s
  step   700/1756 | loss 33.3754 | data 0.1 ms | step 15.8 ms | 32409.6 samples/s
  step   750/1756 | loss 31.8984 | data 0.1 ms | step 15.8 ms | 32398.8 samples/s
  step   800/1756 | loss 32.4762 | data 0.1 ms | step 15.8 ms | 32434.6 samples/s
  step   850/1756 | loss 32.5196 | data 0.1 ms | step 15.8 ms | 32431.9 samples/s
  step   900/1756 | loss 51.7267 | data 0.1 ms | step 15.8 ms | 32400.3 samples/s
  step   950/1756 | loss 49.6439 | data 0.1 ms | step 15.8 ms | 32438.5 samples/s
  step  1000/1756 | loss 44.1952 | data 0.1 ms | step 15.8 ms | 32426.0 samples/s
  step  1050/1756 | loss 42.5999 | data 0.1 ms | step 15.8 ms | 32330.9 samples/s
  step  1100/1756 | loss 41.9812 | data 0.1 ms | step 15.8 ms | 32401.6 samples/s
  step  1150/1756 | loss 46.1588 | data 0.1 ms | step 15.8 ms | 32397.8 samples/s
  step  1200/1756 | loss 39.7534 | data 0.1 ms | step 15.8 ms | 32388.0 samples/s
  step  1250/1756 | loss 39.4452 | data 0.1 ms | step 15.8 ms | 32413.1 samples/s
  step  1300/1756 | loss 40.0131 | data 0.1 ms | step 15.8 ms | 32362.6 samples/s
  step  1350/1756 | loss 41.7397 | data 0.1 ms | step 15.8 ms | 32406.2 samples/s
  step  1400/1756 | loss 37.9197 | data 0.1 ms | step 15.8 ms | 32427.9 samples/s
  step  1450/1756 | loss 37.5811 | data 0.1 ms | step 15.8 ms | 32431.3 samples/s
  step  1500/1756 | loss 37.0274 | data 0.1 ms | step 15.8 ms | 32410.8 samples/s
  step  1550/1756 | loss 38.7710 | data 0.1 ms | step 15.8 ms | 32413.9 samples/s
  step  1600/1756 | loss 40.7352 | data 0.1 ms | step 15.8 ms | 32430.5 samples/s
  step  1650/1756 | loss 54.8167 | data 0.1 ms | step 15.8 ms | 32394.8 samples/s
  step  1700/1756 | loss 45.0968 | data 0.1 ms | step 15.8 ms | 32349.9 samples/s
  step  1750/1756 | loss 44.3655 | data 0.7 ms | step 15.8 ms | 32379.4 samples/s
Training Loss: 38.514766 | 32394.0 samples/s
Peak GPU memory: 1978.4 MB
Validation Loss: 42.106705 | 108729.0 samples/s

Epoch 20/100
----------------------------------------
Learning Rate: 0.000284
  step    50/1756 | loss 40.7982 | data 0.8 ms | step 15.8 ms | 32332.7 samples/s
  step   100/1756 | loss 49.8619 | data 0.1 ms | step 15.8 ms | 32360.4 samples/s
  step   150/1756 | loss 43.6534 | data 0.1 ms | step 15.8 ms | 32413.1 samples/s
  step   200/1756 | loss 41.1006 | data 0.1 ms | step 15.8 ms | 32402.7 samples/s
  step   250/1756 | loss 42.0681 | data 0.1 ms | step 15.8 ms | 32405.2 samples/s
  step   300/1756 | loss 43.1746 | data 0.1 ms | step 15.8 ms | 32434.5 samples/s
  step   350/1756 | loss 42.9877 | data 0.1 ms | step 15.8 ms | 32422.0 samples/s
  step   400/1756 | loss 39.5779 | data 0.1 ms | step 15.8 ms | 32397.2 samples/s
  step   450/1756 | loss 38.6024 | data 0.1 ms | step 15.8 ms | 32433.2 samples/s
  step   500/1756 | loss 38.9712 | data 0.1 ms | step 15.8 ms | 32425.4 samples/s
  step   550/1756 | loss 39.2980 | data 0.1 ms | step 15.8 ms | 32408.1 samples/s
  step   600/1756 | loss 39.0298 | data 0.1 ms | step 15.8 ms | 32415.3 samples/s
  step   650/1756 | loss 40.1224 | data 0.1 ms | step 15.8 ms | 32446.4 samples/s
  step   700/1756 | loss 38.2732 | data 0.1 ms | step 15.8 ms | 32423.4 samples/s
  step   750/1756 | loss 39.6617 | data 0.1 ms | step 15.8 ms | 32408.9 samples/s
  step   800/1756 | loss 43.2385 | data 0.1 ms | step 15.8 ms | 32438.5 samples/s
  step   850/1756 | loss 42.5285 | data 0.1 ms | step 15.8 ms | 32448.1 samples/s
  step   900/1756 | loss 38.0554 | data 0.1 ms | step 15.8 ms | 32353.1 samples/s
  step   950/1756 | loss 35.5148 | data 0.1 ms | step 15.8 ms | 32408.8 samples/s
  step  1000/1756 | loss 35.7778 | data 0.1 ms | step 15.8 ms | 32423.9 samples/s
  step  1050/1756 | loss 33.2582 | data 0.1 ms | step 15.8 ms | 32399.6 samples/s
  step  1100/1756 | loss 33.7198 | data 0.1 ms | step 15.8 ms | 32413.1 samples/s
  step  1150/1756 | loss 33.9243 | data 0.1 ms | step 15.8 ms | 32421.0 samples/s
  step  1200/1756 | loss 34.4581 | data 0.1 ms | step 15.8 ms | 32396.4 samples/s
  step  1250/1756 | loss 34.3769 | data 0.1 ms | step 15.8 ms | 32426.1 samples/s
  step  1300/1756 | loss 33.0985 | data 0.1 ms | step 15.8 ms | 32422.7 samples/s
  step  1350/1756 | loss 34.6020 | data 0.1 ms | step 15.8 ms | 32391.3 samples/s
  step  1400/1756 | loss 35.5314 | data 0.1 ms | step 15.8 ms | 32408.3 samples/s
  step  1450/1756 | loss 31.8273 | data 0.1 ms | step 15.8 ms | 32394.6 samples/s
  step  1500/1756 | loss 35.7263 | data 0.1 ms | step 15.8 ms | 32390.7 samples/s
  step  1550/1756 | loss 31.9218 | data 0.1 ms | step 15.8 ms | 32387.1 samples/s
  step  1600/1756 | loss 33.8374 | data 0.1 ms | step 15.8 ms | 32385.2 samples/s
  step  1650/1756 | loss 35.5282 | data 0.1 ms | step 15.8 ms | 32386.3 samples/s
  step  1700/1756 | loss 33.4199 | data 0.1 ms | step 15.8 ms | 32386.9 samples/s
  step  1750/1756 | loss 34.3792 | data 0.6 ms | step 15.8 ms | 32383.1 samples/s
Training Loss: 37.757105 | 32395.8 samples/s
Peak GPU memory: 1978.4 MB
Validation Loss: 36.503548 | 108765.3 samples/s

Epoch 21/100
----------------------------------------
Learning Rate: 0.000282
  step    50/1756 | loss 38.0444 | data 0.7 ms | step 15.8 ms | 32392.0 samples/s
  step   100/1756 | loss 45.9611 | data 0.1 ms | step 15.8 ms | 32373.7 samples/s
  step   150/1756 | loss 42.0747 | data 0.1 ms | step 15.8 ms | 32392.1 samples/s
  step   200/1756 | loss 41.4885 | data 0.1 ms | step 15.8 ms | 32405.9 samples/s
  step   250/1756 | loss 53.3081 | data 0.1 ms | step 15.8 ms | 32388.1 samples/s
  step   300/1756 | loss 103.1596 | data 0.1 ms | step 15.8 ms | 32400.9 samples/s
  step   350/1756 | loss 102.9075 | data 0.1 ms | step 15.8 ms | 32377.3 samples/s
  step   400/1756 | loss 87.9260 | data 0.1 ms | step 15.8 ms | 32389.8 samples/s
  step   450/1756 | loss 73.6273 | data 0.1 ms | step 15.8 ms | 32427.0 samples/s
  step   500/1756 | loss 65.3424 | data 0.1 ms | step 15.8 ms | 32404.2 samples/s
  step   550/1756 | loss 57.5485 | data 0.1 ms | step 15.8 ms | 32394.0 samples/s
  step   600/1756 | loss 47.4918 | data 0.1 ms | step 15.8 ms | 32420.8 samples/s
  step   650/1756 | loss 42.6414 | data 0.1 ms | step 15.8 ms | 32422.3 samples/s
  step   700/1756 | loss 40.8612 | data 0.1 ms | step 15.8 ms | 32369.9 samples/s
  step   750/1756 | loss 40.6514 | data 0.1 ms | step 15.8 ms | 32411.9 samples/s
  step   800/1756 | loss 42.9463 | data 0.1 ms | step 15.8 ms | 32417.4 samples/s
  step   850/1756 | loss 54.3432 | data 0.1 ms | step 15.8 ms | 32393.0 samples/s
  step   900/1756 | loss 56.8457 | data 0.1 ms | step 15.8 ms | 32393.6 samples/s
  step   950/1756 | loss 61.3255 | data 0.1 ms | step 15.8 ms | 32405.6 samples/s
  step  1000/1756 | loss 73.9177 | data 0.1 ms | step 15.8 ms | 32420.1 samples/s
  step  1050/1756 | loss 69.8261 | data 0.1 ms | step 15.8 ms | 32390.0 samples/s
  step  1100/1756 | loss 67.9071 | data 0.1 ms | step 15.8 ms | 32415.8 samples/s
  step  1150/1756 | loss 68.7872 | data 0.1 ms | step 15.8 ms | 32411.0 samples/s
  step  1200/1756 | loss 73.3314 | data 0.1 ms | step 15.8 ms | 32396.2 samples/s
  step  1250/1756 | loss 73.6675 | data 0.1 ms | step 15.8 ms | 32397.9 samples/s
  step  1300/1756 | loss 68.1555 | data 0.1 ms | step 15.8 ms | 32358.5 samples/s
  step  1350/1756 | loss 62.2559 | data 0.1 ms | step 15.8 ms | 32363.2 samples/s
  step  1400/1756 | loss 60.7454 | data 0.1 ms | step 15.8 ms | 32414.9 samples/s
  step  1450/1756 | loss 55.8526 | data 0.1 ms | step 15.8 ms | 32409.4 samples/s
  step  1500/1756 | loss 55.1920 | data 0.1 ms | step 15.8 ms | 32388.7 samples/s
  step  1550/1756 | loss 64.9162 | data 0.1 ms | step 15.8 ms | 32345.3 samples/s
  step  1600/1756 | loss 58.1758 | data 0.1 ms | step 15.8 ms | 32418.4 samples/s
  step  1650/1756 | loss 54.6451 | data 0.1 ms | step 15.8 ms | 32362.7 samples/s
  step  1700/1756 | loss 58.2291 | data 0.1 ms | step 15.8 ms | 32413.7 samples/s
  step  1750/1756 | loss 69.4282 | data 0.6 ms | step 15.8 ms | 32406.0 samples/s
Training Loss: 61.009707 | 32390.1 samples/s
Peak GPU memory: 1978.4 MB
Validation Loss: 83.957854 | 108901.1 samples/s

Epoch 22/100
----------------------------------------
Learning Rate: 0.000280
  step    50/1756 | loss 55.2288 | data 0.6 ms | step 15.8 ms | 32364.8 samples/s
  step   100/1756 | loss 49.8719 | data 0.1 ms | step 15.8 ms | 32364.6 samples/s
  step   150/1756 | loss 52.6372 | data 0.1 ms | step 15.8 ms | 32402.5 samples/s
  step   200/1756 | loss 81.4738 | data 0.1 ms | step 15.8 ms | 32397.5 samples/s
  step   250/1756 | loss 73.8281 | data 0.1 ms | step 15.8 ms | 32374.3 samples/s
  step   300/1756 | loss 66.1802 | data 0.1 ms | step 15.8 ms | 32425.3 samples/s
  step   350/1756 | loss 64.7421 | data 0.1 ms | step 15.8 ms | 32399.1 samples/s
  step   400/1756 | loss 68.1611 | data 0.1 ms | step 15.8 ms | 32391.5 samples/s
  step   450/1756 | loss 82.2901 | data 0.1 ms | step 15.8 ms | 32401.3 samples/s
  step   500/1756 | loss 73.7149 | data 0.1 ms | step 15.8 ms | 32415.9 samples/s
  step   550/1756 | loss 73.3652 | data 0.1 ms | step 15.8 ms | 32356.6 samples/s
  step   600/1756 | loss 71.3657 | data 0.1 ms | step 15.8 ms | 32425.5 samples/s
  step   650/1756 | loss 69.8300 | data 0.1 ms | step 15.8 ms | 32404.2 samples/s
  step   700/1756 | loss 67.4862 | data 0.1 ms | step 15.8 ms | 32379.3 samples/s
  step   750/1756 | loss 67.5586 | data 0.1 ms | step 15.8 ms | 32428.3 samples/s
  step   800/1756 | loss 64.6037 | data 0.1 ms | step 15.8 ms | 32407.1 samples/s
  step   850/1756 | loss 64.0519 | data 0.1 ms | step 15.8 ms | 32392.8 samples/s
  step   900/1756 | loss 63.4399 | data 0.1 ms | step 15.8 ms | 32420.6 samples/s
  step   950/1756 | loss 62.8231 | data 0.1 ms | step 15.8 ms | 32419.2 samples/s
  step  1000/1756 | loss 61.9598 | data 0.1 ms | step 15.8 ms | 32413.7 samples/s
  step  1050/1756 | loss 62.6600 | data 0.1 ms | step 15.8 ms | 32387.0 samples/s
  step  1100/1756 | loss 60.6405 | data 0.1 ms | step 15.8 ms | 32418.6 samples/s
  step  1150/1756 | loss 60.4914 | data 0.1 ms | step 15.8 ms | 32421.0 samples/s
  step  1200/1756 | loss 62.2481 | data 0.1 ms | step 15.8 ms | 32385.7 samples/s
  step  1250/1756 | loss 59.5957 | data 0.1 ms | step 15.8 ms | 32402.0 samples/s
  step  1300/1756 | loss 59.9696 | data 0.1 ms | step 15.8 ms | 32351.6 samples/s
  step  1350/1756 | loss 58.9161 | data 0.1 ms | step 15.8 ms | 32404.2 samples/s
  step  1400/1756 | loss 62.2565 | data 0.1 ms | step 15.8 ms | 32420.6 samples/s
  step  1450/1756 | loss 61.1536 | data 0.1 ms | step 15.8 ms | 32427.4 samples/s
  step  1500/1756 | loss 60.6876 | data 0.1 ms | step 15.8 ms | 32379.3 samples/s
  step  1550/1756 | loss 60.0236 | data 0.1 ms | step 15.8 ms | 32432.2 samples/s
  step  1600/1756 | loss 60.7055 | data 0.1 ms | step 15.8 ms | 32430.0 samples/s
  step  1650/1756 | loss 67.4744 | data 0.1 ms | step 15.8 ms | 32395.8 samples/s
  step  1700/1756 | loss 66.1064 | data 0.1 ms | step 15.8 ms | 32364.4 samples/s
  step  1750/1756 | loss 62.8830 | data 0.6 ms | step 15.8 ms | 32387.8 samples/s
Training Loss: 64.592259 | 32392.4 samples/s
Peak GPU memory: 1978.4 MB
Validation Loss: 64.822129 | 108683.9 samples/s

Epoch 23/100
----------------------------------------
Learning Rate: 0.000277
  step    50/1756 | loss 64.0014 | data 0.7 ms | step 15.8 ms | 32352.3 samples/s
  step   100/1756 | loss 62.9907 | data 0.1 ms | step 15.8 ms | 32395.4 samples/s
  step   150/1756 | loss 63.9684 | data 0.1 ms | step 15.8 ms | 32417.4 samples/s
  step   200/1756 | loss 61.3847 | data 0.1 ms | step 15.8 ms | 32392.3 samples/s
  step   250/1756 | loss 66.4094 | data 0.1 ms | step 15.8 ms | 32398.8 samples/s
  step   300/1756 | loss 65.9866 | data 0.1 ms | step 15.8 ms | 32396.9 samples/s
  step   350/1756 | loss 62.0959 | data 0.1 ms | step 15.8 ms | 32403.2 samples/s
  step   400/1756 | loss 61.4913 | data 0.1 ms | step 15.8 ms | 32408.3 samples/s
  step   450/1756 | loss 60.0426 | data 0.1 ms | step 15.8 ms | 32409.2 samples/s
  step   500/1756 | loss 60.5077 | data 0.1 ms | step 15.8 ms | 32413.4 samples/s
  step   550/1756 | loss 58.7758 | data 0.1 ms | step 15.8 ms | 32379.6 samples/s
  step   600/1756 | loss 75.2174 | data 0.1 ms | step 15.8 ms | 32433.8 samples/s
  step   650/1756 | loss 107.5801 | data 0.1 ms | step 15.8 ms | 32434.8 samples/s
  step   700/1756 | loss 94.7445 | data 0.1 ms | step 15.8 ms | 32414.2 samples/s
  step   750/1756 | loss 90.3046 | data 0.1 ms | step 15.8 ms | 32439.6 samples/s
  step   800/1756 | loss 87.3412 | data 0.1 ms | step 15.8 ms | 32423.7 samples/s
  step   850/1756 | loss 89.3403 | data 0.1 ms | step 15.8 ms | 32421.8 samples/s
  step   900/1756 | loss 107.9331 | data 0.1 ms | step 15.8 ms | 32439.3 samples/s
  step   950/1756 | loss 102.0611 | data 0.1 ms | step 15.8 ms | 32421.8 samples/s
  step  1000/1756 | loss 98.2812 | data 0.1 ms | step 15.8 ms | 32414.4 samples/s
  step  1050/1756 | loss 93.1273 | data 0.1 ms | step 15.8 ms | 32419.9 samples/s
  step  1100/1756 | loss 91.4405 | data 0.1 ms | step 15.8 ms | 32432.4 samples/s
  step  1150/1756 | loss 93.3213 | data 0.1 ms | step 15.8 ms | 32404.5 samples/s
  step  1200/1756 | loss 87.6049 | data 0.1 ms | step 15.8 ms | 32430.5 samples/s
  step  1250/1756 | loss 92.4037 | data 0.1 ms | step 15.8 ms | 32431.4 samples/s
  step  1300/1756 | loss 109.5944 | data 0.1 ms | step 15.8 ms | 32434.5 samples/s
  step  1350/1756 | loss 101.2307 | data 0.1 ms | step 15.8 ms | 32435.8 samples/s
  step  1400/1756 | loss 104.0879 | data 0.1 ms | step 15.8 ms | 32440.7 samples/s
  step  1450/1756 | loss 97.2210 | data 0.1 ms | step 15.8 ms | 32443.1 samples/s
  step  1500/1756 | loss 106.1498 | data 0.1 ms | step 15.8 ms | 32391.4 samples/s
  step  1550/1756 | loss 98.9279 | data 0.1 ms | step 15.8 ms | 32453.1 samples/s
  step  1600/1756 | loss 113.9401 | data 0.1 ms | step 15.8 ms | 32446.3 samples/s
  step  1650/1756 | loss 103.4044 | data 0.1 ms | step 15.8 ms | 32426.3 samples/s
  step  1700/1756 | loss 94.7729 | data 0.1 ms | step 15.8 ms | 32421.8 samples/s
  step  1750/1756 | loss 94.9508 | data 0.6 ms | step 15.8 ms | 32419.6 samples/s
Training Loss: 86.410428 | 32411.2 samples/s
Peak GPU memory: 1978.4 MB
Validation Loss: 93.802936 | 108978.6 samples/s

Epoch 24/100
----------------------------------------
Learning Rate: 0.000274
  step    50/1756 | loss 95.1474 | data 0.6 ms | step 15.8 ms | 32359.1 samples/s
  step   100/1756 | loss 94.0147 | data 0.1 ms | step 15.8 ms | 32410.9 samples/s
  step   150/1756 | loss 92.1067 | data 0.1 ms | step 15.8 ms | 32438.6 samples/s
  step   200/1756 | loss 93.0800 | data 0.1 ms | step 15.8 ms | 32398.6 samples/s
  step   250/1756 | loss 87.0123 | data 0.1 ms | step 15.8 ms | 32432.3 samples/s
  step   300/1756 | loss 89.4487 | data 0.1 ms | step 15.8 ms | 32427.5 samples/s
  step   350/1756 | loss 87.6041 | data 0.1 ms | step 15.8 ms | 32397.2 samples/s
  step   400/1756 | loss 85.6157 | data 0.1 ms | step 15.8 ms | 32424.1 samples/s
  step   450/1756 | loss 87.9905 | data 0.1 ms | step 15.8 ms | 32444.2 samples/s
  step   500/1756 | loss 83.7431 | data 0.1 ms | step 15.8 ms | 32450.1 samples/s
  step   550/1756 | loss 91.7233 | data 0.1 ms | step 15.8 ms | 32372.7 samples/s
  step   600/1756 | loss 107.8598 | data 0.1 ms | step 15.8 ms | 32407.9 samples/s
  step   650/1756 | loss 95.0846 | data 0.1 ms | step 15.8 ms | 32421.2 samples/s
  step   700/1756 | loss 95.3737 | data 0.1 ms | step 15.8 ms | 32403.7 samples/s
  step   750/1756 | loss 94.0975 | data 0.1 ms | step 15.8 ms | 32428.3 samples/s
  step   800/1756 | loss 97.1055 | data 0.1 ms | step 15.8 ms | 32419.2 samples/s
  step   850/1756 | loss 95.1260 | data 0.1 ms | step 15.8 ms | 32406.5 samples/s
  step   900/1756 | loss 90.2828 | data 0.1 ms | step 15.8 ms | 32424.9 samples/s
  step   950/1756 | loss 89.8774 | data 0.1 ms | step 15.8 ms | 32417.7 samples/s
  step  1000/1756 | loss 87.3581 | data 0.1 ms | step 15.8 ms | 32406.5 samples/s
  step  1050/1756 | loss 91.4125 | data 0.1 ms | step 15.8 ms | 32416.4 samples/s
  step  1100/1756 | loss 88.6941 | data 0.1 ms | step 15.8 ms | 32424.1 samples/s
  step  1150/1756 | loss 89.6289 | data 0.1 ms | step 15.8 ms | 32403.3 samples/s
  step  1200/1756 | loss 86.0160 | data 0.1 ms | step 15.8 ms | 32414.4 samples/s
  step  1250/1756 | loss 87.2867 | data 0.1 ms | step 15.8 ms | 32419.4 samples/s
  step  1300/1756 | loss 87.3564 | data 0.1 ms | step 15.8 ms | 32357.2 samples/s
  step  1350/1756 | loss 87.7335 | data 0.1 ms | step 15.8 ms | 32412.1 samples/s
  step  1400/1756 | loss 84.9065 | data 0.1 ms | step 15.8 ms | 32417.7 samples/s
  step  1450/1756 | loss 91.1051 | data 0.1 ms | step 15.8 ms | 32417.8 samples/s
  step  1500/1756 | loss 90.1602 | data 0.1 ms | step 15.8 ms | 32414.0 samples/s
  step  1550/1756 | loss 88.3867 | data 0.1 ms | step 15.8 ms | 32352.4 samples/s
  step  1600/1756 | loss 88.1158 | data 0.1 ms | step 15.8 ms | 32383.8 samples/s
  step  1650/1756 | loss 83.8051 | data 0.1 ms | step 15.8 ms | 32368.2 samples/s
  step  1700/1756 | loss 84.2154 | data 0.1 ms | step 15.8 ms | 32432.2 samples/s
  step  1750/1756 | loss 81.5054 | data 0.6 ms | step 15.8 ms | 32400.3 samples/s
Training Loss: 89.965791 | 32402.2 samples/s
Peak GPU memory: 1978.4 MB
Validation Loss: 86.333112 | 108874.7 samples/s

Epoch 25/100
----------------------------------------
Learning Rate: 0.000271
  step    50/1756 | loss 83.9485 | data 0.6 ms | step 15.8 ms | 32363.4 samples/s
  step   100/1756 | loss 85.7734 | data 0.1 ms | step 15.8 ms | 32434.2 samples/s
  step   150/1756 | loss 87.0560 | data 0.1 ms | step 15.8 ms | 32418.5 samples/s
  step   200/1756 | loss 86.0178 | data 0.1 ms | step 15.8 ms | 32391.2 samples/s
  step   250/1756 | loss 84.2093 | data 0.1 ms | step 15.8 ms | 32404.5 samples/s
  step   300/1756 | loss 86.3990 | data 0.1 ms | step 15.8 ms | 32430.9 samples/s
  step   350/1756 | loss 81.4685 | data 0.1 ms | step 15.8 ms | 32355.6 samples/s
  step   400/1756 | loss 80.8763 | data 0.1 ms | step 15.8 ms | 32413.0 samples/s
  step   450/1756 | loss 2884.7065 | data 0.1 ms | step 15.8 ms | 32432.6 samples/s
  step   500/1756 | loss 6338.1039 | data 0.1 ms | step 15.8 ms | 32427.1 samples/s
  step   550/1756 | loss 204.2155 | data 0.1 ms | step 15.8 ms | 32420.2 samples/s
  step   600/1756 | loss 116.4711 | data 0.1 ms | step 15.8 ms | 32437.8 samples/s
  step   650/1756 | loss 112.3378 | data 0.1 ms | step 15.8 ms | 32420.3 samples/s
  step   700/1756 | loss 118.3771 | data 0.1 ms | step 15.8 ms | 32398.5 samples/s
  step   750/1756 | loss 119.3111 | data 0.1 ms | step 15.8 ms | 32441.3 samples/s
  step   800/1756 | loss 273.7469 | data 0.1 ms | step 15.8 ms | 32428.0 samples/s
  step   850/1756 | loss 132.1729 | data 0.1 ms | step 15.8 ms | 32408.0 samples/s
  step   900/1756 | loss 128.9128 | data 0.1 ms | step 15.8 ms | 32424.7 samples/s
  step   950/1756 | loss 123.7375 | data 0.1 ms | step 15.8 ms | 32436.3 samples/s
  step  1000/1756 | loss 129.7039 | data 0.1 ms | step 15.8 ms | 32423.4 samples/s
  step  1050/1756 | loss 124.8931 | data 0.1 ms | step 15.8 ms | 32429.8 samples/s
  step  1100/1756 | loss 120.3257 | data 0.1 ms | step 15.8 ms | 32424.5 samples/s
  step  1150/1756 | loss 120.8965 | data 0.1 ms | step 15.8 ms | 32380.1 samples/s
  step  1200/1756 | loss 122.6116 | data 0.1 ms | step 15.8 ms | 32419.8 samples/s
  step  1250/1756 | loss 122.8225 | data 0.1 ms | step 15.8 ms | 32432.2 samples/s
  step  1300/1756 | loss 123.0815 | data 0.1 ms | step 15.8 ms | 32416.8 samples/s
  step  1350/1756 | loss 114.5084 | data 0.1 ms | step 15.8 ms | 32428.4 samples/s
  step  1400/1756 | loss 124.1614 | data 0.1 ms | step 15.8 ms | 32441.4 samples/s
  step  1450/1756 | loss 127.2909 | data 0.1 ms | step 15.8 ms | 32402.4 samples/s
  step  1500/1756 | loss 130.8763 | data 0.1 ms | step 15.8 ms | 32420.3 samples/s
  step  1550/1756 | loss 124.3543 | data 0.1 ms | step 15.8 ms | 32434.9 samples/s
  step  1600/1756 | loss 123.4331 | data 0.1 ms | step 15.8 ms | 32425.5 samples/s
  step  1650/1756 | loss 125.8091 | data 0.1 ms | step 15.8 ms | 32416.8 samples/s
  step  1700/1756 | loss 130.6407 | data 0.1 ms | step 15.8 ms | 32430.9 samples/s
  step  1750/1756 | loss 136.1988 | data 0.7 ms | step 15.8 ms | 32408.8 samples/s
Training Loss: 377.115833 | 32410.6 samples/s
Peak GPU memory: 1978.4 MB
Validation Loss: 136.501396 | 108958.0 samples/s

Epoch 26/100
----------------------------------------
Learning Rate: 0.000268
  step    50/1756 | loss 133.7233 | data 0.6 ms | step 15.8 ms | 32367.1 samples/s
  step   100/1756 | loss 136.5683 | data 0.1 ms | step 15.8 ms | 32420.9 samples/s
  step   150/1756 | loss 132.6239 | data 0.1 ms | step 15.8 ms | 32435.4 samples/s
  step   200/1756 | loss 132.7700 | data 0.1 ms | step 15.8 ms | 32380.1 samples/s
  step   250/1756 | loss 213.4868 | data 0.1 ms | step 15.8 ms | 32410.0 samples/s
  step   300/1756 | loss 188.0403 | data 0.1 ms | step 15.8 ms | 32444.7 samples/s
  step   350/1756 | loss 116.6593 | data 0.1 ms | step 15.8 ms | 32421.2 samples/s
  step   400/1756 | loss 120.5835 | data 0.1 ms | step 15.8 ms | 32429.1 samples/s
  step   450/1756 | loss 115.0312 | data 0.1 ms | step 15.8 ms | 32389.1 samples/s
  step   500/1756 | loss 109.7666 | data 0.1 ms | step 15.8 ms | 32384.9 samples/s
  step   550/1756 | loss 116.8027 | data 0.1 ms | step 15.8 ms | 32435.2 samples/s
  step   600/1756 | loss 112.1445 | data 0.1 ms | step 15.8 ms | 32446.2 samples/s
  step   650/1756 | loss 115.7095 | data 0.1 ms | step 15.8 ms | 32437.9 samples/s
  step   700/1756 | loss 117.8845 | data 0.1 ms | step 15.8 ms | 32425.8 samples/s
  step   750/1756 | loss 113.9316 | data 0.1 ms | step 15.8 ms | 32368.1 samples/s
  step   800/1756 | loss 118083.7013 | data 0.1 ms | step 15.8 ms | 32429.2 samples/s
  step   850/1756 | loss 5747.1271 | data 0.1 ms | step 15.8 ms | 32408.2 samples/s
  step   900/1756 | loss 185.4374 | data 0.1 ms | step 15.8 ms | 32434.7 samples/s
  step   950/1756 | loss 135.6223 | data 0.1 ms | step 15.8 ms | 32418.7 samples/s
  step  1000/1756 | loss 137.2814 | data 0.1 ms | step 15.8 ms | 32376.6 samples/s
  step  1050/1756 | loss 137.1817 | data 0.1 ms | step 15.8 ms | 32426.1 samples/s
  step  1100/1756 | loss 131.1888 | data 0.1 ms | step 15.8 ms | 32409.8 samples/s
  step  1150/1756 | loss 136.9021 | data 0.1 ms | step 15.8 ms | 32404.8 samples/s
  step  1200/1756 | loss 127.6002 | data 0.1 ms | step 15.8 ms | 32416.7 samples/s
  step  1250/1756 | loss 130.4805 | data 0.1 ms | step 15.8 ms | 32420.2 samples/s
  step  1300/1756 | loss 140.5623 | data 0.1 ms | step 15.8 ms | 32407.1 samples/s
  step  1350/1756 | loss 131.9894 | data 0.1 ms | step 15.8 ms | 32442.4 samples/s
  step  1400/1756 | loss 135.2062 | data 0.1 ms | step 15.8 ms | 32423.3 samples/s
  step  1450/1756 | loss 139.3370 | data 0.1 ms | step 15.8 ms | 32417.3 samples/s
  step  1500/1756 | loss 128.6247 | data 0.1 ms | step 15.8 ms | 32414.0 samples/s
  step  1550/1756 | loss 138.7801 | data 0.1 ms | step 15.8 ms | 32421.7 samples/s
  step  1600/1756 | loss 151.1687 | data 0.1 ms | step 15.8 ms | 32343.4 samples/s
  step  1650/1756 | loss 380.7775 | data 0.1 ms | step 15.8 ms | 32439.7 samples/s
  step  1700/1756 | loss 141.4171 | data 0.1 ms | step 15.8 ms | 32431.0 samples/s
  step  1750/1756 | loss 149.1621 | data 0.6 ms | step 15.8 ms | 32411.7 samples/s
Training Loss: 3661.268712 | 32407.0 samples/s
Peak GPU memory: 1978.4 MB
Validation Loss: 147.864614 | 109044.1 samples/s

Epoch 27/100
----------------------------------------
Learning Rate: 0.000265
  step    50/1756 | loss 236.8316 | data 0.7 ms | step 15.8 ms | 32351.0 samples/s
  step   100/1756 | loss 299.2395 | data 0.1 ms | step 15.8 ms | 32454.4 samples/s
  step   150/1756 | loss 275.7776 | data 0.1 ms | step 15.8 ms | 32447.7 samples/s
  step   200/1756 | loss 186.2345 | data 0.1 ms | step 15.8 ms | 32403.6 samples/s
  step   250/1756 | loss 152.0241 | data 0.1 ms | step 15.8 ms | 32457.4 samples/s
  step   300/1756 | loss 157.8481 | data 0.1 ms | step 15.8 ms | 32434.9 samples/s
  step   350/1756 | loss 156.5266 | data 0.1 ms | step 15.8 ms | 32442.0 samples/s
  step   400/1756 | loss 173.7649 | data 0.1 ms | step 15.8 ms | 32453.3 samples/s
  step   450/1756 | loss 161.3775 | data 0.1 ms | step 15.8 ms | 32459.8 samples/s
  step   500/1756 | loss 144.9929 | data 0.1 ms | step 15.8 ms | 32420.7 samples/s
  step   550/1756 | loss 172.2707 | data 0.1 ms | step 15.8 ms | 32452.5 samples/s
  step   600/1756 | loss 251.8904 | data 0.1 ms | step 15.8 ms | 32434.0 samples/s
  step   650/1756 | loss 503.8402 | data 0.1 ms | step 15.8 ms | 32419.1 samples/s
  step   700/1756 | loss 4497.9305 | data 0.1 ms | step 15.8 ms | 32454.8 samples/s
  step   750/1756 | loss 440.5563 | data 0.1 ms | step 15.8 ms | 32438.2 samples/s
  step   800/1756 | loss 211.1657 | data 0.1 ms | step 15.8 ms | 32445.6 samples/s
  step   850/1756 | loss 164.7054 | data 0.1 ms | step 15.8 ms | 32405.4 samples/s
  step   900/1756 | loss 162.0403 | data 0.1 ms | step 15.8 ms | 32438.2 samples/s
  step   950/1756 | loss 258.2749 | data 0.1 ms | step 15.8 ms | 32457.1 samples/s
  step  1000/1756 | loss 2395.2876 | data 0.1 ms | step 15.8 ms | 32421.5 samples/s
  step  1050/1756 | loss 699.7147 | data 0.1 ms | step 15.8 ms | 32441.5 samples/s
  step  1100/1756 | loss 278.2984 | data 0.1 ms | step 15.8 ms | 32443.9 samples/s
  step  1150/1756 | loss 183.1932 | data 0.1 ms | step 15.8 ms | 32434.0 samples/s
  step  1200/1756 | loss 198.0512 | data 0.1 ms | step 15.8 ms | 32451.8 samples/s
  step  1250/1756 | loss 224.6556 | data 0.1 ms | step 15.8 ms | 32463.8 samples/s
  step  1300/1756 | loss 179.1252 | data 0.1 ms | step 15.8 ms | 32447.4 samples/s
  step  1350/1756 | loss 220.6078 | data 0.1 ms | step 15.8 ms | 32455.7 samples/s
  step  1400/1756 | loss 224.1056 | data 0.1 ms | step 15.8 ms | 32451.4 samples/s
  step  1450/1756 | loss 304.4491 | data 0.1 ms | step 15.8 ms | 32435.7 samples/s
  step  1500/1756 | loss 221.2472 | data 0.1 ms | step 15.8 ms | 32464.7 samples/s
  step  1550/1756 | loss 248.4652 | data 0.1 ms | step 15.8 ms | 32462.4 samples/s
  step  1600/1756 | loss 223.1291 | data 0.1 ms | step 15.8 ms | 32434.1 samples/s
  step  1650/1756 | loss 184.7749 | data 0.1 ms | step 15.8 ms | 32449.0 samples/s
  step  1700/1756 | loss 285.7829 | data 0.1 ms | step 15.8 ms | 32442.8 samples/s
  step  1750/1756 | loss 418.0394 | data 0.6 ms | step 15.8 ms | 32372.1 samples/s
Training Loss: 431.765877 | 32430.8 samples/s
Peak GPU memory: 1978.4 MB
Validation Loss: 1217.743305 | 109130.0 samples/s

Epoch 28/100
----------------------------------------
Learning Rate: 0.000262
  step    50/1756 | loss 545.0954 | data 0.7 ms | step 15.8 ms | 32369.1 samples/s
  step   100/1756 | loss 329.1068 | data 0.1 ms | step 15.8 ms | 32438.1 samples/s
  step   150/1756 | loss 289.4790 | data 0.1 ms | step 15.8 ms | 32431.4 samples/s
  step   200/1756 | loss 269.7683 | data 0.1 ms | step 15.8 ms | 32397.5 samples/s
  step   250/1756 | loss 290.4179 | data 0.1 ms | step 15.8 ms | 32432.7 samples/s
  step   300/1756 | loss 266.4239 | data 0.1 ms | step 15.8 ms | 32427.3 samples/s
  step   350/1756 | loss 268.3325 | data 0.1 ms | step 15.8 ms | 32423.1 samples/s
  step   400/1756 | loss 205.1805 | data 0.1 ms | step 15.8 ms | 32436.9 samples/s
  step   450/1756 | loss 264.7369 | data 0.1 ms | step 15.8 ms | 32437.0 samples/s
  step   500/1756 | loss 211.8174 | data 0.1 ms | step 15.8 ms | 32418.2 samples/s
  step   550/1756 | loss 206735.0828 | data 0.1 ms | step 15.8 ms | 32441.4 samples/s
  step   600/1756 | loss 187432.8382 | data 0.1 ms | step 15.8 ms | 32447.3 samples/s
  step   650/1756 | loss 1374.9091 | data 0.1 ms | step 15.8 ms | 32403.6 samples/s
  step   700/1756 | loss 290.6815 | data 0.1 ms | step 15.8 ms | 32409.4 samples/s
  step   750/1756 | loss 187.3159 | data 0.1 ms | step 15.8 ms | 32404.2 samples/s
  step   800/1756 | loss 159.9518 | data 0.1 ms | step 15.8 ms | 32410.0 samples/s
  step   850/1756 | loss 678.3010 | data 0.1 ms | step 15.8 ms | 32395.7 samples/s
  step   900/1756 | loss 971.0228 | data 0.1 ms | step 15.8 ms | 32451.2 samples/s
  step   950/1756 | loss 190.8402 | data 0.1 ms | step 15.8 ms | 32447.3 samples/s
  step  1000/1756 | loss 398.5981 | data 0.1 ms | step 15.8 ms | 32336.3 samples/s
  step  1050/1756 | loss 400.5538 | data 0.1 ms | step 15.8 ms | 32441.1 samples/s
  step  1100/1756 | loss 739.2519 | data 0.1 ms | step 15.8 ms | 32415.6 samples/s
  step  1150/1756 | loss 114779.4007 | data 0.1 ms | step 15.8 ms | 32409.4 samples/s
  step  1200/1756 | loss 8832.9477 | data 0.1 ms | step 15.8 ms | 32432.3 samples/s
  step  1250/1756 | loss 212.0277 | data 0.1 ms | step 15.8 ms | 32447.2 samples/s
  step  1300/1756 | loss 133.7329 | data 0.1 ms | step 15.8 ms | 32415.3 samples/s
  step  1350/1756 | loss 135.9251 | data 0.1 ms | step 15.8 ms | 32438.4 samples/s
  step  1400/1756 | loss 140.1075 | data 0.1 ms | step 15.8 ms | 32434.5 samples/s
  step  1450/1756 | loss 129.0764 | data 0.1 ms | step 15.8 ms | 32397.0 samples/s
  step  1500/1756 | loss 136.1630 | data 0.1 ms | step 15.8 ms | 32450.5 samples/s
  step  1550/1756 | loss 134.2572 | data 0.1 ms | step 15.8 ms | 32359.1 samples/s
  step  1600/1756 | loss 134.7220 | data 0.1 ms | step 15.8 ms | 32364.0 samples/s
  step  1650/1756 | loss 139.5260 | data 0.1 ms | step 15.8 ms | 32419.1 samples/s
  step  1700/1756 | loss 134.5860 | data 0.1 ms | step 15.8 ms | 32437.8 samples/s
  step  1750/1756 | loss 143.5943 | data 0.6 ms | step 15.8 ms | 32393.4 samples/s
Training Loss: 15025.686329 | 32410.6 samples/s
Peak GPU memory: 1978.4 MB
Validation Loss: 140.965844 | 108990.3 samples/s

Epoch 29/100
----------------------------------------
Learning Rate: 0.000259
  step    50/1756 | loss 140.1375 | data 0.7 ms | step 15.8 ms | 32355.7 samples/s
  step   100/1756 | loss 142.2257 | data 0.1 ms | step 15.8 ms | 32435.8 samples/s
  step   150/1756 | loss 139.2191 | data 0.1 ms | step 15.8 ms | 32414.3 samples/s
  step   200/1756 | loss 142.7275 | data 0.1 ms | step 15.8 ms | 32418.8 samples/s
  step   250/1756 | loss 141.1274 | data 0.1 ms | step 15.8 ms | 32415.5 samples/s
  step   300/1756 | loss 132.2047 | data 0.1 ms | step 15.8 ms | 32445.7 samples/s
  step   350/1756 | loss 135.5884 | data 0.1 ms | step 15.8 ms | 32422.0 samples/s
  step   400/1756 | loss 138.7747 | data 0.1 ms | step 15.8 ms | 32468.9 samples/s
  step   450/1756 | loss 133.1131 | data 0.1 ms | step 15.8 ms | 32447.7 samples/s
  step   500/1756 | loss 142.6846 | data 0.1 ms | step 15.8 ms | 32411.8 samples/s
  step   550/1756 | loss 137.7700 | data 0.1 ms | step 15.8 ms | 32463.9 samples/s
  step   600/1756 | loss 133.1360 | data 0.1 ms | step 15.8 ms | 32454.9 samples/s
  step   650/1756 | loss 138.5991 | data 0.1 ms | step 15.8 ms | 32409.9 samples/s
  step   700/1756 | loss 141.1320 | data 0.1 ms | step 15.8 ms | 32434.5 samples/s
  step   750/1756 | loss 132.9392 | data 0.1 ms | step 15.8 ms | 32399.8 samples/s
  step   800/1756 | loss 139.5776 | data 0.1 ms | step 15.8 ms | 32417.2 samples/s
  step   850/1756 | loss 139.5266 | data 0.1 ms | step 15.8 ms | 32442.2 samples/s
  step   900/1756 | loss 134.5837 | data 0.1 ms | step 15.8 ms | 32440.3 samples/s
  step   950/1756 | loss 137.2587 | data 0.1 ms | step 15.8 ms | 32449.6 samples/s
  step  1000/1756 | loss 133.7467 | data 0.1 ms | step 15.8 ms | 32432.5 samples/s
  step  1050/1756 | loss 140.2668 | data 0.1 ms | step 15.8 ms | 32442.7 samples/s
  step  1100/1756 | loss 139.3389 | data 0.1 ms | step 15.8 ms | 32462.2 samples/s
  step  1150/1756 | loss 139.0359 | data 0.1 ms | step 15.8 ms | 32443.5 samples/s
  step  1200/1756 | loss 137.3587 | data 0.1 ms | step 15.8 ms | 32440.4 samples/s
  step  1250/1756 | loss 141.5403 | data 0.1 ms | step 15.8 ms | 32437.9 samples/s
  step  1300/1756 | loss 141.4101 | data 0.1 ms | step 15.8 ms | 32437.9 samples/s
  step  1350/1756 | loss 135.3372 | data 0.1 ms | step 15.8 ms | 32467.3 samples/s
  step  1400/1756 | loss 143.3484 | data 0.1 ms | step 15.8 ms | 32461.2 samples/s
  step  1450/1756 | loss 143.5774 | data 0.1 ms | step 15.8 ms | 32440.1 samples/s
  step  1500/1756 | loss 146.1284 | data 0.1 ms | step 15.8 ms | 32460.4 samples/s
  step  1550/1756 | loss 144.5777 | data 0.1 ms | step 15.8 ms | 32455.0 samples/s
  step  1600/1756 | loss 150.8865 | data 0.1 ms | step 15.8 ms | 32401.4 samples/s
  step  1650/1756 | loss 144.4459 | data 0.1 ms | step 15.8 ms | 32439.3 samples/s
  step  1700/1756 | loss 144.0290 | data 0.1 ms | step 15.8 ms | 32431.3 samples/s
  step  1750/1756 | loss 145.0992 | data 0.7 ms | step 15.8 ms | 32411.1 samples/s
Training Loss: 139.801262 | 32427.5 samples/s
Peak GPU memory: 1978.4 MB
Validation Loss: 167.012553 | 109093.8 samples/s

Epoch 30/100
----------------------------------------
Learning Rate: 0.000255
  step    50/1756 | loss 142.6257 | data 0.7 ms | step 15.8 ms | 32390.6 samples/s
  step   100/1756 | loss 140.8055 | data 0.1 ms | step 15.8 ms | 32448.8 samples/s
  step   150/1756 | loss 150.1085 | data 0.1 ms | step 15.8 ms | 32436.3 samples/s
  step   200/1756 | loss 145.8131 | data 0.1 ms | step 15.8 ms | 32424.6 samples/s
  step   250/1756 | loss 151.2734 | data 0.1 ms | step 15.8 ms | 32457.2 samples/s
  step   300/1756 | loss 139.3458 | data 0.1 ms | step 15.8 ms | 32454.0 samples/s
  step   350/1756 | loss 155.9627 | data 0.1 ms | step 15.8 ms | 32438.0 samples/s
  step   400/1756 | loss 146.6864 | data 0.1 ms | step 15.8 ms | 32457.0 samples/s
  step   450/1756 | loss 142.2237 | data 0.1 ms | step 15.8 ms | 32450.9 samples/s
  step   500/1756 | loss 158.4277 | data 0.1 ms | step 15.8 ms | 32410.6 samples/s
  step   550/1756 | loss 155.1642 | data 0.1 ms | step 15.8 ms | 32457.2 samples/s
  step   600/1756 | loss 160.3786 | data 0.1 ms | step 15.8 ms | 32406.2 samples/s
  step   650/1756 | loss 148.3832 | data 0.1 ms | step 15.8 ms | 32408.0 samples/s
  step   700/1756 | loss 162.4261 | data 0.1 ms | step 15.8 ms | 32455.2 samples/s
  step   750/1756 | loss 177.0880 | data 0.1 ms | step 15.8 ms | 32453.9 samples/s
  step   800/1756 | loss 157.7800 | data 0.1 ms | step 15.8 ms | 32433.6 samples/s
  step   850/1756 | loss 151.6257 | data 0.1 ms | step 15.8 ms | 32432.3 samples/s
  step   900/1756 | loss 150.2585 | data 0.1 ms | step 15.8 ms | 32434.6 samples/s
  step   950/1756 | loss 153.9729 | data 0.1 ms | step 15.8 ms | 32410.1 samples/s
  step  1000/1756 | loss 151.8503 | data 0.1 ms | step 15.8 ms | 32417.3 samples/s
  step  1050/1756 | loss 173.8875 | data 0.1 ms | step 15.8 ms | 32433.4 samples/s
  step  1100/1756 | loss 179.2998 | data 0.1 ms | step 15.8 ms | 32432.5 samples/s
  step  1150/1756 | loss 260.3312 | data 0.1 ms | step 15.8 ms | 32383.5 samples/s
  step  1200/1756 | loss 287.7227 | data 0.1 ms | step 15.8 ms | 32422.4 samples/s
  step  1250/1756 | loss 245.9273 | data 0.1 ms | step 15.8 ms | 32440.7 samples/s
  step  1300/1756 | loss 210.7106 | data 0.1 ms | step 15.8 ms | 32425.5 samples/s
  step  1350/1756 | loss 299.1681 | data 0.1 ms | step 15.8 ms | 32447.8 samples/s
  step  1400/1756 | loss 299.2880 | data 0.1 ms | step 15.8 ms | 32443.6 samples/s
  step  1450/1756 | loss 289.0863 | data 0.1 ms | step 15.8 ms | 32385.1 samples/s
  step  1500/1756 | loss 200.7537 | data 0.1 ms | step 15.8 ms | 32387.1 samples/s
  step  1550/1756 | loss 199.1749 | data 0.1 ms | step 15.8 ms | 32454.4 samples/s
  step  1600/1756 | loss 202.4571 | data 0.1 ms | step 15.8 ms | 32418.6 samples/s
  step  1650/1756 | loss 221.7600 | data 0.1 ms | step 15.8 ms | 32451.5 samples/s
  step  1700/1756 | loss 192.9272 | data 0.1 ms | step 15.8 ms | 32424.7 samples/s
  step  1750/1756 | loss 205.8482 | data 0.6 ms | step 15.8 ms | 32373.3 samples/s
Training Loss: 185.880171 | 32421.5 samples/s
Peak GPU memory: 1978.4 MB
Validation Loss: 207.129346 | 108939.6 samples/s

Epoch 31/100
----------------------------------------
Learning Rate: 0.000252
  step    50/1756 | loss 190.8366 | data 0.6 ms | step 15.8 ms | 32398.3 samples/s
  step   100/1756 | loss 178.9555 | data 0.1 ms | step 15.8 ms | 32392.8 samples/s
  step   150/1756 | loss 163.3959 | data 0.1 ms | step 15.8 ms | 32433.9 samples/s
  step   200/1756 | loss 172.4891 | data 0.1 ms | step 15.8 ms | 32434.6 samples/s
  step   250/1756 | loss 147.3148 | data 0.1 ms | step 15.8 ms | 32442.1 samples/s
  step   300/1756 | loss 146.1485 | data 0.1 ms | step 15.8 ms | 32438.5 samples/s
  step   350/1756 | loss 147.4826 | data 0.1 ms | step 15.8 ms | 32402.7 samples/s
  step   400/1756 | loss 158.7437 | data 0.1 ms | step 15.8 ms | 32429.9 samples/s
  step   450/1756 | loss 155.6368 | data 0.1 ms | step 15.8 ms | 32439.5 samples/s
  step   500/1756 | loss 166.2697 | data 0.1 ms | step 15.8 ms | 32409.3 samples/s
  step   550/1756 | loss 152.8983 | data 0.1 ms | step 15.8 ms | 32451.4 samples/s
  step   600/1756 | loss 152.7351 | data 0.1 ms | step 15.8 ms | 32444.9 samples/s
  step   650/1756 | loss 154.3856 | data 0.1 ms | step 15.8 ms | 32410.4 samples/s
  step   700/1756 | loss 151.7587 | data 0.1 ms | step 15.8 ms | 32411.0 samples/s
  step   750/1756 | loss 158.3059 | data 0.1 ms | step 15.8 ms | 32436.3 samples/s
  step   800/1756 | loss 181.8844 | data 0.1 ms | step 15.8 ms | 32430.8 samples/s
  step   850/1756 | loss 158.0243 | data 0.1 ms | step 15.8 ms | 32454.8 samples/s
