============================================================
MAT Pseudo-Grid LWM (Method 2: 8×16) — Pre-training
============================================================
Log file    : mask_aware_tf/mat_pseudo_lwm_weights.log
Device      : cuda
Scenarios   : ['O1_3p5_v1', 'O1_3p5_v2', 'Boston5G_3p5', 'asu_campus1']
AMP         : disabled
Epochs      : 100
Batch size  : 512
LR          : 0.0001 | Weight decay: 1e-05
Scheduler   : StepLR(step=10, gamma=0.9)
Mask ratio  : 0.15
Save path   : mask_aware_tf/mat_pseudo_lwm_weights.pth
------------------------------------------------------------
Dataset — train: 898605, val: 224651, test: 1
============================================================

Epoch 1/100
----------------------------------------
Learning Rate: 0.000100
  step    50/1756 | loss 120.6519 | data 3.6 ms | step 16.4 ms | 31205.2 samples/s
  step   100/1756 | loss 82.9172 | data 0.1 ms | step 7.2 ms | 70848.4 samples/s
  step   150/1756 | loss 70.2606 | data 0.1 ms | step 7.2 ms | 70852.1 samples/s
  step   200/1756 | loss 67.0490 | data 0.1 ms | step 7.2 ms | 70840.6 samples/s
  step   250/1756 | loss 61.2254 | data 0.1 ms | step 7.2 ms | 70819.6 samples/s
  step   300/1756 | loss 64.5219 | data 0.1 ms | step 7.2 ms | 70846.3 samples/s
  step   350/1756 | loss 59.3978 | data 0.1 ms | step 7.2 ms | 70828.9 samples/s
  step   400/1756 | loss 59.2665 | data 0.1 ms | step 7.2 ms | 70874.8 samples/s
  step   450/1756 | loss 58.5445 | data 0.1 ms | step 7.2 ms | 70859.6 samples/s
  step   500/1756 | loss 59.5851 | data 0.1 ms | step 7.2 ms | 70847.4 samples/s
  step   550/1756 | loss 58.0647 | data 0.1 ms | step 7.2 ms | 70788.6 samples/s
  step   600/1756 | loss 54.6208 | data 0.1 ms | step 7.2 ms | 70824.6 samples/s
  step   650/1756 | loss 50.6904 | data 0.1 ms | step 7.2 ms | 70847.3 samples/s
  step   700/1756 | loss 51.2267 | data 0.1 ms | step 7.2 ms | 70843.1 samples/s
  step   750/1756 | loss 49.2439 | data 0.1 ms | step 7.2 ms | 70885.3 samples/s
  step   800/1756 | loss 50.1170 | data 0.1 ms | step 7.2 ms | 70892.2 samples/s
  step   850/1756 | loss 48.5008 | data 0.1 ms | step 7.2 ms | 70835.4 samples/s
  step   900/1756 | loss 48.1164 | data 0.1 ms | step 7.2 ms | 70871.3 samples/s
  step   950/1756 | loss 46.0992 | data 0.1 ms | step 7.2 ms | 70850.1 samples/s
  step  1000/1756 | loss 47.7054 | data 0.1 ms | step 7.2 ms | 70847.3 samples/s
  step  1050/1756 | loss 44.6912 | data 0.1 ms | step 7.2 ms | 70857.3 samples/s
  step  1100/1756 | loss 42.1586 | data 1.3 ms | step 7.3 ms | 70573.2 samples/s
  step  1150/1756 | loss 43.4058 | data 0.1 ms | step 7.2 ms | 70840.9 samples/s
  step  1200/1756 | loss 44.0583 | data 0.1 ms | step 7.2 ms | 70851.5 samples/s
  step  1250/1756 | loss 41.5393 | data 0.1 ms | step 7.2 ms | 70808.0 samples/s
  step  1300/1756 | loss 40.8636 | data 0.1 ms | step 7.2 ms | 70790.2 samples/s
  step  1350/1756 | loss 41.3418 | data 0.1 ms | step 7.2 ms | 70804.0 samples/s
  step  1400/1756 | loss 40.5566 | data 0.1 ms | step 7.2 ms | 70839.2 samples/s
  step  1450/1756 | loss 40.1554 | data 0.1 ms | step 7.2 ms | 70859.8 samples/s
  step  1500/1756 | loss 38.9598 | data 0.1 ms | step 7.2 ms | 70814.8 samples/s
  step  1550/1756 | loss 37.9144 | data 0.1 ms | step 7.2 ms | 70797.0 samples/s
  step  1600/1756 | loss 38.0666 | data 0.1 ms | step 7.2 ms | 70775.0 samples/s
  step  1650/1756 | loss 37.0276 | data 0.1 ms | step 7.2 ms | 70771.3 samples/s
  step  1700/1756 | loss 36.0063 | data 0.1 ms | step 7.2 ms | 70794.1 samples/s
  step  1750/1756 | loss 35.3311 | data 0.6 ms | step 7.2 ms | 70744.5 samples/s
Training Loss: 51.650324 | 68212.9 samples/s
Peak GPU memory: 1403.6 MB
Validation Loss: 34.908504 | 218531.8 samples/s

Epoch 2/100
----------------------------------------
Learning Rate: 0.000100
  step    50/1756 | loss 34.2089 | data 0.7 ms | step 7.3 ms | 70310.7 samples/s
  step   100/1756 | loss 33.4601 | data 0.1 ms | step 7.3 ms | 69858.6 samples/s
  step   150/1756 | loss 34.2791 | data 0.1 ms | step 7.2 ms | 70857.1 samples/s
  step   200/1756 | loss 32.5718 | data 0.1 ms | step 7.2 ms | 70903.1 samples/s
  step   250/1756 | loss 32.5627 | data 0.1 ms | step 7.2 ms | 70901.1 samples/s
  step   300/1756 | loss 31.1838 | data 0.1 ms | step 7.2 ms | 70914.1 samples/s
  step   350/1756 | loss 32.6930 | data 0.1 ms | step 7.2 ms | 70879.3 samples/s
  step   400/1756 | loss 31.5918 | data 0.1 ms | step 7.2 ms | 70915.2 samples/s
  step   450/1756 | loss 31.6112 | data 0.1 ms | step 7.2 ms | 70885.1 samples/s
  step   500/1756 | loss 30.5437 | data 0.1 ms | step 7.2 ms | 70926.0 samples/s
  step   550/1756 | loss 31.7195 | data 2.1 ms | step 7.3 ms | 69915.2 samples/s
  step   600/1756 | loss 30.9847 | data 0.1 ms | step 7.3 ms | 70220.3 samples/s
  step   650/1756 | loss 30.9945 | data 0.1 ms | step 7.3 ms | 70220.0 samples/s
  step   700/1756 | loss 29.2644 | data 0.1 ms | step 7.3 ms | 70180.9 samples/s
  step   750/1756 | loss 29.4260 | data 0.1 ms | step 7.3 ms | 70178.7 samples/s
  step   800/1756 | loss 29.0372 | data 0.1 ms | step 7.3 ms | 70198.3 samples/s
  step   850/1756 | loss 28.9916 | data 0.1 ms | step 7.3 ms | 70218.0 samples/s
  step   900/1756 | loss 29.3364 | data 0.1 ms | step 7.3 ms | 70164.3 samples/s
  step   950/1756 | loss 27.4948 | data 0.1 ms | step 7.3 ms | 70088.1 samples/s
  step  1000/1756 | loss 28.4955 | data 0.1 ms | step 7.3 ms | 69964.1 samples/s
  step  1050/1756 | loss 28.2107 | data 0.1 ms | step 7.3 ms | 70039.3 samples/s
  step  1100/1756 | loss 27.5563 | data 0.1 ms | step 7.3 ms | 70051.9 samples/s
  step  1150/1756 | loss 26.8831 | data 0.1 ms | step 7.3 ms | 70155.8 samples/s
  step  1200/1756 | loss 27.5942 | data 0.1 ms | step 7.3 ms | 70118.3 samples/s
  step  1250/1756 | loss 26.5766 | data 0.1 ms | step 7.3 ms | 70188.1 samples/s
  step  1300/1756 | loss 26.2352 | data 0.1 ms | step 7.3 ms | 70189.1 samples/s
  step  1350/1756 | loss 25.3414 | data 0.1 ms | step 7.3 ms | 70145.5 samples/s
  step  1400/1756 | loss 24.7120 | data 0.1 ms | step 7.3 ms | 70147.2 samples/s
  step  1450/1756 | loss 25.0992 | data 0.1 ms | step 7.3 ms | 70094.5 samples/s
  step  1500/1756 | loss 26.0725 | data 0.1 ms | step 7.3 ms | 70139.4 samples/s
  step  1550/1756 | loss 25.0375 | data 0.1 ms | step 7.3 ms | 70366.6 samples/s
  step  1600/1756 | loss 25.1262 | data 0.1 ms | step 7.3 ms | 70017.5 samples/s
  step  1650/1756 | loss 24.6983 | data 0.1 ms | step 7.3 ms | 70120.1 samples/s
  step  1700/1756 | loss 23.8836 | data 0.1 ms | step 7.3 ms | 70111.4 samples/s
  step  1750/1756 | loss 24.9721 | data 0.6 ms | step 7.3 ms | 69991.1 samples/s
Training Loss: 28.784751 | 70279.2 samples/s
Peak GPU memory: 918.2 MB
Validation Loss: 23.971728 | 217713.8 samples/s

Epoch 3/100
----------------------------------------
Learning Rate: 0.000100
  step    50/1756 | loss 24.1312 | data 0.8 ms | step 7.2 ms | 70816.7 samples/s
  step   100/1756 | loss 23.2769 | data 0.1 ms | step 7.2 ms | 70901.6 samples/s
  step   150/1756 | loss 22.4376 | data 0.1 ms | step 7.2 ms | 70892.5 samples/s
  step   200/1756 | loss 22.8398 | data 0.1 ms | step 7.2 ms | 70814.1 samples/s
  step   250/1756 | loss 23.5260 | data 0.1 ms | step 7.2 ms | 70843.8 samples/s
  step   300/1756 | loss 21.8173 | data 0.1 ms | step 7.2 ms | 70855.4 samples/s
  step   350/1756 | loss 23.0233 | data 0.1 ms | step 7.2 ms | 70846.2 samples/s
  step   400/1756 | loss 22.6031 | data 0.1 ms | step 7.2 ms | 70872.0 samples/s
  step   450/1756 | loss 22.7128 | data 0.1 ms | step 7.2 ms | 70872.2 samples/s
  step   500/1756 | loss 20.8246 | data 0.1 ms | step 7.2 ms | 70879.0 samples/s
  step   550/1756 | loss 22.2104 | data 0.1 ms | step 7.2 ms | 70895.5 samples/s
  step   600/1756 | loss 21.9486 | data 0.1 ms | step 7.2 ms | 70820.5 samples/s
  step   650/1756 | loss 21.5585 | data 0.1 ms | step 7.2 ms | 70843.0 samples/s
  step   700/1756 | loss 20.8858 | data 0.1 ms | step 7.2 ms | 70895.5 samples/s
  step   750/1756 | loss 21.3021 | data 0.1 ms | step 7.2 ms | 70838.2 samples/s
  step   800/1756 | loss 21.9669 | data 0.1 ms | step 7.2 ms | 70859.6 samples/s
  step   850/1756 | loss 20.8531 | data 0.1 ms | step 7.2 ms | 70866.9 samples/s
  step   900/1756 | loss 20.7442 | data 0.1 ms | step 7.2 ms | 70858.9 samples/s
  step   950/1756 | loss 19.9926 | data 0.1 ms | step 7.2 ms | 70851.0 samples/s
  step  1000/1756 | loss 20.0312 | data 0.1 ms | step 7.2 ms | 70840.8 samples/s
  step  1050/1756 | loss 20.3146 | data 0.1 ms | step 7.2 ms | 70888.2 samples/s
  step  1100/1756 | loss 19.0106 | data 0.1 ms | step 7.2 ms | 70856.6 samples/s
  step  1150/1756 | loss 20.1764 | data 0.1 ms | step 7.2 ms | 70860.1 samples/s
  step  1200/1756 | loss 19.6081 | data 0.1 ms | step 7.2 ms | 70851.1 samples/s
  step  1250/1756 | loss 19.3629 | data 0.1 ms | step 7.2 ms | 70880.3 samples/s
  step  1300/1756 | loss 18.9126 | data 0.1 ms | step 7.2 ms | 70793.6 samples/s
  step  1350/1756 | loss 18.4569 | data 0.1 ms | step 7.2 ms | 70859.4 samples/s
  step  1400/1756 | loss 18.9595 | data 0.1 ms | step 7.2 ms | 70856.7 samples/s
  step  1450/1756 | loss 18.3681 | data 0.1 ms | step 7.2 ms | 70853.5 samples/s
  step  1500/1756 | loss 17.3853 | data 0.1 ms | step 7.2 ms | 70843.8 samples/s
  step  1550/1756 | loss 18.7005 | data 0.1 ms | step 7.2 ms | 70882.1 samples/s
  step  1600/1756 | loss 17.9621 | data 0.1 ms | step 7.2 ms | 70899.4 samples/s
  step  1650/1756 | loss 18.2083 | data 0.1 ms | step 7.2 ms | 70872.3 samples/s
  step  1700/1756 | loss 17.6301 | data 0.1 ms | step 7.2 ms | 70860.7 samples/s
  step  1750/1756 | loss 17.7961 | data 0.6 ms | step 7.2 ms | 70769.6 samples/s
Training Loss: 20.546451 | 70839.2 samples/s
Peak GPU memory: 918.2 MB
Validation Loss: 17.652944 | 220387.3 samples/s

Epoch 4/100
----------------------------------------
Learning Rate: 0.000100
  step    50/1756 | loss 17.5327 | data 0.7 ms | step 7.2 ms | 70649.0 samples/s
  step   100/1756 | loss 17.1992 | data 0.1 ms | step 7.2 ms | 70762.3 samples/s
  step   150/1756 | loss 19.0627 | data 0.1 ms | step 7.2 ms | 70772.1 samples/s
  step   200/1756 | loss 18.3147 | data 0.1 ms | step 7.2 ms | 70780.3 samples/s
  step   250/1756 | loss 17.9096 | data 0.1 ms | step 7.2 ms | 70783.5 samples/s
  step   300/1756 | loss 17.5766 | data 0.1 ms | step 7.2 ms | 70780.1 samples/s
  step   350/1756 | loss 17.7558 | data 0.1 ms | step 7.2 ms | 70823.2 samples/s
  step   400/1756 | loss 17.1521 | data 0.1 ms | step 7.2 ms | 70776.7 samples/s
  step   450/1756 | loss 16.1290 | data 0.1 ms | step 7.2 ms | 70814.8 samples/s
  step   500/1756 | loss 16.3205 | data 0.1 ms | step 7.2 ms | 70778.2 samples/s
  step   550/1756 | loss 16.1260 | data 0.1 ms | step 7.2 ms | 70783.4 samples/s
  step   600/1756 | loss 16.1522 | data 0.1 ms | step 7.2 ms | 70815.4 samples/s
  step   650/1756 | loss 15.0983 | data 0.1 ms | step 7.2 ms | 70833.9 samples/s
  step   700/1756 | loss 15.0472 | data 0.1 ms | step 7.3 ms | 70604.9 samples/s
  step   750/1756 | loss 15.5055 | data 1.1 ms | step 7.3 ms | 70162.2 samples/s
  step   800/1756 | loss 15.3000 | data 0.1 ms | step 7.2 ms | 70795.1 samples/s
  step   850/1756 | loss 14.9393 | data 0.1 ms | step 7.2 ms | 70824.5 samples/s
  step   900/1756 | loss 15.5480 | data 0.1 ms | step 7.2 ms | 70795.3 samples/s
  step   950/1756 | loss 15.1862 | data 0.1 ms | step 7.2 ms | 70812.8 samples/s
  step  1000/1756 | loss 15.1858 | data 0.1 ms | step 7.2 ms | 70800.0 samples/s
  step  1050/1756 | loss 13.9847 | data 0.1 ms | step 7.2 ms | 70804.3 samples/s
  step  1100/1756 | loss 15.2213 | data 0.1 ms | step 7.2 ms | 70804.5 samples/s
  step  1150/1756 | loss 13.8592 | data 0.1 ms | step 7.2 ms | 70805.0 samples/s
  step  1200/1756 | loss 15.1368 | data 0.1 ms | step 7.2 ms | 70785.3 samples/s
  step  1250/1756 | loss 14.2183 | data 0.1 ms | step 7.2 ms | 70759.0 samples/s
  step  1300/1756 | loss 14.2686 | data 0.1 ms | step 7.2 ms | 70799.2 samples/s
  step  1350/1756 | loss 13.8547 | data 0.1 ms | step 7.2 ms | 70779.1 samples/s
  step  1400/1756 | loss 13.6782 | data 0.1 ms | step 7.2 ms | 70695.8 samples/s
  step  1450/1756 | loss 13.8199 | data 0.1 ms | step 7.2 ms | 70758.4 samples/s
  step  1500/1756 | loss 14.3985 | data 0.1 ms | step 7.2 ms | 70803.2 samples/s
  step  1550/1756 | loss 13.8208 | data 0.1 ms | step 7.2 ms | 70808.8 samples/s
  step  1600/1756 | loss 13.4492 | data 0.1 ms | step 7.2 ms | 70797.1 samples/s
  step  1650/1756 | loss 13.4134 | data 0.1 ms | step 7.2 ms | 70682.7 samples/s
  step  1700/1756 | loss 13.6070 | data 0.1 ms | step 7.2 ms | 70669.8 samples/s
  step  1750/1756 | loss 13.5429 | data 0.5 ms | step 7.2 ms | 70656.7 samples/s
Training Loss: 15.407504 | 70735.7 samples/s
Peak GPU memory: 918.2 MB
Validation Loss: 13.201335 | 223516.1 samples/s

Epoch 5/100
----------------------------------------
Learning Rate: 0.000100
  step    50/1756 | loss 13.5301 | data 0.6 ms | step 7.1 ms | 71626.7 samples/s
  step   100/1756 | loss 13.0379 | data 0.1 ms | step 7.1 ms | 71723.4 samples/s
  step   150/1756 | loss 12.9756 | data 0.1 ms | step 7.1 ms | 71753.4 samples/s
  step   200/1756 | loss 13.3542 | data 0.1 ms | step 7.1 ms | 71753.8 samples/s
  step   250/1756 | loss 14.1166 | data 0.1 ms | step 7.1 ms | 71753.4 samples/s
  step   300/1756 | loss 12.5567 | data 0.1 ms | step 7.1 ms | 71781.0 samples/s
  step   350/1756 | loss 12.8041 | data 0.1 ms | step 7.1 ms | 71762.8 samples/s
  step   400/1756 | loss 13.2788 | data 0.1 ms | step 7.1 ms | 71787.8 samples/s
  step   450/1756 | loss 12.8347 | data 0.1 ms | step 7.1 ms | 71661.2 samples/s
  step   500/1756 | loss 12.6559 | data 0.1 ms | step 7.1 ms | 71693.6 samples/s
  step   550/1756 | loss 12.6927 | data 0.1 ms | step 7.1 ms | 71697.8 samples/s
  step   600/1756 | loss 12.3222 | data 0.1 ms | step 7.1 ms | 71723.4 samples/s
  step   650/1756 | loss 12.0761 | data 0.1 ms | step 7.1 ms | 71682.9 samples/s
  step   700/1756 | loss 12.5160 | data 0.1 ms | step 7.1 ms | 71723.4 samples/s
  step   750/1756 | loss 12.6958 | data 0.1 ms | step 7.1 ms | 71688.7 samples/s
  step   800/1756 | loss 12.2978 | data 0.1 ms | step 7.1 ms | 71729.1 samples/s
  step   850/1756 | loss 11.8575 | data 0.1 ms | step 7.1 ms | 71691.4 samples/s
  step   900/1756 | loss 12.8067 | data 0.1 ms | step 7.1 ms | 71751.5 samples/s
  step   950/1756 | loss 12.5483 | data 0.1 ms | step 7.1 ms | 71764.2 samples/s
  step  1000/1756 | loss 12.0431 | data 0.1 ms | step 7.1 ms | 71809.4 samples/s
  step  1050/1756 | loss 12.4824 | data 0.1 ms | step 7.1 ms | 71793.2 samples/s
  step  1100/1756 | loss 12.2037 | data 0.1 ms | step 7.1 ms | 71747.1 samples/s
  step  1150/1756 | loss 11.7680 | data 0.1 ms | step 7.1 ms | 71776.9 samples/s
  step  1200/1756 | loss 12.0210 | data 0.1 ms | step 7.1 ms | 71787.5 samples/s
  step  1250/1756 | loss 11.4463 | data 0.1 ms | step 7.1 ms | 71744.8 samples/s
  step  1300/1756 | loss 11.8732 | data 0.1 ms | step 7.1 ms | 71697.8 samples/s
  step  1350/1756 | loss 11.4843 | data 0.1 ms | step 7.1 ms | 71713.1 samples/s
  step  1400/1756 | loss 11.4761 | data 0.1 ms | step 7.1 ms | 71732.1 samples/s
  step  1450/1756 | loss 11.1399 | data 0.1 ms | step 7.1 ms | 71712.3 samples/s
  step  1500/1756 | loss 11.4883 | data 0.1 ms | step 7.1 ms | 71700.7 samples/s
  step  1550/1756 | loss 10.8682 | data 0.1 ms | step 7.1 ms | 71693.8 samples/s
  step  1600/1756 | loss 10.8931 | data 0.1 ms | step 7.1 ms | 71696.2 samples/s
  step  1650/1756 | loss 11.0152 | data 0.1 ms | step 7.1 ms | 71644.0 samples/s
  step  1700/1756 | loss 11.5547 | data 0.1 ms | step 7.1 ms | 71693.3 samples/s
  step  1750/1756 | loss 10.8678 | data 0.6 ms | step 7.1 ms | 71652.6 samples/s
Training Loss: 12.205240 | 71705.6 samples/s
Peak GPU memory: 918.2 MB
Validation Loss: 11.127294 | 224847.8 samples/s

Epoch 6/100
----------------------------------------
Learning Rate: 0.000100
  step    50/1756 | loss 11.4917 | data 0.6 ms | step 7.1 ms | 71641.9 samples/s
  step   100/1756 | loss 10.9375 | data 0.1 ms | step 7.1 ms | 71696.2 samples/s
  step   150/1756 | loss 11.5562 | data 0.1 ms | step 7.1 ms | 71687.4 samples/s
  step   200/1756 | loss 11.1476 | data 0.1 ms | step 7.1 ms | 71715.7 samples/s
  step   250/1756 | loss 11.0561 | data 0.4 ms | step 7.2 ms | 71283.7 samples/s
  step   300/1756 | loss 10.3577 | data 0.1 ms | step 7.1 ms | 71707.8 samples/s
  step   350/1756 | loss 11.1321 | data 0.1 ms | step 7.1 ms | 71647.9 samples/s
  step   400/1756 | loss 10.9043 | data 0.1 ms | step 7.1 ms | 71677.3 samples/s
  step   450/1756 | loss 10.7810 | data 0.1 ms | step 7.1 ms | 71693.0 samples/s
  step   500/1756 | loss 10.9361 | data 0.1 ms | step 7.1 ms | 71734.5 samples/s
  step   550/1756 | loss 10.6902 | data 0.1 ms | step 7.1 ms | 71722.5 samples/s
  step   600/1756 | loss 10.7059 | data 0.1 ms | step 7.1 ms | 71747.5 samples/s
  step   650/1756 | loss 10.2064 | data 0.1 ms | step 7.1 ms | 71733.4 samples/s
  step   700/1756 | loss 10.2542 | data 0.1 ms | step 7.1 ms | 71709.5 samples/s
  step   750/1756 | loss 10.5135 | data 0.1 ms | step 7.1 ms | 71726.6 samples/s
  step   800/1756 | loss 9.9559 | data 0.1 ms | step 7.1 ms | 71697.6 samples/s
  step   850/1756 | loss 9.8352 | data 0.1 ms | step 7.1 ms | 71716.3 samples/s
  step   900/1756 | loss 10.9425 | data 0.1 ms | step 7.1 ms | 71750.2 samples/s
  step   950/1756 | loss 10.2833 | data 0.1 ms | step 7.1 ms | 71708.3 samples/s
  step  1000/1756 | loss 10.6703 | data 0.1 ms | step 7.1 ms | 71710.9 samples/s
  step  1050/1756 | loss 10.0382 | data 0.1 ms | step 7.1 ms | 71706.5 samples/s
  step  1100/1756 | loss 9.5346 | data 0.1 ms | step 7.1 ms | 71789.7 samples/s
  step  1150/1756 | loss 9.7412 | data 0.1 ms | step 7.1 ms | 71717.2 samples/s
  step  1200/1756 | loss 9.8575 | data 0.1 ms | step 7.1 ms | 71731.4 samples/s
  step  1250/1756 | loss 9.3082 | data 0.1 ms | step 7.1 ms | 71736.9 samples/s
  step  1300/1756 | loss 10.0109 | data 0.1 ms | step 7.1 ms | 71688.0 samples/s
  step  1350/1756 | loss 9.5891 | data 0.1 ms | step 7.1 ms | 71721.2 samples/s
  step  1400/1756 | loss 9.5080 | data 0.1 ms | step 7.1 ms | 71703.4 samples/s
  step  1450/1756 | loss 9.6548 | data 0.1 ms | step 7.1 ms | 71707.3 samples/s
  step  1500/1756 | loss 9.9105 | data 0.1 ms | step 7.1 ms | 71729.4 samples/s
  step  1550/1756 | loss 9.6785 | data 0.1 ms | step 7.1 ms | 71727.8 samples/s
  step  1600/1756 | loss 8.7582 | data 0.1 ms | step 7.1 ms | 71710.7 samples/s
  step  1650/1756 | loss 8.9784 | data 0.1 ms | step 7.1 ms | 71747.7 samples/s
  step  1700/1756 | loss 9.6545 | data 0.1 ms | step 7.1 ms | 71772.0 samples/s
  step  1750/1756 | loss 9.6582 | data 0.6 ms | step 7.1 ms | 71685.3 samples/s
Training Loss: 10.227990 | 71684.1 samples/s
Peak GPU memory: 918.2 MB
Validation Loss: 9.394342 | 224738.9 samples/s

Epoch 7/100
----------------------------------------
Learning Rate: 0.000100
  step    50/1756 | loss 9.4220 | data 0.7 ms | step 7.1 ms | 71690.3 samples/s
  step   100/1756 | loss 9.5445 | data 0.1 ms | step 7.1 ms | 71781.2 samples/s
  step   150/1756 | loss 9.4695 | data 0.1 ms | step 7.1 ms | 71749.2 samples/s
  step   200/1756 | loss 9.9481 | data 0.1 ms | step 7.2 ms | 71405.8 samples/s
  step   250/1756 | loss 9.2564 | data 0.1 ms | step 7.2 ms | 70847.8 samples/s
  step   300/1756 | loss 9.4009 | data 0.2 ms | step 7.2 ms | 70628.7 samples/s
  step   350/1756 | loss 8.9870 | data 0.1 ms | step 7.2 ms | 71539.6 samples/s
  step   400/1756 | loss 9.5211 | data 0.1 ms | step 7.2 ms | 71541.0 samples/s
  step   450/1756 | loss 8.8963 | data 0.1 ms | step 7.2 ms | 71534.4 samples/s
  step   500/1756 | loss 8.5347 | data 0.1 ms | step 7.2 ms | 71556.0 samples/s
  step   550/1756 | loss 9.0362 | data 0.1 ms | step 7.2 ms | 71545.8 samples/s
  step   600/1756 | loss 8.5045 | data 0.1 ms | step 7.2 ms | 71423.1 samples/s
  step   650/1756 | loss 8.7926 | data 0.1 ms | step 7.2 ms | 71596.7 samples/s
  step   700/1756 | loss 8.9041 | data 0.1 ms | step 7.2 ms | 70910.5 samples/s
  step   750/1756 | loss 8.8523 | data 0.1 ms | step 7.1 ms | 71620.8 samples/s
  step   800/1756 | loss 9.0126 | data 0.1 ms | step 7.1 ms | 71617.6 samples/s
  step   850/1756 | loss 9.0153 | data 0.1 ms | step 7.4 ms | 69362.5 samples/s
  step   900/1756 | loss 8.2234 | data 0.1 ms | step 7.5 ms | 67924.6 samples/s
  step   950/1756 | loss 8.7687 | data 0.1 ms | step 7.2 ms | 71344.1 samples/s
  step  1000/1756 | loss 8.4624 | data 0.1 ms | step 7.1 ms | 71769.0 samples/s
  step  1050/1756 | loss 8.6065 | data 0.1 ms | step 7.1 ms | 71712.6 samples/s
  step  1100/1756 | loss 9.7452 | data 0.1 ms | step 7.1 ms | 71728.9 samples/s
  step  1150/1756 | loss 9.3247 | data 0.1 ms | step 7.1 ms | 71652.8 samples/s
  step  1200/1756 | loss 9.0213 | data 0.1 ms | step 7.1 ms | 71713.9 samples/s
  step  1250/1756 | loss 8.9611 | data 0.1 ms | step 7.1 ms | 71721.7 samples/s
  step  1300/1756 | loss 8.9133 | data 0.1 ms | step 7.1 ms | 71711.5 samples/s
  step  1350/1756 | loss 8.3683 | data 0.1 ms | step 7.1 ms | 71692.4 samples/s
  step  1400/1756 | loss 8.2629 | data 0.1 ms | step 7.1 ms | 71771.5 samples/s
  step  1450/1756 | loss 8.4874 | data 0.1 ms | step 7.1 ms | 71759.6 samples/s
  step  1500/1756 | loss 8.6680 | data 0.1 ms | step 7.1 ms | 71762.2 samples/s
  step  1550/1756 | loss 8.5178 | data 0.1 ms | step 7.1 ms | 71784.5 samples/s
  step  1600/1756 | loss 8.6672 | data 0.1 ms | step 7.1 ms | 71781.1 samples/s
  step  1650/1756 | loss 8.9495 | data 0.1 ms | step 7.1 ms | 71837.8 samples/s
  step  1700/1756 | loss 8.5890 | data 0.1 ms | step 7.1 ms | 71810.5 samples/s
  step  1750/1756 | loss 8.1399 | data 0.5 ms | step 7.1 ms | 71747.4 samples/s
Training Loss: 8.904602 | 71394.9 samples/s
Peak GPU memory: 918.2 MB
Validation Loss: 8.113534 | 225392.0 samples/s

Epoch 8/100
----------------------------------------
Learning Rate: 0.000100
  step    50/1756 | loss 8.7137 | data 0.6 ms | step 7.1 ms | 71654.0 samples/s
  step   100/1756 | loss 8.4717 | data 0.1 ms | step 7.1 ms | 71822.5 samples/s
  step   150/1756 | loss 8.2951 | data 0.1 ms | step 7.1 ms | 71809.2 samples/s
  step   200/1756 | loss 8.7011 | data 0.1 ms | step 7.1 ms | 71830.0 samples/s
  step   250/1756 | loss 8.4472 | data 0.1 ms | step 7.1 ms | 71843.9 samples/s
  step   300/1756 | loss 8.2181 | data 0.1 ms | step 7.1 ms | 71789.2 samples/s
  step   350/1756 | loss 7.9041 | data 0.1 ms | step 7.1 ms | 71853.1 samples/s
  step   400/1756 | loss 7.9994 | data 0.1 ms | step 7.1 ms | 71808.9 samples/s
  step   450/1756 | loss 8.1145 | data 0.4 ms | step 7.2 ms | 71429.1 samples/s
  step   500/1756 | loss 8.0489 | data 0.1 ms | step 7.1 ms | 71835.8 samples/s
  step   550/1756 | loss 8.0623 | data 0.1 ms | step 7.1 ms | 71839.0 samples/s
  step   600/1756 | loss 7.9584 | data 0.1 ms | step 7.1 ms | 71847.9 samples/s
  step   650/1756 | loss 8.3980 | data 0.1 ms | step 7.1 ms | 71842.6 samples/s
  step   700/1756 | loss 8.3064 | data 0.1 ms | step 7.1 ms | 71834.3 samples/s
  step   750/1756 | loss 7.7556 | data 0.1 ms | step 7.1 ms | 71855.2 samples/s
  step   800/1756 | loss 7.8877 | data 0.1 ms | step 7.1 ms | 71837.5 samples/s
  step   850/1756 | loss 8.0821 | data 0.1 ms | step 7.1 ms | 71878.8 samples/s
  step   900/1756 | loss 8.4726 | data 0.1 ms | step 7.1 ms | 71861.8 samples/s
  step   950/1756 | loss 7.4933 | data 0.1 ms | step 7.1 ms | 71864.0 samples/s
  step  1000/1756 | loss 8.2541 | data 0.1 ms | step 7.1 ms | 71814.7 samples/s
  step  1050/1756 | loss 7.6842 | data 0.1 ms | step 7.1 ms | 71870.0 samples/s
  step  1100/1756 | loss 7.6868 | data 0.1 ms | step 7.1 ms | 71794.0 samples/s
  step  1150/1756 | loss 7.8040 | data 0.1 ms | step 7.1 ms | 71869.8 samples/s
  step  1200/1756 | loss 8.7830 | data 0.1 ms | step 7.1 ms | 71867.9 samples/s
  step  1250/1756 | loss 8.1398 | data 0.1 ms | step 7.1 ms | 71879.2 samples/s
  step  1300/1756 | loss 8.2134 | data 0.1 ms | step 7.1 ms | 71807.6 samples/s
  step  1350/1756 | loss 7.5356 | data 0.1 ms | step 7.1 ms | 71862.2 samples/s
  step  1400/1756 | loss 7.5191 | data 0.1 ms | step 7.1 ms | 71827.6 samples/s
  step  1450/1756 | loss 7.9794 | data 0.1 ms | step 7.1 ms | 71847.6 samples/s
  step  1500/1756 | loss 7.9918 | data 0.1 ms | step 7.1 ms | 71879.4 samples/s
  step  1550/1756 | loss 7.7751 | data 0.1 ms | step 7.1 ms | 71864.6 samples/s
  step  1600/1756 | loss 7.8431 | data 0.6 ms | step 7.2 ms | 71319.0 samples/s
  step  1650/1756 | loss 7.6112 | data 0.6 ms | step 7.2 ms | 71295.7 samples/s
  step  1700/1756 | loss 7.5628 | data 0.1 ms | step 7.1 ms | 71793.2 samples/s
  step  1750/1756 | loss 7.6818 | data 0.5 ms | step 7.1 ms | 71711.7 samples/s
Training Loss: 8.040170 | 71774.6 samples/s
Peak GPU memory: 918.2 MB
Validation Loss: 7.576200 | 225311.1 samples/s

Epoch 9/100
----------------------------------------
Learning Rate: 0.000100
  step    50/1756 | loss 7.2607 | data 0.5 ms | step 7.2 ms | 71551.0 samples/s
  step   100/1756 | loss 7.8246 | data 0.1 ms | step 7.1 ms | 71714.1 samples/s
  step   150/1756 | loss 7.5267 | data 0.1 ms | step 7.1 ms | 71837.0 samples/s
  step   200/1756 | loss 7.9057 | data 0.1 ms | step 7.1 ms | 71792.3 samples/s
  step   250/1756 | loss 7.2306 | data 0.1 ms | step 7.1 ms | 71779.5 samples/s
  step   300/1756 | loss 7.7581 | data 0.1 ms | step 7.1 ms | 71816.3 samples/s
  step   350/1756 | loss 7.8509 | data 0.1 ms | step 7.2 ms | 71229.8 samples/s
  step   400/1756 | loss 8.0351 | data 0.1 ms | step 7.1 ms | 71720.6 samples/s
  step   450/1756 | loss 7.3955 | data 0.1 ms | step 7.1 ms | 71783.2 samples/s
  step   500/1756 | loss 7.7245 | data 0.1 ms | step 7.1 ms | 71825.3 samples/s
  step   550/1756 | loss 7.5644 | data 0.1 ms | step 7.1 ms | 71845.2 samples/s
  step   600/1756 | loss 7.3186 | data 0.1 ms | step 7.1 ms | 71820.9 samples/s
  step   650/1756 | loss 7.3496 | data 0.1 ms | step 7.1 ms | 71876.1 samples/s
  step   700/1756 | loss 7.4066 | data 0.1 ms | step 7.1 ms | 71845.7 samples/s
  step   750/1756 | loss 7.4392 | data 0.1 ms | step 7.1 ms | 71819.5 samples/s
  step   800/1756 | loss 7.4839 | data 0.1 ms | step 7.1 ms | 71778.8 samples/s
  step   850/1756 | loss 7.5417 | data 0.1 ms | step 7.1 ms | 71756.1 samples/s
  step   900/1756 | loss 6.9227 | data 0.1 ms | step 7.1 ms | 71739.9 samples/s
  step   950/1756 | loss 7.3053 | data 0.1 ms | step 7.1 ms | 71750.6 samples/s
  step  1000/1756 | loss 7.7803 | data 0.1 ms | step 7.1 ms | 71745.3 samples/s
  step  1050/1756 | loss 7.3255 | data 0.1 ms | step 7.1 ms | 71782.7 samples/s
  step  1100/1756 | loss 6.9966 | data 0.1 ms | step 7.1 ms | 71719.0 samples/s
  step  1150/1756 | loss 7.4519 | data 0.1 ms | step 7.1 ms | 71733.8 samples/s
  step  1200/1756 | loss 7.3737 | data 0.1 ms | step 7.1 ms | 71765.2 samples/s
  step  1250/1756 | loss 7.2073 | data 0.1 ms | step 7.1 ms | 71748.8 samples/s
  step  1300/1756 | loss 6.7967 | data 0.1 ms | step 7.1 ms | 71778.7 samples/s
  step  1350/1756 | loss 7.1078 | data 0.1 ms | step 7.1 ms | 71796.7 samples/s
  step  1400/1756 | loss 6.8978 | data 0.1 ms | step 7.1 ms | 71775.5 samples/s
  step  1450/1756 | loss 6.6063 | data 0.1 ms | step 7.1 ms | 71744.8 samples/s
  step  1500/1756 | loss 6.7696 | data 0.1 ms | step 7.1 ms | 71795.6 samples/s
  step  1550/1756 | loss 7.0984 | data 0.1 ms | step 7.1 ms | 71764.0 samples/s
  step  1600/1756 | loss 7.0648 | data 0.1 ms | step 7.1 ms | 71758.6 samples/s
  step  1650/1756 | loss 7.0638 | data 0.1 ms | step 7.1 ms | 71748.7 samples/s
  step  1700/1756 | loss 6.8000 | data 0.1 ms | step 7.1 ms | 71755.4 samples/s
  step  1750/1756 | loss 7.5000 | data 0.5 ms | step 7.1 ms | 71706.8 samples/s
Training Loss: 7.334825 | 71735.7 samples/s
Peak GPU memory: 918.2 MB
Validation Loss: 7.192487 | 224768.6 samples/s

Epoch 10/100
----------------------------------------
Learning Rate: 0.000100
  step    50/1756 | loss 7.7500 | data 0.5 ms | step 7.2 ms | 71484.4 samples/s
  step   100/1756 | loss 7.1780 | data 0.1 ms | step 7.1 ms | 71683.1 samples/s
  step   150/1756 | loss 6.7243 | data 0.1 ms | step 7.1 ms | 71730.6 samples/s
  step   200/1756 | loss 7.1799 | data 0.1 ms | step 7.1 ms | 71714.2 samples/s
  step   250/1756 | loss 6.8702 | data 0.1 ms | step 7.1 ms | 71728.9 samples/s
  step   300/1756 | loss 6.8822 | data 0.1 ms | step 7.1 ms | 71705.2 samples/s
  step   350/1756 | loss 7.0073 | data 0.1 ms | step 7.1 ms | 71757.2 samples/s
  step   400/1756 | loss 6.5304 | data 0.1 ms | step 7.1 ms | 71710.9 samples/s
  step   450/1756 | loss 6.7606 | data 0.1 ms | step 7.1 ms | 71732.7 samples/s
  step   500/1756 | loss 6.7865 | data 0.1 ms | step 7.1 ms | 71760.6 samples/s
  step   550/1756 | loss 7.1301 | data 0.1 ms | step 7.1 ms | 71740.7 samples/s
  step   600/1756 | loss 7.0157 | data 0.1 ms | step 7.1 ms | 71730.2 samples/s
  step   650/1756 | loss 6.7073 | data 0.1 ms | step 7.1 ms | 71765.4 samples/s
  step   700/1756 | loss 6.9315 | data 0.1 ms | step 7.1 ms | 71762.3 samples/s
  step   750/1756 | loss 6.9156 | data 0.1 ms | step 7.1 ms | 71739.8 samples/s
  step   800/1756 | loss 6.3572 | data 0.1 ms | step 7.1 ms | 71763.2 samples/s
  step   850/1756 | loss 6.9058 | data 0.1 ms | step 7.1 ms | 71761.1 samples/s
  step   900/1756 | loss 6.8868 | data 0.1 ms | step 7.1 ms | 71779.1 samples/s
  step   950/1756 | loss 7.4534 | data 0.1 ms | step 7.1 ms | 71793.3 samples/s
  step  1000/1756 | loss 6.4743 | data 0.1 ms | step 7.1 ms | 71769.7 samples/s
  step  1050/1756 | loss 7.4927 | data 0.1 ms | step 7.1 ms | 71782.5 samples/s
  step  1100/1756 | loss 7.0418 | data 0.1 ms | step 7.1 ms | 71764.4 samples/s
  step  1150/1756 | loss 7.4213 | data 0.1 ms | step 7.1 ms | 71748.4 samples/s
  step  1200/1756 | loss 6.8224 | data 0.1 ms | step 7.1 ms | 71809.7 samples/s
  step  1250/1756 | loss 7.1056 | data 0.1 ms | step 7.1 ms | 71770.8 samples/s
  step  1300/1756 | loss 6.5257 | data 0.1 ms | step 7.1 ms | 71742.7 samples/s
  step  1350/1756 | loss 6.7460 | data 0.1 ms | step 7.1 ms | 71781.9 samples/s
  step  1400/1756 | loss 6.8109 | data 0.1 ms | step 7.1 ms | 71679.3 samples/s
  step  1450/1756 | loss 6.9519 | data 0.1 ms | step 7.1 ms | 71755.7 samples/s
  step  1500/1756 | loss 6.4044 | data 0.1 ms | step 7.1 ms | 71727.7 samples/s
  step  1550/1756 | loss 6.5399 | data 0.1 ms | step 7.1 ms | 71711.3 samples/s
  step  1600/1756 | loss 6.6112 | data 0.1 ms | step 7.1 ms | 71695.1 samples/s
  step  1650/1756 | loss 6.5998 | data 0.1 ms | step 7.1 ms | 71699.7 samples/s
  step  1700/1756 | loss 6.5731 | data 0.1 ms | step 7.1 ms | 71717.2 samples/s
  step  1750/1756 | loss 6.4846 | data 0.5 ms | step 7.1 ms | 71617.1 samples/s
Training Loss: 6.872075 | 71712.6 samples/s
Peak GPU memory: 918.2 MB
Validation Loss: 6.616058 | 224583.2 samples/s

Epoch 11/100
----------------------------------------
Learning Rate: 0.000090
  step    50/1756 | loss 6.1509 | data 3.0 ms | step 7.1 ms | 71661.0 samples/s
  step   100/1756 | loss 6.8315 | data 0.7 ms | step 7.2 ms | 71345.5 samples/s
  step   150/1756 | loss 6.2474 | data 0.1 ms | step 7.1 ms | 71730.9 samples/s
  step   200/1756 | loss 6.0709 | data 0.1 ms | step 7.1 ms | 71724.3 samples/s
  step   250/1756 | loss 6.6196 | data 0.1 ms | step 7.1 ms | 71725.0 samples/s
  step   300/1756 | loss 6.3946 | data 0.1 ms | step 7.1 ms | 71722.3 samples/s
  step   350/1756 | loss 6.4897 | data 0.1 ms | step 7.1 ms | 71748.2 samples/s
  step   400/1756 | loss 6.1653 | data 0.1 ms | step 7.1 ms | 71756.1 samples/s
  step   450/1756 | loss 6.3632 | data 0.1 ms | step 7.1 ms | 71765.4 samples/s
  step   500/1756 | loss 6.1958 | data 0.1 ms | step 7.1 ms | 71758.5 samples/s
  step   550/1756 | loss 6.2203 | data 0.1 ms | step 7.1 ms | 71742.5 samples/s
  step   600/1756 | loss 6.7658 | data 0.1 ms | step 7.1 ms | 71700.5 samples/s
  step   650/1756 | loss 6.6903 | data 0.1 ms | step 7.1 ms | 71703.4 samples/s
  step   700/1756 | loss 6.1739 | data 0.1 ms | step 7.1 ms | 71703.3 samples/s
  step   750/1756 | loss 6.3506 | data 0.1 ms | step 7.1 ms | 71721.2 samples/s
  step   800/1756 | loss 6.5195 | data 0.1 ms | step 7.1 ms | 71733.4 samples/s
  step   850/1756 | loss 6.2717 | data 0.1 ms | step 7.1 ms | 71695.4 samples/s
  step   900/1756 | loss 6.4147 | data 0.1 ms | step 7.1 ms | 71720.5 samples/s
  step   950/1756 | loss 6.0897 | data 0.1 ms | step 7.1 ms | 71700.9 samples/s
  step  1000/1756 | loss 6.2859 | data 0.1 ms | step 7.1 ms | 71652.9 samples/s
  step  1050/1756 | loss 6.5624 | data 0.1 ms | step 7.1 ms | 71727.0 samples/s
  step  1100/1756 | loss 6.3857 | data 0.1 ms | step 7.1 ms | 71712.5 samples/s
  step  1150/1756 | loss 6.1325 | data 0.1 ms | step 7.1 ms | 71690.7 samples/s
  step  1200/1756 | loss 6.1035 | data 0.1 ms | step 7.1 ms | 71710.8 samples/s
  step  1250/1756 | loss 5.8940 | data 0.1 ms | step 7.1 ms | 71696.4 samples/s
  step  1300/1756 | loss 6.0076 | data 0.1 ms | step 7.1 ms | 71724.9 samples/s
  step  1350/1756 | loss 6.1830 | data 0.1 ms | step 7.1 ms | 71692.1 samples/s
  step  1400/1756 | loss 5.9976 | data 0.1 ms | step 7.1 ms | 71691.1 samples/s
  step  1450/1756 | loss 6.0076 | data 0.1 ms | step 7.1 ms | 71702.2 samples/s
  step  1500/1756 | loss 5.8312 | data 0.1 ms | step 7.1 ms | 71722.7 samples/s
  step  1550/1756 | loss 6.2412 | data 0.1 ms | step 7.1 ms | 71700.4 samples/s
  step  1600/1756 | loss 5.9987 | data 0.1 ms | step 7.1 ms | 71718.6 samples/s
  step  1650/1756 | loss 5.7009 | data 0.1 ms | step 7.1 ms | 71741.8 samples/s
  step  1700/1756 | loss 5.8968 | data 0.1 ms | step 7.1 ms | 71738.8 samples/s
  step  1750/1756 | loss 6.0593 | data 0.5 ms | step 7.2 ms | 71543.5 samples/s
Training Loss: 6.234137 | 71682.6 samples/s
Peak GPU memory: 918.2 MB
Validation Loss: 6.062571 | 224420.8 samples/s

Epoch 12/100
----------------------------------------
Learning Rate: 0.000090
  step    50/1756 | loss 6.1492 | data 0.6 ms | step 7.2 ms | 71305.6 samples/s
  step   100/1756 | loss 6.0832 | data 0.1 ms | step 7.2 ms | 71345.8 samples/s
  step   150/1756 | loss 5.8560 | data 0.1 ms | step 7.2 ms | 71348.2 samples/s
  step   200/1756 | loss 5.9035 | data 0.1 ms | step 7.2 ms | 71255.5 samples/s
  step   250/1756 | loss 6.1775 | data 0.1 ms | step 7.2 ms | 71253.8 samples/s
  step   300/1756 | loss 6.2758 | data 0.1 ms | step 7.2 ms | 71302.0 samples/s
  step   350/1756 | loss 5.9478 | data 0.1 ms | step 7.2 ms | 71255.2 samples/s
  step   400/1756 | loss 6.1978 | data 0.1 ms | step 7.2 ms | 70987.3 samples/s
  step   450/1756 | loss 5.9939 | data 0.1 ms | step 7.2 ms | 70883.6 samples/s
  step   500/1756 | loss 5.6258 | data 0.1 ms | step 7.1 ms | 71682.6 samples/s
  step   550/1756 | loss 5.8479 | data 0.1 ms | step 7.1 ms | 71688.4 samples/s
  step   600/1756 | loss 5.8339 | data 0.1 ms | step 7.1 ms | 71661.5 samples/s
  step   650/1756 | loss 5.9370 | data 0.1 ms | step 7.1 ms | 71669.1 samples/s
  step   700/1756 | loss 6.0434 | data 0.1 ms | step 7.1 ms | 71693.3 samples/s
  step   750/1756 | loss 5.6706 | data 0.1 ms | step 7.1 ms | 71695.1 samples/s
  step   800/1756 | loss 5.8909 | data 0.1 ms | step 7.1 ms | 71682.7 samples/s
  step   850/1756 | loss 5.8567 | data 0.1 ms | step 7.1 ms | 71685.0 samples/s
  step   900/1756 | loss 5.8559 | data 0.1 ms | step 7.1 ms | 71676.2 samples/s
  step   950/1756 | loss 6.0717 | data 0.1 ms | step 7.1 ms | 71653.0 samples/s
  step  1000/1756 | loss 5.7335 | data 0.1 ms | step 7.1 ms | 71682.6 samples/s
  step  1050/1756 | loss 5.9577 | data 0.1 ms | step 7.1 ms | 71670.8 samples/s
  step  1100/1756 | loss 5.8254 | data 0.1 ms | step 7.1 ms | 71682.4 samples/s
  step  1150/1756 | loss 5.9291 | data 0.1 ms | step 7.1 ms | 71697.5 samples/s
  step  1200/1756 | loss 5.4274 | data 0.1 ms | step 7.1 ms | 71716.9 samples/s
  step  1250/1756 | loss 5.8942 | data 0.1 ms | step 7.1 ms | 71674.5 samples/s
  step  1300/1756 | loss 5.6782 | data 0.1 ms | step 7.1 ms | 71696.2 samples/s
  step  1350/1756 | loss 5.8932 | data 0.1 ms | step 7.1 ms | 71644.4 samples/s
  step  1400/1756 | loss 6.4639 | data 0.3 ms | step 7.2 ms | 71458.7 samples/s
  step  1450/1756 | loss 5.8945 | data 0.1 ms | step 7.1 ms | 71711.4 samples/s
  step  1500/1756 | loss 5.6408 | data 0.1 ms | step 7.1 ms | 71723.5 samples/s
  step  1550/1756 | loss 5.2200 | data 0.1 ms | step 7.1 ms | 71757.7 samples/s
  step  1600/1756 | loss 5.7510 | data 0.1 ms | step 7.1 ms | 71699.9 samples/s
  step  1650/1756 | loss 6.0221 | data 0.1 ms | step 7.1 ms | 71662.5 samples/s
  step  1700/1756 | loss 6.2789 | data 0.1 ms | step 7.1 ms | 71715.6 samples/s
  step  1750/1756 | loss 5.5216 | data 0.5 ms | step 7.2 ms | 71557.9 samples/s
Training Loss: 5.894402 | 71537.7 samples/s
Peak GPU memory: 918.2 MB
Validation Loss: 5.638430 | 224215.0 samples/s

Epoch 13/100
----------------------------------------
Learning Rate: 0.000090
  step    50/1756 | loss 5.5733 | data 0.6 ms | step 7.2 ms | 71503.8 samples/s
  step   100/1756 | loss 5.4508 | data 0.1 ms | step 7.1 ms | 71708.0 samples/s
  step   150/1756 | loss 5.6555 | data 0.1 ms | step 7.1 ms | 71703.8 samples/s
  step   200/1756 | loss 5.1955 | data 0.1 ms | step 7.1 ms | 71711.2 samples/s
  step   250/1756 | loss 5.5667 | data 0.1 ms | step 7.1 ms | 71692.3 samples/s
  step   300/1756 | loss 5.3813 | data 0.1 ms | step 7.1 ms | 71736.0 samples/s
  step   350/1756 | loss 5.8663 | data 0.1 ms | step 7.1 ms | 71739.6 samples/s
  step   400/1756 | loss 5.5587 | data 0.1 ms | step 7.1 ms | 71717.4 samples/s
  step   450/1756 | loss 5.2908 | data 0.1 ms | step 7.1 ms | 71743.4 samples/s
  step   500/1756 | loss 5.1841 | data 0.1 ms | step 7.1 ms | 71743.7 samples/s
  step   550/1756 | loss 6.0249 | data 0.1 ms | step 7.1 ms | 71737.0 samples/s
  step   600/1756 | loss 5.6193 | data 0.1 ms | step 7.1 ms | 71743.2 samples/s
  step   650/1756 | loss 5.6924 | data 0.1 ms | step 7.1 ms | 71719.3 samples/s
  step   700/1756 | loss 5.6325 | data 0.1 ms | step 7.1 ms | 71741.9 samples/s
  step   750/1756 | loss 5.7141 | data 0.1 ms | step 7.1 ms | 71723.1 samples/s
  step   800/1756 | loss 5.6866 | data 0.1 ms | step 7.1 ms | 71616.9 samples/s
  step   850/1756 | loss 5.2960 | data 0.1 ms | step 7.1 ms | 71726.1 samples/s
  step   900/1756 | loss 4.9666 | data 0.1 ms | step 7.1 ms | 71760.9 samples/s
  step   950/1756 | loss 5.6708 | data 0.1 ms | step 7.1 ms | 71732.9 samples/s
  step  1000/1756 | loss 5.9806 | data 0.1 ms | step 7.1 ms | 71725.4 samples/s
  step  1050/1756 | loss 5.5962 | data 0.1 ms | step 7.1 ms | 71709.4 samples/s
  step  1100/1756 | loss 5.4383 | data 0.1 ms | step 7.1 ms | 71711.5 samples/s
  step  1150/1756 | loss 5.6565 | data 0.1 ms | step 7.1 ms | 71714.0 samples/s
  step  1200/1756 | loss 5.4099 | data 0.1 ms | step 7.1 ms | 71722.0 samples/s
  step  1250/1756 | loss 5.4559 | data 0.1 ms | step 7.1 ms | 71756.2 samples/s
  step  1300/1756 | loss 5.6237 | data 0.1 ms | step 7.1 ms | 71763.2 samples/s
  step  1350/1756 | loss 5.2922 | data 0.1 ms | step 7.1 ms | 71720.7 samples/s
  step  1400/1756 | loss 5.4380 | data 0.1 ms | step 7.1 ms | 71702.0 samples/s
  step  1450/1756 | loss 5.5484 | data 0.1 ms | step 7.1 ms | 71676.0 samples/s
  step  1500/1756 | loss 5.3838 | data 0.1 ms | step 7.1 ms | 71750.0 samples/s
  step  1550/1756 | loss 5.3084 | data 0.1 ms | step 7.1 ms | 71697.7 samples/s
  step  1600/1756 | loss 5.4476 | data 0.1 ms | step 7.1 ms | 71744.9 samples/s
  step  1650/1756 | loss 5.5654 | data 0.1 ms | step 7.1 ms | 71728.2 samples/s
  step  1700/1756 | loss 5.1039 | data 0.1 ms | step 7.1 ms | 71702.7 samples/s
  step  1750/1756 | loss 5.6650 | data 0.5 ms | step 7.1 ms | 71641.1 samples/s
Training Loss: 5.509884 | 71694.6 samples/s
Peak GPU memory: 918.2 MB
Validation Loss: 5.363456 | 224243.6 samples/s

Epoch 14/100
----------------------------------------
Learning Rate: 0.000090
  step    50/1756 | loss 5.5739 | data 0.6 ms | step 7.2 ms | 71500.1 samples/s
  step   100/1756 | loss 5.2919 | data 0.1 ms | step 7.2 ms | 71535.1 samples/s
  step   150/1756 | loss 5.1038 | data 0.1 ms | step 7.2 ms | 71586.7 samples/s
  step   200/1756 | loss 5.3828 | data 0.1 ms | step 7.2 ms | 71589.5 samples/s
  step   250/1756 | loss 5.0006 | data 0.1 ms | step 7.1 ms | 71628.8 samples/s
  step   300/1756 | loss 5.3239 | data 0.1 ms | step 7.1 ms | 71658.7 samples/s
  step   350/1756 | loss 5.5244 | data 0.1 ms | step 7.1 ms | 71636.1 samples/s
  step   400/1756 | loss 5.2702 | data 0.1 ms | step 7.1 ms | 71669.5 samples/s
  step   450/1756 | loss 5.5794 | data 0.1 ms | step 7.1 ms | 71647.9 samples/s
  step   500/1756 | loss 5.2644 | data 0.1 ms | step 7.1 ms | 71661.0 samples/s
  step   550/1756 | loss 5.2805 | data 0.1 ms | step 7.1 ms | 71643.6 samples/s
  step   600/1756 | loss 5.3622 | data 0.1 ms | step 7.1 ms | 71656.3 samples/s
  step   650/1756 | loss 5.0920 | data 0.1 ms | step 7.1 ms | 71665.7 samples/s
  step   700/1756 | loss 5.4623 | data 0.1 ms | step 7.1 ms | 71623.0 samples/s
  step   750/1756 | loss 5.4020 | data 0.1 ms | step 7.1 ms | 71671.9 samples/s
  step   800/1756 | loss 5.2052 | data 0.1 ms | step 7.1 ms | 71630.5 samples/s
  step   850/1756 | loss 5.0369 | data 0.1 ms | step 7.1 ms | 71653.7 samples/s
  step   900/1756 | loss 5.2454 | data 0.1 ms | step 7.1 ms | 71646.4 samples/s
  step   950/1756 | loss 5.3435 | data 0.1 ms | step 7.1 ms | 71640.0 samples/s
  step  1000/1756 | loss 5.5908 | data 0.1 ms | step 7.1 ms | 71636.2 samples/s
  step  1050/1756 | loss 5.5673 | data 0.1 ms | step 7.2 ms | 71607.0 samples/s
  step  1100/1756 | loss 5.5205 | data 0.1 ms | step 7.1 ms | 71646.8 samples/s
  step  1150/1756 | loss 5.4805 | data 0.1 ms | step 7.1 ms | 71626.8 samples/s
  step  1200/1756 | loss 5.2117 | data 0.1 ms | step 7.1 ms | 71619.2 samples/s
  step  1250/1756 | loss 4.7065 | data 0.1 ms | step 7.1 ms | 71659.8 samples/s
  step  1300/1756 | loss 5.4055 | data 0.1 ms | step 7.1 ms | 71666.9 samples/s
  step  1350/1756 | loss 4.9142 | data 0.1 ms | step 7.2 ms | 71507.6 samples/s
  step  1400/1756 | loss 5.1034 | data 0.1 ms | step 7.2 ms | 71137.3 samples/s
  step  1450/1756 | loss 5.1020 | data 0.1 ms | step 7.2 ms | 71359.0 samples/s
  step  1500/1756 | loss 5.2624 | data 0.1 ms | step 7.1 ms | 71659.0 samples/s
  step  1550/1756 | loss 5.2771 | data 0.1 ms | step 7.1 ms | 71647.2 samples/s
  step  1600/1756 | loss 4.8385 | data 0.4 ms | step 7.2 ms | 71488.2 samples/s
  step  1650/1756 | loss 4.8259 | data 0.1 ms | step 7.1 ms | 71647.1 samples/s
  step  1700/1756 | loss 5.8268 | data 0.1 ms | step 7.1 ms | 71659.3 samples/s
  step  1750/1756 | loss 5.7937 | data 0.5 ms | step 7.2 ms | 71567.2 samples/s
Training Loss: 5.291859 | 71584.4 samples/s
Peak GPU memory: 918.2 MB
Validation Loss: 5.204395 | 224688.2 samples/s

Epoch 15/100
----------------------------------------
Learning Rate: 0.000090
  step    50/1756 | loss 5.0793 | data 0.6 ms | step 7.2 ms | 71491.7 samples/s
  step   100/1756 | loss 5.4477 | data 0.1 ms | step 7.1 ms | 71621.5 samples/s
  step   150/1756 | loss 5.4308 | data 0.1 ms | step 7.2 ms | 71599.1 samples/s
  step   200/1756 | loss 5.5222 | data 0.1 ms | step 7.2 ms | 71590.2 samples/s
  step   250/1756 | loss 4.7217 | data 0.1 ms | step 7.2 ms | 71585.8 samples/s
  step   300/1756 | loss 4.9061 | data 0.1 ms | step 7.2 ms | 71597.6 samples/s
  step   350/1756 | loss 5.0310 | data 0.1 ms | step 7.2 ms | 71595.3 samples/s
  step   400/1756 | loss 4.9321 | data 0.1 ms | step 7.1 ms | 71667.4 samples/s
  step   450/1756 | loss 4.9410 | data 0.1 ms | step 7.1 ms | 71624.6 samples/s
  step   500/1756 | loss 5.3393 | data 0.1 ms | step 7.1 ms | 71640.5 samples/s
  step   550/1756 | loss 4.9623 | data 0.1 ms | step 7.1 ms | 71631.1 samples/s
  step   600/1756 | loss 4.8411 | data 0.1 ms | step 7.1 ms | 71630.3 samples/s
  step   650/1756 | loss 5.3185 | data 0.1 ms | step 7.1 ms | 71609.5 samples/s
  step   700/1756 | loss 5.1982 | data 0.1 ms | step 7.2 ms | 71595.2 samples/s
  step   750/1756 | loss 4.7499 | data 0.1 ms | step 7.1 ms | 71635.2 samples/s
  step   800/1756 | loss 4.5664 | data 0.1 ms | step 7.1 ms | 71614.2 samples/s
  step   850/1756 | loss 4.7204 | data 0.1 ms | step 7.1 ms | 71626.7 samples/s
  step   900/1756 | loss 5.1265 | data 0.6 ms | step 7.2 ms | 71165.9 samples/s
  step   950/1756 | loss 4.6813 | data 0.1 ms | step 7.1 ms | 71626.4 samples/s
  step  1000/1756 | loss 5.2999 | data 0.1 ms | step 7.2 ms | 71350.0 samples/s
  step  1050/1756 | loss 4.9749 | data 0.6 ms | step 7.2 ms | 71517.8 samples/s
  step  1100/1756 | loss 4.7994 | data 0.1 ms | step 7.1 ms | 71661.9 samples/s
  step  1150/1756 | loss 4.6257 | data 0.1 ms | step 7.1 ms | 71696.9 samples/s
  step  1200/1756 | loss 5.1704 | data 0.1 ms | step 7.1 ms | 71642.9 samples/s
  step  1250/1756 | loss 4.7063 | data 0.1 ms | step 7.1 ms | 71628.7 samples/s
  step  1300/1756 | loss 5.1845 | data 0.1 ms | step 7.2 ms | 71598.0 samples/s
  step  1350/1756 | loss 4.6065 | data 0.1 ms | step 7.1 ms | 71741.0 samples/s
  step  1400/1756 | loss 4.9455 | data 0.1 ms | step 7.1 ms | 71703.7 samples/s
  step  1450/1756 | loss 4.9381 | data 0.1 ms | step 7.1 ms | 71720.7 samples/s
  step  1500/1756 | loss 5.0038 | data 0.1 ms | step 7.1 ms | 71745.8 samples/s
  step  1550/1756 | loss 5.0296 | data 0.1 ms | step 7.1 ms | 71769.2 samples/s
  step  1600/1756 | loss 4.9103 | data 0.1 ms | step 7.1 ms | 71761.4 samples/s
  step  1650/1756 | loss 4.8458 | data 0.1 ms | step 7.1 ms | 71799.1 samples/s
  step  1700/1756 | loss 4.6201 | data 0.1 ms | step 7.1 ms | 71679.1 samples/s
  step  1750/1756 | loss 4.8124 | data 0.5 ms | step 7.1 ms | 71634.6 samples/s
Training Loss: 4.971728 | 71603.8 samples/s
Peak GPU memory: 918.2 MB
Validation Loss: 5.090827 | 224356.7 samples/s

Epoch 16/100
----------------------------------------
Learning Rate: 0.000090
  step    50/1756 | loss 4.9520 | data 0.7 ms | step 7.2 ms | 71582.6 samples/s
  step   100/1756 | loss 5.0761 | data 0.1 ms | step 7.1 ms | 71761.6 samples/s
  step   150/1756 | loss 4.4653 | data 0.1 ms | step 7.1 ms | 71768.7 samples/s
  step   200/1756 | loss 5.0316 | data 0.1 ms | step 7.1 ms | 71774.1 samples/s
  step   250/1756 | loss 4.5828 | data 0.1 ms | step 7.1 ms | 71750.4 samples/s
  step   300/1756 | loss 4.9678 | data 0.1 ms | step 7.1 ms | 71732.8 samples/s
  step   350/1756 | loss 4.7572 | data 0.1 ms | step 7.1 ms | 71771.7 samples/s
  step   400/1756 | loss 4.5475 | data 0.1 ms | step 7.1 ms | 71720.0 samples/s
  step   450/1756 | loss 4.8034 | data 0.1 ms | step 7.1 ms | 71739.7 samples/s
  step   500/1756 | loss 4.6559 | data 0.1 ms | step 7.1 ms | 71742.1 samples/s
  step   550/1756 | loss 4.5422 | data 0.1 ms | step 7.1 ms | 71757.0 samples/s
  step   600/1756 | loss 4.5250 | data 0.1 ms | step 7.1 ms | 71751.7 samples/s
  step   650/1756 | loss 4.7343 | data 0.1 ms | step 7.1 ms | 71731.9 samples/s
  step   700/1756 | loss 4.5586 | data 0.1 ms | step 7.1 ms | 71743.4 samples/s
  step   750/1756 | loss 4.8616 | data 0.1 ms | step 7.1 ms | 71721.0 samples/s
  step   800/1756 | loss 4.6462 | data 0.1 ms | step 7.1 ms | 71754.5 samples/s
  step   850/1756 | loss 4.7168 | data 0.1 ms | step 7.1 ms | 71727.9 samples/s
  step   900/1756 | loss 4.4630 | data 0.1 ms | step 7.1 ms | 71719.0 samples/s
  step   950/1756 | loss 4.5554 | data 0.1 ms | step 7.1 ms | 71724.4 samples/s
  step  1000/1756 | loss 4.6715 | data 0.1 ms | step 7.1 ms | 71755.7 samples/s
  step  1050/1756 | loss 4.6628 | data 0.1 ms | step 7.1 ms | 71765.1 samples/s
  step  1100/1756 | loss 4.9979 | data 0.1 ms | step 7.1 ms | 71708.3 samples/s
  step  1150/1756 | loss 4.6617 | data 0.1 ms | step 7.1 ms | 71685.4 samples/s
  step  1200/1756 | loss 4.6814 | data 0.1 ms | step 7.1 ms | 71724.1 samples/s
  step  1250/1756 | loss 4.5814 | data 0.1 ms | step 7.1 ms | 71780.1 samples/s
  step  1300/1756 | loss 5.0129 | data 0.1 ms | step 7.1 ms | 71753.7 samples/s
  step  1350/1756 | loss 5.0010 | data 0.1 ms | step 7.1 ms | 71800.9 samples/s
  step  1400/1756 | loss 4.8009 | data 0.1 ms | step 7.1 ms | 71771.4 samples/s
  step  1450/1756 | loss 4.7830 | data 0.1 ms | step 7.1 ms | 71757.0 samples/s
  step  1500/1756 | loss 4.3744 | data 0.1 ms | step 7.1 ms | 71724.9 samples/s
  step  1550/1756 | loss 4.5296 | data 0.1 ms | step 7.1 ms | 71707.4 samples/s
  step  1600/1756 | loss 4.5280 | data 0.1 ms | step 7.1 ms | 71736.2 samples/s
  step  1650/1756 | loss 4.8045 | data 0.1 ms | step 7.1 ms | 71753.8 samples/s
  step  1700/1756 | loss 4.7844 | data 0.1 ms | step 7.1 ms | 71659.4 samples/s
  step  1750/1756 | loss 4.5500 | data 0.5 ms | step 7.1 ms | 71685.9 samples/s
Training Loss: 4.708911 | 71717.3 samples/s
Peak GPU memory: 918.2 MB
Validation Loss: 4.595566 | 224431.6 samples/s

Epoch 17/100
----------------------------------------
Learning Rate: 0.000090
  step    50/1756 | loss 4.6856 | data 0.6 ms | step 7.2 ms | 71453.7 samples/s
  step   100/1756 | loss 4.2202 | data 0.1 ms | step 7.1 ms | 71614.7 samples/s
  step   150/1756 | loss 4.6102 | data 0.1 ms | step 7.2 ms | 71600.4 samples/s
  step   200/1756 | loss 4.6675 | data 0.1 ms | step 7.1 ms | 71642.6 samples/s
  step   250/1756 | loss 4.6055 | data 0.1 ms | step 7.1 ms | 71640.9 samples/s
  step   300/1756 | loss 4.4524 | data 0.1 ms | step 7.1 ms | 71644.9 samples/s
  step   350/1756 | loss 4.5682 | data 0.1 ms | step 7.1 ms | 71635.4 samples/s
  step   400/1756 | loss 4.7734 | data 0.1 ms | step 7.1 ms | 71680.4 samples/s
  step   450/1756 | loss 4.8021 | data 0.1 ms | step 7.1 ms | 71681.6 samples/s
  step   500/1756 | loss 5.0580 | data 0.1 ms | step 7.1 ms | 71643.5 samples/s
  step   550/1756 | loss 4.4395 | data 0.1 ms | step 7.1 ms | 71713.6 samples/s
  step   600/1756 | loss 4.7481 | data 0.1 ms | step 7.1 ms | 71679.4 samples/s
  step   650/1756 | loss 4.4248 | data 0.1 ms | step 7.1 ms | 71686.7 samples/s
  step   700/1756 | loss 4.7945 | data 0.1 ms | step 7.1 ms | 71673.5 samples/s
  step   750/1756 | loss 4.5341 | data 0.1 ms | step 7.1 ms | 71707.3 samples/s
  step   800/1756 | loss 4.6592 | data 0.1 ms | step 7.1 ms | 71679.1 samples/s
  step   850/1756 | loss 4.3593 | data 0.1 ms | step 7.1 ms | 71707.4 samples/s
  step   900/1756 | loss 4.7632 | data 0.1 ms | step 7.1 ms | 71707.2 samples/s
  step   950/1756 | loss 4.4682 | data 0.1 ms | step 7.1 ms | 71689.9 samples/s
  step  1000/1756 | loss 4.3601 | data 0.1 ms | step 7.1 ms | 71714.0 samples/s
  step  1050/1756 | loss 4.3535 | data 0.1 ms | step 7.1 ms | 71688.6 samples/s
  step  1100/1756 | loss 4.4153 | data 0.7 ms | step 7.2 ms | 71280.6 samples/s
  step  1150/1756 | loss 4.5286 | data 0.1 ms | step 7.1 ms | 71692.5 samples/s
  step  1200/1756 | loss 4.8733 | data 0.1 ms | step 7.2 ms | 71246.4 samples/s
  step  1250/1756 | loss 4.5672 | data 0.6 ms | step 7.2 ms | 71540.6 samples/s
  step  1300/1756 | loss 5.0353 | data 0.1 ms | step 7.1 ms | 71685.7 samples/s
  step  1350/1756 | loss 4.1158 | data 0.1 ms | step 7.1 ms | 71691.8 samples/s
  step  1400/1756 | loss 4.2918 | data 0.1 ms | step 7.1 ms | 71704.7 samples/s
  step  1450/1756 | loss 4.2595 | data 0.1 ms | step 7.1 ms | 71667.5 samples/s
  step  1500/1756 | loss 4.1562 | data 0.1 ms | step 7.1 ms | 71702.6 samples/s
  step  1550/1756 | loss 4.3429 | data 0.1 ms | step 7.1 ms | 71679.2 samples/s
  step  1600/1756 | loss 4.1467 | data 0.1 ms | step 7.1 ms | 71640.0 samples/s
  step  1650/1756 | loss 4.6275 | data 0.1 ms | step 7.1 ms | 71668.1 samples/s
  step  1700/1756 | loss 4.4632 | data 0.1 ms | step 7.1 ms | 71669.8 samples/s
  step  1750/1756 | loss 4.0595 | data 0.5 ms | step 7.2 ms | 71574.3 samples/s
Training Loss: 4.522386 | 71619.9 samples/s
Peak GPU memory: 918.2 MB
Validation Loss: 4.343794 | 224874.3 samples/s

Epoch 18/100
----------------------------------------
Learning Rate: 0.000090
  step    50/1756 | loss 4.7351 | data 0.6 ms | step 7.2 ms | 71224.6 samples/s
  step   100/1756 | loss 4.3544 | data 0.1 ms | step 7.2 ms | 71293.5 samples/s
  step   150/1756 | loss 4.1629 | data 0.1 ms | step 7.2 ms | 71286.2 samples/s
  step   200/1756 | loss 4.3764 | data 0.1 ms | step 7.2 ms | 71219.5 samples/s
  step   250/1756 | loss 4.0199 | data 0.1 ms | step 7.2 ms | 71150.9 samples/s
  step   300/1756 | loss 4.6816 | data 0.1 ms | step 7.2 ms | 71244.3 samples/s
  step   350/1756 | loss 4.5047 | data 0.1 ms | step 7.2 ms | 71125.0 samples/s
  step   400/1756 | loss 4.2792 | data 0.1 ms | step 7.2 ms | 70880.7 samples/s
  step   450/1756 | loss 4.4246 | data 0.1 ms | step 7.2 ms | 70919.6 samples/s
  step   500/1756 | loss 4.4674 | data 0.1 ms | step 7.2 ms | 70884.7 samples/s
  step   550/1756 | loss 4.5237 | data 0.1 ms | step 7.2 ms | 70858.6 samples/s
  step   600/1756 | loss 4.4501 | data 0.1 ms | step 7.2 ms | 70863.8 samples/s
  step   650/1756 | loss 4.2634 | data 0.1 ms | step 7.5 ms | 68384.0 samples/s
  step   700/1756 | loss 3.9306 | data 0.1 ms | step 7.2 ms | 70886.1 samples/s
  step   750/1756 | loss 4.3165 | data 0.1 ms | step 7.4 ms | 69568.7 samples/s
  step   800/1756 | loss 3.8625 | data 0.1 ms | step 7.9 ms | 64498.5 samples/s
  step   850/1756 | loss 4.5003 | data 0.1 ms | step 11.3 ms | 45495.8 samples/s
  step   900/1756 | loss 4.4820 | data 0.1 ms | step 17.0 ms | 30095.3 samples/s
  step   950/1756 | loss 4.3969 | data 0.1 ms | step 17.2 ms | 29794.9 samples/s
  step  1000/1756 | loss 4.4277 | data 0.1 ms | step 16.9 ms | 30373.1 samples/s
  step  1050/1756 | loss 4.1740 | data 0.1 ms | step 17.4 ms | 29422.7 samples/s
  step  1100/1756 | loss 4.3979 | data 0.1 ms | step 17.0 ms | 30052.5 samples/s
  step  1150/1756 | loss 4.6311 | data 0.1 ms | step 17.2 ms | 29777.1 samples/s
  step  1200/1756 | loss 3.9133 | data 0.1 ms | step 17.3 ms | 29567.6 samples/s
  step  1250/1756 | loss 4.5460 | data 0.1 ms | step 17.3 ms | 29612.2 samples/s
  step  1300/1756 | loss 3.9088 | data 0.1 ms | step 17.2 ms | 29692.7 samples/s
  step  1350/1756 | loss 4.3739 | data 0.1 ms | step 17.5 ms | 29281.8 samples/s
  step  1400/1756 | loss 4.7079 | data 0.1 ms | step 17.9 ms | 28546.1 samples/s
  step  1450/1756 | loss 4.0368 | data 0.1 ms | step 17.3 ms | 29548.4 samples/s
  step  1500/1756 | loss 4.2425 | data 0.1 ms | step 17.0 ms | 30049.2 samples/s
  step  1550/1756 | loss 4.1952 | data 0.1 ms | step 17.4 ms | 29370.6 samples/s
  step  1600/1756 | loss 3.9092 | data 0.1 ms | step 17.5 ms | 29207.1 samples/s
  step  1650/1756 | loss 3.8955 | data 0.1 ms | step 17.0 ms | 30095.3 samples/s
  step  1700/1756 | loss 4.1435 | data 0.1 ms | step 17.0 ms | 30044.8 samples/s
  step  1750/1756 | loss 4.1255 | data 0.6 ms | step 17.3 ms | 29602.5 samples/s
Training Loss: 4.292764 | 40826.5 samples/s
Peak GPU memory: 918.2 MB
Validation Loss: 4.207001 | 89948.5 samples/s

Epoch 19/100
----------------------------------------
Learning Rate: 0.000090
  step    50/1756 | loss 4.0358 | data 0.7 ms | step 17.1 ms | 30006.6 samples/s
  step   100/1756 | loss 4.1125 | data 0.1 ms | step 17.2 ms | 29820.1 samples/s
  step   150/1756 | loss 4.2420 | data 0.1 ms | step 17.2 ms | 29694.9 samples/s
  step   200/1756 | loss 3.9970 | data 0.1 ms | step 17.5 ms | 29296.0 samples/s
  step   250/1756 | loss 4.3558 | data 0.1 ms | step 17.3 ms | 29541.3 samples/s
  step   300/1756 | loss 4.3166 | data 0.1 ms | step 17.6 ms | 29144.0 samples/s
  step   350/1756 | loss 4.2970 | data 0.1 ms | step 17.1 ms | 29927.6 samples/s
  step   400/1756 | loss 3.9096 | data 0.1 ms | step 16.9 ms | 30340.1 samples/s
  step   450/1756 | loss 4.0443 | data 0.1 ms | step 17.3 ms | 29678.6 samples/s
  step   500/1756 | loss 3.9295 | data 0.1 ms | step 17.2 ms | 29687.1 samples/s
  step   550/1756 | loss 4.1454 | data 0.1 ms | step 17.0 ms | 30067.3 samples/s
  step   600/1756 | loss 4.1927 | data 0.1 ms | step 16.9 ms | 30331.6 samples/s
  step   650/1756 | loss 4.0891 | data 0.1 ms | step 17.5 ms | 29241.0 samples/s
  step   700/1756 | loss 4.0330 | data 0.1 ms | step 17.5 ms | 29313.4 samples/s
  step   750/1756 | loss 4.1755 | data 0.1 ms | step 17.4 ms | 29509.1 samples/s
  step   800/1756 | loss 3.9642 | data 0.1 ms | step 17.1 ms | 29980.1 samples/s
  step   850/1756 | loss 4.4388 | data 0.1 ms | step 17.7 ms | 28965.2 samples/s
  step   900/1756 | loss 3.9549 | data 0.1 ms | step 17.1 ms | 30004.2 samples/s
  step   950/1756 | loss 4.3367 | data 0.1 ms | step 17.4 ms | 29346.8 samples/s
  step  1000/1756 | loss 4.2574 | data 0.1 ms | step 17.2 ms | 29683.6 samples/s
  step  1050/1756 | loss 3.9816 | data 0.1 ms | step 17.7 ms | 28992.1 samples/s
  step  1100/1756 | loss 4.1504 | data 0.1 ms | step 17.3 ms | 29670.9 samples/s
  step  1150/1756 | loss 3.7950 | data 0.1 ms | step 17.2 ms | 29700.9 samples/s
  step  1200/1756 | loss 4.4807 | data 0.1 ms | step 17.4 ms | 29375.9 samples/s
  step  1250/1756 | loss 4.3900 | data 0.1 ms | step 17.5 ms | 29219.2 samples/s
  step  1300/1756 | loss 3.7996 | data 0.1 ms | step 17.3 ms | 29568.4 samples/s
  step  1350/1756 | loss 4.0553 | data 0.1 ms | step 17.3 ms | 29584.2 samples/s
  step  1400/1756 | loss 4.0927 | data 0.1 ms | step 17.6 ms | 29078.0 samples/s
  step  1450/1756 | loss 3.5273 | data 0.1 ms | step 17.4 ms | 29396.1 samples/s
  step  1500/1756 | loss 3.9340 | data 0.1 ms | step 17.0 ms | 30041.7 samples/s
  step  1550/1756 | loss 4.2120 | data 0.1 ms | step 17.3 ms | 29587.5 samples/s
  step  1600/1756 | loss 3.9752 | data 0.1 ms | step 16.9 ms | 30310.8 samples/s
  step  1650/1756 | loss 3.9560 | data 0.1 ms | step 17.6 ms | 29068.5 samples/s
  step  1700/1756 | loss 3.8097 | data 0.1 ms | step 17.3 ms | 29648.8 samples/s
  step  1750/1756 | loss 3.9821 | data 0.6 ms | step 17.0 ms | 30045.6 samples/s
Training Loss: 4.085150 | 29616.1 samples/s
Peak GPU memory: 918.2 MB
Validation Loss: 4.170075 | 89715.7 samples/s

Epoch 20/100
----------------------------------------
Learning Rate: 0.000090
  step    50/1756 | loss 4.0641 | data 0.6 ms | step 17.0 ms | 30101.0 samples/s
  step   100/1756 | loss 4.3913 | data 0.1 ms | step 17.1 ms | 29917.5 samples/s
  step   150/1756 | loss 4.4386 | data 0.1 ms | step 17.6 ms | 29033.4 samples/s
  step   200/1756 | loss 3.9601 | data 0.1 ms | step 17.5 ms | 29180.9 samples/s
  step   250/1756 | loss 3.5936 | data 0.1 ms | step 17.2 ms | 29722.6 samples/s
  step   300/1756 | loss 4.1529 | data 0.1 ms | step 17.3 ms | 29655.8 samples/s
  step   350/1756 | loss 3.8805 | data 0.1 ms | step 17.4 ms | 29501.8 samples/s
  step   400/1756 | loss 4.5264 | data 0.1 ms | step 17.3 ms | 29574.4 samples/s
  step   450/1756 | loss 3.7163 | data 0.1 ms | step 17.1 ms | 29862.4 samples/s
  step   500/1756 | loss 3.8851 | data 0.1 ms | step 17.6 ms | 29109.7 samples/s
  step   550/1756 | loss 4.2449 | data 0.1 ms | step 17.3 ms | 29611.0 samples/s
  step   600/1756 | loss 3.8478 | data 0.1 ms | step 17.6 ms | 29022.8 samples/s
  step   650/1756 | loss 3.8830 | data 0.1 ms | step 17.2 ms | 29707.2 samples/s
  step   700/1756 | loss 3.8497 | data 0.1 ms | step 16.6 ms | 30837.4 samples/s
  step   750/1756 | loss 3.8913 | data 0.1 ms | step 11.3 ms | 45298.2 samples/s
  step   800/1756 | loss 4.0124 | data 0.1 ms | step 10.3 ms | 49707.6 samples/s
  step   850/1756 | loss 4.1807 | data 0.1 ms | step 14.4 ms | 35676.6 samples/s
  step   900/1756 | loss 4.1381 | data 0.1 ms | step 14.1 ms | 36384.8 samples/s
  step   950/1756 | loss 3.5832 | data 0.1 ms | step 14.4 ms | 35525.4 samples/s
  step  1000/1756 | loss 3.9744 | data 0.1 ms | step 13.9 ms | 36789.9 samples/s
  step  1050/1756 | loss 3.8030 | data 0.1 ms | step 14.5 ms | 35412.3 samples/s
  step  1100/1756 | loss 3.7283 | data 0.1 ms | step 15.1 ms | 33941.7 samples/s
  step  1150/1756 | loss 4.0810 | data 0.1 ms | step 15.0 ms | 34142.4 samples/s
  step  1200/1756 | loss 3.9548 | data 0.1 ms | step 13.6 ms | 37763.6 samples/s
  step  1250/1756 | loss 3.5710 | data 0.1 ms | step 17.3 ms | 29519.4 samples/s
  step  1300/1756 | loss 3.6966 | data 0.1 ms | step 17.3 ms | 29591.3 samples/s
  step  1350/1756 | loss 4.1853 | data 0.1 ms | step 17.0 ms | 30205.3 samples/s
  step  1400/1756 | loss 3.6283 | data 0.1 ms | step 17.1 ms | 30017.3 samples/s
  step  1450/1756 | loss 3.4984 | data 0.1 ms | step 17.0 ms | 30162.0 samples/s
  step  1500/1756 | loss 4.0494 | data 0.1 ms | step 17.7 ms | 28853.9 samples/s
  step  1550/1756 | loss 3.7929 | data 0.1 ms | step 17.2 ms | 29780.4 samples/s
  step  1600/1756 | loss 3.7183 | data 0.1 ms | step 17.5 ms | 29274.9 samples/s
  step  1650/1756 | loss 3.7603 | data 0.1 ms | step 17.1 ms | 29940.7 samples/s
  step  1700/1756 | loss 3.9525 | data 0.1 ms | step 17.5 ms | 29303.4 samples/s
  step  1750/1756 | loss 3.7140 | data 0.5 ms | step 17.3 ms | 29600.8 samples/s
Training Loss: 3.924057 | 31518.8 samples/s
Peak GPU memory: 918.2 MB
Validation Loss: 3.787480 | 89836.0 samples/s

Epoch 21/100
----------------------------------------
Learning Rate: 0.000081
  step    50/1756 | loss 3.3880 | data 0.6 ms | step 16.8 ms | 30538.8 samples/s
  step   100/1756 | loss 3.6785 | data 0.1 ms | step 17.2 ms | 29750.9 samples/s
  step   150/1756 | loss 3.7394 | data 0.1 ms | step 17.3 ms | 29558.8 samples/s
  step   200/1756 | loss 3.9279 | data 0.1 ms | step 17.3 ms | 29585.4 samples/s
  step   250/1756 | loss 3.8770 | data 0.1 ms | step 17.0 ms | 30064.4 samples/s
  step   300/1756 | loss 3.6059 | data 0.1 ms | step 17.0 ms | 30165.2 samples/s
  step   350/1756 | loss 3.5601 | data 0.1 ms | step 17.4 ms | 29432.1 samples/s
  step   400/1756 | loss 3.7877 | data 0.1 ms | step 16.9 ms | 30306.9 samples/s
  step   450/1756 | loss 3.8319 | data 0.1 ms | step 17.2 ms | 29756.9 samples/s
  step   500/1756 | loss 3.8470 | data 0.1 ms | step 17.1 ms | 29969.2 samples/s
  step   550/1756 | loss 3.5542 | data 0.1 ms | step 17.1 ms | 29959.3 samples/s
  step   600/1756 | loss 3.8234 | data 0.1 ms | step 17.2 ms | 29835.4 samples/s
  step   650/1756 | loss 3.8285 | data 0.1 ms | step 17.0 ms | 30119.7 samples/s
  step   700/1756 | loss 3.7589 | data 0.1 ms | step 17.3 ms | 29620.5 samples/s
  step   750/1756 | loss 3.4598 | data 0.1 ms | step 17.1 ms | 29945.5 samples/s
  step   800/1756 | loss 3.5727 | data 0.1 ms | step 17.4 ms | 29502.0 samples/s
  step   850/1756 | loss 3.5459 | data 0.1 ms | step 17.4 ms | 29410.4 samples/s
  step   900/1756 | loss 3.4938 | data 0.1 ms | step 17.7 ms | 28900.6 samples/s
  step   950/1756 | loss 3.7543 | data 0.1 ms | step 17.2 ms | 29697.1 samples/s
  step  1000/1756 | loss 4.0853 | data 0.1 ms | step 17.1 ms | 29950.4 samples/s
  step  1050/1756 | loss 3.7675 | data 0.1 ms | step 17.5 ms | 29252.7 samples/s
  step  1100/1756 | loss 3.8440 | data 0.1 ms | step 17.2 ms | 29839.6 samples/s
  step  1150/1756 | loss 3.4794 | data 0.1 ms | step 17.0 ms | 30082.2 samples/s
  step  1200/1756 | loss 3.8938 | data 0.1 ms | step 16.7 ms | 30585.4 samples/s
  step  1250/1756 | loss 3.7518 | data 0.1 ms | step 17.3 ms | 29601.9 samples/s
  step  1300/1756 | loss 3.5719 | data 0.1 ms | step 17.4 ms | 29362.8 samples/s
  step  1350/1756 | loss 3.6345 | data 0.1 ms | step 17.5 ms | 29270.9 samples/s
  step  1400/1756 | loss 3.4790 | data 0.1 ms | step 17.3 ms | 29562.5 samples/s
  step  1450/1756 | loss 3.5651 | data 0.1 ms | step 17.1 ms | 29896.3 samples/s
  step  1500/1756 | loss 3.5209 | data 0.1 ms | step 17.4 ms | 29506.8 samples/s
  step  1550/1756 | loss 3.7086 | data 0.1 ms | step 17.4 ms | 29365.0 samples/s
  step  1600/1756 | loss 3.7271 | data 0.1 ms | step 17.1 ms | 29971.3 samples/s
  step  1650/1756 | loss 3.2972 | data 0.1 ms | step 17.3 ms | 29637.1 samples/s
  step  1700/1756 | loss 3.5654 | data 0.1 ms | step 17.1 ms | 30026.8 samples/s
  step  1750/1756 | loss 3.7120 | data 0.6 ms | step 17.4 ms | 29346.6 samples/s
Training Loss: 3.674192 | 29747.5 samples/s
Peak GPU memory: 918.2 MB
Validation Loss: 3.796935 | 91210.0 samples/s

Epoch 22/100
----------------------------------------
Learning Rate: 0.000081
  step    50/1756 | loss 3.8054 | data 0.6 ms | step 17.0 ms | 30071.6 samples/s
  step   100/1756 | loss 3.7907 | data 0.1 ms | step 17.0 ms | 30050.5 samples/s
  step   150/1756 | loss 3.6065 | data 0.1 ms | step 17.1 ms | 29977.7 samples/s
  step   200/1756 | loss 3.6230 | data 0.1 ms | step 17.2 ms | 29829.5 samples/s
  step   250/1756 | loss 3.7305 | data 0.1 ms | step 17.2 ms | 29729.6 samples/s
  step   300/1756 | loss 3.7885 | data 0.1 ms | step 17.1 ms | 29950.7 samples/s
  step   350/1756 | loss 3.7137 | data 0.2 ms | step 16.8 ms | 30447.5 samples/s
  step   400/1756 | loss 3.6072 | data 0.1 ms | step 17.1 ms | 29966.5 samples/s
  step   450/1756 | loss 3.5681 | data 0.2 ms | step 16.8 ms | 30448.9 samples/s
  step   500/1756 | loss 3.5453 | data 0.1 ms | step 17.2 ms | 29766.0 samples/s
  step   550/1756 | loss 3.4673 | data 0.1 ms | step 17.3 ms | 29510.2 samples/s
  step   600/1756 | loss 3.5056 | data 0.1 ms | step 17.1 ms | 29882.2 samples/s
  step   650/1756 | loss 3.5674 | data 0.1 ms | step 17.2 ms | 29838.2 samples/s
  step   700/1756 | loss 3.5853 | data 0.1 ms | step 17.6 ms | 29172.8 samples/s
  step   750/1756 | loss 3.5638 | data 0.1 ms | step 17.2 ms | 29709.3 samples/s
  step   800/1756 | loss 3.8921 | data 0.1 ms | step 17.3 ms | 29580.2 samples/s
  step   850/1756 | loss 3.6345 | data 0.1 ms | step 17.3 ms | 29550.9 samples/s
  step   900/1756 | loss 3.3163 | data 0.1 ms | step 17.6 ms | 29156.4 samples/s
  step   950/1756 | loss 3.7798 | data 0.1 ms | step 17.1 ms | 29917.7 samples/s
  step  1000/1756 | loss 3.4544 | data 0.1 ms | step 17.2 ms | 29737.9 samples/s
  step  1050/1756 | loss 3.3410 | data 0.1 ms | step 17.2 ms | 29785.3 samples/s
  step  1100/1756 | loss 3.5037 | data 0.1 ms | step 16.1 ms | 31862.9 samples/s
  step  1150/1756 | loss 3.8350 | data 0.1 ms | step 14.3 ms | 35686.2 samples/s
  step  1200/1756 | loss 3.6937 | data 0.1 ms | step 14.4 ms | 35609.1 samples/s
  step  1250/1756 | loss 3.5436 | data 0.1 ms | step 14.4 ms | 35511.9 samples/s
  step  1300/1756 | loss 3.4579 | data 0.1 ms | step 14.6 ms | 35091.3 samples/s
  step  1350/1756 | loss 3.4582 | data 0.1 ms | step 14.1 ms | 36227.6 samples/s
  step  1400/1756 | loss 3.6459 | data 0.1 ms | step 15.0 ms | 34063.3 samples/s
  step  1450/1756 | loss 3.5121 | data 0.1 ms | step 14.3 ms | 35749.6 samples/s
  step  1500/1756 | loss 3.7033 | data 0.1 ms | step 15.0 ms | 34171.7 samples/s
  step  1550/1756 | loss 3.5864 | data 0.1 ms | step 17.1 ms | 30012.4 samples/s
  step  1600/1756 | loss 3.6858 | data 0.1 ms | step 17.3 ms | 29673.2 samples/s
  step  1650/1756 | loss 3.3897 | data 0.1 ms | step 17.4 ms | 29491.0 samples/s
  step  1700/1756 | loss 3.0520 | data 0.1 ms | step 17.5 ms | 29184.2 samples/s
  step  1750/1756 | loss 3.6600 | data 0.5 ms | step 17.4 ms | 29353.2 samples/s
Training Loss: 3.595632 | 30903.8 samples/s
Peak GPU memory: 918.2 MB
Validation Loss: 4.814871 | 91351.0 samples/s

Epoch 23/100
----------------------------------------
Learning Rate: 0.000081
  step    50/1756 | loss 4.2391 | data 0.6 ms | step 17.1 ms | 30019.7 samples/s
  step   100/1756 | loss 3.4385 | data 0.1 ms | step 17.2 ms | 29820.8 samples/s
  step   150/1756 | loss 3.2642 | data 0.1 ms | step 17.3 ms | 29600.1 samples/s
  step   200/1756 | loss 3.4256 | data 0.1 ms | step 17.3 ms | 29634.1 samples/s
  step   250/1756 | loss 3.8029 | data 0.1 ms | step 17.1 ms | 30024.5 samples/s
  step   300/1756 | loss 3.6310 | data 0.1 ms | step 17.1 ms | 29897.3 samples/s
  step   350/1756 | loss 3.5173 | data 0.1 ms | step 17.1 ms | 29965.6 samples/s
  step   400/1756 | loss 3.3197 | data 0.1 ms | step 17.4 ms | 29477.1 samples/s
  step   450/1756 | loss 3.6285 | data 0.1 ms | step 17.3 ms | 29518.0 samples/s
  step   500/1756 | loss 3.4145 | data 0.1 ms | step 17.2 ms | 29727.1 samples/s
  step   550/1756 | loss 3.6640 | data 0.1 ms | step 17.0 ms | 30031.2 samples/s
  step   600/1756 | loss 3.4658 | data 0.1 ms | step 17.1 ms | 29977.7 samples/s
  step   650/1756 | loss 3.4568 | data 0.1 ms | step 17.1 ms | 29933.0 samples/s
  step   700/1756 | loss 3.3466 | data 0.1 ms | step 17.3 ms | 29531.3 samples/s
  step   750/1756 | loss 3.3899 | data 0.1 ms | step 17.5 ms | 29269.0 samples/s
  step   800/1756 | loss 3.4130 | data 0.1 ms | step 17.3 ms | 29615.9 samples/s
  step   850/1756 | loss 3.8445 | data 0.1 ms | step 17.3 ms | 29602.8 samples/s
  step   900/1756 | loss 3.5520 | data 0.1 ms | step 17.1 ms | 30011.8 samples/s
  step   950/1756 | loss 3.4990 | data 0.1 ms | step 17.3 ms | 29637.2 samples/s
  step  1000/1756 | loss 3.3837 | data 0.1 ms | step 17.3 ms | 29580.3 samples/s
  step  1050/1756 | loss 3.3273 | data 0.1 ms | step 17.1 ms | 29902.1 samples/s
  step  1100/1756 | loss 3.4049 | data 0.1 ms | step 17.4 ms | 29448.6 samples/s
  step  1150/1756 | loss 3.3975 | data 0.1 ms | step 17.0 ms | 30049.6 samples/s
  step  1200/1756 | loss 3.8529 | data 0.1 ms | step 17.3 ms | 29587.5 samples/s
  step  1250/1756 | loss 3.3771 | data 0.1 ms | step 17.1 ms | 29968.8 samples/s
  step  1300/1756 | loss 3.3204 | data 0.1 ms | step 17.1 ms | 29930.4 samples/s
  step  1350/1756 | loss 3.4179 | data 0.1 ms | step 17.5 ms | 29249.1 samples/s
  step  1400/1756 | loss 3.4402 | data 0.1 ms | step 17.3 ms | 29565.2 samples/s
  step  1450/1756 | loss 3.4792 | data 0.1 ms | step 17.4 ms | 29509.1 samples/s
  step  1500/1756 | loss 3.1931 | data 0.1 ms | step 17.5 ms | 29204.9 samples/s
  step  1550/1756 | loss 3.3289 | data 0.1 ms | step 17.2 ms | 29719.3 samples/s
  step  1600/1756 | loss 3.4959 | data 0.1 ms | step 17.2 ms | 29726.4 samples/s
  step  1650/1756 | loss 3.4810 | data 0.1 ms | step 17.1 ms | 29941.0 samples/s
  step  1700/1756 | loss 3.2691 | data 0.1 ms | step 16.9 ms | 30215.5 samples/s
  step  1750/1756 | loss 3.4178 | data 0.6 ms | step 17.1 ms | 29969.3 samples/s
Training Loss: 3.489199 | 29737.6 samples/s
Peak GPU memory: 918.2 MB
Validation Loss: 3.412072 | 90599.0 samples/s

Epoch 24/100
----------------------------------------
Learning Rate: 0.000081
  step    50/1756 | loss 3.6593 | data 0.6 ms | step 17.4 ms | 29432.3 samples/s
  step   100/1756 | loss 3.3604 | data 0.1 ms | step 17.2 ms | 29729.9 samples/s
  step   150/1756 | loss 3.2842 | data 0.1 ms | step 17.2 ms | 29725.4 samples/s
  step   200/1756 | loss 3.1028 | data 0.1 ms | step 17.1 ms | 29920.2 samples/s
  step   250/1756 | loss 3.6359 | data 0.1 ms | step 17.7 ms | 28915.6 samples/s
  step   300/1756 | loss 3.4694 | data 0.1 ms | step 18.4 ms | 27766.4 samples/s
  step   350/1756 | loss 3.6539 | data 0.1 ms | step 19.2 ms | 26611.1 samples/s
  step   400/1756 | loss 3.3356 | data 0.1 ms | step 21.5 ms | 23854.4 samples/s
  step   450/1756 | loss 3.1172 | data 0.1 ms | step 18.4 ms | 27796.5 samples/s
  step   500/1756 | loss 3.2818 | data 0.1 ms | step 18.6 ms | 27570.0 samples/s
  step   550/1756 | loss 3.2633 | data 0.1 ms | step 19.4 ms | 26390.5 samples/s
  step   600/1756 | loss 3.2338 | data 0.1 ms | step 18.2 ms | 28103.4 samples/s
  step   650/1756 | loss 3.1222 | data 0.1 ms | step 19.3 ms | 26567.8 samples/s
  step   700/1756 | loss 3.1273 | data 0.1 ms | step 18.5 ms | 27736.7 samples/s
  step   750/1756 | loss 2.9335 | data 0.1 ms | step 19.7 ms | 25974.1 samples/s
  step   800/1756 | loss 3.1460 | data 0.1 ms | step 18.2 ms | 28120.5 samples/s
  step   850/1756 | loss 3.3890 | data 0.1 ms | step 19.3 ms | 26524.8 samples/s
  step   900/1756 | loss 3.3563 | data 0.1 ms | step 18.4 ms | 27754.0 samples/s
  step   950/1756 | loss 3.1648 | data 0.1 ms | step 19.5 ms | 26196.3 samples/s
  step  1000/1756 | loss 3.3990 | data 0.1 ms | step 18.2 ms | 28139.7 samples/s
  step  1050/1756 | loss 3.2137 | data 0.1 ms | step 19.4 ms | 26365.4 samples/s
  step  1100/1756 | loss 3.1993 | data 0.1 ms | step 18.4 ms | 27813.7 samples/s
  step  1150/1756 | loss 3.7597 | data 0.1 ms | step 19.7 ms | 25982.1 samples/s
  step  1200/1756 | loss 2.9826 | data 0.1 ms | step 18.2 ms | 28067.3 samples/s
  step  1250/1756 | loss 3.1887 | data 0.1 ms | step 19.8 ms | 25907.4 samples/s
  step  1300/1756 | loss 3.4849 | data 0.1 ms | step 18.0 ms | 28418.1 samples/s
  step  1350/1756 | loss 3.3360 | data 0.1 ms | step 18.7 ms | 27391.3 samples/s
  step  1400/1756 | loss 3.3159 | data 0.1 ms | step 15.4 ms | 33320.6 samples/s
  step  1450/1756 | loss 3.1474 | data 0.1 ms | step 15.9 ms | 32223.6 samples/s
  step  1500/1756 | loss 3.6027 | data 0.1 ms | step 14.2 ms | 36145.3 samples/s
  step  1550/1756 | loss 3.0467 | data 0.1 ms | step 15.9 ms | 32213.3 samples/s
  step  1600/1756 | loss 3.6612 | data 0.1 ms | step 14.2 ms | 36107.4 samples/s
  step  1650/1756 | loss 3.5178 | data 0.1 ms | step 15.9 ms | 32265.4 samples/s
  step  1700/1756 | loss 3.2238 | data 0.1 ms | step 14.1 ms | 36222.1 samples/s
  step  1750/1756 | loss 3.3961 | data 0.7 ms | step 15.7 ms | 32658.3 samples/s
Training Loss: 3.314823 | 28685.5 samples/s
Peak GPU memory: 918.2 MB
Validation Loss: 3.181354 | 85102.2 samples/s

Epoch 25/100
----------------------------------------
Learning Rate: 0.000081
  step    50/1756 | loss 3.2359 | data 0.7 ms | step 18.5 ms | 27684.8 samples/s
  step   100/1756 | loss 3.2381 | data 0.1 ms | step 19.2 ms | 26685.1 samples/s
  step   150/1756 | loss 3.4684 | data 0.1 ms | step 18.5 ms | 27715.6 samples/s
  step   200/1756 | loss 3.3952 | data 0.1 ms | step 19.2 ms | 26603.2 samples/s
  step   250/1756 | loss 3.3072 | data 0.1 ms | step 18.9 ms | 27102.6 samples/s
  step   300/1756 | loss 3.3067 | data 0.1 ms | step 19.2 ms | 26639.7 samples/s
  step   350/1756 | loss 3.2749 | data 0.1 ms | step 19.0 ms | 26925.8 samples/s
  step   400/1756 | loss 3.4015 | data 0.1 ms | step 18.6 ms | 27535.8 samples/s
  step   450/1756 | loss 3.4739 | data 0.1 ms | step 18.9 ms | 27137.8 samples/s
  step   500/1756 | loss 3.2149 | data 0.1 ms | step 18.2 ms | 28203.0 samples/s
  step   550/1756 | loss 3.0592 | data 0.1 ms | step 19.4 ms | 26428.8 samples/s
  step   600/1756 | loss 3.2386 | data 0.1 ms | step 18.4 ms | 27778.8 samples/s
  step   650/1756 | loss 3.1623 | data 0.1 ms | step 19.5 ms | 26286.4 samples/s
  step   700/1756 | loss 3.3597 | data 0.1 ms | step 18.5 ms | 27745.0 samples/s
  step   750/1756 | loss 3.0820 | data 0.1 ms | step 19.7 ms | 25963.5 samples/s
  step   800/1756 | loss 3.2381 | data 0.1 ms | step 18.5 ms | 27717.8 samples/s
  step   850/1756 | loss 3.2537 | data 0.1 ms | step 19.5 ms | 26212.7 samples/s
  step   900/1756 | loss 3.3212 | data 0.1 ms | step 18.4 ms | 27775.3 samples/s
  step   950/1756 | loss 3.4290 | data 0.1 ms | step 19.5 ms | 26246.1 samples/s
  step  1000/1756 | loss 3.1097 | data 0.1 ms | step 18.2 ms | 28120.3 samples/s
  step  1050/1756 | loss 3.0037 | data 0.1 ms | step 19.5 ms | 26266.2 samples/s
  step  1100/1756 | loss 3.4859 | data 0.1 ms | step 18.0 ms | 28450.8 samples/s
  step  1150/1756 | loss 3.3356 | data 0.1 ms | step 19.8 ms | 25892.0 samples/s
  step  1200/1756 | loss 3.4153 | data 0.1 ms | step 17.8 ms | 28809.2 samples/s
  step  1250/1756 | loss 3.1338 | data 0.1 ms | step 19.5 ms | 26276.1 samples/s
  step  1300/1756 | loss 3.1870 | data 0.1 ms | step 18.4 ms | 27761.7 samples/s
  step  1350/1756 | loss 3.2840 | data 0.1 ms | step 19.5 ms | 26259.1 samples/s
  step  1400/1756 | loss 3.1421 | data 0.1 ms | step 18.4 ms | 27811.1 samples/s
  step  1450/1756 | loss 3.4877 | data 0.1 ms | step 19.5 ms | 26234.2 samples/s
  step  1500/1756 | loss 3.1364 | data 0.1 ms | step 18.0 ms | 28395.8 samples/s
  step  1550/1756 | loss 3.3964 | data 0.1 ms | step 19.7 ms | 25995.7 samples/s
  step  1600/1756 | loss 3.5534 | data 0.1 ms | step 18.4 ms | 27761.2 samples/s
  step  1650/1756 | loss 3.5129 | data 0.1 ms | step 19.5 ms | 26193.7 samples/s
  step  1700/1756 | loss 3.0228 | data 0.1 ms | step 18.2 ms | 28125.6 samples/s
  step  1750/1756 | loss 3.0735 | data 0.6 ms | step 19.7 ms | 26006.4 samples/s
Training Loss: 3.279037 | 27079.5 samples/s
Peak GPU memory: 918.2 MB
Validation Loss: 3.247147 | 81565.3 samples/s

Epoch 26/100
----------------------------------------
Learning Rate: 0.000081
  step    50/1756 | loss 3.2106 | data 0.7 ms | step 18.1 ms | 28306.5 samples/s
  step   100/1756 | loss 3.4071 | data 0.1 ms | step 19.4 ms | 26372.7 samples/s
  step   150/1756 | loss 3.3495 | data 0.1 ms | step 18.4 ms | 27779.9 samples/s
  step   200/1756 | loss 3.1056 | data 0.1 ms | step 19.6 ms | 26063.6 samples/s
  step   250/1756 | loss 3.1867 | data 0.1 ms | step 18.4 ms | 27765.4 samples/s
  step   300/1756 | loss 3.0346 | data 0.1 ms | step 19.7 ms | 25971.3 samples/s
  step   350/1756 | loss 2.9704 | data 0.1 ms | step 18.4 ms | 27795.9 samples/s
  step   400/1756 | loss 3.3665 | data 0.1 ms | step 19.7 ms | 25958.3 samples/s
  step   450/1756 | loss 3.0922 | data 0.1 ms | step 18.4 ms | 27811.2 samples/s
  step   500/1756 | loss 2.9615 | data 0.1 ms | step 19.5 ms | 26285.9 samples/s
  step   550/1756 | loss 3.1009 | data 0.1 ms | step 17.6 ms | 29118.1 samples/s
  step   600/1756 | loss 3.1369 | data 0.1 ms | step 19.7 ms | 25992.5 samples/s
  step   650/1756 | loss 3.2311 | data 0.1 ms | step 18.0 ms | 28401.3 samples/s
  step   700/1756 | loss 3.1770 | data 0.1 ms | step 19.7 ms | 25998.2 samples/s
  step   750/1756 | loss 3.0753 | data 0.1 ms | step 18.2 ms | 28135.4 samples/s
  step   800/1756 | loss 3.1807 | data 0.1 ms | step 19.7 ms | 26005.0 samples/s
  step   850/1756 | loss 3.2160 | data 0.1 ms | step 18.4 ms | 27789.6 samples/s
  step   900/1756 | loss 3.2723 | data 0.1 ms | step 19.7 ms | 25987.9 samples/s
  step   950/1756 | loss 3.2435 | data 0.1 ms | step 18.4 ms | 27799.0 samples/s
  step  1000/1756 | loss 3.2837 | data 0.1 ms | step 19.7 ms | 26035.3 samples/s
  step  1050/1756 | loss 2.9806 | data 0.1 ms | step 18.0 ms | 28492.5 samples/s
  step  1100/1756 | loss 2.9011 | data 0.1 ms | step 19.7 ms | 26018.3 samples/s
  step  1150/1756 | loss 2.9867 | data 0.1 ms | step 18.2 ms | 28068.8 samples/s
  step  1200/1756 | loss 2.9697 | data 0.1 ms | step 19.7 ms | 26001.9 samples/s
  step  1250/1756 | loss 2.9255 | data 0.1 ms | step 18.4 ms | 27803.2 samples/s
  step  1300/1756 | loss 3.2343 | data 0.1 ms | step 19.7 ms | 25947.4 samples/s
  step  1350/1756 | loss 3.2783 | data 0.1 ms | step 18.2 ms | 28103.8 samples/s
  step  1400/1756 | loss 2.8004 | data 0.1 ms | step 19.7 ms | 25925.3 samples/s
  step  1450/1756 | loss 3.4355 | data 0.1 ms | step 18.1 ms | 28242.4 samples/s
  step  1500/1756 | loss 2.8980 | data 0.1 ms | step 19.8 ms | 25871.8 samples/s
  step  1550/1756 | loss 3.3246 | data 0.1 ms | step 17.3 ms | 29678.8 samples/s
  step  1600/1756 | loss 3.1784 | data 0.1 ms | step 16.0 ms | 32012.8 samples/s
  step  1650/1756 | loss 2.8925 | data 0.1 ms | step 14.2 ms | 36091.8 samples/s
  step  1700/1756 | loss 3.0249 | data 0.1 ms | step 14.6 ms | 35154.4 samples/s
  step  1750/1756 | loss 3.5671 | data 0.6 ms | step 15.6 ms | 32788.9 samples/s
Training Loss: 3.142431 | 27750.7 samples/s
Peak GPU memory: 918.2 MB
Validation Loss: 3.492275 | 88205.8 samples/s

Epoch 27/100
----------------------------------------
Learning Rate: 0.000081
  step    50/1756 | loss 3.3156 | data 0.7 ms | step 18.9 ms | 27039.5 samples/s
  step   100/1756 | loss 3.0806 | data 0.1 ms | step 18.2 ms | 28119.7 samples/s
  step   150/1756 | loss 2.8438 | data 0.1 ms | step 19.7 ms | 25981.8 samples/s
  step   200/1756 | loss 2.7987 | data 0.1 ms | step 18.4 ms | 27770.7 samples/s
  step   250/1756 | loss 2.9128 | data 0.1 ms | step 19.4 ms | 26342.6 samples/s
  step   300/1756 | loss 3.2823 | data 0.1 ms | step 18.3 ms | 27924.6 samples/s
  step   350/1756 | loss 3.3668 | data 0.1 ms | step 19.5 ms | 26225.0 samples/s
  step   400/1756 | loss 2.8709 | data 0.1 ms | step 18.5 ms | 27750.0 samples/s
  step   450/1756 | loss 2.7637 | data 0.1 ms | step 19.7 ms | 25969.0 samples/s
  step   500/1756 | loss 3.3047 | data 0.1 ms | step 18.2 ms | 28096.6 samples/s
  step   550/1756 | loss 3.2920 | data 0.1 ms | step 19.7 ms | 25997.2 samples/s
  step   600/1756 | loss 3.1481 | data 0.1 ms | step 18.5 ms | 27740.4 samples/s
  step   650/1756 | loss 3.0608 | data 0.1 ms | step 19.5 ms | 26238.7 samples/s
  step   700/1756 | loss 3.0811 | data 0.1 ms | step 18.5 ms | 27677.7 samples/s
  step   750/1756 | loss 2.7825 | data 0.1 ms | step 19.7 ms | 25989.5 samples/s
  step   800/1756 | loss 3.0620 | data 0.1 ms | step 18.4 ms | 27826.6 samples/s
  step   850/1756 | loss 3.1022 | data 0.1 ms | step 19.7 ms | 25944.6 samples/s
  step   900/1756 | loss 2.7681 | data 0.1 ms | step 18.2 ms | 28063.8 samples/s
  step   950/1756 | loss 3.1634 | data 0.1 ms | step 19.7 ms | 25986.9 samples/s
  step  1000/1756 | loss 2.9756 | data 0.1 ms | step 18.4 ms | 27778.5 samples/s
  step  1050/1756 | loss 3.0200 | data 0.1 ms | step 19.7 ms | 26001.9 samples/s
  step  1100/1756 | loss 2.8525 | data 0.1 ms | step 18.5 ms | 27737.8 samples/s
  step  1150/1756 | loss 3.0894 | data 0.1 ms | step 19.7 ms | 25942.1 samples/s
  step  1200/1756 | loss 3.2081 | data 0.1 ms | step 18.5 ms | 27704.9 samples/s
  step  1250/1756 | loss 3.2953 | data 0.1 ms | step 19.7 ms | 25994.8 samples/s
  step  1300/1756 | loss 3.1987 | data 0.1 ms | step 18.5 ms | 27737.4 samples/s
  step  1350/1756 | loss 3.1974 | data 0.1 ms | step 19.8 ms | 25905.7 samples/s
  step  1400/1756 | loss 2.8617 | data 0.1 ms | step 18.2 ms | 28105.7 samples/s
  step  1450/1756 | loss 3.0246 | data 0.1 ms | step 19.5 ms | 26256.2 samples/s
  step  1500/1756 | loss 3.1307 | data 0.1 ms | step 18.4 ms | 27796.1 samples/s
  step  1550/1756 | loss 3.2119 | data 0.1 ms | step 19.7 ms | 25973.2 samples/s
  step  1600/1756 | loss 2.6703 | data 0.1 ms | step 18.5 ms | 27694.0 samples/s
  step  1650/1756 | loss 2.9668 | data 0.1 ms | step 19.5 ms | 26285.0 samples/s
  step  1700/1756 | loss 3.1827 | data 0.1 ms | step 18.5 ms | 27730.5 samples/s
  step  1750/1756 | loss 2.9212 | data 0.6 ms | step 19.4 ms | 26336.9 samples/s
Training Loss: 3.049235 | 26932.9 samples/s
Peak GPU memory: 918.2 MB
Validation Loss: 3.033818 | 81279.9 samples/s

Epoch 28/100
----------------------------------------
Learning Rate: 0.000081
  step    50/1756 | loss 2.9040 | data 0.6 ms | step 18.3 ms | 27990.9 samples/s
  step   100/1756 | loss 3.1268 | data 0.1 ms | step 19.5 ms | 26225.9 samples/s
  step   150/1756 | loss 3.2999 | data 0.1 ms | step 18.2 ms | 28092.7 samples/s
  step   200/1756 | loss 3.1369 | data 0.1 ms | step 19.7 ms | 25975.6 samples/s
  step   250/1756 | loss 2.9611 | data 0.1 ms | step 18.5 ms | 27719.3 samples/s
  step   300/1756 | loss 3.2319 | data 0.1 ms | step 19.5 ms | 26201.9 samples/s
  step   350/1756 | loss 3.0937 | data 0.1 ms | step 18.4 ms | 27878.4 samples/s
  step   400/1756 | loss 2.9488 | data 0.1 ms | step 19.8 ms | 25888.6 samples/s
  step   450/1756 | loss 3.0231 | data 0.1 ms | step 18.2 ms | 28173.5 samples/s
  step   500/1756 | loss 2.9266 | data 0.1 ms | step 19.7 ms | 26026.9 samples/s
  step   550/1756 | loss 3.2400 | data 0.1 ms | step 18.3 ms | 27999.2 samples/s
  step   600/1756 | loss 3.2607 | data 0.1 ms | step 19.4 ms | 26365.7 samples/s
  step   650/1756 | loss 3.0317 | data 0.1 ms | step 18.7 ms | 27345.3 samples/s
  step   700/1756 | loss 3.0801 | data 0.1 ms | step 18.9 ms | 27069.0 samples/s
  step   750/1756 | loss 2.8707 | data 0.1 ms | step 18.6 ms | 27587.3 samples/s
  step   800/1756 | loss 2.9068 | data 0.1 ms | step 18.6 ms | 27465.5 samples/s
  step   850/1756 | loss 2.8845 | data 0.1 ms | step 19.3 ms | 26538.5 samples/s
  step   900/1756 | loss 3.2006 | data 0.1 ms | step 18.6 ms | 27487.3 samples/s
  step   950/1756 | loss 3.0817 | data 0.1 ms | step 19.5 ms | 26202.3 samples/s
  step  1000/1756 | loss 2.9023 | data 0.1 ms | step 17.8 ms | 28709.7 samples/s
  step  1050/1756 | loss 3.1275 | data 0.1 ms | step 19.7 ms | 25976.8 samples/s
  step  1100/1756 | loss 3.0555 | data 0.1 ms | step 18.4 ms | 27776.3 samples/s
  step  1150/1756 | loss 2.8482 | data 0.1 ms | step 19.5 ms | 26235.6 samples/s
  step  1200/1756 | loss 3.2310 | data 0.1 ms | step 18.2 ms | 28070.7 samples/s
  step  1250/1756 | loss 3.0949 | data 0.1 ms | step 19.2 ms | 26624.5 samples/s
  step  1300/1756 | loss 2.9577 | data 0.1 ms | step 18.5 ms | 27750.4 samples/s
  step  1350/1756 | loss 2.7232 | data 0.1 ms | step 19.5 ms | 26285.2 samples/s
  step  1400/1756 | loss 2.6852 | data 0.1 ms | step 18.2 ms | 28093.4 samples/s
  step  1450/1756 | loss 3.0134 | data 0.1 ms | step 19.7 ms | 25972.3 samples/s
  step  1500/1756 | loss 3.0187 | data 0.1 ms | step 17.9 ms | 28578.4 samples/s
  step  1550/1756 | loss 3.0140 | data 0.1 ms | step 19.6 ms | 26111.2 samples/s
  step  1600/1756 | loss 2.7817 | data 0.1 ms | step 18.5 ms | 27689.7 samples/s
  step  1650/1756 | loss 2.8369 | data 0.1 ms | step 18.9 ms | 27134.8 samples/s
  step  1700/1756 | loss 2.7797 | data 0.1 ms | step 15.4 ms | 33340.2 samples/s
  step  1750/1756 | loss 2.9252 | data 0.7 ms | step 15.9 ms | 32245.3 samples/s
Training Loss: 3.004600 | 27385.8 samples/s
Peak GPU memory: 918.2 MB
Validation Loss: 3.059818 | 89605.2 samples/s

Epoch 29/100
----------------------------------------
Learning Rate: 0.000081
  step    50/1756 | loss 2.9711 | data 0.6 ms | step 16.6 ms | 30890.4 samples/s
  step   100/1756 | loss 2.6396 | data 0.1 ms | step 14.2 ms | 36140.2 samples/s
  step   150/1756 | loss 2.7646 | data 0.1 ms | step 17.5 ms | 29212.6 samples/s
  step   200/1756 | loss 2.9790 | data 0.1 ms | step 18.2 ms | 28148.4 samples/s
  step   250/1756 | loss 2.7269 | data 0.1 ms | step 19.4 ms | 26336.9 samples/s
  step   300/1756 | loss 2.9592 | data 0.1 ms | step 18.5 ms | 27736.2 samples/s
  step   350/1756 | loss 3.0256 | data 0.1 ms | step 19.2 ms | 26725.2 samples/s
  step   400/1756 | loss 3.0354 | data 0.1 ms | step 18.8 ms | 27299.5 samples/s
  step   450/1756 | loss 2.8696 | data 0.1 ms | step 19.0 ms | 27009.4 samples/s
  step   500/1756 | loss 2.8774 | data 0.1 ms | step 18.7 ms | 27349.0 samples/s
  step   550/1756 | loss 2.9328 | data 0.1 ms | step 19.0 ms | 26960.8 samples/s
  step   600/1756 | loss 2.8954 | data 0.1 ms | step 19.2 ms | 26665.4 samples/s
  step   650/1756 | loss 2.9189 | data 0.1 ms | step 19.0 ms | 26904.7 samples/s
  step   700/1756 | loss 3.2090 | data 0.1 ms | step 18.9 ms | 27037.5 samples/s
  step   750/1756 | loss 3.1998 | data 0.1 ms | step 18.8 ms | 27167.8 samples/s
  step   800/1756 | loss 2.7196 | data 0.1 ms | step 19.3 ms | 26575.2 samples/s
  step   850/1756 | loss 3.0927 | data 0.1 ms | step 18.4 ms | 27761.8 samples/s
  step   900/1756 | loss 3.0228 | data 0.1 ms | step 19.3 ms | 26507.5 samples/s
  step   950/1756 | loss 3.1790 | data 0.1 ms | step 18.4 ms | 27775.9 samples/s
  step  1000/1756 | loss 2.8519 | data 0.1 ms | step 19.8 ms | 25912.1 samples/s
  step  1050/1756 | loss 3.0749 | data 0.1 ms | step 18.0 ms | 28473.7 samples/s
  step  1100/1756 | loss 2.7866 | data 0.1 ms | step 19.7 ms | 26013.8 samples/s
  step  1150/1756 | loss 2.6022 | data 0.1 ms | step 18.5 ms | 27745.0 samples/s
  step  1200/1756 | loss 2.6261 | data 0.1 ms | step 19.8 ms | 25914.0 samples/s
  step  1250/1756 | loss 3.1194 | data 0.1 ms | step 18.1 ms | 28337.0 samples/s
  step  1300/1756 | loss 3.2211 | data 0.1 ms | step 19.4 ms | 26374.7 samples/s
  step  1350/1756 | loss 2.9333 | data 0.1 ms | step 18.0 ms | 28386.8 samples/s
  step  1400/1756 | loss 2.9491 | data 0.1 ms | step 19.6 ms | 26069.6 samples/s
  step  1450/1756 | loss 3.0296 | data 0.1 ms | step 18.4 ms | 27778.3 samples/s
  step  1500/1756 | loss 2.7392 | data 0.1 ms | step 19.8 ms | 25907.3 samples/s
  step  1550/1756 | loss 2.8956 | data 0.1 ms | step 18.4 ms | 27781.4 samples/s
  step  1600/1756 | loss 2.6819 | data 0.1 ms | step 19.5 ms | 26295.8 samples/s
  step  1650/1756 | loss 3.1436 | data 0.1 ms | step 18.4 ms | 27752.9 samples/s
  step  1700/1756 | loss 2.8152 | data 0.1 ms | step 19.5 ms | 26249.8 samples/s
  step  1750/1756 | loss 2.9785 | data 0.6 ms | step 18.4 ms | 27764.2 samples/s
Training Loss: 2.927995 | 27412.5 samples/s
Peak GPU memory: 918.2 MB
Validation Loss: 3.061812 | 82355.1 samples/s

Epoch 30/100
----------------------------------------
Learning Rate: 0.000081
  step    50/1756 | loss 3.2120 | data 0.6 ms | step 19.1 ms | 26790.2 samples/s
  step   100/1756 | loss 2.8601 | data 0.1 ms | step 18.2 ms | 28093.4 samples/s
  step   150/1756 | loss 2.9217 | data 0.1 ms | step 19.5 ms | 26278.4 samples/s
  step   200/1756 | loss 2.7696 | data 0.1 ms | step 18.2 ms | 28126.7 samples/s
  step   250/1756 | loss 2.5457 | data 0.1 ms | step 19.7 ms | 26030.8 samples/s
  step   300/1756 | loss 2.8859 | data 0.1 ms | step 18.2 ms | 28073.9 samples/s
  step   350/1756 | loss 2.8865 | data 0.1 ms | step 19.7 ms | 25996.5 samples/s
  step   400/1756 | loss 2.6300 | data 0.1 ms | step 18.2 ms | 28070.8 samples/s
  step   450/1756 | loss 2.8459 | data 0.1 ms | step 19.5 ms | 26273.5 samples/s
  step   500/1756 | loss 2.5628 | data 0.1 ms | step 18.5 ms | 27725.1 samples/s
  step   550/1756 | loss 3.0036 | data 0.1 ms | step 19.7 ms | 25990.1 samples/s
  step   600/1756 | loss 2.9742 | data 0.1 ms | step 18.4 ms | 27800.3 samples/s
  step   650/1756 | loss 2.8469 | data 0.1 ms | step 19.5 ms | 26233.8 samples/s
  step   700/1756 | loss 3.0275 | data 0.1 ms | step 18.4 ms | 27754.1 samples/s
  step   750/1756 | loss 2.9867 | data 0.1 ms | step 19.7 ms | 25959.0 samples/s
  step   800/1756 | loss 3.0943 | data 0.1 ms | step 18.2 ms | 28126.3 samples/s
  step   850/1756 | loss 2.7921 | data 0.1 ms | step 19.7 ms | 25944.8 samples/s
  step   900/1756 | loss 2.7867 | data 0.1 ms | step 18.5 ms | 27746.0 samples/s
  step   950/1756 | loss 2.8178 | data 0.1 ms | step 19.5 ms | 26196.5 samples/s
  step  1000/1756 | loss 2.7150 | data 0.1 ms | step 18.4 ms | 27792.4 samples/s
  step  1050/1756 | loss 3.0120 | data 0.1 ms | step 19.5 ms | 26256.4 samples/s
  step  1100/1756 | loss 2.9452 | data 0.1 ms | step 18.5 ms | 27737.4 samples/s
  step  1150/1756 | loss 2.8592 | data 0.1 ms | step 19.5 ms | 26207.4 samples/s
  step  1200/1756 | loss 3.0068 | data 0.1 ms | step 18.5 ms | 27735.4 samples/s
  step  1250/1756 | loss 2.8455 | data 0.1 ms | step 19.7 ms | 25930.5 samples/s
  step  1300/1756 | loss 2.6827 | data 0.1 ms | step 18.4 ms | 27756.3 samples/s
  step  1350/1756 | loss 3.1391 | data 0.1 ms | step 19.5 ms | 26278.4 samples/s
  step  1400/1756 | loss 3.0974 | data 0.1 ms | step 18.0 ms | 28492.5 samples/s
  step  1450/1756 | loss 2.9789 | data 0.1 ms | step 19.7 ms | 25990.2 samples/s
  step  1500/1756 | loss 2.8893 | data 0.1 ms | step 18.5 ms | 27723.6 samples/s
  step  1550/1756 | loss 2.7843 | data 0.1 ms | step 19.7 ms | 25957.8 samples/s
  step  1600/1756 | loss 2.7278 | data 0.1 ms | step 18.5 ms | 27724.5 samples/s
  step  1650/1756 | loss 2.7690 | data 0.1 ms | step 19.5 ms | 26204.6 samples/s
  step  1700/1756 | loss 2.9079 | data 0.1 ms | step 18.0 ms | 28446.2 samples/s
  step  1750/1756 | loss 2.6742 | data 0.6 ms | step 19.5 ms | 26314.7 samples/s
Training Loss: 2.870870 | 27019.2 samples/s
Peak GPU memory: 918.2 MB
Validation Loss: 2.825388 | 87889.1 samples/s

Epoch 31/100
----------------------------------------
Learning Rate: 0.000073
  step    50/1756 | loss 2.7429 | data 0.7 ms | step 14.3 ms | 35907.4 samples/s
  step   100/1756 | loss 2.4436 | data 0.1 ms | step 15.9 ms | 32272.5 samples/s
  step   150/1756 | loss 2.7651 | data 0.1 ms | step 14.1 ms | 36252.3 samples/s
  step   200/1756 | loss 2.9609 | data 0.1 ms | step 15.9 ms | 32244.3 samples/s
  step   250/1756 | loss 2.7651 | data 0.1 ms | step 14.3 ms | 35824.3 samples/s
  step   300/1756 | loss 2.7639 | data 0.1 ms | step 18.8 ms | 27186.5 samples/s
  step   350/1756 | loss 2.8617 | data 0.1 ms | step 18.5 ms | 27717.0 samples/s
  step   400/1756 | loss 2.8313 | data 0.1 ms | step 19.6 ms | 26139.1 samples/s
  step   450/1756 | loss 2.7437 | data 0.1 ms | step 17.9 ms | 28616.3 samples/s
  step   500/1756 | loss 2.5266 | data 0.1 ms | step 19.5 ms | 26319.5 samples/s
  step   550/1756 | loss 2.6982 | data 0.1 ms | step 18.4 ms | 27787.1 samples/s
  step   600/1756 | loss 2.8216 | data 0.1 ms | step 19.5 ms | 26304.3 samples/s
  step   650/1756 | loss 2.8694 | data 0.1 ms | step 18.4 ms | 27849.2 samples/s
  step   700/1756 | loss 2.8380 | data 0.1 ms | step 19.7 ms | 25987.2 samples/s
  step   750/1756 | loss 2.8395 | data 0.1 ms | step 18.4 ms | 27838.7 samples/s
  step   800/1756 | loss 2.8855 | data 0.1 ms | step 19.8 ms | 25919.8 samples/s
  step   850/1756 | loss 2.8983 | data 0.1 ms | step 18.3 ms | 28035.8 samples/s
  step   900/1756 | loss 2.7702 | data 0.1 ms | step 19.3 ms | 26468.3 samples/s
  step   950/1756 | loss 2.8904 | data 0.1 ms | step 18.2 ms | 28113.5 samples/s
  step  1000/1756 | loss 2.6360 | data 0.1 ms | step 19.6 ms | 26155.3 samples/s
  step  1050/1756 | loss 2.5935 | data 0.1 ms | step 18.2 ms | 28185.5 samples/s
  step  1100/1756 | loss 2.7186 | data 0.1 ms | step 19.5 ms | 26252.4 samples/s
  step  1150/1756 | loss 2.8316 | data 0.1 ms | step 17.9 ms | 28535.1 samples/s
  step  1200/1756 | loss 3.0173 | data 0.1 ms | step 19.7 ms | 26011.0 samples/s
  step  1250/1756 | loss 2.8593 | data 0.1 ms | step 18.4 ms | 27800.5 samples/s
  step  1300/1756 | loss 2.9660 | data 0.1 ms | step 19.5 ms | 26285.7 samples/s
  step  1350/1756 | loss 2.7814 | data 0.1 ms | step 18.4 ms | 27763.2 samples/s
  step  1400/1756 | loss 2.6728 | data 0.1 ms | step 19.2 ms | 26635.7 samples/s
  step  1450/1756 | loss 2.6820 | data 0.1 ms | step 18.4 ms | 27811.4 samples/s
  step  1500/1756 | loss 2.5372 | data 0.1 ms | step 19.3 ms | 26554.1 samples/s
  step  1550/1756 | loss 2.8252 | data 0.1 ms | step 18.2 ms | 28134.8 samples/s
  step  1600/1756 | loss 2.6564 | data 0.1 ms | step 19.7 ms | 25968.9 samples/s
  step  1650/1756 | loss 3.0488 | data 0.1 ms | step 18.2 ms | 28105.7 samples/s
  step  1700/1756 | loss 2.8091 | data 0.1 ms | step 19.7 ms | 25970.9 samples/s
  step  1750/1756 | loss 2.8924 | data 0.6 ms | step 18.2 ms | 28099.1 samples/s
Training Loss: 2.781255 | 27960.0 samples/s
Peak GPU memory: 918.2 MB
Validation Loss: 2.674846 | 82755.4 samples/s

Epoch 32/100
----------------------------------------
Learning Rate: 0.000073
  step    50/1756 | loss 2.7790 | data 0.6 ms | step 18.3 ms | 27957.0 samples/s
  step   100/1756 | loss 2.9421 | data 0.1 ms | step 19.5 ms | 26216.2 samples/s
  step   150/1756 | loss 3.0177 | data 0.1 ms | step 18.2 ms | 28160.4 samples/s
  step   200/1756 | loss 2.8744 | data 0.1 ms | step 19.7 ms | 25959.8 samples/s
  step   250/1756 | loss 2.9784 | data 0.1 ms | step 18.4 ms | 27760.9 samples/s
  step   300/1756 | loss 2.5724 | data 0.1 ms | step 19.7 ms | 25960.7 samples/s
  step   350/1756 | loss 2.5041 | data 0.1 ms | step 18.4 ms | 27797.2 samples/s
  step   400/1756 | loss 2.7935 | data 0.1 ms | step 19.5 ms | 26216.6 samples/s
  step   450/1756 | loss 2.8221 | data 0.1 ms | step 18.2 ms | 28115.0 samples/s
  step   500/1756 | loss 2.7346 | data 0.1 ms | step 19.5 ms | 26225.6 samples/s
  step   550/1756 | loss 2.8681 | data 0.1 ms | step 18.2 ms | 28130.6 samples/s
  step   600/1756 | loss 2.7031 | data 0.1 ms | step 19.7 ms | 26011.9 samples/s
  step   650/1756 | loss 2.9615 | data 0.1 ms | step 18.5 ms | 27710.5 samples/s
  step   700/1756 | loss 2.9632 | data 0.1 ms | step 19.7 ms | 26021.0 samples/s
  step   750/1756 | loss 2.7659 | data 0.1 ms | step 18.2 ms | 28162.3 samples/s
  step   800/1756 | loss 2.6772 | data 0.1 ms | step 19.5 ms | 26323.3 samples/s
  step   850/1756 | loss 2.8054 | data 0.1 ms | step 18.5 ms | 27726.8 samples/s
  step   900/1756 | loss 2.4963 | data 0.1 ms | step 19.5 ms | 26277.6 samples/s
  step   950/1756 | loss 2.7776 | data 0.1 ms | step 18.5 ms | 27749.6 samples/s
  step  1000/1756 | loss 2.9586 | data 0.1 ms | step 19.7 ms | 25946.6 samples/s
  step  1050/1756 | loss 2.7565 | data 0.1 ms | step 18.4 ms | 27788.6 samples/s
  step  1100/1756 | loss 2.7795 | data 0.1 ms | step 19.7 ms | 26002.5 samples/s
  step  1150/1756 | loss 2.7117 | data 0.1 ms | step 18.4 ms | 27774.6 samples/s
  step  1200/1756 | loss 2.5150 | data 0.1 ms | step 19.3 ms | 26502.5 samples/s
  step  1250/1756 | loss 2.4767 | data 0.1 ms | step 18.4 ms | 27816.5 samples/s
  step  1300/1756 | loss 2.5607 | data 0.1 ms | step 19.4 ms | 26325.8 samples/s
  step  1350/1756 | loss 2.7907 | data 0.1 ms | step 18.2 ms | 28150.8 samples/s
  step  1400/1756 | loss 2.8779 | data 0.1 ms | step 19.6 ms | 26187.8 samples/s
  step  1450/1756 | loss 3.0817 | data 0.1 ms | step 18.2 ms | 28060.6 samples/s
  step  1500/1756 | loss 2.4219 | data 0.1 ms | step 19.5 ms | 26244.1 samples/s
  step  1550/1756 | loss 2.6148 | data 0.1 ms | step 18.2 ms | 28096.0 samples/s
  step  1600/1756 | loss 2.6098 | data 0.1 ms | step 19.7 ms | 25952.4 samples/s
  step  1650/1756 | loss 2.8639 | data 0.1 ms | step 18.2 ms | 28108.1 samples/s
  step  1700/1756 | loss 3.0568 | data 0.1 ms | step 19.3 ms | 26547.9 samples/s
  step  1750/1756 | loss 2.6102 | data 0.6 ms | step 18.2 ms | 28115.3 samples/s
Training Loss: 2.762441 | 27058.3 samples/s
Peak GPU memory: 918.2 MB
Validation Loss: 2.614144 | 83063.6 samples/s

Epoch 33/100
----------------------------------------
Learning Rate: 0.000073
  step    50/1756 | loss 2.5923 | data 0.7 ms | step 17.1 ms | 29979.4 samples/s
  step   100/1756 | loss 2.7814 | data 0.1 ms | step 14.2 ms | 36044.2 samples/s
  step   150/1756 | loss 2.8059 | data 0.1 ms | step 15.9 ms | 32224.5 samples/s
  step   200/1756 | loss 2.5807 | data 0.1 ms | step 14.2 ms | 36167.1 samples/s
  step   250/1756 | loss 2.6285 | data 0.1 ms | step 15.6 ms | 32725.4 samples/s
  step   300/1756 | loss 2.6609 | data 0.1 ms | step 14.4 ms | 35666.1 samples/s
  step   350/1756 | loss 2.5588 | data 0.1 ms | step 14.1 ms | 36204.3 samples/s
  step   400/1756 | loss 2.8701 | data 0.1 ms | step 15.9 ms | 32250.2 samples/s
  step   450/1756 | loss 2.6004 | data 0.1 ms | step 14.2 ms | 36008.7 samples/s
  step   500/1756 | loss 2.7611 | data 0.1 ms | step 19.4 ms | 26346.7 samples/s
  step   550/1756 | loss 2.7289 | data 0.1 ms | step 18.3 ms | 28054.3 samples/s
  step   600/1756 | loss 2.7757 | data 0.1 ms | step 19.5 ms | 26285.3 samples/s
  step   650/1756 | loss 2.9269 | data 0.1 ms | step 18.4 ms | 27768.7 samples/s
  step   700/1756 | loss 3.0605 | data 0.1 ms | step 19.7 ms | 25950.4 samples/s
  step   750/1756 | loss 2.7945 | data 0.1 ms | step 18.4 ms | 27773.8 samples/s
  step   800/1756 | loss 2.5786 | data 0.1 ms | step 19.7 ms | 25970.9 samples/s
  step   850/1756 | loss 2.8969 | data 0.1 ms | step 18.4 ms | 27757.8 samples/s
  step   900/1756 | loss 2.5542 | data 0.1 ms | step 19.5 ms | 26313.0 samples/s
  step   950/1756 | loss 2.7987 | data 0.1 ms | step 18.2 ms | 28129.6 samples/s
  step  1000/1756 | loss 2.7183 | data 0.1 ms | step 19.5 ms | 26293.6 samples/s
  step  1050/1756 | loss 2.8136 | data 0.1 ms | step 17.8 ms | 28712.1 samples/s
  step  1100/1756 | loss 2.7655 | data 0.1 ms | step 19.5 ms | 26307.6 samples/s
  step  1150/1756 | loss 2.9671 | data 0.1 ms | step 18.4 ms | 27794.4 samples/s
  step  1200/1756 | loss 2.6367 | data 0.1 ms | step 19.3 ms | 26508.4 samples/s
  step  1250/1756 | loss 2.8052 | data 0.1 ms | step 18.4 ms | 27774.6 samples/s
  step  1300/1756 | loss 2.6489 | data 0.1 ms | step 19.8 ms | 25905.0 samples/s
  step  1350/1756 | loss 2.3978 | data 0.1 ms | step 18.2 ms | 28093.7 samples/s
  step  1400/1756 | loss 2.3624 | data 0.1 ms | step 19.5 ms | 26208.6 samples/s
  step  1450/1756 | loss 2.8066 | data 0.1 ms | step 18.5 ms | 27709.2 samples/s
  step  1500/1756 | loss 2.8114 | data 0.1 ms | step 19.3 ms | 26528.9 samples/s
  step  1550/1756 | loss 2.5326 | data 0.1 ms | step 18.5 ms | 27726.8 samples/s
  step  1600/1756 | loss 2.8270 | data 0.1 ms | step 19.7 ms | 25996.9 samples/s
  step  1650/1756 | loss 2.6086 | data 0.1 ms | step 18.2 ms | 28063.5 samples/s
  step  1700/1756 | loss 2.5118 | data 0.1 ms | step 19.2 ms | 26615.0 samples/s
  step  1750/1756 | loss 2.5808 | data 0.6 ms | step 18.4 ms | 27785.3 samples/s
Training Loss: 2.707356 | 28550.4 samples/s
Peak GPU memory: 918.2 MB
Validation Loss: 2.658423 | 80955.8 samples/s

Epoch 34/100
----------------------------------------
Learning Rate: 0.000073
  step    50/1756 | loss 2.5119 | data 0.6 ms | step 19.4 ms | 26360.9 samples/s
  step   100/1756 | loss 2.5887 | data 0.1 ms | step 18.3 ms | 27995.5 samples/s
  step   150/1756 | loss 2.9048 | data 0.1 ms | step 19.7 ms | 25970.9 samples/s
  step   200/1756 | loss 2.5630 | data 0.1 ms | step 18.4 ms | 27776.6 samples/s
  step   250/1756 | loss 2.8099 | data 0.1 ms | step 19.8 ms | 25916.9 samples/s
  step   300/1756 | loss 2.5940 | data 0.1 ms | step 18.0 ms | 28465.4 samples/s
  step   350/1756 | loss 2.5521 | data 0.1 ms | step 19.7 ms | 25999.2 samples/s
  step   400/1756 | loss 2.6043 | data 0.1 ms | step 18.4 ms | 27763.9 samples/s
  step   450/1756 | loss 2.7155 | data 0.1 ms | step 19.5 ms | 26220.6 samples/s
  step   500/1756 | loss 2.8529 | data 0.1 ms | step 18.5 ms | 27740.9 samples/s
  step   550/1756 | loss 2.6759 | data 0.1 ms | step 19.6 ms | 26162.6 samples/s
  step   600/1756 | loss 2.4107 | data 0.1 ms | step 18.5 ms | 27728.4 samples/s
  step   650/1756 | loss 2.6050 | data 0.1 ms | step 19.8 ms | 25865.5 samples/s
  step   700/1756 | loss 2.4886 | data 0.1 ms | step 18.1 ms | 28220.8 samples/s
  step   750/1756 | loss 2.8153 | data 0.1 ms | step 19.3 ms | 26590.7 samples/s
  step   800/1756 | loss 2.6997 | data 0.1 ms | step 18.6 ms | 27480.0 samples/s
  step   850/1756 | loss 2.4405 | data 0.1 ms | step 19.5 ms | 26230.9 samples/s
  step   900/1756 | loss 2.6196 | data 0.1 ms | step 18.5 ms | 27712.5 samples/s
  step   950/1756 | loss 2.8293 | data 0.1 ms | step 18.3 ms | 27925.0 samples/s
  step  1000/1756 | loss 2.5139 | data 0.1 ms | step 19.0 ms | 26923.8 samples/s
  step  1050/1756 | loss 2.6365 | data 0.1 ms | step 18.4 ms | 27877.9 samples/s
  step  1100/1756 | loss 2.5914 | data 0.1 ms | step 19.6 ms | 26129.5 samples/s
  step  1150/1756 | loss 2.6244 | data 0.1 ms | step 17.7 ms | 28846.5 samples/s
  step  1200/1756 | loss 2.6209 | data 0.1 ms | step 19.7 ms | 25953.1 samples/s
  step  1250/1756 | loss 2.6859 | data 0.1 ms | step 18.2 ms | 28148.3 samples/s
  step  1300/1756 | loss 2.8352 | data 0.1 ms | step 19.7 ms | 25958.1 samples/s
  step  1350/1756 | loss 2.6339 | data 0.1 ms | step 18.5 ms | 27748.6 samples/s
  step  1400/1756 | loss 2.6245 | data 0.1 ms | step 19.5 ms | 26229.7 samples/s
  step  1450/1756 | loss 2.5708 | data 0.1 ms | step 18.5 ms | 27709.9 samples/s
  step  1500/1756 | loss 2.5864 | data 0.1 ms | step 19.7 ms | 26030.6 samples/s
  step  1550/1756 | loss 2.6365 | data 0.1 ms | step 18.4 ms | 27867.4 samples/s
  step  1600/1756 | loss 2.6764 | data 0.1 ms | step 19.6 ms | 26142.1 samples/s
  step  1650/1756 | loss 2.5609 | data 0.1 ms | step 18.2 ms | 28094.8 samples/s
  step  1700/1756 | loss 2.6947 | data 0.1 ms | step 19.6 ms | 26135.2 samples/s
  step  1750/1756 | loss 2.3960 | data 0.6 ms | step 18.2 ms | 28056.3 samples/s
Training Loss: 2.632924 | 27032.2 samples/s
Peak GPU memory: 918.2 MB
Validation Loss: 2.601175 | 83547.7 samples/s

Epoch 35/100
----------------------------------------
Learning Rate: 0.000073
  step    50/1756 | loss 2.6626 | data 0.6 ms | step 19.3 ms | 26579.8 samples/s
  step   100/1756 | loss 2.6140 | data 0.1 ms | step 18.0 ms | 28508.4 samples/s
  step   150/1756 | loss 2.6390 | data 0.1 ms | step 19.6 ms | 26142.5 samples/s
  step   200/1756 | loss 2.7356 | data 0.1 ms | step 17.5 ms | 29233.9 samples/s
  step   250/1756 | loss 2.7151 | data 0.1 ms | step 16.9 ms | 30344.6 samples/s
  step   300/1756 | loss 2.8083 | data 0.1 ms | step 14.2 ms | 36116.8 samples/s
  step   350/1756 | loss 2.4991 | data 0.1 ms | step 15.9 ms | 32261.7 samples/s
  step   400/1756 | loss 2.5469 | data 0.1 ms | step 14.2 ms | 36151.3 samples/s
  step   450/1756 | loss 2.6297 | data 0.1 ms | step 15.8 ms | 32317.3 samples/s
  step   500/1756 | loss 2.9544 | data 0.1 ms | step 14.1 ms | 36245.7 samples/s
  step   550/1756 | loss 2.5620 | data 0.1 ms | step 15.0 ms | 34106.0 samples/s
  step   600/1756 | loss 2.4535 | data 0.1 ms | step 15.0 ms | 34107.9 samples/s
  step   650/1756 | loss 2.5436 | data 0.1 ms | step 14.5 ms | 35374.8 samples/s
  step   700/1756 | loss 2.4697 | data 0.1 ms | step 19.5 ms | 26285.7 samples/s
  step   750/1756 | loss 2.5685 | data 0.1 ms | step 18.6 ms | 27575.8 samples/s
  step   800/1756 | loss 2.4885 | data 0.1 ms | step 19.4 ms | 26369.9 samples/s
  step   850/1756 | loss 2.6928 | data 0.1 ms | step 18.2 ms | 28103.4 samples/s
  step   900/1756 | loss 2.6284 | data 0.1 ms | step 19.8 ms | 25889.9 samples/s
  step   950/1756 | loss 2.4101 | data 0.1 ms | step 18.4 ms | 27797.7 samples/s
  step  1000/1756 | loss 2.5137 | data 0.1 ms | step 19.5 ms | 26215.0 samples/s
  step  1050/1756 | loss 2.5538 | data 0.1 ms | step 18.2 ms | 28061.6 samples/s
  step  1100/1756 | loss 2.4145 | data 0.1 ms | step 19.6 ms | 26160.5 samples/s
  step  1150/1756 | loss 2.3666 | data 0.1 ms | step 18.4 ms | 27895.0 samples/s
  step  1200/1756 | loss 2.7109 | data 0.1 ms | step 19.7 ms | 25943.2 samples/s
  step  1250/1756 | loss 2.6777 | data 0.1 ms | step 18.2 ms | 28072.7 samples/s
  step  1300/1756 | loss 2.4638 | data 0.1 ms | step 19.7 ms | 25929.1 samples/s
  step  1350/1756 | loss 2.6113 | data 0.1 ms | step 18.2 ms | 28058.0 samples/s
  step  1400/1756 | loss 2.5038 | data 0.1 ms | step 19.5 ms | 26309.4 samples/s
  step  1450/1756 | loss 2.6081 | data 0.1 ms | step 18.2 ms | 28066.2 samples/s
  step  1500/1756 | loss 2.4166 | data 0.1 ms | step 19.7 ms | 25949.2 samples/s
  step  1550/1756 | loss 2.6521 | data 0.1 ms | step 18.5 ms | 27747.8 samples/s
  step  1600/1756 | loss 2.6511 | data 0.1 ms | step 19.6 ms | 26178.0 samples/s
  step  1650/1756 | loss 2.8634 | data 0.1 ms | step 18.5 ms | 27692.4 samples/s
  step  1700/1756 | loss 2.6307 | data 0.1 ms | step 19.5 ms | 26269.1 samples/s
  step  1750/1756 | loss 2.6684 | data 0.6 ms | step 18.4 ms | 27840.0 samples/s
Training Loss: 2.597894 | 28560.1 samples/s
Peak GPU memory: 918.2 MB
Validation Loss: 2.647487 | 82205.5 samples/s

Epoch 36/100
----------------------------------------
Learning Rate: 0.000073
  step    50/1756 | loss 2.4447 | data 0.6 ms | step 19.7 ms | 26053.4 samples/s
  step   100/1756 | loss 2.4842 | data 0.1 ms | step 18.4 ms | 27753.6 samples/s
  step   150/1756 | loss 2.4390 | data 0.1 ms | step 19.8 ms | 25883.5 samples/s
  step   200/1756 | loss 2.5853 | data 0.1 ms | step 18.5 ms | 27726.3 samples/s
  step   250/1756 | loss 2.4185 | data 0.1 ms | step 19.7 ms | 25950.7 samples/s
  step   300/1756 | loss 2.6262 | data 0.1 ms | step 18.3 ms | 28051.0 samples/s
  step   350/1756 | loss 2.4878 | data 0.1 ms | step 19.5 ms | 26251.1 samples/s
  step   400/1756 | loss 2.3745 | data 0.1 ms | step 18.4 ms | 27800.1 samples/s
  step   450/1756 | loss 2.6317 | data 0.1 ms | step 19.7 ms | 25940.9 samples/s
  step   500/1756 | loss 2.5665 | data 0.1 ms | step 18.2 ms | 28104.1 samples/s
  step   550/1756 | loss 2.6766 | data 0.1 ms | step 19.7 ms | 25950.5 samples/s
  step   600/1756 | loss 2.5794 | data 0.1 ms | step 18.5 ms | 27747.1 samples/s
  step   650/1756 | loss 2.5392 | data 0.1 ms | step 19.8 ms | 25876.0 samples/s
  step   700/1756 | loss 2.6515 | data 0.1 ms | step 18.5 ms | 27698.3 samples/s
  step   750/1756 | loss 2.5937 | data 0.1 ms | step 19.5 ms | 26268.1 samples/s
  step   800/1756 | loss 2.4374 | data 0.1 ms | step 18.5 ms | 27726.8 samples/s
  step   850/1756 | loss 2.4124 | data 0.1 ms | step 19.5 ms | 26215.1 samples/s
  step   900/1756 | loss 2.5198 | data 0.1 ms | step 18.4 ms | 27775.7 samples/s
  step   950/1756 | loss 2.7415 | data 0.1 ms | step 19.7 ms | 25953.0 samples/s
  step  1000/1756 | loss 2.4300 | data 0.1 ms | step 18.3 ms | 28038.4 samples/s
  step  1050/1756 | loss 2.5169 | data 0.1 ms | step 19.6 ms | 26141.1 samples/s
  step  1100/1756 | loss 2.7345 | data 0.1 ms | step 18.5 ms | 27735.8 samples/s
  step  1150/1756 | loss 2.2202 | data 0.1 ms | step 19.5 ms | 26213.7 samples/s
  step  1200/1756 | loss 2.5948 | data 0.1 ms | step 18.4 ms | 27765.6 samples/s
  step  1250/1756 | loss 2.2826 | data 0.1 ms | step 19.7 ms | 25998.5 samples/s
  step  1300/1756 | loss 2.5387 | data 0.1 ms | step 18.0 ms | 28472.5 samples/s
  step  1350/1756 | loss 2.6891 | data 0.1 ms | step 19.5 ms | 26273.5 samples/s
  step  1400/1756 | loss 2.6506 | data 0.1 ms | step 18.3 ms | 28054.3 samples/s
  step  1450/1756 | loss 2.6731 | data 0.1 ms | step 19.7 ms | 26025.0 samples/s
  step  1500/1756 | loss 2.6246 | data 0.1 ms | step 18.5 ms | 27748.9 samples/s
  step  1550/1756 | loss 2.5390 | data 0.1 ms | step 19.7 ms | 25977.0 samples/s
  step  1600/1756 | loss 2.4492 | data 0.1 ms | step 18.2 ms | 28111.7 samples/s
  step  1650/1756 | loss 2.5004 | data 0.1 ms | step 19.5 ms | 26294.0 samples/s
  step  1700/1756 | loss 2.6170 | data 0.1 ms | step 18.5 ms | 27707.8 samples/s
  step  1750/1756 | loss 2.3806 | data 0.6 ms | step 19.5 ms | 26206.4 samples/s
Training Loss: 2.533589 | 26925.4 samples/s
Peak GPU memory: 918.2 MB
Validation Loss: 2.626294 | 82907.2 samples/s

Epoch 37/100
----------------------------------------
Learning Rate: 0.000073
  step    50/1756 | loss 2.3631 | data 0.7 ms | step 19.7 ms | 25936.4 samples/s
  step   100/1756 | loss 2.5318 | data 0.1 ms | step 18.2 ms | 28056.1 samples/s
  step   150/1756 | loss 2.6149 | data 0.1 ms | step 19.5 ms | 26269.1 samples/s
  step   200/1756 | loss 2.5962 | data 0.1 ms | step 18.5 ms | 27697.2 samples/s
  step   250/1756 | loss 2.3139 | data 0.1 ms | step 19.7 ms | 25943.4 samples/s
  step   300/1756 | loss 2.5904 | data 0.1 ms | step 18.2 ms | 28113.3 samples/s
  step   350/1756 | loss 2.5859 | data 0.1 ms | step 19.7 ms | 25967.7 samples/s
  step   400/1756 | loss 2.4358 | data 0.1 ms | step 17.2 ms | 29839.1 samples/s
  step   450/1756 | loss 2.7339 | data 0.1 ms | step 15.6 ms | 32857.9 samples/s
  step   500/1756 | loss 2.9473 | data 0.1 ms | step 14.1 ms | 36255.8 samples/s
  step   550/1756 | loss 2.8104 | data 0.1 ms | step 15.9 ms | 32181.7 samples/s
  step   600/1756 | loss 2.3042 | data 0.1 ms | step 14.1 ms | 36245.7 samples/s
  step   650/1756 | loss 2.4762 | data 0.1 ms | step 15.9 ms | 32198.1 samples/s
  step   700/1756 | loss 2.2678 | data 0.1 ms | step 14.1 ms | 36202.4 samples/s
  step   750/1756 | loss 2.6618 | data 0.1 ms | step 15.9 ms | 32207.9 samples/s
  step   800/1756 | loss 2.5424 | data 0.1 ms | step 14.1 ms | 36197.4 samples/s
  step   850/1756 | loss 2.5509 | data 0.1 ms | step 17.3 ms | 29563.2 samples/s
  step   900/1756 | loss 2.5863 | data 0.1 ms | step 18.5 ms | 27697.8 samples/s
  step   950/1756 | loss 2.4856 | data 0.1 ms | step 19.8 ms | 25909.2 samples/s
  step  1000/1756 | loss 2.5707 | data 0.1 ms | step 18.4 ms | 27784.6 samples/s
  step  1050/1756 | loss 2.6891 | data 0.1 ms | step 19.3 ms | 26511.9 samples/s
  step  1100/1756 | loss 2.5852 | data 0.1 ms | step 18.5 ms | 27666.8 samples/s
  step  1150/1756 | loss 2.4662 | data 0.1 ms | step 19.7 ms | 25947.3 samples/s
  step  1200/1756 | loss 2.4643 | data 0.1 ms | step 18.2 ms | 28115.6 samples/s
  step  1250/1756 | loss 2.5546 | data 0.1 ms | step 19.7 ms | 26017.6 samples/s
  step  1300/1756 | loss 2.4598 | data 0.1 ms | step 18.5 ms | 27724.4 samples/s
  step  1350/1756 | loss 2.4361 | data 0.1 ms | step 19.7 ms | 25993.4 samples/s
  step  1400/1756 | loss 2.4346 | data 0.1 ms | step 18.3 ms | 28033.2 samples/s
  step  1450/1756 | loss 2.3694 | data 0.1 ms | step 19.8 ms | 25908.4 samples/s
  step  1500/1756 | loss 2.3674 | data 0.1 ms | step 18.4 ms | 27781.6 samples/s
  step  1550/1756 | loss 2.4113 | data 0.1 ms | step 19.7 ms | 25994.7 samples/s
  step  1600/1756 | loss 2.4963 | data 0.1 ms | step 18.2 ms | 28140.9 samples/s
  step  1650/1756 | loss 2.4487 | data 0.1 ms | step 19.7 ms | 25926.1 samples/s
  step  1700/1756 | loss 2.3140 | data 0.1 ms | step 18.2 ms | 28151.1 samples/s
  step  1750/1756 | loss 2.4804 | data 0.6 ms | step 19.4 ms | 26350.4 samples/s
Training Loss: 2.512467 | 28440.7 samples/s
Peak GPU memory: 918.2 MB
Validation Loss: 2.595528 | 85394.4 samples/s

Epoch 38/100
----------------------------------------
Learning Rate: 0.000073
  step    50/1756 | loss 2.6174 | data 0.6 ms | step 19.2 ms | 26682.4 samples/s
  step   100/1756 | loss 2.3719 | data 0.1 ms | step 18.4 ms | 27756.0 samples/s
  step   150/1756 | loss 2.3664 | data 0.1 ms | step 19.5 ms | 26281.3 samples/s
  step   200/1756 | loss 2.4731 | data 0.1 ms | step 18.5 ms | 27744.5 samples/s
  step   250/1756 | loss 2.5384 | data 0.1 ms | step 19.5 ms | 26297.9 samples/s
  step   300/1756 | loss 2.4531 | data 0.1 ms | step 18.4 ms | 27757.6 samples/s
  step   350/1756 | loss 2.5136 | data 0.1 ms | step 19.5 ms | 26259.3 samples/s
  step   400/1756 | loss 2.5962 | data 0.1 ms | step 18.4 ms | 27758.1 samples/s
  step   450/1756 | loss 2.3655 | data 0.1 ms | step 19.5 ms | 26224.8 samples/s
  step   500/1756 | loss 2.6270 | data 0.1 ms | step 18.0 ms | 28508.3 samples/s
  step   550/1756 | loss 2.6342 | data 0.1 ms | step 19.7 ms | 26015.4 samples/s
  step   600/1756 | loss 2.2469 | data 0.1 ms | step 18.4 ms | 27783.5 samples/s
  step   650/1756 | loss 2.7338 | data 0.1 ms | step 19.5 ms | 26234.0 samples/s
  step   700/1756 | loss 2.7009 | data 0.1 ms | step 18.2 ms | 28100.8 samples/s
  step   750/1756 | loss 2.4297 | data 0.1 ms | step 19.7 ms | 25990.3 samples/s
  step   800/1756 | loss 2.5884 | data 0.1 ms | step 18.5 ms | 27711.0 samples/s
  step   850/1756 | loss 2.6278 | data 0.1 ms | step 19.5 ms | 26279.2 samples/s
  step   900/1756 | loss 2.5428 | data 0.1 ms | step 18.5 ms | 27736.1 samples/s
  step   950/1756 | loss 2.4263 | data 0.1 ms | step 19.8 ms | 25921.7 samples/s
  step  1000/1756 | loss 2.4349 | data 0.1 ms | step 18.2 ms | 28073.8 samples/s
  step  1050/1756 | loss 2.4302 | data 0.1 ms | step 19.7 ms | 25970.8 samples/s
  step  1100/1756 | loss 2.3834 | data 0.1 ms | step 18.4 ms | 27765.1 samples/s
  step  1150/1756 | loss 2.5523 | data 0.1 ms | step 19.7 ms | 25993.1 samples/s
  step  1200/1756 | loss 2.6940 | data 0.1 ms | step 18.4 ms | 27803.5 samples/s
  step  1250/1756 | loss 2.4488 | data 0.1 ms | step 19.7 ms | 25989.1 samples/s
  step  1300/1756 | loss 2.5322 | data 0.1 ms | step 18.0 ms | 28434.9 samples/s
  step  1350/1756 | loss 2.6399 | data 0.1 ms | step 19.7 ms | 25967.1 samples/s
  step  1400/1756 | loss 2.4766 | data 0.1 ms | step 18.0 ms | 28448.0 samples/s
  step  1450/1756 | loss 2.5744 | data 0.1 ms | step 19.5 ms | 26274.2 samples/s
  step  1500/1756 | loss 2.5765 | data 0.1 ms | step 18.4 ms | 27792.2 samples/s
  step  1550/1756 | loss 2.4322 | data 0.1 ms | step 19.8 ms | 25863.8 samples/s
  step  1600/1756 | loss 2.4655 | data 0.1 ms | step 18.0 ms | 28483.4 samples/s
  step  1650/1756 | loss 2.4031 | data 0.1 ms | step 19.7 ms | 25988.4 samples/s
  step  1700/1756 | loss 2.2590 | data 0.1 ms | step 18.4 ms | 27813.1 samples/s
  step  1750/1756 | loss 2.2369 | data 0.6 ms | step 19.7 ms | 26017.2 samples/s
Training Loss: 2.496103 | 26987.0 samples/s
Peak GPU memory: 918.2 MB
Validation Loss: 2.477672 | 82027.5 samples/s

Epoch 39/100
----------------------------------------
Learning Rate: 0.000073
  step    50/1756 | loss 2.3511 | data 0.6 ms | step 18.1 ms | 28357.8 samples/s
  step   100/1756 | loss 2.4892 | data 0.1 ms | step 19.7 ms | 25950.3 samples/s
  step   150/1756 | loss 2.5342 | data 0.1 ms | step 18.5 ms | 27748.2 samples/s
  step   200/1756 | loss 2.3727 | data 0.1 ms | step 19.7 ms | 26032.6 samples/s
  step   250/1756 | loss 2.3237 | data 0.1 ms | step 17.8 ms | 28752.9 samples/s
  step   300/1756 | loss 2.3418 | data 0.1 ms | step 19.2 ms | 26631.9 samples/s
  step   350/1756 | loss 2.4477 | data 0.1 ms | step 18.2 ms | 28074.8 samples/s
  step   400/1756 | loss 2.3618 | data 0.1 ms | step 19.7 ms | 25988.7 samples/s
  step   450/1756 | loss 2.3948 | data 0.1 ms | step 18.4 ms | 27794.6 samples/s
  step   500/1756 | loss 2.5424 | data 0.1 ms | step 19.2 ms | 26641.2 samples/s
  step   550/1756 | loss 2.3653 | data 0.1 ms | step 17.8 ms | 28743.3 samples/s
  step   600/1756 | loss 2.6182 | data 0.1 ms | step 18.1 ms | 28294.9 samples/s
  step   650/1756 | loss 2.3921 | data 0.1 ms | step 14.2 ms | 36138.6 samples/s
  step   700/1756 | loss 2.6338 | data 0.1 ms | step 15.8 ms | 32397.2 samples/s
  step   750/1756 | loss 2.5654 | data 0.1 ms | step 14.2 ms | 36136.7 samples/s
  step   800/1756 | loss 2.3484 | data 0.1 ms | step 14.1 ms | 36237.4 samples/s
  step   850/1756 | loss 2.5670 | data 0.1 ms | step 15.9 ms | 32199.3 samples/s
  step   900/1756 | loss 2.4764 | data 0.1 ms | step 14.2 ms | 36163.2 samples/s
  step   950/1756 | loss 2.3932 | data 0.1 ms | step 15.9 ms | 32254.5 samples/s
  step  1000/1756 | loss 2.4087 | data 0.1 ms | step 14.1 ms | 36331.4 samples/s
  step  1050/1756 | loss 2.4939 | data 0.1 ms | step 18.2 ms | 28068.0 samples/s
  step  1100/1756 | loss 2.4399 | data 0.1 ms | step 18.0 ms | 28447.0 samples/s
  step  1150/1756 | loss 2.5596 | data 0.1 ms | step 19.5 ms | 26242.5 samples/s
  step  1200/1756 | loss 2.4078 | data 0.1 ms | step 18.5 ms | 27652.8 samples/s
  step  1250/1756 | loss 2.4846 | data 0.1 ms | step 19.7 ms | 26001.5 samples/s
  step  1300/1756 | loss 2.3759 | data 0.1 ms | step 18.4 ms | 27756.3 samples/s
  step  1350/1756 | loss 2.4975 | data 0.1 ms | step 19.7 ms | 25967.3 samples/s
  step  1400/1756 | loss 2.3193 | data 0.1 ms | step 18.2 ms | 28101.3 samples/s
  step  1450/1756 | loss 2.3985 | data 0.1 ms | step 19.7 ms | 25948.1 samples/s
  step  1500/1756 | loss 2.4316 | data 0.1 ms | step 18.2 ms | 28119.4 samples/s
  step  1550/1756 | loss 2.5446 | data 0.1 ms | step 19.7 ms | 25984.1 samples/s
  step  1600/1756 | loss 2.4090 | data 0.1 ms | step 18.4 ms | 27764.1 samples/s
  step  1650/1756 | loss 2.2338 | data 0.1 ms | step 19.7 ms | 25954.1 samples/s
  step  1700/1756 | loss 2.4435 | data 0.1 ms | step 18.4 ms | 27765.6 samples/s
  step  1750/1756 | loss 2.5210 | data 0.6 ms | step 19.6 ms | 26060.7 samples/s
Training Loss: 2.444131 | 28576.9 samples/s
Peak GPU memory: 918.2 MB
Validation Loss: 2.423630 | 81524.5 samples/s

Epoch 40/100
----------------------------------------
Learning Rate: 0.000073
  step    50/1756 | loss 2.3250 | data 0.6 ms | step 18.2 ms | 28118.8 samples/s
  step   100/1756 | loss 2.4664 | data 0.1 ms | step 19.5 ms | 26195.3 samples/s
  step   150/1756 | loss 2.6424 | data 0.1 ms | step 18.5 ms | 27701.8 samples/s
  step   200/1756 | loss 2.7591 | data 0.1 ms | step 19.7 ms | 25945.5 samples/s
  step   250/1756 | loss 2.6838 | data 0.1 ms | step 18.4 ms | 27834.6 samples/s
  step   300/1756 | loss 2.4530 | data 0.1 ms | step 19.8 ms | 25912.6 samples/s
  step   350/1756 | loss 2.6039 | data 0.1 ms | step 18.5 ms | 27715.0 samples/s
  step   400/1756 | loss 2.2016 | data 0.1 ms | step 19.7 ms | 25970.9 samples/s
  step   450/1756 | loss 2.3640 | data 0.1 ms | step 18.3 ms | 28017.6 samples/s
  step   500/1756 | loss 2.4224 | data 0.1 ms | step 19.5 ms | 26270.2 samples/s
  step   550/1756 | loss 2.5859 | data 0.1 ms | step 18.5 ms | 27677.7 samples/s
  step   600/1756 | loss 2.4296 | data 0.1 ms | step 19.8 ms | 25919.2 samples/s
  step   650/1756 | loss 2.4642 | data 0.1 ms | step 18.2 ms | 28078.9 samples/s
  step   700/1756 | loss 2.1593 | data 0.1 ms | step 19.5 ms | 26220.1 samples/s
  step   750/1756 | loss 2.5039 | data 0.1 ms | step 18.2 ms | 28187.0 samples/s
  step   800/1756 | loss 2.3973 | data 0.1 ms | step 19.5 ms | 26208.6 samples/s
  step   850/1756 | loss 2.4306 | data 0.1 ms | step 18.5 ms | 27689.5 samples/s
  step   900/1756 | loss 2.3299 | data 0.1 ms | step 19.7 ms | 25997.2 samples/s
  step   950/1756 | loss 2.5511 | data 0.1 ms | step 18.4 ms | 27778.8 samples/s
  step  1000/1756 | loss 2.3294 | data 0.1 ms | step 19.4 ms | 26425.6 samples/s
  step  1050/1756 | loss 2.3560 | data 0.1 ms | step 18.7 ms | 27442.6 samples/s
  step  1100/1756 | loss 2.0903 | data 0.1 ms | step 19.4 ms | 26449.5 samples/s
  step  1150/1756 | loss 2.3268 | data 0.1 ms | step 18.4 ms | 27775.1 samples/s
  step  1200/1756 | loss 2.4177 | data 0.1 ms | step 19.0 ms | 26975.9 samples/s
  step  1250/1756 | loss 2.7267 | data 0.1 ms | step 19.2 ms | 26699.6 samples/s
  step  1300/1756 | loss 2.2802 | data 0.1 ms | step 19.0 ms | 26959.6 samples/s
  step  1350/1756 | loss 2.5335 | data 0.1 ms | step 18.9 ms | 27042.3 samples/s
  step  1400/1756 | loss 2.4763 | data 0.1 ms | step 18.6 ms | 27502.1 samples/s
  step  1450/1756 | loss 2.5181 | data 0.1 ms | step 19.5 ms | 26231.9 samples/s
  step  1500/1756 | loss 2.5142 | data 0.1 ms | step 18.3 ms | 27941.5 samples/s
  step  1550/1756 | loss 2.3079 | data 0.1 ms | step 19.4 ms | 26445.4 samples/s
  step  1600/1756 | loss 2.4555 | data 0.1 ms | step 18.2 ms | 28129.1 samples/s
  step  1650/1756 | loss 2.4685 | data 0.1 ms | step 19.5 ms | 26286.7 samples/s
  step  1700/1756 | loss 2.4798 | data 0.1 ms | step 18.2 ms | 28163.6 samples/s
  step  1750/1756 | loss 2.3158 | data 0.6 ms | step 19.6 ms | 26073.3 samples/s
Training Loss: 2.439012 | 27000.1 samples/s
Peak GPU memory: 918.2 MB
Validation Loss: 2.447958 | 82948.0 samples/s

Epoch 41/100
----------------------------------------
Learning Rate: 0.000066
  step    50/1756 | loss 2.2883 | data 0.6 ms | step 18.2 ms | 28066.9 samples/s
  step   100/1756 | loss 2.3207 | data 0.1 ms | step 19.7 ms | 26018.3 samples/s
  step   150/1756 | loss 2.1903 | data 0.1 ms | step 18.5 ms | 27742.9 samples/s
  step   200/1756 | loss 2.4216 | data 0.1 ms | step 19.7 ms | 26002.9 samples/s
  step   250/1756 | loss 2.3348 | data 0.1 ms | step 18.4 ms | 27809.7 samples/s
  step   300/1756 | loss 2.6092 | data 0.1 ms | step 19.8 ms | 25920.9 samples/s
  step   350/1756 | loss 2.5217 | data 0.1 ms | step 18.2 ms | 28126.2 samples/s
  step   400/1756 | loss 2.3652 | data 0.1 ms | step 19.5 ms | 26226.0 samples/s
  step   450/1756 | loss 2.3656 | data 0.1 ms | step 18.2 ms | 28149.4 samples/s
  step   500/1756 | loss 2.3292 | data 0.1 ms | step 19.7 ms | 25933.6 samples/s
  step   550/1756 | loss 2.4462 | data 0.1 ms | step 18.4 ms | 27764.9 samples/s
  step   600/1756 | loss 2.4469 | data 0.1 ms | step 19.7 ms | 25993.0 samples/s
  step   650/1756 | loss 2.3686 | data 0.1 ms | step 18.4 ms | 27766.7 samples/s
  step   700/1756 | loss 2.1937 | data 0.1 ms | step 19.5 ms | 26315.8 samples/s
  step   750/1756 | loss 2.2699 | data 0.1 ms | step 17.3 ms | 29544.8 samples/s
  step   800/1756 | loss 2.6752 | data 0.1 ms | step 17.1 ms | 29988.9 samples/s
  step   850/1756 | loss 2.4275 | data 0.1 ms | step 14.1 ms | 36200.9 samples/s
  step   900/1756 | loss 2.2990 | data 0.1 ms | step 15.8 ms | 32308.0 samples/s
  step   950/1756 | loss 2.2271 | data 0.1 ms | step 14.1 ms | 36205.1 samples/s
  step  1000/1756 | loss 2.3534 | data 0.1 ms | step 15.9 ms | 32272.0 samples/s
  step  1050/1756 | loss 2.1273 | data 0.1 ms | step 14.1 ms | 36195.9 samples/s
  step  1100/1756 | loss 2.3970 | data 0.1 ms | step 14.9 ms | 34460.4 samples/s
  step  1150/1756 | loss 2.1758 | data 0.1 ms | step 15.2 ms | 33733.5 samples/s
  step  1200/1756 | loss 2.1459 | data 0.1 ms | step 14.3 ms | 35874.8 samples/s
  step  1250/1756 | loss 2.2568 | data 0.1 ms | step 19.5 ms | 26310.0 samples/s
  step  1300/1756 | loss 2.1876 | data 0.1 ms | step 18.0 ms | 28414.6 samples/s
  step  1350/1756 | loss 2.2872 | data 0.1 ms | step 19.7 ms | 26004.9 samples/s
  step  1400/1756 | loss 2.5333 | data 0.1 ms | step 18.4 ms | 27809.7 samples/s
  step  1450/1756 | loss 2.4450 | data 0.1 ms | step 19.4 ms | 26345.9 samples/s
  step  1500/1756 | loss 2.3273 | data 0.1 ms | step 18.4 ms | 27822.2 samples/s
  step  1550/1756 | loss 2.4080 | data 0.1 ms | step 19.7 ms | 25989.7 samples/s
  step  1600/1756 | loss 2.3877 | data 0.1 ms | step 18.4 ms | 27768.2 samples/s
  step  1650/1756 | loss 2.1478 | data 0.1 ms | step 19.5 ms | 26257.3 samples/s
  step  1700/1756 | loss 2.3521 | data 0.1 ms | step 18.2 ms | 28134.3 samples/s
  step  1750/1756 | loss 2.3989 | data 0.6 ms | step 19.7 ms | 25989.2 samples/s
Training Loss: 2.344768 | 28542.4 samples/s
Peak GPU memory: 918.2 MB
Validation Loss: 2.383086 | 82549.6 samples/s

Epoch 42/100
----------------------------------------
Learning Rate: 0.000066
  step    50/1756 | loss 2.3694 | data 0.5 ms | step 17.9 ms | 28681.6 samples/s
  step   100/1756 | loss 2.4034 | data 0.1 ms | step 19.7 ms | 26006.3 samples/s
  step   150/1756 | loss 2.2077 | data 0.1 ms | step 18.4 ms | 27789.6 samples/s
  step   200/1756 | loss 2.2867 | data 0.1 ms | step 19.5 ms | 26247.2 samples/s
  step   250/1756 | loss 2.5659 | data 0.1 ms | step 18.2 ms | 28145.5 samples/s
  step   300/1756 | loss 2.4497 | data 0.1 ms | step 19.5 ms | 26226.4 samples/s
  step   350/1756 | loss 2.3292 | data 0.1 ms | step 18.4 ms | 27863.2 samples/s
  step   400/1756 | loss 2.2539 | data 0.1 ms | step 19.3 ms | 26501.5 samples/s
  step   450/1756 | loss 2.1602 | data 0.1 ms | step 18.2 ms | 28150.3 samples/s
  step   500/1756 | loss 2.4077 | data 0.1 ms | step 19.5 ms | 26281.3 samples/s
  step   550/1756 | loss 2.2237 | data 0.1 ms | step 18.3 ms | 28051.8 samples/s
  step   600/1756 | loss 2.4297 | data 0.1 ms | step 19.7 ms | 25932.9 samples/s
  step   650/1756 | loss 2.2269 | data 0.1 ms | step 18.4 ms | 27773.3 samples/s
  step   700/1756 | loss 2.2247 | data 0.1 ms | step 19.7 ms | 25984.4 samples/s
  step   750/1756 | loss 2.3369 | data 0.1 ms | step 18.2 ms | 28136.3 samples/s
  step   800/1756 | loss 2.4755 | data 0.1 ms | step 19.7 ms | 25952.0 samples/s
  step   850/1756 | loss 2.2895 | data 0.1 ms | step 18.2 ms | 28114.8 samples/s
  step   900/1756 | loss 2.1379 | data 0.1 ms | step 19.7 ms | 25925.2 samples/s
  step   950/1756 | loss 2.2585 | data 0.1 ms | step 18.2 ms | 28133.7 samples/s
  step  1000/1756 | loss 2.1593 | data 0.1 ms | step 19.6 ms | 26170.0 samples/s
  step  1050/1756 | loss 2.5324 | data 0.1 ms | step 18.2 ms | 28184.4 samples/s
  step  1100/1756 | loss 2.1803 | data 0.1 ms | step 19.7 ms | 25962.9 samples/s
  step  1150/1756 | loss 2.4577 | data 0.1 ms | step 18.4 ms | 27789.0 samples/s
  step  1200/1756 | loss 2.2479 | data 0.1 ms | step 19.5 ms | 26305.0 samples/s
  step  1250/1756 | loss 2.4103 | data 0.1 ms | step 18.0 ms | 28488.2 samples/s
  step  1300/1756 | loss 2.3246 | data 0.1 ms | step 19.3 ms | 26508.8 samples/s
  step  1350/1756 | loss 2.2498 | data 0.1 ms | step 18.2 ms | 28112.4 samples/s
  step  1400/1756 | loss 2.4615 | data 0.1 ms | step 19.5 ms | 26230.5 samples/s
  step  1450/1756 | loss 2.4851 | data 0.1 ms | step 18.4 ms | 27766.3 samples/s
  step  1500/1756 | loss 2.3460 | data 0.1 ms | step 19.5 ms | 26240.0 samples/s
  step  1550/1756 | loss 2.3071 | data 0.1 ms | step 18.0 ms | 28468.6 samples/s
  step  1600/1756 | loss 2.3964 | data 0.1 ms | step 19.7 ms | 25934.9 samples/s
  step  1650/1756 | loss 2.1604 | data 0.1 ms | step 18.0 ms | 28459.7 samples/s
  step  1700/1756 | loss 2.6383 | data 0.1 ms | step 19.7 ms | 25954.4 samples/s
  step  1750/1756 | loss 2.3059 | data 0.6 ms | step 18.4 ms | 27809.9 samples/s
Training Loss: 2.335117 | 27110.4 samples/s
Peak GPU memory: 918.2 MB
Validation Loss: 2.463020 | 82401.9 samples/s

Epoch 43/100
----------------------------------------
Learning Rate: 0.000066
  step    50/1756 | loss 2.2946 | data 0.6 ms | step 17.9 ms | 28539.9 samples/s
  step   100/1756 | loss 2.2506 | data 0.1 ms | step 19.7 ms | 25967.5 samples/s
  step   150/1756 | loss 2.4138 | data 0.1 ms | step 18.0 ms | 28461.6 samples/s
  step   200/1756 | loss 2.2507 | data 0.1 ms | step 19.7 ms | 25979.8 samples/s
  step   250/1756 | loss 2.2956 | data 0.1 ms | step 18.4 ms | 27750.9 samples/s
  step   300/1756 | loss 2.2226 | data 0.1 ms | step 19.4 ms | 26325.0 samples/s
  step   350/1756 | loss 2.4427 | data 0.1 ms | step 18.3 ms | 28045.4 samples/s
  step   400/1756 | loss 2.1739 | data 0.1 ms | step 19.3 ms | 26567.5 samples/s
  step   450/1756 | loss 2.3321 | data 0.1 ms | step 18.3 ms | 28051.6 samples/s
  step   500/1756 | loss 2.4609 | data 0.1 ms | step 19.7 ms | 25983.9 samples/s
  step   550/1756 | loss 2.1959 | data 0.1 ms | step 18.2 ms | 28141.5 samples/s
  step   600/1756 | loss 2.4014 | data 0.1 ms | step 19.5 ms | 26290.4 samples/s
  step   650/1756 | loss 2.4690 | data 0.1 ms | step 18.0 ms | 28502.1 samples/s
  step   700/1756 | loss 2.3115 | data 0.1 ms | step 19.7 ms | 25955.9 samples/s
  step   750/1756 | loss 2.4359 | data 0.1 ms | step 18.3 ms | 27980.0 samples/s
  step   800/1756 | loss 2.2189 | data 0.1 ms | step 19.4 ms | 26434.9 samples/s
  step   850/1756 | loss 2.5943 | data 0.1 ms | step 18.2 ms | 28174.2 samples/s
  step   900/1756 | loss 2.1740 | data 0.1 ms | step 19.7 ms | 25953.8 samples/s
  step   950/1756 | loss 2.1178 | data 0.1 ms | step 17.4 ms | 29480.8 samples/s
  step  1000/1756 | loss 2.4346 | data 0.1 ms | step 17.2 ms | 29704.1 samples/s
  step  1050/1756 | loss 2.3301 | data 0.1 ms | step 14.2 ms | 36080.2 samples/s
  step  1100/1756 | loss 2.2242 | data 0.1 ms | step 15.9 ms | 32257.0 samples/s
  step  1150/1756 | loss 2.2395 | data 0.1 ms | step 14.1 ms | 36251.3 samples/s
  step  1200/1756 | loss 2.3359 | data 0.1 ms | step 15.9 ms | 32243.2 samples/s
  step  1250/1756 | loss 2.1019 | data 0.1 ms | step 14.1 ms | 36213.4 samples/s
  step  1300/1756 | loss 2.2377 | data 0.1 ms | step 15.9 ms | 32243.1 samples/s
  step  1350/1756 | loss 2.3896 | data 0.1 ms | step 14.2 ms | 36110.9 samples/s
  step  1400/1756 | loss 2.0997 | data 0.1 ms | step 15.6 ms | 32828.4 samples/s
  step  1450/1756 | loss 2.2306 | data 0.1 ms | step 17.3 ms | 29680.5 samples/s
  step  1500/1756 | loss 2.1967 | data 0.1 ms | step 19.6 ms | 26171.2 samples/s
  step  1550/1756 | loss 2.2208 | data 0.1 ms | step 18.3 ms | 27962.2 samples/s
  step  1600/1756 | loss 2.3004 | data 0.1 ms | step 19.7 ms | 25958.9 samples/s
  step  1650/1756 | loss 2.3311 | data 0.1 ms | step 18.4 ms | 27804.5 samples/s
  step  1700/1756 | loss 2.2394 | data 0.1 ms | step 19.2 ms | 26680.2 samples/s
  step  1750/1756 | loss 2.3965 | data 0.5 ms | step 18.8 ms | 27271.5 samples/s
Training Loss: 2.296846 | 28648.3 samples/s
Peak GPU memory: 918.2 MB
Validation Loss: 2.310973 | 81142.4 samples/s

Epoch 44/100
----------------------------------------
Learning Rate: 0.000066
  step    50/1756 | loss 2.1571 | data 0.6 ms | step 18.1 ms | 28242.9 samples/s
  step   100/1756 | loss 2.5911 | data 0.1 ms | step 19.7 ms | 25973.9 samples/s
  step   150/1756 | loss 2.2078 | data 0.1 ms | step 18.4 ms | 27776.7 samples/s
  step   200/1756 | loss 2.3908 | data 0.1 ms | step 19.7 ms | 25970.0 samples/s
  step   250/1756 | loss 2.2718 | data 0.1 ms | step 18.4 ms | 27756.3 samples/s
  step   300/1756 | loss 2.4623 | data 0.1 ms | step 19.5 ms | 26235.7 samples/s
  step   350/1756 | loss 2.1098 | data 0.1 ms | step 18.2 ms | 28170.1 samples/s
  step   400/1756 | loss 2.2730 | data 0.1 ms | step 19.3 ms | 26590.6 samples/s
  step   450/1756 | loss 2.6906 | data 0.1 ms | step 18.5 ms | 27658.3 samples/s
  step   500/1756 | loss 2.3657 | data 0.1 ms | step 19.7 ms | 25939.0 samples/s
  step   550/1756 | loss 2.2550 | data 0.1 ms | step 18.2 ms | 28109.5 samples/s
  step   600/1756 | loss 2.2852 | data 0.1 ms | step 19.7 ms | 26028.7 samples/s
  step   650/1756 | loss 2.1753 | data 0.1 ms | step 18.4 ms | 27761.8 samples/s
  step   700/1756 | loss 2.3319 | data 0.1 ms | step 19.5 ms | 26298.9 samples/s
  step   750/1756 | loss 2.6321 | data 0.1 ms | step 18.5 ms | 27734.3 samples/s
  step   800/1756 | loss 2.5100 | data 0.1 ms | step 19.5 ms | 26299.8 samples/s
  step   850/1756 | loss 2.3279 | data 0.1 ms | step 18.4 ms | 27786.3 samples/s
  step   900/1756 | loss 2.1494 | data 0.1 ms | step 19.5 ms | 26282.5 samples/s
  step   950/1756 | loss 2.4042 | data 0.1 ms | step 18.0 ms | 28370.5 samples/s
  step  1000/1756 | loss 2.2051 | data 0.1 ms | step 19.7 ms | 25938.6 samples/s
  step  1050/1756 | loss 2.1725 | data 0.1 ms | step 18.2 ms | 28056.1 samples/s
  step  1100/1756 | loss 2.3394 | data 0.1 ms | step 19.5 ms | 26197.4 samples/s
  step  1150/1756 | loss 2.3552 | data 0.1 ms | step 18.4 ms | 27774.4 samples/s
  step  1200/1756 | loss 2.2351 | data 0.1 ms | step 19.7 ms | 25985.2 samples/s
  step  1250/1756 | loss 2.2739 | data 0.1 ms | step 18.5 ms | 27717.0 samples/s
  step  1300/1756 | loss 2.1756 | data 0.1 ms | step 19.7 ms | 25961.8 samples/s
  step  1350/1756 | loss 2.3065 | data 0.1 ms | step 18.2 ms | 28089.4 samples/s
  step  1400/1756 | loss 2.2686 | data 0.1 ms | step 19.6 ms | 26163.1 samples/s
  step  1450/1756 | loss 2.3772 | data 0.1 ms | step 18.4 ms | 27869.4 samples/s
  step  1500/1756 | loss 2.1458 | data 0.1 ms | step 19.7 ms | 25951.3 samples/s
  step  1550/1756 | loss 2.2472 | data 0.1 ms | step 18.5 ms | 27719.8 samples/s
  step  1600/1756 | loss 2.3725 | data 0.1 ms | step 19.5 ms | 26314.5 samples/s
  step  1650/1756 | loss 2.2522 | data 0.1 ms | step 18.5 ms | 27730.8 samples/s
  step  1700/1756 | loss 2.2137 | data 0.1 ms | step 19.3 ms | 26594.6 samples/s
  step  1750/1756 | loss 2.1801 | data 0.6 ms | step 18.4 ms | 27789.9 samples/s
Training Loss: 2.306562 | 27020.9 samples/s
Peak GPU memory: 918.2 MB
Validation Loss: 2.386048 | 81059.8 samples/s

Epoch 45/100
----------------------------------------
Learning Rate: 0.000066
  step    50/1756 | loss 2.2302 | data 0.6 ms | step 19.6 ms | 26099.8 samples/s
  step   100/1756 | loss 2.2830 | data 0.1 ms | step 18.4 ms | 27785.3 samples/s
  step   150/1756 | loss 2.2113 | data 0.1 ms | step 19.6 ms | 26175.7 samples/s
  step   200/1756 | loss 2.3658 | data 0.1 ms | step 18.2 ms | 28098.4 samples/s
  step   250/1756 | loss 2.7631 | data 0.1 ms | step 19.8 ms | 25875.0 samples/s
  step   300/1756 | loss 2.1906 | data 0.1 ms | step 18.0 ms | 28372.1 samples/s
  step   350/1756 | loss 2.3902 | data 0.1 ms | step 19.7 ms | 26053.0 samples/s
  step   400/1756 | loss 2.1798 | data 0.1 ms | step 18.2 ms | 28138.5 samples/s
  step   450/1756 | loss 2.1961 | data 0.1 ms | step 19.7 ms | 25982.3 samples/s
  step   500/1756 | loss 2.3436 | data 0.1 ms | step 18.5 ms | 27711.7 samples/s
  step   550/1756 | loss 2.0225 | data 0.1 ms | step 19.8 ms | 25892.0 samples/s
  step   600/1756 | loss 2.2223 | data 0.1 ms | step 18.5 ms | 27739.5 samples/s
  step   650/1756 | loss 2.2824 | data 0.1 ms | step 19.5 ms | 26284.6 samples/s
  step   700/1756 | loss 2.2390 | data 0.1 ms | step 18.5 ms | 27718.5 samples/s
  step   750/1756 | loss 2.2710 | data 0.1 ms | step 19.7 ms | 25956.6 samples/s
  step   800/1756 | loss 2.2785 | data 0.1 ms | step 18.3 ms | 27993.2 samples/s
  step   850/1756 | loss 2.1951 | data 0.1 ms | step 19.2 ms | 26666.8 samples/s
  step   900/1756 | loss 2.3448 | data 0.1 ms | step 17.9 ms | 28654.1 samples/s
  step   950/1756 | loss 2.3908 | data 0.1 ms | step 19.1 ms | 26844.8 samples/s
  step  1000/1756 | loss 2.2280 | data 0.1 ms | step 18.7 ms | 27342.8 samples/s
  step  1050/1756 | loss 2.2645 | data 0.1 ms | step 19.1 ms | 26826.8 samples/s
  step  1100/1756 | loss 2.2020 | data 0.1 ms | step 19.1 ms | 26832.3 samples/s
  step  1150/1756 | loss 2.1391 | data 0.1 ms | step 18.9 ms | 27087.6 samples/s
  step  1200/1756 | loss 2.1227 | data 0.1 ms | step 14.8 ms | 34637.7 samples/s
  step  1250/1756 | loss 2.1723 | data 0.1 ms | step 14.6 ms | 35170.9 samples/s
  step  1300/1756 | loss 2.2241 | data 0.1 ms | step 15.5 ms | 32982.9 samples/s
  step  1350/1756 | loss 2.0215 | data 0.1 ms | step 14.2 ms | 36067.3 samples/s
  step  1400/1756 | loss 2.2191 | data 0.1 ms | step 15.9 ms | 32186.3 samples/s
  step  1450/1756 | loss 2.2040 | data 0.1 ms | step 14.2 ms | 36174.3 samples/s
  step  1500/1756 | loss 2.1917 | data 0.1 ms | step 15.9 ms | 32132.1 samples/s
  step  1550/1756 | loss 2.4340 | data 0.1 ms | step 14.1 ms | 36246.6 samples/s
  step  1600/1756 | loss 2.5150 | data 0.1 ms | step 16.1 ms | 31703.6 samples/s
  step  1650/1756 | loss 2.3107 | data 0.1 ms | step 18.0 ms | 28504.4 samples/s
  step  1700/1756 | loss 2.1768 | data 0.1 ms | step 19.2 ms | 26712.1 samples/s
  step  1750/1756 | loss 2.3063 | data 0.6 ms | step 18.1 ms | 28259.1 samples/s
Training Loss: 2.261110 | 28600.3 samples/s
Peak GPU memory: 918.2 MB
Validation Loss: 2.367122 | 81747.1 samples/s

Epoch 46/100
----------------------------------------
Learning Rate: 0.000066
  step    50/1756 | loss 2.1463 | data 0.6 ms | step 19.6 ms | 26108.3 samples/s
  step   100/1756 | loss 2.1052 | data 0.1 ms | step 18.0 ms | 28491.4 samples/s
  step   150/1756 | loss 2.1060 | data 0.1 ms | step 19.5 ms | 26194.0 samples/s
  step   200/1756 | loss 2.3682 | data 0.1 ms | step 18.2 ms | 28206.9 samples/s
  step   250/1756 | loss 2.0082 | data 0.1 ms | step 19.5 ms | 26254.9 samples/s
  step   300/1756 | loss 2.2673 | data 0.1 ms | step 18.4 ms | 27831.8 samples/s
  step   350/1756 | loss 2.5719 | data 0.1 ms | step 19.7 ms | 25983.8 samples/s
  step   400/1756 | loss 2.3182 | data 0.1 ms | step 18.2 ms | 28183.6 samples/s
  step   450/1756 | loss 2.2986 | data 0.1 ms | step 19.3 ms | 26545.6 samples/s
  step   500/1756 | loss 2.2513 | data 0.1 ms | step 18.1 ms | 28307.3 samples/s
  step   550/1756 | loss 2.2659 | data 0.1 ms | step 18.9 ms | 27123.9 samples/s
  step   600/1756 | loss 2.2429 | data 0.1 ms | step 19.2 ms | 26613.5 samples/s
  step   650/1756 | loss 2.3346 | data 0.1 ms | step 18.5 ms | 27634.3 samples/s
  step   700/1756 | loss 2.2943 | data 0.1 ms | step 19.4 ms | 26414.8 samples/s
  step   750/1756 | loss 2.2051 | data 0.1 ms | step 18.6 ms | 27476.2 samples/s
  step   800/1756 | loss 2.2538 | data 0.1 ms | step 19.3 ms | 26583.4 samples/s
  step   850/1756 | loss 2.2278 | data 0.1 ms | step 18.2 ms | 28125.7 samples/s
  step   900/1756 | loss 2.1478 | data 0.1 ms | step 19.7 ms | 25975.8 samples/s
  step   950/1756 | loss 2.2369 | data 0.1 ms | step 18.2 ms | 28060.6 samples/s
  step  1000/1756 | loss 2.2447 | data 0.1 ms | step 19.5 ms | 26309.2 samples/s
  step  1050/1756 | loss 2.0651 | data 0.1 ms | step 18.2 ms | 28058.1 samples/s
  step  1100/1756 | loss 2.4132 | data 0.1 ms | step 19.5 ms | 26319.3 samples/s
  step  1150/1756 | loss 1.9448 | data 0.1 ms | step 18.0 ms | 28383.5 samples/s
  step  1200/1756 | loss 2.0929 | data 0.1 ms | step 19.7 ms | 26026.2 samples/s
  step  1250/1756 | loss 2.2009 | data 0.1 ms | step 18.3 ms | 27949.2 samples/s
  step  1300/1756 | loss 2.0487 | data 0.1 ms | step 19.6 ms | 26101.5 samples/s
  step  1350/1756 | loss 2.2592 | data 0.1 ms | step 18.2 ms | 28139.5 samples/s
  step  1400/1756 | loss 2.1440 | data 0.1 ms | step 19.7 ms | 25949.9 samples/s
  step  1450/1756 | loss 2.3671 | data 0.1 ms | step 18.4 ms | 27757.9 samples/s
  step  1500/1756 | loss 2.3974 | data 0.1 ms | step 19.8 ms | 25906.9 samples/s
  step  1550/1756 | loss 2.3130 | data 0.1 ms | step 18.2 ms | 28128.8 samples/s
  step  1600/1756 | loss 2.2656 | data 0.1 ms | step 19.7 ms | 26016.3 samples/s
  step  1650/1756 | loss 2.1120 | data 0.1 ms | step 18.4 ms | 27800.5 samples/s
  step  1700/1756 | loss 2.4382 | data 0.1 ms | step 19.7 ms | 25965.4 samples/s
  step  1750/1756 | loss 2.1698 | data 0.6 ms | step 18.1 ms | 28210.5 samples/s
Training Loss: 2.231445 | 27082.9 samples/s
Peak GPU memory: 918.2 MB
Validation Loss: 2.186592 | 82598.0 samples/s

Epoch 47/100
----------------------------------------
Learning Rate: 0.000066
  step    50/1756 | loss 2.1927 | data 0.6 ms | step 19.7 ms | 26004.3 samples/s
  step   100/1756 | loss 2.2509 | data 0.1 ms | step 18.4 ms | 27830.1 samples/s
  step   150/1756 | loss 2.3924 | data 0.1 ms | step 19.5 ms | 26306.1 samples/s
  step   200/1756 | loss 2.1362 | data 0.1 ms | step 18.3 ms | 28048.4 samples/s
  step   250/1756 | loss 2.2434 | data 0.1 ms | step 19.5 ms | 26270.8 samples/s
  step   300/1756 | loss 2.3737 | data 0.1 ms | step 18.5 ms | 27740.5 samples/s
  step   350/1756 | loss 2.3424 | data 0.1 ms | step 19.7 ms | 26027.7 samples/s
  step   400/1756 | loss 2.3443 | data 0.1 ms | step 18.5 ms | 27697.0 samples/s
  step   450/1756 | loss 2.2212 | data 0.1 ms | step 19.7 ms | 25962.4 samples/s
  step   500/1756 | loss 2.2418 | data 0.1 ms | step 18.2 ms | 28088.5 samples/s
  step   550/1756 | loss 2.1832 | data 0.1 ms | step 19.7 ms | 25928.2 samples/s
  step   600/1756 | loss 2.1306 | data 0.1 ms | step 18.2 ms | 28080.4 samples/s
  step   650/1756 | loss 2.1948 | data 0.1 ms | step 19.7 ms | 25929.7 samples/s
  step   700/1756 | loss 2.2737 | data 0.1 ms | step 18.4 ms | 27778.4 samples/s
  step   750/1756 | loss 2.2711 | data 0.1 ms | step 19.5 ms | 26285.6 samples/s
  step   800/1756 | loss 2.3821 | data 0.1 ms | step 18.0 ms | 28445.3 samples/s
  step   850/1756 | loss 2.1895 | data 0.1 ms | step 19.5 ms | 26294.5 samples/s
  step   900/1756 | loss 2.1432 | data 0.1 ms | step 18.1 ms | 28320.8 samples/s
  step   950/1756 | loss 2.2876 | data 0.1 ms | step 19.6 ms | 26118.1 samples/s
  step  1000/1756 | loss 2.1398 | data 0.1 ms | step 18.2 ms | 28079.4 samples/s
  step  1050/1756 | loss 2.3655 | data 0.1 ms | step 19.2 ms | 26609.5 samples/s
  step  1100/1756 | loss 2.1167 | data 0.1 ms | step 18.4 ms | 27808.6 samples/s
  step  1150/1756 | loss 2.1266 | data 0.1 ms | step 19.7 ms | 26008.7 samples/s
  step  1200/1756 | loss 2.0447 | data 0.1 ms | step 18.2 ms | 28150.3 samples/s
  step  1250/1756 | loss 2.4703 | data 0.1 ms | step 19.5 ms | 26199.0 samples/s
  step  1300/1756 | loss 2.0729 | data 0.1 ms | step 18.4 ms | 27864.2 samples/s
  step  1350/1756 | loss 2.2878 | data 0.1 ms | step 18.8 ms | 27179.2 samples/s
  step  1400/1756 | loss 2.1012 | data 0.1 ms | step 14.9 ms | 34364.4 samples/s
  step  1450/1756 | loss 2.0719 | data 0.1 ms | step 16.1 ms | 31738.0 samples/s
  step  1500/1756 | loss 2.3324 | data 0.1 ms | step 14.2 ms | 35997.0 samples/s
  step  1550/1756 | loss 1.9810 | data 0.1 ms | step 14.8 ms | 34558.7 samples/s
  step  1600/1756 | loss 2.0278 | data 0.1 ms | step 15.2 ms | 33584.9 samples/s
  step  1650/1756 | loss 2.0797 | data 0.1 ms | step 14.2 ms | 36149.1 samples/s
  step  1700/1756 | loss 2.1339 | data 0.1 ms | step 15.9 ms | 32162.7 samples/s
  step  1750/1756 | loss 2.1961 | data 0.6 ms | step 14.2 ms | 36122.1 samples/s
Training Loss: 2.211063 | 28423.8 samples/s
Peak GPU memory: 918.2 MB
Validation Loss: 2.223336 | 84036.8 samples/s

Epoch 48/100
----------------------------------------
Learning Rate: 0.000066
  step    50/1756 | loss 1.9902 | data 0.6 ms | step 19.7 ms | 26005.4 samples/s
  step   100/1756 | loss 2.2382 | data 0.1 ms | step 18.4 ms | 27832.0 samples/s
  step   150/1756 | loss 2.2276 | data 0.1 ms | step 19.6 ms | 26186.6 samples/s
  step   200/1756 | loss 2.2703 | data 0.1 ms | step 18.0 ms | 28488.6 samples/s
  step   250/1756 | loss 2.2419 | data 0.1 ms | step 19.5 ms | 26259.1 samples/s
  step   300/1756 | loss 2.0591 | data 0.1 ms | step 18.4 ms | 27842.9 samples/s
  step   350/1756 | loss 2.2407 | data 0.1 ms | step 19.7 ms | 26023.0 samples/s
  step   400/1756 | loss 2.3039 | data 0.1 ms | step 18.4 ms | 27806.9 samples/s
  step   450/1756 | loss 2.3372 | data 0.1 ms | step 19.4 ms | 26345.5 samples/s
  step   500/1756 | loss 2.2500 | data 0.1 ms | step 18.2 ms | 28084.3 samples/s
  step   550/1756 | loss 2.2079 | data 0.1 ms | step 19.7 ms | 26041.0 samples/s
  step   600/1756 | loss 2.1144 | data 0.1 ms | step 18.0 ms | 28501.6 samples/s
  step   650/1756 | loss 2.1549 | data 0.1 ms | step 19.7 ms | 25942.3 samples/s
  step   700/1756 | loss 2.3168 | data 0.1 ms | step 18.2 ms | 28168.2 samples/s
  step   750/1756 | loss 2.2925 | data 0.1 ms | step 19.5 ms | 26289.1 samples/s
  step   800/1756 | loss 2.0697 | data 0.1 ms | step 18.4 ms | 27789.2 samples/s
  step   850/1756 | loss 2.2903 | data 0.1 ms | step 19.5 ms | 26221.5 samples/s
  step   900/1756 | loss 2.0781 | data 0.1 ms | step 18.5 ms | 27719.1 samples/s
  step   950/1756 | loss 2.1249 | data 0.1 ms | step 19.7 ms | 25993.0 samples/s
  step  1000/1756 | loss 2.2406 | data 0.1 ms | step 18.3 ms | 27961.3 samples/s
  step  1050/1756 | loss 2.2879 | data 0.1 ms | step 19.6 ms | 26134.5 samples/s
  step  1100/1756 | loss 2.3907 | data 0.1 ms | step 18.5 ms | 27742.1 samples/s
  step  1150/1756 | loss 2.2393 | data 0.1 ms | step 19.7 ms | 26052.4 samples/s
  step  1200/1756 | loss 2.1630 | data 0.1 ms | step 18.0 ms | 28401.5 samples/s
  step  1250/1756 | loss 2.0780 | data 0.1 ms | step 19.7 ms | 25937.4 samples/s
  step  1300/1756 | loss 2.3110 | data 0.1 ms | step 18.0 ms | 28475.0 samples/s
  step  1350/1756 | loss 2.3787 | data 0.1 ms | step 19.6 ms | 26162.4 samples/s
  step  1400/1756 | loss 2.0378 | data 0.1 ms | step 18.4 ms | 27767.2 samples/s
  step  1450/1756 | loss 2.1306 | data 0.1 ms | step 19.7 ms | 25974.6 samples/s
  step  1500/1756 | loss 2.4062 | data 0.1 ms | step 18.3 ms | 28050.8 samples/s
  step  1550/1756 | loss 2.2023 | data 0.1 ms | step 19.5 ms | 26310.9 samples/s
  step  1600/1756 | loss 2.1785 | data 0.1 ms | step 18.4 ms | 27817.2 samples/s
  step  1650/1756 | loss 2.2913 | data 0.1 ms | step 19.7 ms | 25978.6 samples/s
  step  1700/1756 | loss 2.2974 | data 0.1 ms | step 18.4 ms | 27781.9 samples/s
  step  1750/1756 | loss 2.1307 | data 0.6 ms | step 19.7 ms | 26037.1 samples/s
Training Loss: 2.219025 | 26996.8 samples/s
Peak GPU memory: 918.2 MB
Validation Loss: 2.460048 | 80401.6 samples/s

Epoch 49/100
----------------------------------------
Learning Rate: 0.000066
  step    50/1756 | loss 2.3264 | data 0.7 ms | step 18.1 ms | 28353.9 samples/s
  step   100/1756 | loss 2.1514 | data 0.1 ms | step 19.5 ms | 26228.6 samples/s
  step   150/1756 | loss 2.1162 | data 0.1 ms | step 18.2 ms | 28060.7 samples/s
  step   200/1756 | loss 2.0563 | data 0.1 ms | step 19.7 ms | 25997.7 samples/s
  step   250/1756 | loss 2.2524 | data 0.1 ms | step 18.5 ms | 27710.1 samples/s
  step   300/1756 | loss 2.0760 | data 0.1 ms | step 19.7 ms | 25984.7 samples/s
  step   350/1756 | loss 2.2437 | data 0.1 ms | step 18.4 ms | 27845.9 samples/s
  step   400/1756 | loss 2.2767 | data 0.1 ms | step 19.7 ms | 26020.5 samples/s
  step   450/1756 | loss 2.0474 | data 0.1 ms | step 18.0 ms | 28495.0 samples/s
  step   500/1756 | loss 2.2640 | data 0.1 ms | step 19.7 ms | 25928.7 samples/s
  step   550/1756 | loss 1.9480 | data 0.1 ms | step 18.0 ms | 28521.8 samples/s
  step   600/1756 | loss 2.1568 | data 0.1 ms | step 19.7 ms | 25944.4 samples/s
  step   650/1756 | loss 2.0810 | data 0.1 ms | step 18.5 ms | 27743.9 samples/s
  step   700/1756 | loss 2.1551 | data 0.1 ms | step 19.8 ms | 25878.3 samples/s
  step   750/1756 | loss 2.2641 | data 0.1 ms | step 18.2 ms | 28166.2 samples/s
  step   800/1756 | loss 2.4371 | data 0.1 ms | step 19.5 ms | 26245.3 samples/s
  step   850/1756 | loss 2.0743 | data 0.1 ms | step 18.4 ms | 27797.7 samples/s
  step   900/1756 | loss 2.2910 | data 0.1 ms | step 19.7 ms | 25958.8 samples/s
  step   950/1756 | loss 2.0014 | data 0.1 ms | step 18.2 ms | 28153.8 samples/s
  step  1000/1756 | loss 1.9002 | data 0.1 ms | step 19.5 ms | 26282.1 samples/s
  step  1050/1756 | loss 2.0128 | data 0.1 ms | step 18.2 ms | 28082.2 samples/s
  step  1100/1756 | loss 2.2185 | data 0.1 ms | step 19.7 ms | 25950.1 samples/s
  step  1150/1756 | loss 2.1279 | data 0.1 ms | step 18.2 ms | 28121.7 samples/s
  step  1200/1756 | loss 2.2179 | data 0.1 ms | step 19.7 ms | 26029.5 samples/s
  step  1250/1756 | loss 2.3228 | data 0.1 ms | step 18.2 ms | 28128.1 samples/s
  step  1300/1756 | loss 2.1126 | data 0.1 ms | step 19.5 ms | 26213.4 samples/s
  step  1350/1756 | loss 2.3109 | data 0.1 ms | step 18.4 ms | 27826.7 samples/s
  step  1400/1756 | loss 2.1714 | data 0.1 ms | step 19.4 ms | 26445.2 samples/s
  step  1450/1756 | loss 2.1311 | data 0.1 ms | step 18.3 ms | 28006.6 samples/s
  step  1500/1756 | loss 2.1193 | data 0.1 ms | step 18.7 ms | 27335.2 samples/s
  step  1550/1756 | loss 2.0884 | data 0.1 ms | step 15.9 ms | 32147.8 samples/s
  step  1600/1756 | loss 2.0545 | data 0.1 ms | step 15.4 ms | 33177.9 samples/s
  step  1650/1756 | loss 2.1741 | data 0.1 ms | step 14.6 ms | 34973.5 samples/s
  step  1700/1756 | loss 2.1829 | data 0.1 ms | step 14.2 ms | 36172.5 samples/s
  step  1750/1756 | loss 2.3379 | data 0.6 ms | step 16.0 ms | 32071.3 samples/s
Training Loss: 2.162940 | 27867.8 samples/s
Peak GPU memory: 918.2 MB
Validation Loss: 2.195761 | 89049.5 samples/s

Epoch 50/100
----------------------------------------
Learning Rate: 0.000066
  step    50/1756 | loss 2.0631 | data 0.6 ms | step 19.3 ms | 26486.5 samples/s
  step   100/1756 | loss 2.1297 | data 0.1 ms | step 18.2 ms | 28120.7 samples/s
  step   150/1756 | loss 2.0928 | data 0.1 ms | step 19.7 ms | 26010.6 samples/s
  step   200/1756 | loss 2.2062 | data 0.1 ms | step 18.0 ms | 28380.5 samples/s
  step   250/1756 | loss 2.4505 | data 0.1 ms | step 19.7 ms | 25998.1 samples/s
  step   300/1756 | loss 2.1453 | data 0.1 ms | step 18.4 ms | 27791.6 samples/s
  step   350/1756 | loss 2.1844 | data 0.1 ms | step 19.7 ms | 25953.2 samples/s
  step   400/1756 | loss 2.0421 | data 0.1 ms | step 17.8 ms | 28794.3 samples/s
  step   450/1756 | loss 2.1492 | data 0.1 ms | step 19.5 ms | 26233.9 samples/s
  step   500/1756 | loss 2.3307 | data 0.1 ms | step 18.2 ms | 28188.6 samples/s
  step   550/1756 | loss 2.2068 | data 0.1 ms | step 19.5 ms | 26198.6 samples/s
  step   600/1756 | loss 1.9893 | data 0.1 ms | step 18.4 ms | 27853.7 samples/s
  step   650/1756 | loss 2.2141 | data 0.1 ms | step 19.3 ms | 26494.6 samples/s
  step   700/1756 | loss 2.2757 | data 0.1 ms | step 18.4 ms | 27868.1 samples/s
  step   750/1756 | loss 2.3429 | data 0.1 ms | step 19.3 ms | 26561.4 samples/s
  step   800/1756 | loss 2.1501 | data 0.1 ms | step 18.6 ms | 27507.7 samples/s
  step   850/1756 | loss 1.9924 | data 0.1 ms | step 18.8 ms | 27300.5 samples/s
  step   900/1756 | loss 2.1977 | data 0.1 ms | step 19.2 ms | 26713.8 samples/s
  step   950/1756 | loss 2.2714 | data 0.1 ms | step 18.9 ms | 27049.8 samples/s
  step  1000/1756 | loss 2.0259 | data 0.1 ms | step 19.2 ms | 26635.4 samples/s
  step  1050/1756 | loss 2.3914 | data 0.1 ms | step 18.8 ms | 27168.1 samples/s
  step  1100/1756 | loss 2.4491 | data 0.1 ms | step 19.1 ms | 26841.5 samples/s
  step  1150/1756 | loss 2.0836 | data 0.1 ms | step 18.2 ms | 28115.0 samples/s
  step  1200/1756 | loss 2.3951 | data 0.1 ms | step 19.6 ms | 26062.6 samples/s
  step  1250/1756 | loss 2.3849 | data 0.1 ms | step 18.4 ms | 27848.0 samples/s
  step  1300/1756 | loss 2.0678 | data 0.1 ms | step 19.7 ms | 25962.0 samples/s
  step  1350/1756 | loss 2.3034 | data 0.1 ms | step 18.2 ms | 28183.9 samples/s
  step  1400/1756 | loss 2.3277 | data 0.1 ms | step 19.7 ms | 25967.9 samples/s
  step  1450/1756 | loss 2.0256 | data 0.1 ms | step 18.5 ms | 27744.3 samples/s
  step  1500/1756 | loss 2.2310 | data 0.1 ms | step 19.5 ms | 26274.7 samples/s
  step  1550/1756 | loss 2.2206 | data 0.1 ms | step 18.4 ms | 27829.8 samples/s
  step  1600/1756 | loss 2.1552 | data 0.1 ms | step 19.6 ms | 26073.5 samples/s
  step  1650/1756 | loss 2.0263 | data 0.1 ms | step 18.5 ms | 27750.0 samples/s
  step  1700/1756 | loss 2.2088 | data 0.1 ms | step 19.7 ms | 25963.4 samples/s
  step  1750/1756 | loss 2.0417 | data 0.6 ms | step 18.4 ms | 27838.8 samples/s
Training Loss: 2.191340 | 27010.9 samples/s
Peak GPU memory: 918.2 MB
Validation Loss: 2.036347 | 84014.1 samples/s

Epoch 51/100
----------------------------------------
Learning Rate: 0.000059
  step    50/1756 | loss 2.0728 | data 0.6 ms | step 19.6 ms | 26178.5 samples/s
  step   100/1756 | loss 2.1416 | data 0.1 ms | step 18.5 ms | 27702.8 samples/s
  step   150/1756 | loss 2.1095 | data 0.1 ms | step 19.6 ms | 26080.5 samples/s
  step   200/1756 | loss 2.0915 | data 0.1 ms | step 18.2 ms | 28086.1 samples/s
  step   250/1756 | loss 2.2149 | data 0.1 ms | step 19.5 ms | 26229.8 samples/s
  step   300/1756 | loss 2.1289 | data 0.1 ms | step 18.2 ms | 28183.7 samples/s
  step   350/1756 | loss 1.9513 | data 0.1 ms | step 19.7 ms | 25952.1 samples/s
  step   400/1756 | loss 2.1640 | data 0.1 ms | step 17.9 ms | 28571.8 samples/s
  step   450/1756 | loss 2.1587 | data 0.1 ms | step 19.7 ms | 26015.7 samples/s
  step   500/1756 | loss 2.1730 | data 0.1 ms | step 18.4 ms | 27765.1 samples/s
  step   550/1756 | loss 2.3267 | data 0.1 ms | step 19.5 ms | 26253.5 samples/s
  step   600/1756 | loss 2.2594 | data 0.1 ms | step 18.4 ms | 27822.8 samples/s
  step   650/1756 | loss 2.2814 | data 0.1 ms | step 19.5 ms | 26289.5 samples/s
  step   700/1756 | loss 2.4657 | data 0.1 ms | step 18.2 ms | 28151.8 samples/s
  step   750/1756 | loss 2.3248 | data 0.1 ms | step 19.7 ms | 26004.9 samples/s
  step   800/1756 | loss 2.0024 | data 0.1 ms | step 18.5 ms | 27729.0 samples/s
  step   850/1756 | loss 2.0391 | data 0.1 ms | step 19.5 ms | 26234.1 samples/s
  step   900/1756 | loss 2.1704 | data 0.1 ms | step 18.4 ms | 27796.9 samples/s
  step   950/1756 | loss 2.0873 | data 0.1 ms | step 19.8 ms | 25892.4 samples/s
  step  1000/1756 | loss 2.1251 | data 0.1 ms | step 18.5 ms | 27740.9 samples/s
  step  1050/1756 | loss 2.1591 | data 0.1 ms | step 19.7 ms | 25988.1 samples/s
  step  1100/1756 | loss 2.1575 | data 0.1 ms | step 18.2 ms | 28128.3 samples/s
  step  1150/1756 | loss 2.2033 | data 0.1 ms | step 19.5 ms | 26269.4 samples/s
  step  1200/1756 | loss 2.0322 | data 0.1 ms | step 18.0 ms | 28510.1 samples/s
  step  1250/1756 | loss 1.9609 | data 0.1 ms | step 19.2 ms | 26598.1 samples/s
  step  1300/1756 | loss 2.3140 | data 0.1 ms | step 18.4 ms | 27772.7 samples/s
  step  1350/1756 | loss 2.0509 | data 0.1 ms | step 19.7 ms | 25963.2 samples/s
  step  1400/1756 | loss 2.1556 | data 0.1 ms | step 18.2 ms | 28174.2 samples/s
  step  1450/1756 | loss 2.1406 | data 0.1 ms | step 19.7 ms | 26033.0 samples/s
  step  1500/1756 | loss 1.9840 | data 0.1 ms | step 18.4 ms | 27816.8 samples/s
  step  1550/1756 | loss 2.0575 | data 0.1 ms | step 19.5 ms | 26255.1 samples/s
  step  1600/1756 | loss 2.1794 | data 0.1 ms | step 18.0 ms | 28440.1 samples/s
  step  1650/1756 | loss 2.1497 | data 0.1 ms | step 18.8 ms | 27189.5 samples/s
  step  1700/1756 | loss 2.2668 | data 0.1 ms | step 14.8 ms | 34501.5 samples/s
  step  1750/1756 | loss 2.0441 | data 0.6 ms | step 16.0 ms | 32062.7 samples/s
Training Loss: 2.145455 | 27357.0 samples/s
Peak GPU memory: 918.2 MB
Validation Loss: 2.104609 | 87746.4 samples/s

Epoch 52/100
----------------------------------------
Learning Rate: 0.000059
  step    50/1756 | loss 2.0831 | data 0.7 ms | step 14.2 ms | 36110.6 samples/s
  step   100/1756 | loss 2.1186 | data 0.1 ms | step 15.8 ms | 32418.9 samples/s
  step   150/1756 | loss 2.0466 | data 0.1 ms | step 17.2 ms | 29839.6 samples/s
  step   200/1756 | loss 1.9353 | data 0.1 ms | step 19.7 ms | 25981.4 samples/s
  step   250/1756 | loss 2.1345 | data 0.1 ms | step 17.8 ms | 28753.0 samples/s
  step   300/1756 | loss 2.0691 | data 0.1 ms | step 19.4 ms | 26430.9 samples/s
  step   350/1756 | loss 2.0315 | data 0.1 ms | step 18.0 ms | 28382.1 samples/s
  step   400/1756 | loss 2.1213 | data 0.1 ms | step 19.5 ms | 26298.6 samples/s
  step   450/1756 | loss 2.2539 | data 0.1 ms | step 18.4 ms | 27774.7 samples/s
  step   500/1756 | loss 2.2664 | data 0.1 ms | step 19.5 ms | 26258.7 samples/s
  step   550/1756 | loss 2.3802 | data 0.1 ms | step 18.0 ms | 28471.3 samples/s
  step   600/1756 | loss 2.2025 | data 0.1 ms | step 19.7 ms | 25998.5 samples/s
  step   650/1756 | loss 1.9900 | data 0.1 ms | step 18.4 ms | 27829.4 samples/s
  step   700/1756 | loss 2.0853 | data 0.1 ms | step 19.7 ms | 25945.2 samples/s
  step   750/1756 | loss 2.0391 | data 0.1 ms | step 18.5 ms | 27739.5 samples/s
  step   800/1756 | loss 1.8879 | data 0.1 ms | step 19.7 ms | 26002.1 samples/s
  step   850/1756 | loss 2.0736 | data 0.1 ms | step 18.4 ms | 27775.3 samples/s
  step   900/1756 | loss 2.0158 | data 0.1 ms | step 19.8 ms | 25913.9 samples/s
  step   950/1756 | loss 2.2077 | data 0.1 ms | step 18.5 ms | 27749.7 samples/s
  step  1000/1756 | loss 2.1964 | data 0.1 ms | step 19.7 ms | 26052.8 samples/s
  step  1050/1756 | loss 1.9753 | data 0.1 ms | step 18.0 ms | 28407.0 samples/s
  step  1100/1756 | loss 2.3748 | data 0.1 ms | step 19.3 ms | 26549.3 samples/s
  step  1150/1756 | loss 1.9778 | data 0.1 ms | step 18.4 ms | 27767.9 samples/s
  step  1200/1756 | loss 2.2570 | data 0.1 ms | step 19.7 ms | 25964.8 samples/s
  step  1250/1756 | loss 2.1736 | data 0.1 ms | step 17.8 ms | 28808.1 samples/s
  step  1300/1756 | loss 2.0757 | data 0.1 ms | step 19.7 ms | 25985.1 samples/s
  step  1350/1756 | loss 2.0800 | data 0.1 ms | step 18.4 ms | 27807.9 samples/s
  step  1400/1756 | loss 2.0402 | data 0.1 ms | step 19.5 ms | 26252.9 samples/s
  step  1450/1756 | loss 2.0242 | data 0.1 ms | step 18.4 ms | 27767.3 samples/s
  step  1500/1756 | loss 2.1272 | data 0.1 ms | step 19.7 ms | 25974.8 samples/s
  step  1550/1756 | loss 2.0971 | data 0.1 ms | step 18.3 ms | 28045.5 samples/s
  step  1600/1756 | loss 2.0275 | data 0.1 ms | step 19.7 ms | 25993.1 samples/s
  step  1650/1756 | loss 2.1715 | data 0.1 ms | step 18.5 ms | 27717.2 samples/s
  step  1700/1756 | loss 2.1684 | data 0.1 ms | step 19.5 ms | 26320.8 samples/s
  step  1750/1756 | loss 2.0316 | data 0.6 ms | step 18.2 ms | 28138.5 samples/s
Training Loss: 2.106057 | 27450.4 samples/s
Peak GPU memory: 918.2 MB
Validation Loss: 2.115916 | 82283.9 samples/s

Epoch 53/100
----------------------------------------
Learning Rate: 0.000059
  step    50/1756 | loss 2.2210 | data 0.6 ms | step 17.8 ms | 28774.3 samples/s
  step   100/1756 | loss 2.3314 | data 0.1 ms | step 19.5 ms | 26210.0 samples/s
  step   150/1756 | loss 2.0058 | data 0.1 ms | step 18.2 ms | 28078.9 samples/s
  step   200/1756 | loss 2.0891 | data 0.1 ms | step 19.7 ms | 26034.8 samples/s
  step   250/1756 | loss 2.0540 | data 0.1 ms | step 18.2 ms | 28140.7 samples/s
  step   300/1756 | loss 2.0062 | data 0.1 ms | step 19.5 ms | 26253.2 samples/s
  step   350/1756 | loss 2.0287 | data 0.1 ms | step 18.0 ms | 28487.2 samples/s
  step   400/1756 | loss 2.0964 | data 0.1 ms | step 19.5 ms | 26303.9 samples/s
  step   450/1756 | loss 1.9980 | data 0.1 ms | step 18.4 ms | 27807.9 samples/s
  step   500/1756 | loss 1.7741 | data 0.1 ms | step 19.6 ms | 26162.4 samples/s
  step   550/1756 | loss 2.2148 | data 0.1 ms | step 17.8 ms | 28803.7 samples/s
  step   600/1756 | loss 2.1408 | data 0.1 ms | step 19.5 ms | 26323.2 samples/s
  step   650/1756 | loss 1.9741 | data 0.1 ms | step 18.4 ms | 27792.2 samples/s
  step   700/1756 | loss 1.9658 | data 0.1 ms | step 19.7 ms | 25957.9 samples/s
  step   750/1756 | loss 2.1719 | data 0.1 ms | step 18.4 ms | 27792.2 samples/s
  step   800/1756 | loss 2.1286 | data 0.1 ms | step 19.7 ms | 25955.0 samples/s
  step   850/1756 | loss 2.0828 | data 0.1 ms | step 18.4 ms | 27772.6 samples/s
  step   900/1756 | loss 2.1916 | data 0.1 ms | step 19.5 ms | 26255.9 samples/s
  step   950/1756 | loss 2.1391 | data 0.1 ms | step 18.2 ms | 28158.7 samples/s
  step  1000/1756 | loss 2.0998 | data 0.1 ms | step 19.5 ms | 26257.0 samples/s
  step  1050/1756 | loss 2.0978 | data 0.1 ms | step 18.2 ms | 28064.7 samples/s
  step  1100/1756 | loss 2.0195 | data 0.1 ms | step 19.5 ms | 26255.3 samples/s
  step  1150/1756 | loss 2.2133 | data 0.1 ms | step 18.4 ms | 27833.8 samples/s
  step  1200/1756 | loss 2.0989 | data 0.1 ms | step 19.7 ms | 25985.4 samples/s
  step  1250/1756 | loss 2.1560 | data 0.1 ms | step 17.8 ms | 28795.8 samples/s
  step  1300/1756 | loss 2.2750 | data 0.1 ms | step 19.5 ms | 26192.3 samples/s
  step  1350/1756 | loss 2.2126 | data 0.1 ms | step 18.4 ms | 27808.6 samples/s
  step  1400/1756 | loss 2.0484 | data 0.1 ms | step 19.7 ms | 25948.6 samples/s
  step  1450/1756 | loss 1.9240 | data 0.1 ms | step 18.4 ms | 27762.7 samples/s
  step  1500/1756 | loss 2.0297 | data 0.1 ms | step 19.5 ms | 26295.9 samples/s
  step  1550/1756 | loss 2.0385 | data 0.1 ms | step 18.4 ms | 27759.7 samples/s
  step  1600/1756 | loss 2.3391 | data 0.1 ms | step 19.7 ms | 26002.8 samples/s
  step  1650/1756 | loss 1.9673 | data 0.1 ms | step 18.1 ms | 28234.0 samples/s
  step  1700/1756 | loss 2.0572 | data 0.1 ms | step 19.4 ms | 26376.4 samples/s
  step  1750/1756 | loss 2.0205 | data 0.6 ms | step 18.2 ms | 28126.4 samples/s
Training Loss: 2.091558 | 27124.0 samples/s
Peak GPU memory: 918.2 MB
Validation Loss: 2.184898 | 88164.9 samples/s

Epoch 54/100
----------------------------------------
Learning Rate: 0.000059
  step    50/1756 | loss 2.0075 | data 0.6 ms | step 16.1 ms | 31888.7 samples/s
  step   100/1756 | loss 2.1803 | data 0.1 ms | step 14.2 ms | 36182.6 samples/s
  step   150/1756 | loss 2.1206 | data 0.1 ms | step 15.9 ms | 32145.8 samples/s
  step   200/1756 | loss 2.2179 | data 0.1 ms | step 14.2 ms | 36132.4 samples/s
  step   250/1756 | loss 2.0748 | data 0.1 ms | step 15.9 ms | 32143.7 samples/s
  step   300/1756 | loss 1.9839 | data 0.1 ms | step 16.6 ms | 30895.7 samples/s
  step   350/1756 | loss 2.0826 | data 0.1 ms | step 19.5 ms | 26278.6 samples/s
  step   400/1756 | loss 1.8720 | data 0.1 ms | step 18.0 ms | 28462.7 samples/s
  step   450/1756 | loss 2.0056 | data 0.1 ms | step 19.7 ms | 26038.6 samples/s
  step   500/1756 | loss 2.0268 | data 0.1 ms | step 18.4 ms | 27848.8 samples/s
  step   550/1756 | loss 2.1392 | data 0.1 ms | step 19.3 ms | 26529.4 samples/s
  step   600/1756 | loss 2.0450 | data 0.1 ms | step 18.0 ms | 28437.4 samples/s
  step   650/1756 | loss 1.9408 | data 0.1 ms | step 19.6 ms | 26063.1 samples/s
  step   700/1756 | loss 2.2732 | data 0.1 ms | step 18.3 ms | 28044.3 samples/s
  step   750/1756 | loss 1.8871 | data 0.1 ms | step 19.5 ms | 26307.5 samples/s
  step   800/1756 | loss 2.1890 | data 0.1 ms | step 18.2 ms | 28130.1 samples/s
  step   850/1756 | loss 2.2061 | data 0.1 ms | step 19.6 ms | 26176.7 samples/s
  step   900/1756 | loss 2.1394 | data 0.1 ms | step 18.2 ms | 28143.0 samples/s
  step   950/1756 | loss 1.9285 | data 0.1 ms | step 19.1 ms | 26763.3 samples/s
  step  1000/1756 | loss 2.0462 | data 0.1 ms | step 18.3 ms | 27933.9 samples/s
  step  1050/1756 | loss 2.1361 | data 0.1 ms | step 19.7 ms | 25952.2 samples/s
  step  1100/1756 | loss 2.3164 | data 0.1 ms | step 18.4 ms | 27834.6 samples/s
  step  1150/1756 | loss 1.9550 | data 0.2 ms | step 19.7 ms | 26055.4 samples/s
  step  1200/1756 | loss 1.9288 | data 0.1 ms | step 18.2 ms | 28177.7 samples/s
  step  1250/1756 | loss 2.0140 | data 0.1 ms | step 19.3 ms | 26547.5 samples/s
  step  1300/1756 | loss 2.1306 | data 0.1 ms | step 18.2 ms | 28085.6 samples/s
  step  1350/1756 | loss 2.0426 | data 0.1 ms | step 19.8 ms | 25920.8 samples/s
  step  1400/1756 | loss 1.8870 | data 0.1 ms | step 18.4 ms | 27784.3 samples/s
  step  1450/1756 | loss 2.1112 | data 0.1 ms | step 19.3 ms | 26588.7 samples/s
  step  1500/1756 | loss 2.0362 | data 0.1 ms | step 18.3 ms | 28033.6 samples/s
  step  1550/1756 | loss 2.0641 | data 0.1 ms | step 19.6 ms | 26182.6 samples/s
  step  1600/1756 | loss 2.1581 | data 0.1 ms | step 18.1 ms | 28271.5 samples/s
  step  1650/1756 | loss 2.0325 | data 0.1 ms | step 19.1 ms | 26741.1 samples/s
  step  1700/1756 | loss 2.1471 | data 0.1 ms | step 18.6 ms | 27558.3 samples/s
  step  1750/1756 | loss 2.0862 | data 0.6 ms | step 19.5 ms | 26198.1 samples/s
Training Loss: 2.067375 | 27977.3 samples/s
Peak GPU memory: 918.2 MB
Validation Loss: 2.129907 | 82192.8 samples/s

Epoch 55/100
----------------------------------------
Learning Rate: 0.000059
  step    50/1756 | loss 1.9540 | data 0.6 ms | step 19.6 ms | 26174.4 samples/s
  step   100/1756 | loss 1.9151 | data 0.1 ms | step 18.2 ms | 28140.2 samples/s
  step   150/1756 | loss 2.0551 | data 0.1 ms | step 19.7 ms | 26012.2 samples/s
  step   200/1756 | loss 2.1650 | data 0.1 ms | step 18.4 ms | 27762.7 samples/s
  step   250/1756 | loss 2.1089 | data 0.1 ms | step 19.5 ms | 26293.9 samples/s
  step   300/1756 | loss 2.1884 | data 0.1 ms | step 18.4 ms | 27761.7 samples/s
  step   350/1756 | loss 2.0065 | data 0.1 ms | step 19.5 ms | 26241.5 samples/s
  step   400/1756 | loss 2.2014 | data 0.1 ms | step 18.4 ms | 27756.1 samples/s
  step   450/1756 | loss 2.0682 | data 0.1 ms | step 19.5 ms | 26219.7 samples/s
  step   500/1756 | loss 1.9380 | data 0.1 ms | step 18.2 ms | 28171.4 samples/s
  step   550/1756 | loss 2.0805 | data 0.1 ms | step 19.5 ms | 26297.7 samples/s
  step   600/1756 | loss 1.9046 | data 0.1 ms | step 17.8 ms | 28826.7 samples/s
  step   650/1756 | loss 1.9016 | data 0.1 ms | step 19.5 ms | 26272.9 samples/s
  step   700/1756 | loss 2.0664 | data 0.1 ms | step 18.0 ms | 28411.2 samples/s
  step   750/1756 | loss 2.0518 | data 0.1 ms | step 19.2 ms | 26652.2 samples/s
  step   800/1756 | loss 2.1171 | data 0.1 ms | step 18.4 ms | 27756.3 samples/s
  step   850/1756 | loss 2.2563 | data 0.1 ms | step 19.3 ms | 26553.9 samples/s
  step   900/1756 | loss 1.9459 | data 0.1 ms | step 18.4 ms | 27766.7 samples/s
  step   950/1756 | loss 2.0629 | data 0.1 ms | step 19.7 ms | 25995.7 samples/s
  step  1000/1756 | loss 1.8232 | data 0.1 ms | step 18.5 ms | 27746.5 samples/s
  step  1050/1756 | loss 2.0771 | data 0.1 ms | step 19.7 ms | 26040.2 samples/s
  step  1100/1756 | loss 1.9862 | data 0.1 ms | step 18.2 ms | 28145.0 samples/s
  step  1150/1756 | loss 2.0287 | data 0.1 ms | step 19.7 ms | 26018.0 samples/s
  step  1200/1756 | loss 2.0595 | data 0.1 ms | step 18.2 ms | 28153.5 samples/s
  step  1250/1756 | loss 2.0992 | data 0.1 ms | step 19.7 ms | 26006.9 samples/s
  step  1300/1756 | loss 2.0534 | data 0.1 ms | step 18.0 ms | 28484.1 samples/s
  step  1350/1756 | loss 2.1003 | data 0.1 ms | step 19.7 ms | 25976.5 samples/s
  step  1400/1756 | loss 2.2002 | data 0.1 ms | step 18.2 ms | 28141.7 samples/s
  step  1450/1756 | loss 2.0706 | data 0.1 ms | step 19.7 ms | 25988.1 samples/s
  step  1500/1756 | loss 2.1170 | data 0.1 ms | step 18.5 ms | 27737.9 samples/s
  step  1550/1756 | loss 2.0699 | data 0.1 ms | step 19.4 ms | 26334.9 samples/s
  step  1600/1756 | loss 2.2358 | data 0.1 ms | step 18.5 ms | 27680.9 samples/s
  step  1650/1756 | loss 2.1822 | data 0.1 ms | step 19.5 ms | 26290.7 samples/s
  step  1700/1756 | loss 1.9153 | data 0.1 ms | step 18.0 ms | 28462.7 samples/s
  step  1750/1756 | loss 2.0874 | data 0.6 ms | step 19.2 ms | 26645.7 samples/s
Training Loss: 2.059185 | 27075.3 samples/s
Peak GPU memory: 918.2 MB
Validation Loss: 2.170445 | 83328.1 samples/s

Epoch 56/100
----------------------------------------
Learning Rate: 0.000059
  step    50/1756 | loss 1.8451 | data 0.6 ms | step 17.5 ms | 29335.8 samples/s
  step   100/1756 | loss 1.8092 | data 0.1 ms | step 14.2 ms | 36161.3 samples/s
  step   150/1756 | loss 1.7882 | data 0.1 ms | step 15.9 ms | 32225.0 samples/s
  step   200/1756 | loss 1.8599 | data 0.1 ms | step 14.1 ms | 36238.9 samples/s
  step   250/1756 | loss 2.0230 | data 0.1 ms | step 15.9 ms | 32269.6 samples/s
  step   300/1756 | loss 2.1997 | data 0.1 ms | step 14.1 ms | 36203.9 samples/s
  step   350/1756 | loss 1.8857 | data 0.1 ms | step 15.9 ms | 32202.7 samples/s
  step   400/1756 | loss 2.0044 | data 0.1 ms | step 14.2 ms | 36143.1 samples/s
  step   450/1756 | loss 1.9023 | data 0.1 ms | step 15.9 ms | 32211.7 samples/s
  step   500/1756 | loss 1.9191 | data 0.1 ms | step 16.9 ms | 30247.5 samples/s
  step   550/1756 | loss 1.9787 | data 0.1 ms | step 19.3 ms | 26520.1 samples/s
  step   600/1756 | loss 2.1932 | data 0.1 ms | step 18.5 ms | 27714.8 samples/s
  step   650/1756 | loss 2.0871 | data 0.1 ms | step 19.7 ms | 25948.4 samples/s
  step   700/1756 | loss 1.9576 | data 0.1 ms | step 18.2 ms | 28112.8 samples/s
  step   750/1756 | loss 1.8305 | data 0.1 ms | step 19.5 ms | 26302.7 samples/s
  step   800/1756 | loss 1.9967 | data 0.1 ms | step 18.2 ms | 28171.2 samples/s
  step   850/1756 | loss 2.2147 | data 0.1 ms | step 19.6 ms | 26065.4 samples/s
  step   900/1756 | loss 2.1184 | data 0.1 ms | step 18.2 ms | 28103.8 samples/s
  step   950/1756 | loss 2.3622 | data 0.1 ms | step 19.8 ms | 25902.8 samples/s
  step  1000/1756 | loss 2.0044 | data 0.1 ms | step 18.2 ms | 28100.5 samples/s
  step  1050/1756 | loss 1.7768 | data 0.1 ms | step 19.5 ms | 26206.4 samples/s
  step  1100/1756 | loss 2.1253 | data 0.1 ms | step 18.1 ms | 28241.2 samples/s
  step  1150/1756 | loss 2.2049 | data 0.1 ms | step 19.7 ms | 26013.5 samples/s
  step  1200/1756 | loss 2.2194 | data 0.1 ms | step 18.4 ms | 27785.5 samples/s
  step  1250/1756 | loss 1.9153 | data 0.1 ms | step 19.5 ms | 26289.6 samples/s
  step  1300/1756 | loss 1.8960 | data 0.1 ms | step 18.5 ms | 27746.7 samples/s
  step  1350/1756 | loss 1.8933 | data 0.1 ms | step 19.7 ms | 25931.5 samples/s
  step  1400/1756 | loss 2.0389 | data 0.1 ms | step 18.2 ms | 28117.3 samples/s
  step  1450/1756 | loss 2.0609 | data 0.1 ms | step 19.8 ms | 25846.8 samples/s
  step  1500/1756 | loss 1.9464 | data 0.1 ms | step 18.1 ms | 28307.2 samples/s
  step  1550/1756 | loss 2.0380 | data 0.1 ms | step 19.6 ms | 26144.9 samples/s
  step  1600/1756 | loss 1.9421 | data 0.1 ms | step 18.3 ms | 27945.3 samples/s
  step  1650/1756 | loss 2.0193 | data 0.1 ms | step 19.4 ms | 26414.7 samples/s
  step  1700/1756 | loss 2.1842 | data 0.1 ms | step 18.8 ms | 27278.5 samples/s
  step  1750/1756 | loss 2.2005 | data 0.6 ms | step 19.7 ms | 26022.8 samples/s
Training Loss: 2.012278 | 28484.5 samples/s
Peak GPU memory: 918.2 MB
Validation Loss: 2.100689 | 80868.6 samples/s

Epoch 57/100
----------------------------------------
Learning Rate: 0.000059
  step    50/1756 | loss 1.9784 | data 0.7 ms | step 18.3 ms | 28009.0 samples/s
  step   100/1756 | loss 1.8651 | data 0.1 ms | step 19.3 ms | 26510.5 samples/s
  step   150/1756 | loss 2.0380 | data 0.1 ms | step 18.4 ms | 27788.8 samples/s
  step   200/1756 | loss 2.2506 | data 0.1 ms | step 19.7 ms | 25980.1 samples/s
  step   250/1756 | loss 1.9502 | data 0.1 ms | step 18.2 ms | 28145.4 samples/s
  step   300/1756 | loss 2.2347 | data 0.1 ms | step 19.7 ms | 26031.5 samples/s
  step   350/1756 | loss 1.7475 | data 0.1 ms | step 18.4 ms | 27804.3 samples/s
  step   400/1756 | loss 2.1396 | data 0.1 ms | step 19.7 ms | 26051.9 samples/s
  step   450/1756 | loss 2.0217 | data 0.1 ms | step 18.0 ms | 28434.2 samples/s
  step   500/1756 | loss 2.0744 | data 0.1 ms | step 19.5 ms | 26313.1 samples/s
  step   550/1756 | loss 2.1526 | data 0.1 ms | step 18.3 ms | 27966.1 samples/s
  step   600/1756 | loss 1.9666 | data 0.1 ms | step 19.7 ms | 25982.3 samples/s
  step   650/1756 | loss 1.9719 | data 0.1 ms | step 18.1 ms | 28292.7 samples/s
  step   700/1756 | loss 1.9463 | data 0.1 ms | step 19.4 ms | 26394.4 samples/s
  step   750/1756 | loss 2.0244 | data 0.1 ms | step 18.5 ms | 27729.5 samples/s
  step   800/1756 | loss 1.8111 | data 0.1 ms | step 19.6 ms | 26150.6 samples/s
  step   850/1756 | loss 1.9356 | data 0.1 ms | step 18.3 ms | 27933.2 samples/s
  step   900/1756 | loss 1.9246 | data 0.1 ms | step 19.5 ms | 26292.7 samples/s
  step   950/1756 | loss 2.0260 | data 0.1 ms | step 18.4 ms | 27777.8 samples/s
  step  1000/1756 | loss 2.2969 | data 0.1 ms | step 19.7 ms | 26038.4 samples/s
  step  1050/1756 | loss 2.1536 | data 0.1 ms | step 17.8 ms | 28686.5 samples/s
  step  1100/1756 | loss 1.8791 | data 0.1 ms | step 19.7 ms | 25998.2 samples/s
  step  1150/1756 | loss 1.9774 | data 0.1 ms | step 18.4 ms | 27771.4 samples/s
  step  1200/1756 | loss 1.9234 | data 0.1 ms | step 19.5 ms | 26281.0 samples/s
  step  1250/1756 | loss 1.9546 | data 0.1 ms | step 18.3 ms | 27961.9 samples/s
  step  1300/1756 | loss 1.8673 | data 0.1 ms | step 19.6 ms | 26058.4 samples/s
  step  1350/1756 | loss 2.1861 | data 0.1 ms | step 18.4 ms | 27894.8 samples/s
  step  1400/1756 | loss 2.0519 | data 0.1 ms | step 19.5 ms | 26202.8 samples/s
  step  1450/1756 | loss 2.0130 | data 0.1 ms | step 18.2 ms | 28141.5 samples/s
  step  1500/1756 | loss 2.0528 | data 0.1 ms | step 19.8 ms | 25919.2 samples/s
  step  1550/1756 | loss 2.0467 | data 0.1 ms | step 18.0 ms | 28440.3 samples/s
  step  1600/1756 | loss 1.9603 | data 0.1 ms | step 18.6 ms | 27480.0 samples/s
  step  1650/1756 | loss 1.9982 | data 0.1 ms | step 18.6 ms | 27489.9 samples/s
  step  1700/1756 | loss 2.2967 | data 0.1 ms | step 18.9 ms | 27046.7 samples/s
  step  1750/1756 | loss 1.8743 | data 0.6 ms | step 19.0 ms | 26964.3 samples/s
Training Loss: 2.015774 | 27107.1 samples/s
Peak GPU memory: 918.2 MB
Validation Loss: 1.962565 | 83001.7 samples/s

Epoch 58/100
----------------------------------------
Learning Rate: 0.000059
  step    50/1756 | loss 2.0996 | data 0.6 ms | step 18.3 ms | 27925.7 samples/s
  step   100/1756 | loss 2.0609 | data 0.1 ms | step 19.5 ms | 26228.9 samples/s
  step   150/1756 | loss 2.0151 | data 0.1 ms | step 18.4 ms | 27789.9 samples/s
  step   200/1756 | loss 2.0396 | data 0.1 ms | step 18.9 ms | 27096.5 samples/s
  step   250/1756 | loss 2.0424 | data 0.1 ms | step 15.2 ms | 33706.5 samples/s
  step   300/1756 | loss 1.9916 | data 0.1 ms | step 15.9 ms | 32145.3 samples/s
  step   350/1756 | loss 2.1605 | data 0.1 ms | step 14.2 ms | 36144.1 samples/s
  step   400/1756 | loss 1.8986 | data 0.1 ms | step 16.0 ms | 32092.8 samples/s
  step   450/1756 | loss 2.1097 | data 0.1 ms | step 14.2 ms | 36118.8 samples/s
  step   500/1756 | loss 2.1842 | data 0.1 ms | step 15.9 ms | 32249.3 samples/s
  step   550/1756 | loss 2.1234 | data 0.1 ms | step 14.1 ms | 36187.5 samples/s
  step   600/1756 | loss 2.0990 | data 0.1 ms | step 15.9 ms | 32148.8 samples/s
  step   650/1756 | loss 2.1143 | data 0.1 ms | step 14.3 ms | 35869.3 samples/s
  step   700/1756 | loss 2.0305 | data 0.1 ms | step 19.6 ms | 26112.4 samples/s
  step   750/1756 | loss 2.2812 | data 0.1 ms | step 18.1 ms | 28289.4 samples/s
  step   800/1756 | loss 1.7887 | data 0.1 ms | step 19.4 ms | 26344.0 samples/s
  step   850/1756 | loss 1.9790 | data 0.1 ms | step 18.5 ms | 27738.4 samples/s
  step   900/1756 | loss 1.8600 | data 0.1 ms | step 19.5 ms | 26233.6 samples/s
  step   950/1756 | loss 2.0379 | data 0.1 ms | step 18.1 ms | 28360.5 samples/s
  step  1000/1756 | loss 1.9198 | data 0.1 ms | step 19.7 ms | 25946.2 samples/s
  step  1050/1756 | loss 1.7929 | data 0.1 ms | step 18.4 ms | 27833.9 samples/s
  step  1100/1756 | loss 1.8892 | data 0.1 ms | step 19.5 ms | 26203.7 samples/s
  step  1150/1756 | loss 1.8843 | data 0.1 ms | step 18.1 ms | 28222.0 samples/s
  step  1200/1756 | loss 2.0182 | data 0.1 ms | step 19.5 ms | 26248.0 samples/s
  step  1250/1756 | loss 2.1595 | data 0.1 ms | step 18.2 ms | 28114.5 samples/s
  step  1300/1756 | loss 1.9236 | data 0.1 ms | step 19.4 ms | 26330.2 samples/s
  step  1350/1756 | loss 2.0873 | data 0.1 ms | step 18.5 ms | 27662.4 samples/s
  step  1400/1756 | loss 1.8245 | data 0.1 ms | step 19.4 ms | 26446.8 samples/s
  step  1450/1756 | loss 1.7924 | data 0.1 ms | step 18.6 ms | 27562.3 samples/s
  step  1500/1756 | loss 1.8457 | data 0.1 ms | step 18.8 ms | 27214.7 samples/s
  step  1550/1756 | loss 1.8395 | data 0.1 ms | step 18.8 ms | 27213.1 samples/s
  step  1600/1756 | loss 2.0100 | data 0.1 ms | step 18.1 ms | 28299.6 samples/s
  step  1650/1756 | loss 1.9865 | data 0.1 ms | step 19.5 ms | 26280.8 samples/s
  step  1700/1756 | loss 2.0942 | data 0.1 ms | step 18.2 ms | 28082.4 samples/s
  step  1750/1756 | loss 2.1040 | data 0.6 ms | step 19.7 ms | 25964.0 samples/s
Training Loss: 2.002092 | 28593.4 samples/s
Peak GPU memory: 918.2 MB
Validation Loss: 2.061733 | 81686.8 samples/s

Epoch 59/100
----------------------------------------
Learning Rate: 0.000059
  step    50/1756 | loss 2.0426 | data 0.6 ms | step 18.4 ms | 27849.8 samples/s
  step   100/1756 | loss 1.9276 | data 0.1 ms | step 19.5 ms | 26275.6 samples/s
  step   150/1756 | loss 1.9780 | data 0.1 ms | step 18.2 ms | 28067.5 samples/s
  step   200/1756 | loss 1.8952 | data 0.1 ms | step 19.7 ms | 25955.5 samples/s
  step   250/1756 | loss 2.1267 | data 0.1 ms | step 18.2 ms | 28160.7 samples/s
  step   300/1756 | loss 1.9970 | data 0.1 ms | step 19.5 ms | 26287.7 samples/s
  step   350/1756 | loss 2.0789 | data 0.1 ms | step 18.2 ms | 28115.2 samples/s
  step   400/1756 | loss 1.9358 | data 0.1 ms | step 19.7 ms | 25994.2 samples/s
  step   450/1756 | loss 1.9651 | data 0.1 ms | step 17.8 ms | 28787.1 samples/s
  step   500/1756 | loss 2.0365 | data 0.1 ms | step 19.4 ms | 26368.8 samples/s
  step   550/1756 | loss 2.0344 | data 0.1 ms | step 17.8 ms | 28719.5 samples/s
  step   600/1756 | loss 2.0764 | data 0.1 ms | step 19.5 ms | 26285.5 samples/s
  step   650/1756 | loss 1.9535 | data 0.1 ms | step 18.3 ms | 28050.6 samples/s
  step   700/1756 | loss 1.8424 | data 0.1 ms | step 19.7 ms | 25990.8 samples/s
  step   750/1756 | loss 2.1298 | data 0.1 ms | step 18.2 ms | 28074.8 samples/s
  step   800/1756 | loss 2.0426 | data 0.1 ms | step 19.7 ms | 26040.2 samples/s
  step   850/1756 | loss 1.9101 | data 0.1 ms | step 18.4 ms | 27780.1 samples/s
  step   900/1756 | loss 1.8743 | data 0.1 ms | step 19.7 ms | 25954.2 samples/s
  step   950/1756 | loss 1.7035 | data 0.1 ms | step 18.4 ms | 27817.3 samples/s
  step  1000/1756 | loss 1.9068 | data 0.1 ms | step 19.5 ms | 26316.8 samples/s
  step  1050/1756 | loss 1.9443 | data 0.1 ms | step 18.4 ms | 27778.6 samples/s
  step  1100/1756 | loss 2.1209 | data 0.1 ms | step 19.5 ms | 26245.3 samples/s
  step  1150/1756 | loss 2.2249 | data 0.1 ms | step 18.2 ms | 28129.5 samples/s
  step  1200/1756 | loss 1.9103 | data 0.1 ms | step 19.6 ms | 26147.9 samples/s
  step  1250/1756 | loss 2.1127 | data 0.1 ms | step 18.1 ms | 28291.5 samples/s
  step  1300/1756 | loss 2.1614 | data 0.1 ms | step 19.7 ms | 26044.6 samples/s
  step  1350/1756 | loss 2.0430 | data 0.1 ms | step 18.4 ms | 27777.5 samples/s
  step  1400/1756 | loss 2.0384 | data 0.1 ms | step 19.7 ms | 25964.3 samples/s
  step  1450/1756 | loss 1.9744 | data 0.1 ms | step 18.2 ms | 28122.9 samples/s
  step  1500/1756 | loss 2.1538 | data 0.1 ms | step 19.7 ms | 25965.8 samples/s
  step  1550/1756 | loss 1.9790 | data 0.1 ms | step 18.2 ms | 28077.9 samples/s
  step  1600/1756 | loss 2.1342 | data 0.1 ms | step 19.7 ms | 25924.3 samples/s
  step  1650/1756 | loss 1.8889 | data 0.1 ms | step 18.2 ms | 28158.8 samples/s
  step  1700/1756 | loss 2.0741 | data 0.1 ms | step 19.5 ms | 26253.4 samples/s
  step  1750/1756 | loss 1.8046 | data 0.6 ms | step 18.2 ms | 28089.8 samples/s
Training Loss: 1.999737 | 27100.6 samples/s
Peak GPU memory: 918.2 MB
Validation Loss: 1.974075 | 83138.0 samples/s

Epoch 60/100
----------------------------------------
Learning Rate: 0.000059
  step    50/1756 | loss 2.0320 | data 0.7 ms | step 18.8 ms | 27198.8 samples/s
  step   100/1756 | loss 2.1359 | data 0.1 ms | step 18.9 ms | 27046.4 samples/s
  step   150/1756 | loss 2.0830 | data 0.1 ms | step 19.1 ms | 26804.1 samples/s
  step   200/1756 | loss 2.1118 | data 0.1 ms | step 18.5 ms | 27679.6 samples/s
  step   250/1756 | loss 1.9815 | data 0.1 ms | step 18.7 ms | 27412.2 samples/s
  step   300/1756 | loss 1.8307 | data 0.1 ms | step 19.0 ms | 26901.1 samples/s
  step   350/1756 | loss 1.8953 | data 0.1 ms | step 17.8 ms | 28736.3 samples/s
  step   400/1756 | loss 1.8619 | data 0.1 ms | step 18.9 ms | 27133.9 samples/s
  step   450/1756 | loss 2.0045 | data 0.1 ms | step 16.4 ms | 31249.2 samples/s
  step   500/1756 | loss 2.0817 | data 0.1 ms | step 15.2 ms | 33747.7 samples/s
  step   550/1756 | loss 2.0697 | data 0.1 ms | step 14.1 ms | 36243.7 samples/s
  step   600/1756 | loss 1.9374 | data 0.1 ms | step 15.9 ms | 32181.9 samples/s
  step   650/1756 | loss 2.0702 | data 0.1 ms | step 14.3 ms | 35879.4 samples/s
  step   700/1756 | loss 1.9330 | data 0.1 ms | step 15.9 ms | 32142.4 samples/s
  step   750/1756 | loss 1.8561 | data 0.1 ms | step 14.1 ms | 36359.7 samples/s
  step   800/1756 | loss 1.9954 | data 0.1 ms | step 15.9 ms | 32202.8 samples/s
  step   850/1756 | loss 2.0505 | data 0.1 ms | step 14.4 ms | 35534.2 samples/s
  step   900/1756 | loss 1.9931 | data 0.1 ms | step 18.7 ms | 27429.8 samples/s
  step   950/1756 | loss 1.8977 | data 0.1 ms | step 18.5 ms | 27711.2 samples/s
  step  1000/1756 | loss 2.0067 | data 0.1 ms | step 19.7 ms | 25985.0 samples/s
  step  1050/1756 | loss 1.9856 | data 0.1 ms | step 18.5 ms | 27710.8 samples/s
  step  1100/1756 | loss 1.9224 | data 0.1 ms | step 19.2 ms | 26614.3 samples/s
  step  1150/1756 | loss 1.8466 | data 0.1 ms | step 18.4 ms | 27779.1 samples/s
  step  1200/1756 | loss 1.9455 | data 0.1 ms | step 19.7 ms | 25940.4 samples/s
  step  1250/1756 | loss 2.2062 | data 0.1 ms | step 18.0 ms | 28371.4 samples/s
  step  1300/1756 | loss 1.9843 | data 0.1 ms | step 19.8 ms | 25867.8 samples/s
  step  1350/1756 | loss 2.1020 | data 0.1 ms | step 18.5 ms | 27675.9 samples/s
  step  1400/1756 | loss 1.9307 | data 0.1 ms | step 19.7 ms | 25947.8 samples/s
  step  1450/1756 | loss 1.8347 | data 0.1 ms | step 18.3 ms | 27962.6 samples/s
  step  1500/1756 | loss 1.9578 | data 0.1 ms | step 19.4 ms | 26371.4 samples/s
  step  1550/1756 | loss 2.1527 | data 0.1 ms | step 18.2 ms | 28159.1 samples/s
  step  1600/1756 | loss 1.9030 | data 0.1 ms | step 19.7 ms | 25976.3 samples/s
  step  1650/1756 | loss 1.7747 | data 0.1 ms | step 18.4 ms | 27782.9 samples/s
  step  1700/1756 | loss 1.9019 | data 0.1 ms | step 19.8 ms | 25918.0 samples/s
  step  1750/1756 | loss 1.9452 | data 0.6 ms | step 17.9 ms | 28559.7 samples/s
Training Loss: 1.976203 | 28599.7 samples/s
Peak GPU memory: 918.2 MB
Validation Loss: 1.993970 | 82219.0 samples/s

Epoch 61/100
----------------------------------------
Learning Rate: 0.000053
  step    50/1756 | loss 1.9096 | data 0.7 ms | step 18.8 ms | 27183.2 samples/s
  step   100/1756 | loss 1.9522 | data 0.1 ms | step 19.3 ms | 26514.2 samples/s
  step   150/1756 | loss 2.0125 | data 0.1 ms | step 18.7 ms | 27446.5 samples/s
  step   200/1756 | loss 1.9574 | data 0.1 ms | step 19.5 ms | 26309.0 samples/s
  step   250/1756 | loss 1.8785 | data 0.1 ms | step 18.5 ms | 27696.2 samples/s
  step   300/1756 | loss 2.2028 | data 0.1 ms | step 19.7 ms | 26019.1 samples/s
  step   350/1756 | loss 2.0125 | data 0.1 ms | step 18.2 ms | 28122.4 samples/s
  step   400/1756 | loss 1.9053 | data 0.1 ms | step 19.7 ms | 25942.0 samples/s
  step   450/1756 | loss 2.0461 | data 0.1 ms | step 18.4 ms | 27769.2 samples/s
  step   500/1756 | loss 2.0968 | data 0.1 ms | step 19.5 ms | 26235.5 samples/s
  step   550/1756 | loss 1.9056 | data 0.1 ms | step 18.4 ms | 27756.6 samples/s
  step   600/1756 | loss 1.8116 | data 0.1 ms | step 19.2 ms | 26644.2 samples/s
  step   650/1756 | loss 1.7719 | data 0.1 ms | step 18.0 ms | 28435.7 samples/s
  step   700/1756 | loss 1.7898 | data 0.1 ms | step 19.5 ms | 26262.6 samples/s
  step   750/1756 | loss 1.8730 | data 0.1 ms | step 18.5 ms | 27744.8 samples/s
  step   800/1756 | loss 1.9208 | data 0.1 ms | step 19.7 ms | 25932.8 samples/s
  step   850/1756 | loss 2.0866 | data 0.1 ms | step 18.4 ms | 27771.9 samples/s
  step   900/1756 | loss 2.1076 | data 0.1 ms | step 19.3 ms | 26538.2 samples/s
  step   950/1756 | loss 1.9682 | data 0.1 ms | step 18.4 ms | 27776.4 samples/s
  step  1000/1756 | loss 2.0136 | data 0.1 ms | step 19.7 ms | 25935.4 samples/s
  step  1050/1756 | loss 2.3019 | data 0.1 ms | step 18.2 ms | 28082.7 samples/s
  step  1100/1756 | loss 2.0699 | data 0.1 ms | step 19.5 ms | 26252.8 samples/s
  step  1150/1756 | loss 1.9372 | data 0.1 ms | step 18.5 ms | 27709.0 samples/s
  step  1200/1756 | loss 1.9841 | data 0.1 ms | step 19.8 ms | 25916.5 samples/s
  step  1250/1756 | loss 2.1613 | data 0.1 ms | step 18.5 ms | 27720.8 samples/s
  step  1300/1756 | loss 1.9298 | data 0.1 ms | step 19.5 ms | 26268.4 samples/s
  step  1350/1756 | loss 1.8780 | data 0.1 ms | step 18.5 ms | 27732.5 samples/s
  step  1400/1756 | loss 2.0385 | data 0.1 ms | step 19.5 ms | 26287.7 samples/s
  step  1450/1756 | loss 1.9164 | data 0.1 ms | step 18.5 ms | 27714.9 samples/s
  step  1500/1756 | loss 1.8662 | data 0.1 ms | step 19.7 ms | 26020.3 samples/s
  step  1550/1756 | loss 2.0831 | data 0.1 ms | step 18.2 ms | 28080.4 samples/s
  step  1600/1756 | loss 2.1282 | data 0.1 ms | step 19.5 ms | 26225.9 samples/s
  step  1650/1756 | loss 1.9813 | data 0.1 ms | step 18.5 ms | 27659.1 samples/s
  step  1700/1756 | loss 1.8308 | data 0.1 ms | step 19.5 ms | 26256.4 samples/s
  step  1750/1756 | loss 1.8294 | data 0.6 ms | step 18.4 ms | 27753.9 samples/s
Training Loss: 1.975809 | 26995.2 samples/s
Peak GPU memory: 918.2 MB
Validation Loss: 1.947837 | 83199.2 samples/s

Epoch 62/100
----------------------------------------
Learning Rate: 0.000053
  step    50/1756 | loss 1.8461 | data 0.7 ms | step 19.5 ms | 26235.0 samples/s
  step   100/1756 | loss 1.9306 | data 0.1 ms | step 18.0 ms | 28439.6 samples/s
  step   150/1756 | loss 1.9759 | data 0.1 ms | step 19.5 ms | 26301.2 samples/s
  step   200/1756 | loss 2.0020 | data 0.1 ms | step 18.2 ms | 28176.1 samples/s
  step   250/1756 | loss 2.2117 | data 0.1 ms | step 19.5 ms | 26283.8 samples/s
  step   300/1756 | loss 1.8567 | data 0.1 ms | step 18.4 ms | 27817.0 samples/s
  step   350/1756 | loss 1.8894 | data 0.1 ms | step 19.7 ms | 26006.1 samples/s
  step   400/1756 | loss 2.0141 | data 0.1 ms | step 18.4 ms | 27757.6 samples/s
  step   450/1756 | loss 1.9771 | data 0.1 ms | step 19.7 ms | 25963.9 samples/s
  step   500/1756 | loss 1.8413 | data 0.1 ms | step 18.5 ms | 27742.4 samples/s
  step   550/1756 | loss 1.9439 | data 0.1 ms | step 19.5 ms | 26308.4 samples/s
  step   600/1756 | loss 1.8942 | data 0.1 ms | step 17.6 ms | 29087.4 samples/s
  step   650/1756 | loss 1.8721 | data 0.1 ms | step 16.7 ms | 30672.7 samples/s
  step   700/1756 | loss 1.9301 | data 0.1 ms | step 14.1 ms | 36287.2 samples/s
  step   750/1756 | loss 2.1225 | data 0.1 ms | step 15.9 ms | 32187.4 samples/s
  step   800/1756 | loss 2.3524 | data 0.1 ms | step 14.2 ms | 36110.0 samples/s
  step   850/1756 | loss 1.8044 | data 0.1 ms | step 14.8 ms | 34696.2 samples/s
  step   900/1756 | loss 1.8870 | data 0.1 ms | step 15.3 ms | 33421.1 samples/s
  step   950/1756 | loss 2.0747 | data 0.1 ms | step 14.2 ms | 36121.5 samples/s
  step  1000/1756 | loss 1.7722 | data 0.1 ms | step 15.9 ms | 32183.6 samples/s
  step  1050/1756 | loss 2.0390 | data 0.1 ms | step 14.9 ms | 34339.2 samples/s
  step  1100/1756 | loss 1.9992 | data 0.1 ms | step 19.7 ms | 26029.2 samples/s
  step  1150/1756 | loss 2.1198 | data 0.1 ms | step 18.5 ms | 27723.5 samples/s
  step  1200/1756 | loss 1.9347 | data 0.1 ms | step 19.8 ms | 25914.2 samples/s
  step  1250/1756 | loss 1.9347 | data 0.1 ms | step 18.4 ms | 27756.7 samples/s
  step  1300/1756 | loss 1.8431 | data 0.1 ms | step 19.1 ms | 26755.7 samples/s
  step  1350/1756 | loss 2.0805 | data 0.1 ms | step 18.1 ms | 28244.6 samples/s
  step  1400/1756 | loss 1.8949 | data 0.1 ms | step 19.6 ms | 26167.3 samples/s
  step  1450/1756 | loss 2.1373 | data 0.1 ms | step 18.5 ms | 27722.7 samples/s
  step  1500/1756 | loss 2.0623 | data 0.1 ms | step 19.7 ms | 25988.4 samples/s
  step  1550/1756 | loss 1.8374 | data 0.1 ms | step 18.2 ms | 28082.5 samples/s
  step  1600/1756 | loss 1.9075 | data 0.1 ms | step 19.3 ms | 26566.2 samples/s
  step  1650/1756 | loss 1.9211 | data 0.1 ms | step 18.0 ms | 28445.5 samples/s
  step  1700/1756 | loss 1.9720 | data 0.1 ms | step 19.4 ms | 26338.8 samples/s
  step  1750/1756 | loss 1.8240 | data 0.6 ms | step 18.4 ms | 27793.4 samples/s
Training Loss: 1.963488 | 28569.7 samples/s
Peak GPU memory: 918.2 MB
Validation Loss: 2.123963 | 82404.4 samples/s

Epoch 63/100
----------------------------------------
Learning Rate: 0.000053
  step    50/1756 | loss 1.9980 | data 0.8 ms | step 19.3 ms | 26515.9 samples/s
  step   100/1756 | loss 1.9807 | data 0.1 ms | step 18.4 ms | 27763.9 samples/s
  step   150/1756 | loss 2.1017 | data 0.1 ms | step 19.5 ms | 26213.0 samples/s
  step   200/1756 | loss 1.9985 | data 0.1 ms | step 18.4 ms | 27819.4 samples/s
  step   250/1756 | loss 2.0692 | data 0.1 ms | step 19.8 ms | 25892.3 samples/s
  step   300/1756 | loss 1.8485 | data 0.1 ms | step 18.0 ms | 28395.1 samples/s
  step   350/1756 | loss 1.8053 | data 0.1 ms | step 19.7 ms | 25932.7 samples/s
  step   400/1756 | loss 2.0833 | data 0.1 ms | step 18.2 ms | 28135.4 samples/s
  step   450/1756 | loss 1.9701 | data 0.1 ms | step 19.7 ms | 25926.6 samples/s
  step   500/1756 | loss 1.9440 | data 0.1 ms | step 18.3 ms | 28050.3 samples/s
  step   550/1756 | loss 2.0423 | data 0.1 ms | step 19.5 ms | 26207.0 samples/s
  step   600/1756 | loss 2.0694 | data 0.1 ms | step 18.0 ms | 28437.9 samples/s
  step   650/1756 | loss 1.9173 | data 0.1 ms | step 19.7 ms | 25969.8 samples/s
  step   700/1756 | loss 1.8852 | data 0.1 ms | step 18.4 ms | 27807.2 samples/s
  step   750/1756 | loss 1.8351 | data 0.1 ms | step 19.7 ms | 25949.1 samples/s
  step   800/1756 | loss 1.9056 | data 0.1 ms | step 18.4 ms | 27801.0 samples/s
  step   850/1756 | loss 1.8854 | data 0.1 ms | step 19.5 ms | 26216.1 samples/s
  step   900/1756 | loss 1.9597 | data 0.1 ms | step 18.2 ms | 28143.0 samples/s
  step   950/1756 | loss 1.6986 | data 0.1 ms | step 19.8 ms | 25904.6 samples/s
  step  1000/1756 | loss 2.0219 | data 0.1 ms | step 18.4 ms | 27762.4 samples/s
  step  1050/1756 | loss 1.9171 | data 0.1 ms | step 19.7 ms | 25993.5 samples/s
  step  1100/1756 | loss 2.1364 | data 0.1 ms | step 18.0 ms | 28395.0 samples/s
  step  1150/1756 | loss 2.2542 | data 0.1 ms | step 19.8 ms | 25879.6 samples/s
  step  1200/1756 | loss 1.9013 | data 0.1 ms | step 18.4 ms | 27821.0 samples/s
  step  1250/1756 | loss 1.8910 | data 0.1 ms | step 19.5 ms | 26209.1 samples/s
  step  1300/1756 | loss 2.1084 | data 0.1 ms | step 18.2 ms | 28184.0 samples/s
  step  1350/1756 | loss 2.1875 | data 0.1 ms | step 19.7 ms | 25960.7 samples/s
  step  1400/1756 | loss 2.0732 | data 0.1 ms | step 18.3 ms | 28051.3 samples/s
  step  1450/1756 | loss 1.8545 | data 0.1 ms | step 19.2 ms | 26706.9 samples/s
  step  1500/1756 | loss 1.8669 | data 0.1 ms | step 18.6 ms | 27537.8 samples/s
  step  1550/1756 | loss 2.0012 | data 0.1 ms | step 18.9 ms | 27059.9 samples/s
  step  1600/1756 | loss 1.9489 | data 0.1 ms | step 19.0 ms | 26943.3 samples/s
  step  1650/1756 | loss 1.8580 | data 0.1 ms | step 18.4 ms | 27827.6 samples/s
  step  1700/1756 | loss 1.8433 | data 0.1 ms | step 19.0 ms | 26898.6 samples/s
  step  1750/1756 | loss 1.6782 | data 0.6 ms | step 18.8 ms | 27186.2 samples/s
Training Loss: 1.956933 | 27011.3 samples/s
Peak GPU memory: 918.2 MB
Validation Loss: 1.955473 | 85059.3 samples/s

Epoch 64/100
----------------------------------------
Learning Rate: 0.000053
  step    50/1756 | loss 2.0756 | data 0.7 ms | step 19.3 ms | 26560.0 samples/s
  step   100/1756 | loss 2.1121 | data 0.1 ms | step 18.5 ms | 27717.4 samples/s
  step   150/1756 | loss 2.0491 | data 0.1 ms | step 19.5 ms | 26200.4 samples/s
  step   200/1756 | loss 1.9664 | data 0.1 ms | step 18.4 ms | 27855.5 samples/s
  step   250/1756 | loss 1.8125 | data 0.1 ms | step 19.5 ms | 26255.2 samples/s
  step   300/1756 | loss 1.8484 | data 0.1 ms | step 18.4 ms | 27773.5 samples/s
  step   350/1756 | loss 1.8675 | data 0.1 ms | step 19.7 ms | 25963.1 samples/s
  step   400/1756 | loss 1.9003 | data 0.1 ms | step 18.5 ms | 27724.7 samples/s
  step   450/1756 | loss 2.0539 | data 0.1 ms | step 19.7 ms | 25990.1 samples/s
  step   500/1756 | loss 1.9605 | data 0.1 ms | step 18.5 ms | 27721.3 samples/s
  step   550/1756 | loss 1.7817 | data 0.1 ms | step 19.8 ms | 25909.8 samples/s
  step   600/1756 | loss 1.9476 | data 0.1 ms | step 18.4 ms | 27756.8 samples/s
  step   650/1756 | loss 1.7960 | data 0.1 ms | step 19.7 ms | 25937.1 samples/s
  step   700/1756 | loss 1.9231 | data 0.1 ms | step 18.2 ms | 28056.1 samples/s
  step   750/1756 | loss 1.8680 | data 0.1 ms | step 19.7 ms | 25945.2 samples/s
  step   800/1756 | loss 1.9934 | data 0.1 ms | step 17.6 ms | 29037.6 samples/s
  step   850/1756 | loss 1.9165 | data 0.1 ms | step 16.2 ms | 31635.9 samples/s
  step   900/1756 | loss 1.7645 | data 0.1 ms | step 14.2 ms | 36112.4 samples/s
  step   950/1756 | loss 2.0381 | data 0.1 ms | step 15.7 ms | 32510.5 samples/s
  step  1000/1756 | loss 2.1016 | data 0.1 ms | step 14.1 ms | 36251.6 samples/s
  step  1050/1756 | loss 1.9750 | data 0.1 ms | step 15.9 ms | 32252.0 samples/s
  step  1100/1756 | loss 1.8908 | data 0.1 ms | step 14.2 ms | 36181.9 samples/s
  step  1150/1756 | loss 1.7682 | data 0.1 ms | step 15.8 ms | 32331.0 samples/s
  step  1200/1756 | loss 1.8735 | data 0.1 ms | step 14.2 ms | 36062.1 samples/s
  step  1250/1756 | loss 1.9503 | data 0.1 ms | step 16.0 ms | 31933.5 samples/s
  step  1300/1756 | loss 2.0572 | data 0.1 ms | step 18.6 ms | 27523.9 samples/s
  step  1350/1756 | loss 2.0754 | data 0.1 ms | step 19.5 ms | 26202.4 samples/s
  step  1400/1756 | loss 2.0334 | data 0.1 ms | step 18.7 ms | 27410.3 samples/s
  step  1450/1756 | loss 1.8931 | data 0.1 ms | step 19.3 ms | 26516.2 samples/s
  step  1500/1756 | loss 1.9158 | data 0.1 ms | step 18.9 ms | 27113.2 samples/s
  step  1550/1756 | loss 1.8514 | data 0.1 ms | step 18.8 ms | 27278.8 samples/s
  step  1600/1756 | loss 1.9370 | data 0.1 ms | step 19.2 ms | 26714.1 samples/s
  step  1650/1756 | loss 1.8669 | data 0.1 ms | step 19.0 ms | 26965.9 samples/s
  step  1700/1756 | loss 2.1090 | data 0.1 ms | step 19.2 ms | 26666.8 samples/s
  step  1750/1756 | loss 2.0388 | data 0.6 ms | step 19.6 ms | 26174.1 samples/s
Training Loss: 1.943381 | 28407.0 samples/s
Peak GPU memory: 918.2 MB
Validation Loss: 2.062537 | 84431.1 samples/s

Epoch 65/100
----------------------------------------
Learning Rate: 0.000053
  step    50/1756 | loss 1.9914 | data 0.8 ms | step 19.5 ms | 26192.9 samples/s
  step   100/1756 | loss 2.0416 | data 0.1 ms | step 18.2 ms | 28088.8 samples/s
  step   150/1756 | loss 1.8111 | data 0.1 ms | step 19.4 ms | 26354.7 samples/s
  step   200/1756 | loss 1.9726 | data 0.1 ms | step 18.2 ms | 28108.6 samples/s
  step   250/1756 | loss 1.8829 | data 0.1 ms | step 19.7 ms | 25950.2 samples/s
  step   300/1756 | loss 1.9024 | data 0.1 ms | step 18.4 ms | 27793.5 samples/s
  step   350/1756 | loss 1.9727 | data 0.1 ms | step 19.5 ms | 26253.3 samples/s
  step   400/1756 | loss 2.1458 | data 0.1 ms | step 18.5 ms | 27668.6 samples/s
  step   450/1756 | loss 1.7767 | data 0.1 ms | step 19.7 ms | 25979.0 samples/s
  step   500/1756 | loss 1.8025 | data 0.1 ms | step 18.5 ms | 27746.9 samples/s
  step   550/1756 | loss 1.9627 | data 0.1 ms | step 19.3 ms | 26470.2 samples/s
  step   600/1756 | loss 1.9445 | data 0.1 ms | step 18.4 ms | 27821.1 samples/s
  step   650/1756 | loss 1.8287 | data 0.1 ms | step 19.5 ms | 26197.8 samples/s
  step   700/1756 | loss 1.9902 | data 0.1 ms | step 18.2 ms | 28155.7 samples/s
  step   750/1756 | loss 2.0079 | data 0.1 ms | step 19.7 ms | 25941.3 samples/s
  step   800/1756 | loss 1.8332 | data 0.1 ms | step 18.4 ms | 27782.2 samples/s
  step   850/1756 | loss 1.8650 | data 0.1 ms | step 19.7 ms | 25990.5 samples/s
  step   900/1756 | loss 2.0079 | data 0.1 ms | step 18.4 ms | 27812.2 samples/s
  step   950/1756 | loss 1.9728 | data 0.1 ms | step 19.7 ms | 25942.3 samples/s
  step  1000/1756 | loss 1.9089 | data 0.1 ms | step 18.1 ms | 28234.7 samples/s
  step  1050/1756 | loss 1.9002 | data 0.1 ms | step 19.5 ms | 26197.5 samples/s
  step  1100/1756 | loss 1.9449 | data 0.1 ms | step 18.2 ms | 28133.7 samples/s
  step  1150/1756 | loss 1.9124 | data 0.1 ms | step 19.7 ms | 25952.0 samples/s
  step  1200/1756 | loss 2.0097 | data 0.1 ms | step 18.2 ms | 28157.1 samples/s
  step  1250/1756 | loss 1.8980 | data 0.1 ms | step 19.7 ms | 26030.0 samples/s
  step  1300/1756 | loss 1.7448 | data 0.1 ms | step 18.4 ms | 27776.2 samples/s
  step  1350/1756 | loss 1.7403 | data 0.1 ms | step 19.5 ms | 26258.9 samples/s
  step  1400/1756 | loss 2.1201 | data 0.1 ms | step 18.4 ms | 27785.3 samples/s
  step  1450/1756 | loss 1.9719 | data 0.1 ms | step 19.7 ms | 25980.1 samples/s
  step  1500/1756 | loss 1.9275 | data 0.1 ms | step 18.3 ms | 28047.7 samples/s
  step  1550/1756 | loss 1.8055 | data 0.1 ms | step 19.5 ms | 26210.0 samples/s
  step  1600/1756 | loss 1.8633 | data 0.1 ms | step 18.5 ms | 27738.8 samples/s
  step  1650/1756 | loss 1.9234 | data 0.1 ms | step 19.5 ms | 26313.1 samples/s
  step  1700/1756 | loss 1.8881 | data 0.1 ms | step 18.3 ms | 28046.8 samples/s
  step  1750/1756 | loss 1.9529 | data 0.6 ms | step 19.3 ms | 26465.5 samples/s
Training Loss: 1.921280 | 26987.1 samples/s
Peak GPU memory: 918.2 MB
Validation Loss: 2.029342 | 81485.8 samples/s

Epoch 66/100
----------------------------------------
Learning Rate: 0.000053
  step    50/1756 | loss 1.8840 | data 0.7 ms | step 18.3 ms | 27943.9 samples/s
  step   100/1756 | loss 1.8187 | data 0.1 ms | step 19.7 ms | 26016.9 samples/s
  step   150/1756 | loss 1.9179 | data 0.1 ms | step 18.4 ms | 27799.4 samples/s
  step   200/1756 | loss 1.7830 | data 0.1 ms | step 19.8 ms | 25905.2 samples/s
  step   250/1756 | loss 1.7434 | data 0.1 ms | step 18.2 ms | 28121.9 samples/s
  step   300/1756 | loss 1.7975 | data 0.1 ms | step 19.7 ms | 26004.9 samples/s
  step   350/1756 | loss 2.0681 | data 0.1 ms | step 18.4 ms | 27835.4 samples/s
  step   400/1756 | loss 1.9274 | data 0.1 ms | step 19.5 ms | 26305.8 samples/s
  step   450/1756 | loss 1.9158 | data 0.1 ms | step 18.5 ms | 27731.9 samples/s
  step   500/1756 | loss 1.7941 | data 0.1 ms | step 19.7 ms | 25956.4 samples/s
  step   550/1756 | loss 1.7819 | data 0.1 ms | step 18.5 ms | 27736.9 samples/s
  step   600/1756 | loss 2.0043 | data 0.1 ms | step 19.7 ms | 25958.2 samples/s
  step   650/1756 | loss 1.9752 | data 0.1 ms | step 18.2 ms | 28126.8 samples/s
  step   700/1756 | loss 1.9193 | data 0.1 ms | step 19.4 ms | 26340.1 samples/s
  step   750/1756 | loss 1.8220 | data 0.1 ms | step 18.4 ms | 27761.0 samples/s
  step   800/1756 | loss 1.8102 | data 0.1 ms | step 19.7 ms | 25979.9 samples/s
  step   850/1756 | loss 1.9592 | data 0.1 ms | step 18.2 ms | 28123.2 samples/s
  step   900/1756 | loss 1.8862 | data 0.1 ms | step 19.7 ms | 25956.9 samples/s
  step   950/1756 | loss 1.7514 | data 0.1 ms | step 17.8 ms | 28744.4 samples/s
  step  1000/1756 | loss 2.0524 | data 0.1 ms | step 18.5 ms | 27704.7 samples/s
  step  1050/1756 | loss 2.1940 | data 0.1 ms | step 14.1 ms | 36244.2 samples/s
  step  1100/1756 | loss 1.7818 | data 0.1 ms | step 15.1 ms | 34016.3 samples/s
  step  1150/1756 | loss 1.9426 | data 0.1 ms | step 15.0 ms | 34172.2 samples/s
  step  1200/1756 | loss 1.7706 | data 0.1 ms | step 14.1 ms | 36192.0 samples/s
  step  1250/1756 | loss 1.8640 | data 0.1 ms | step 15.9 ms | 32243.6 samples/s
  step  1300/1756 | loss 1.8561 | data 0.1 ms | step 14.1 ms | 36201.2 samples/s
  step  1350/1756 | loss 1.8803 | data 0.1 ms | step 15.9 ms | 32249.3 samples/s
  step  1400/1756 | loss 1.8487 | data 0.1 ms | step 14.2 ms | 36150.7 samples/s
  step  1450/1756 | loss 1.8288 | data 0.1 ms | step 18.3 ms | 27999.3 samples/s
  step  1500/1756 | loss 1.8910 | data 0.1 ms | step 17.9 ms | 28615.5 samples/s
  step  1550/1756 | loss 2.0209 | data 0.1 ms | step 19.4 ms | 26343.9 samples/s
  step  1600/1756 | loss 1.9605 | data 0.1 ms | step 18.4 ms | 27877.8 samples/s
  step  1650/1756 | loss 1.8268 | data 0.1 ms | step 19.7 ms | 25999.1 samples/s
  step  1700/1756 | loss 1.8934 | data 0.1 ms | step 18.3 ms | 28010.4 samples/s
  step  1750/1756 | loss 1.7820 | data 0.6 ms | step 19.7 ms | 25986.1 samples/s
Training Loss: 1.883470 | 28514.8 samples/s
Peak GPU memory: 918.2 MB
Validation Loss: 1.915494 | 79944.3 samples/s

Epoch 67/100
----------------------------------------
Learning Rate: 0.000053
  step    50/1756 | loss 1.9182 | data 0.6 ms | step 18.1 ms | 28336.5 samples/s
  step   100/1756 | loss 1.6840 | data 0.1 ms | step 19.6 ms | 26185.0 samples/s
  step   150/1756 | loss 1.8893 | data 0.1 ms | step 18.2 ms | 28088.5 samples/s
  step   200/1756 | loss 1.9811 | data 0.1 ms | step 19.7 ms | 26038.4 samples/s
  step   250/1756 | loss 2.2034 | data 0.1 ms | step 18.4 ms | 27825.3 samples/s
  step   300/1756 | loss 2.0302 | data 0.1 ms | step 19.7 ms | 25987.8 samples/s
  step   350/1756 | loss 2.0509 | data 0.1 ms | step 18.5 ms | 27741.9 samples/s
  step   400/1756 | loss 2.0207 | data 0.1 ms | step 19.7 ms | 25960.3 samples/s
  step   450/1756 | loss 1.9747 | data 0.1 ms | step 18.2 ms | 28196.8 samples/s
  step   500/1756 | loss 1.7738 | data 0.1 ms | step 19.5 ms | 26243.5 samples/s
  step   550/1756 | loss 2.1405 | data 0.1 ms | step 18.1 ms | 28232.5 samples/s
  step   600/1756 | loss 1.9835 | data 0.1 ms | step 19.7 ms | 25994.3 samples/s
  step   650/1756 | loss 1.8697 | data 0.1 ms | step 18.2 ms | 28118.8 samples/s
  step   700/1756 | loss 1.8724 | data 0.1 ms | step 19.7 ms | 25998.5 samples/s
  step   750/1756 | loss 1.9354 | data 0.1 ms | step 18.3 ms | 27949.5 samples/s
  step   800/1756 | loss 1.9496 | data 0.1 ms | step 19.7 ms | 26028.7 samples/s
  step   850/1756 | loss 1.8402 | data 0.1 ms | step 18.0 ms | 28437.7 samples/s
  step   900/1756 | loss 1.8507 | data 0.1 ms | step 18.9 ms | 27034.9 samples/s
  step   950/1756 | loss 1.7048 | data 0.1 ms | step 18.8 ms | 27219.1 samples/s
  step  1000/1756 | loss 1.8202 | data 0.1 ms | step 19.0 ms | 26950.3 samples/s
  step  1050/1756 | loss 1.7344 | data 0.1 ms | step 19.1 ms | 26839.7 samples/s
  step  1100/1756 | loss 1.9384 | data 0.1 ms | step 18.7 ms | 27328.3 samples/s
  step  1150/1756 | loss 1.7719 | data 0.1 ms | step 18.9 ms | 27066.4 samples/s
  step  1200/1756 | loss 1.9402 | data 0.1 ms | step 18.5 ms | 27701.1 samples/s
  step  1250/1756 | loss 1.7872 | data 0.1 ms | step 19.7 ms | 25980.6 samples/s
  step  1300/1756 | loss 1.9830 | data 0.1 ms | step 18.2 ms | 28085.7 samples/s
  step  1350/1756 | loss 1.7003 | data 0.1 ms | step 19.7 ms | 25959.6 samples/s
  step  1400/1756 | loss 2.0802 | data 0.1 ms | step 18.5 ms | 27736.8 samples/s
  step  1450/1756 | loss 1.8917 | data 0.1 ms | step 19.7 ms | 26001.4 samples/s
  step  1500/1756 | loss 1.8313 | data 0.1 ms | step 18.2 ms | 28086.2 samples/s
  step  1550/1756 | loss 1.7660 | data 0.1 ms | step 19.5 ms | 26304.5 samples/s
  step  1600/1756 | loss 2.1278 | data 0.1 ms | step 18.3 ms | 27902.9 samples/s
  step  1650/1756 | loss 1.6890 | data 0.1 ms | step 19.4 ms | 26355.4 samples/s
  step  1700/1756 | loss 1.9168 | data 0.1 ms | step 18.2 ms | 28160.6 samples/s
  step  1750/1756 | loss 1.9693 | data 0.6 ms | step 19.7 ms | 26026.8 samples/s
Training Loss: 1.902891 | 27057.8 samples/s
Peak GPU memory: 918.2 MB
Validation Loss: 1.919913 | 80556.9 samples/s

Epoch 68/100
----------------------------------------
Learning Rate: 0.000053
  step    50/1756 | loss 2.0783 | data 0.6 ms | step 18.1 ms | 28314.6 samples/s
  step   100/1756 | loss 1.9378 | data 0.1 ms | step 19.7 ms | 25957.8 samples/s
  step   150/1756 | loss 1.8629 | data 0.1 ms | step 18.4 ms | 27797.8 samples/s
  step   200/1756 | loss 1.7360 | data 0.1 ms | step 19.6 ms | 26132.4 samples/s
  step   250/1756 | loss 1.9182 | data 0.1 ms | step 18.2 ms | 28097.8 samples/s
  step   300/1756 | loss 1.7486 | data 0.1 ms | step 19.5 ms | 26227.2 samples/s
  step   350/1756 | loss 2.0585 | data 0.1 ms | step 18.2 ms | 28133.2 samples/s
  step   400/1756 | loss 2.1026 | data 0.1 ms | step 19.3 ms | 26582.2 samples/s
  step   450/1756 | loss 2.1903 | data 0.1 ms | step 18.2 ms | 28095.6 samples/s
  step   500/1756 | loss 1.8873 | data 0.1 ms | step 19.7 ms | 25946.2 samples/s
  step   550/1756 | loss 1.8540 | data 0.1 ms | step 18.0 ms | 28457.8 samples/s
  step   600/1756 | loss 1.7787 | data 0.1 ms | step 19.4 ms | 26347.0 samples/s
  step   650/1756 | loss 1.9830 | data 0.1 ms | step 18.4 ms | 27751.3 samples/s
  step   700/1756 | loss 1.7546 | data 0.1 ms | step 19.5 ms | 26287.6 samples/s
  step   750/1756 | loss 1.8662 | data 0.1 ms | step 18.2 ms | 28143.4 samples/s
  step   800/1756 | loss 1.7707 | data 0.1 ms | step 19.6 ms | 26172.9 samples/s
  step   850/1756 | loss 1.9824 | data 0.1 ms | step 18.5 ms | 27745.2 samples/s
  step   900/1756 | loss 1.8895 | data 0.1 ms | step 19.7 ms | 26005.0 samples/s
  step   950/1756 | loss 1.8943 | data 0.1 ms | step 18.4 ms | 27817.2 samples/s
  step  1000/1756 | loss 1.8004 | data 0.1 ms | step 19.8 ms | 25918.5 samples/s
  step  1050/1756 | loss 1.7714 | data 0.1 ms | step 18.2 ms | 28068.0 samples/s
  step  1100/1756 | loss 1.8137 | data 0.1 ms | step 19.8 ms | 25922.5 samples/s
  step  1150/1756 | loss 1.8413 | data 0.1 ms | step 17.6 ms | 29097.1 samples/s
  step  1200/1756 | loss 1.8577 | data 0.1 ms | step 17.1 ms | 30024.8 samples/s
  step  1250/1756 | loss 1.7863 | data 0.1 ms | step 14.2 ms | 36146.7 samples/s
  step  1300/1756 | loss 2.0542 | data 0.1 ms | step 15.9 ms | 32208.8 samples/s
  step  1350/1756 | loss 2.0940 | data 0.1 ms | step 14.1 ms | 36235.3 samples/s
  step  1400/1756 | loss 1.9905 | data 0.1 ms | step 14.1 ms | 36263.4 samples/s
  step  1450/1756 | loss 1.8978 | data 0.1 ms | step 15.9 ms | 32140.9 samples/s
  step  1500/1756 | loss 1.8889 | data 0.1 ms | step 14.2 ms | 36140.2 samples/s
  step  1550/1756 | loss 1.8340 | data 0.1 ms | step 15.9 ms | 32207.2 samples/s
  step  1600/1756 | loss 1.9553 | data 0.1 ms | step 14.4 ms | 35530.0 samples/s
  step  1650/1756 | loss 1.7762 | data 0.1 ms | step 19.3 ms | 26506.5 samples/s
  step  1700/1756 | loss 1.7401 | data 0.1 ms | step 18.0 ms | 28477.5 samples/s
  step  1750/1756 | loss 1.6753 | data 0.6 ms | step 19.5 ms | 26228.1 samples/s
Training Loss: 1.887191 | 28593.1 samples/s
Peak GPU memory: 918.2 MB
Validation Loss: 1.843518 | 82827.0 samples/s

Epoch 69/100
----------------------------------------
Learning Rate: 0.000053
  step    50/1756 | loss 1.9171 | data 0.7 ms | step 17.7 ms | 28962.2 samples/s
  step   100/1756 | loss 1.6156 | data 0.1 ms | step 19.5 ms | 26278.7 samples/s
  step   150/1756 | loss 1.7460 | data 0.1 ms | step 18.5 ms | 27718.3 samples/s
  step   200/1756 | loss 2.0387 | data 0.1 ms | step 19.4 ms | 26334.2 samples/s
  step   250/1756 | loss 1.9340 | data 0.1 ms | step 18.0 ms | 28368.1 samples/s
  step   300/1756 | loss 1.8520 | data 0.1 ms | step 19.5 ms | 26272.9 samples/s
  step   350/1756 | loss 1.9562 | data 0.1 ms | step 18.5 ms | 27731.1 samples/s
  step   400/1756 | loss 1.8381 | data 0.1 ms | step 19.7 ms | 25930.6 samples/s
  step   450/1756 | loss 1.9812 | data 0.1 ms | step 18.2 ms | 28157.0 samples/s
  step   500/1756 | loss 1.8149 | data 0.1 ms | step 19.7 ms | 25941.2 samples/s
  step   550/1756 | loss 1.7642 | data 0.1 ms | step 18.2 ms | 28058.3 samples/s
  step   600/1756 | loss 1.8805 | data 0.1 ms | step 19.7 ms | 25960.4 samples/s
  step   650/1756 | loss 2.2464 | data 0.1 ms | step 18.5 ms | 27741.5 samples/s
  step   700/1756 | loss 1.7866 | data 0.1 ms | step 19.7 ms | 25966.1 samples/s
  step   750/1756 | loss 1.9626 | data 0.1 ms | step 18.0 ms | 28481.4 samples/s
  step   800/1756 | loss 1.8621 | data 0.1 ms | step 19.5 ms | 26256.9 samples/s
  step   850/1756 | loss 1.8218 | data 0.1 ms | step 18.5 ms | 27740.9 samples/s
  step   900/1756 | loss 1.8094 | data 0.1 ms | step 19.7 ms | 25982.0 samples/s
  step   950/1756 | loss 1.9093 | data 0.1 ms | step 18.5 ms | 27661.3 samples/s
  step  1000/1756 | loss 1.7332 | data 0.1 ms | step 19.8 ms | 25910.3 samples/s
  step  1050/1756 | loss 1.9571 | data 0.1 ms | step 18.2 ms | 28179.3 samples/s
  step  1100/1756 | loss 1.7717 | data 0.1 ms | step 19.2 ms | 26699.0 samples/s
  step  1150/1756 | loss 1.6623 | data 0.1 ms | step 18.1 ms | 28226.1 samples/s
  step  1200/1756 | loss 1.9899 | data 0.1 ms | step 19.6 ms | 26155.3 samples/s
  step  1250/1756 | loss 1.9986 | data 0.1 ms | step 18.6 ms | 27578.1 samples/s
  step  1300/1756 | loss 1.8626 | data 0.1 ms | step 18.6 ms | 27505.5 samples/s
  step  1350/1756 | loss 2.0006 | data 0.1 ms | step 19.0 ms | 26990.5 samples/s
  step  1400/1756 | loss 1.9097 | data 0.1 ms | step 18.6 ms | 27490.7 samples/s
  step  1450/1756 | loss 1.9117 | data 0.1 ms | step 19.2 ms | 26617.4 samples/s
  step  1500/1756 | loss 1.9684 | data 0.1 ms | step 18.6 ms | 27539.9 samples/s
  step  1550/1756 | loss 1.9558 | data 0.1 ms | step 19.3 ms | 26586.7 samples/s
  step  1600/1756 | loss 1.9290 | data 0.1 ms | step 18.4 ms | 27780.7 samples/s
  step  1650/1756 | loss 1.9781 | data 0.1 ms | step 19.2 ms | 26642.1 samples/s
  step  1700/1756 | loss 1.8199 | data 0.1 ms | step 18.0 ms | 28420.7 samples/s
  step  1750/1756 | loss 1.8669 | data 0.6 ms | step 19.7 ms | 26050.1 samples/s
Training Loss: 1.888748 | 27110.0 samples/s
Peak GPU memory: 918.2 MB
Validation Loss: 1.885225 | 82555.7 samples/s

Epoch 70/100
----------------------------------------
Learning Rate: 0.000053
  step    50/1756 | loss 1.8447 | data 0.6 ms | step 18.3 ms | 27996.8 samples/s
  step   100/1756 | loss 1.8824 | data 0.1 ms | step 19.5 ms | 26265.4 samples/s
  step   150/1756 | loss 1.7754 | data 0.1 ms | step 18.0 ms | 28375.1 samples/s
  step   200/1756 | loss 1.8502 | data 0.1 ms | step 19.8 ms | 25913.0 samples/s
  step   250/1756 | loss 1.9902 | data 0.1 ms | step 18.2 ms | 28069.4 samples/s
  step   300/1756 | loss 1.8889 | data 0.1 ms | step 19.5 ms | 26262.3 samples/s
  step   350/1756 | loss 1.7542 | data 0.1 ms | step 18.5 ms | 27738.8 samples/s
  step   400/1756 | loss 1.7879 | data 0.1 ms | step 19.5 ms | 26213.7 samples/s
  step   450/1756 | loss 1.7701 | data 0.1 ms | step 18.4 ms | 27761.2 samples/s
  step   500/1756 | loss 1.9601 | data 0.1 ms | step 19.5 ms | 26280.7 samples/s
  step   550/1756 | loss 1.7668 | data 0.1 ms | step 18.3 ms | 27989.3 samples/s
  step   600/1756 | loss 1.7187 | data 0.1 ms | step 19.4 ms | 26327.7 samples/s
  step   650/1756 | loss 2.0059 | data 0.1 ms | step 18.2 ms | 28087.7 samples/s
  step   700/1756 | loss 2.0339 | data 0.1 ms | step 19.2 ms | 26600.5 samples/s
  step   750/1756 | loss 2.0605 | data 0.1 ms | step 18.3 ms | 28003.9 samples/s
  step   800/1756 | loss 1.7489 | data 0.1 ms | step 19.7 ms | 25959.2 samples/s
  step   850/1756 | loss 1.8756 | data 0.1 ms | step 18.4 ms | 27751.5 samples/s
  step   900/1756 | loss 1.6814 | data 0.1 ms | step 19.8 ms | 25917.2 samples/s
  step   950/1756 | loss 2.0179 | data 0.1 ms | step 18.4 ms | 27771.6 samples/s
  step  1000/1756 | loss 2.1293 | data 0.1 ms | step 19.7 ms | 25953.1 samples/s
  step  1050/1756 | loss 1.8899 | data 0.1 ms | step 18.5 ms | 27723.7 samples/s
  step  1100/1756 | loss 1.8747 | data 0.1 ms | step 19.7 ms | 25997.3 samples/s
  step  1150/1756 | loss 1.7696 | data 0.1 ms | step 18.0 ms | 28416.3 samples/s
  step  1200/1756 | loss 1.8687 | data 0.1 ms | step 19.7 ms | 25965.5 samples/s
  step  1250/1756 | loss 2.0450 | data 0.1 ms | step 18.5 ms | 27745.0 samples/s
  step  1300/1756 | loss 1.8730 | data 0.1 ms | step 19.4 ms | 26325.3 samples/s
  step  1350/1756 | loss 1.7393 | data 0.1 ms | step 17.4 ms | 29428.4 samples/s
  step  1400/1756 | loss 1.9427 | data 0.1 ms | step 17.5 ms | 29287.9 samples/s
  step  1450/1756 | loss 1.9955 | data 0.1 ms | step 14.2 ms | 36137.3 samples/s
  step  1500/1756 | loss 1.8522 | data 0.1 ms | step 15.9 ms | 32293.3 samples/s
  step  1550/1756 | loss 1.7840 | data 0.1 ms | step 14.2 ms | 36174.0 samples/s
  step  1600/1756 | loss 1.7936 | data 0.1 ms | step 15.9 ms | 32187.1 samples/s
  step  1650/1756 | loss 1.9572 | data 0.1 ms | step 14.2 ms | 36125.1 samples/s
  step  1700/1756 | loss 1.9431 | data 0.1 ms | step 14.1 ms | 36336.6 samples/s
  step  1750/1756 | loss 1.9152 | data 0.7 ms | step 16.0 ms | 31931.4 samples/s
Training Loss: 1.878745 | 28372.2 samples/s
Peak GPU memory: 918.2 MB
Validation Loss: 1.838078 | 81302.5 samples/s

Epoch 71/100
----------------------------------------
Learning Rate: 0.000048
  step    50/1756 | loss 1.9680 | data 0.7 ms | step 17.9 ms | 28562.5 samples/s
  step   100/1756 | loss 1.7691 | data 0.1 ms | step 19.1 ms | 26742.8 samples/s
  step   150/1756 | loss 1.8104 | data 0.1 ms | step 18.4 ms | 27756.2 samples/s
  step   200/1756 | loss 1.6758 | data 0.1 ms | step 19.7 ms | 25985.7 samples/s
  step   250/1756 | loss 1.8265 | data 0.1 ms | step 18.4 ms | 27759.2 samples/s
  step   300/1756 | loss 1.8159 | data 0.1 ms | step 19.8 ms | 25873.9 samples/s
  step   350/1756 | loss 1.7905 | data 0.1 ms | step 18.2 ms | 28088.6 samples/s
  step   400/1756 | loss 1.9223 | data 0.1 ms | step 19.7 ms | 25972.4 samples/s
  step   450/1756 | loss 2.1160 | data 0.1 ms | step 18.2 ms | 28074.3 samples/s
  step   500/1756 | loss 2.0704 | data 0.1 ms | step 19.7 ms | 25998.1 samples/s
  step   550/1756 | loss 1.6760 | data 0.1 ms | step 17.8 ms | 28806.2 samples/s
  step   600/1756 | loss 1.7328 | data 0.1 ms | step 19.8 ms | 25894.3 samples/s
  step   650/1756 | loss 1.8093 | data 0.1 ms | step 18.4 ms | 27774.7 samples/s
  step   700/1756 | loss 1.8841 | data 0.1 ms | step 19.7 ms | 25955.6 samples/s
  step   750/1756 | loss 1.8832 | data 0.1 ms | step 18.5 ms | 27740.5 samples/s
  step   800/1756 | loss 1.8322 | data 0.1 ms | step 19.7 ms | 25971.6 samples/s
  step   850/1756 | loss 1.8712 | data 0.1 ms | step 18.4 ms | 27781.4 samples/s
  step   900/1756 | loss 1.7718 | data 0.1 ms | step 19.8 ms | 25901.1 samples/s
  step   950/1756 | loss 2.1167 | data 0.1 ms | step 18.3 ms | 28043.5 samples/s
  step  1000/1756 | loss 1.8070 | data 0.1 ms | step 19.4 ms | 26335.7 samples/s
  step  1050/1756 | loss 1.7660 | data 0.1 ms | step 18.4 ms | 27762.5 samples/s
  step  1100/1756 | loss 1.8609 | data 0.1 ms | step 19.3 ms | 26469.2 samples/s
  step  1150/1756 | loss 2.0069 | data 0.1 ms | step 18.2 ms | 28199.0 samples/s
  step  1200/1756 | loss 1.8705 | data 0.1 ms | step 19.5 ms | 26274.6 samples/s
  step  1250/1756 | loss 1.8393 | data 0.1 ms | step 18.4 ms | 27808.3 samples/s
  step  1300/1756 | loss 1.8672 | data 0.1 ms | step 19.7 ms | 25994.4 samples/s
  step  1350/1756 | loss 1.6682 | data 0.1 ms | step 18.4 ms | 27763.8 samples/s
  step  1400/1756 | loss 1.9553 | data 0.1 ms | step 19.7 ms | 25933.5 samples/s
  step  1450/1756 | loss 1.8658 | data 0.1 ms | step 18.5 ms | 27676.0 samples/s
  step  1500/1756 | loss 1.8777 | data 0.1 ms | step 19.5 ms | 26258.8 samples/s
  step  1550/1756 | loss 1.8019 | data 0.1 ms | step 18.1 ms | 28343.3 samples/s
  step  1600/1756 | loss 1.7250 | data 0.1 ms | step 19.7 ms | 25986.6 samples/s
  step  1650/1756 | loss 1.6526 | data 0.1 ms | step 18.2 ms | 28104.5 samples/s
  step  1700/1756 | loss 1.9803 | data 0.1 ms | step 19.5 ms | 26266.1 samples/s
  step  1750/1756 | loss 1.9525 | data 0.6 ms | step 18.3 ms | 27905.5 samples/s
Training Loss: 1.851846 | 27043.1 samples/s
Peak GPU memory: 918.2 MB
Validation Loss: 1.847536 | 81150.8 samples/s

Epoch 72/100
----------------------------------------
Learning Rate: 0.000048
  step    50/1756 | loss 1.9809 | data 0.7 ms | step 19.7 ms | 26002.3 samples/s
  step   100/1756 | loss 1.6897 | data 0.1 ms | step 18.2 ms | 28055.3 samples/s
  step   150/1756 | loss 1.8573 | data 0.1 ms | step 19.8 ms | 25917.1 samples/s
  step   200/1756 | loss 1.8302 | data 0.1 ms | step 18.4 ms | 27752.0 samples/s
  step   250/1756 | loss 1.8508 | data 0.1 ms | step 19.7 ms | 25966.9 samples/s
  step   300/1756 | loss 1.8386 | data 0.1 ms | step 18.2 ms | 28083.7 samples/s
  step   350/1756 | loss 2.0245 | data 0.1 ms | step 19.8 ms | 25896.4 samples/s
  step   400/1756 | loss 1.9442 | data 0.1 ms | step 18.5 ms | 27747.8 samples/s
  step   450/1756 | loss 1.8128 | data 0.1 ms | step 19.5 ms | 26199.1 samples/s
  step   500/1756 | loss 1.9654 | data 0.1 ms | step 18.4 ms | 27891.5 samples/s
  step   550/1756 | loss 1.7830 | data 0.1 ms | step 19.0 ms | 26988.8 samples/s
  step   600/1756 | loss 1.8137 | data 0.1 ms | step 18.8 ms | 27238.9 samples/s
  step   650/1756 | loss 1.7726 | data 0.1 ms | step 19.5 ms | 26319.4 samples/s
  step   700/1756 | loss 1.7941 | data 0.1 ms | step 18.5 ms | 27602.8 samples/s
  step   750/1756 | loss 1.6739 | data 0.1 ms | step 19.2 ms | 26731.2 samples/s
  step   800/1756 | loss 1.7685 | data 0.1 ms | step 19.1 ms | 26819.1 samples/s
  step   850/1756 | loss 1.9505 | data 0.1 ms | step 18.8 ms | 27201.0 samples/s
  step   900/1756 | loss 1.7593 | data 0.1 ms | step 18.9 ms | 27030.1 samples/s
  step   950/1756 | loss 1.7837 | data 0.1 ms | step 18.9 ms | 27132.2 samples/s
  step  1000/1756 | loss 1.7503 | data 0.1 ms | step 19.3 ms | 26533.4 samples/s
  step  1050/1756 | loss 1.6612 | data 0.1 ms | step 18.5 ms | 27666.1 samples/s
  step  1100/1756 | loss 1.7116 | data 0.1 ms | step 19.2 ms | 26607.0 samples/s
  step  1150/1756 | loss 1.8528 | data 0.1 ms | step 18.5 ms | 27733.3 samples/s
  step  1200/1756 | loss 1.9028 | data 0.1 ms | step 19.5 ms | 26242.8 samples/s
  step  1250/1756 | loss 1.7427 | data 0.1 ms | step 18.1 ms | 28344.6 samples/s
  step  1300/1756 | loss 1.8452 | data 0.1 ms | step 19.5 ms | 26275.3 samples/s
  step  1350/1756 | loss 1.8113 | data 0.1 ms | step 18.2 ms | 28184.5 samples/s
  step  1400/1756 | loss 1.7796 | data 0.1 ms | step 19.5 ms | 26223.0 samples/s
  step  1450/1756 | loss 1.8633 | data 0.1 ms | step 18.5 ms | 27709.0 samples/s
  step  1500/1756 | loss 1.7778 | data 0.1 ms | step 19.3 ms | 26568.7 samples/s
  step  1550/1756 | loss 1.9920 | data 0.1 ms | step 16.8 ms | 30426.1 samples/s
  step  1600/1756 | loss 1.9933 | data 0.1 ms | step 15.5 ms | 32974.4 samples/s
  step  1650/1756 | loss 1.7892 | data 0.1 ms | step 14.2 ms | 36126.2 samples/s
  step  1700/1756 | loss 1.8229 | data 0.1 ms | step 15.9 ms | 32142.5 samples/s
  step  1750/1756 | loss 1.7154 | data 0.6 ms | step 14.2 ms | 36085.1 samples/s
Training Loss: 1.826633 | 27774.9 samples/s
Peak GPU memory: 918.2 MB
Validation Loss: 1.832474 | 86677.2 samples/s

Epoch 73/100
----------------------------------------
Learning Rate: 0.000048
  step    50/1756 | loss 1.8012 | data 0.9 ms | step 18.3 ms | 28043.6 samples/s
  step   100/1756 | loss 1.8542 | data 0.1 ms | step 19.5 ms | 26203.7 samples/s
  step   150/1756 | loss 1.9025 | data 0.1 ms | step 18.1 ms | 28224.8 samples/s
  step   200/1756 | loss 1.8760 | data 0.1 ms | step 19.7 ms | 25950.4 samples/s
  step   250/1756 | loss 1.7697 | data 0.1 ms | step 18.4 ms | 27762.0 samples/s
  step   300/1756 | loss 1.8785 | data 0.1 ms | step 19.8 ms | 25850.1 samples/s
  step   350/1756 | loss 1.7846 | data 0.1 ms | step 18.4 ms | 27797.5 samples/s
  step   400/1756 | loss 2.0319 | data 0.1 ms | step 19.9 ms | 25786.0 samples/s
  step   450/1756 | loss 1.6938 | data 0.1 ms | step 18.1 ms | 28234.2 samples/s
  step   500/1756 | loss 1.8183 | data 0.1 ms | step 19.2 ms | 26697.1 samples/s
  step   550/1756 | loss 1.9102 | data 0.1 ms | step 18.8 ms | 27257.8 samples/s
  step   600/1756 | loss 1.6463 | data 0.1 ms | step 18.7 ms | 27419.5 samples/s
  step   650/1756 | loss 1.6999 | data 0.1 ms | step 18.8 ms | 27220.1 samples/s
  step   700/1756 | loss 1.6914 | data 0.1 ms | step 18.5 ms | 27683.4 samples/s
  step   750/1756 | loss 1.7634 | data 0.1 ms | step 19.4 ms | 26430.2 samples/s
  step   800/1756 | loss 1.8276 | data 0.1 ms | step 18.1 ms | 28346.3 samples/s
  step   850/1756 | loss 1.6154 | data 0.1 ms | step 19.6 ms | 26063.1 samples/s
  step   900/1756 | loss 1.8348 | data 0.1 ms | step 18.2 ms | 28113.3 samples/s
  step   950/1756 | loss 1.9871 | data 0.1 ms | step 19.5 ms | 26272.2 samples/s
  step  1000/1756 | loss 1.8764 | data 0.1 ms | step 18.5 ms | 27703.5 samples/s
  step  1050/1756 | loss 1.7991 | data 0.1 ms | step 19.5 ms | 26233.4 samples/s
  step  1100/1756 | loss 1.9672 | data 0.1 ms | step 18.0 ms | 28434.9 samples/s
  step  1150/1756 | loss 2.0997 | data 0.1 ms | step 19.7 ms | 25964.7 samples/s
  step  1200/1756 | loss 1.8749 | data 0.1 ms | step 18.5 ms | 27699.7 samples/s
  step  1250/1756 | loss 1.8100 | data 0.1 ms | step 19.5 ms | 26248.1 samples/s
  step  1300/1756 | loss 1.8004 | data 0.1 ms | step 18.3 ms | 28040.7 samples/s
  step  1350/1756 | loss 1.8626 | data 0.1 ms | step 19.7 ms | 25947.1 samples/s
  step  1400/1756 | loss 1.8928 | data 0.1 ms | step 17.8 ms | 28716.4 samples/s
  step  1450/1756 | loss 1.8503 | data 0.1 ms | step 19.7 ms | 25930.5 samples/s
  step  1500/1756 | loss 1.7686 | data 0.1 ms | step 18.1 ms | 28300.3 samples/s
  step  1550/1756 | loss 1.9383 | data 0.1 ms | step 19.4 ms | 26324.8 samples/s
  step  1600/1756 | loss 1.8405 | data 0.1 ms | step 18.2 ms | 28081.8 samples/s
  step  1650/1756 | loss 1.6653 | data 0.1 ms | step 19.7 ms | 25936.3 samples/s
  step  1700/1756 | loss 2.0405 | data 0.1 ms | step 18.2 ms | 28084.4 samples/s
  step  1750/1756 | loss 1.7819 | data 0.6 ms | step 19.7 ms | 26050.9 samples/s
Training Loss: 1.835720 | 27080.5 samples/s
Peak GPU memory: 918.2 MB
Validation Loss: 1.880103 | 80455.5 samples/s

Epoch 74/100
----------------------------------------
Learning Rate: 0.000048
  step    50/1756 | loss 1.8997 | data 0.7 ms | step 18.3 ms | 28033.8 samples/s
  step   100/1756 | loss 1.7790 | data 0.1 ms | step 19.7 ms | 25928.0 samples/s
  step   150/1756 | loss 1.8710 | data 0.1 ms | step 18.0 ms | 28424.8 samples/s
  step   200/1756 | loss 1.7604 | data 0.1 ms | step 19.5 ms | 26221.4 samples/s
  step   250/1756 | loss 1.7584 | data 0.1 ms | step 18.2 ms | 28146.1 samples/s
  step   300/1756 | loss 1.8324 | data 0.1 ms | step 19.7 ms | 25928.5 samples/s
  step   350/1756 | loss 1.6068 | data 0.1 ms | step 18.4 ms | 27766.9 samples/s
  step   400/1756 | loss 1.7239 | data 0.1 ms | step 19.7 ms | 25935.8 samples/s
  step   450/1756 | loss 1.6578 | data 0.1 ms | step 18.2 ms | 28149.7 samples/s
  step   500/1756 | loss 1.8205 | data 0.1 ms | step 19.7 ms | 26006.7 samples/s
  step   550/1756 | loss 1.6653 | data 0.1 ms | step 18.4 ms | 27810.3 samples/s
  step   600/1756 | loss 1.8168 | data 0.1 ms | step 19.3 ms | 26498.7 samples/s
  step   650/1756 | loss 1.9767 | data 0.1 ms | step 18.4 ms | 27836.5 samples/s
  step   700/1756 | loss 1.8324 | data 0.1 ms | step 19.5 ms | 26264.2 samples/s
  step   750/1756 | loss 1.8140 | data 0.1 ms | step 18.4 ms | 27800.6 samples/s
  step   800/1756 | loss 1.8111 | data 0.1 ms | step 19.7 ms | 25999.5 samples/s
  step   850/1756 | loss 1.9866 | data 0.1 ms | step 18.3 ms | 28001.7 samples/s
  step   900/1756 | loss 1.7669 | data 0.1 ms | step 19.5 ms | 26277.1 samples/s
  step   950/1756 | loss 1.7754 | data 0.1 ms | step 18.5 ms | 27708.4 samples/s
  step  1000/1756 | loss 1.8519 | data 0.1 ms | step 19.3 ms | 26541.2 samples/s
  step  1050/1756 | loss 1.8409 | data 0.1 ms | step 18.0 ms | 28379.7 samples/s
  step  1100/1756 | loss 1.8285 | data 0.1 ms | step 19.4 ms | 26330.5 samples/s
  step  1150/1756 | loss 1.9214 | data 0.1 ms | step 18.0 ms | 28447.0 samples/s
  step  1200/1756 | loss 1.9148 | data 0.1 ms | step 19.7 ms | 25947.4 samples/s
  step  1250/1756 | loss 1.9952 | data 0.1 ms | step 18.1 ms | 28309.3 samples/s
  step  1300/1756 | loss 1.9539 | data 0.1 ms | step 19.4 ms | 26430.6 samples/s
  step  1350/1756 | loss 1.9284 | data 0.1 ms | step 18.2 ms | 28125.6 samples/s
  step  1400/1756 | loss 1.8720 | data 0.1 ms | step 19.7 ms | 25968.2 samples/s
  step  1450/1756 | loss 1.7633 | data 0.1 ms | step 18.2 ms | 28173.2 samples/s
  step  1500/1756 | loss 1.7189 | data 0.1 ms | step 19.7 ms | 26019.3 samples/s
  step  1550/1756 | loss 1.6288 | data 0.1 ms | step 18.3 ms | 28000.4 samples/s
  step  1600/1756 | loss 1.9200 | data 0.1 ms | step 19.7 ms | 26034.2 samples/s
  step  1650/1756 | loss 1.6836 | data 0.1 ms | step 17.4 ms | 29452.8 samples/s
  step  1700/1756 | loss 1.9334 | data 0.1 ms | step 17.3 ms | 29526.9 samples/s
  step  1750/1756 | loss 1.8815 | data 0.7 ms | step 14.2 ms | 36086.7 samples/s
Training Loss: 1.824798 | 27410.0 samples/s
Peak GPU memory: 918.2 MB
Validation Loss: 1.961388 | 88053.5 samples/s

Epoch 75/100
----------------------------------------
Learning Rate: 0.000048
  step    50/1756 | loss 1.8293 | data 0.7 ms | step 16.0 ms | 31907.5 samples/s
  step   100/1756 | loss 1.8036 | data 0.1 ms | step 14.1 ms | 36196.3 samples/s
  step   150/1756 | loss 1.8930 | data 0.1 ms | step 18.1 ms | 28325.6 samples/s
  step   200/1756 | loss 1.6755 | data 0.1 ms | step 18.4 ms | 27772.4 samples/s
  step   250/1756 | loss 1.8131 | data 0.1 ms | step 19.3 ms | 26500.9 samples/s
  step   300/1756 | loss 1.6861 | data 0.1 ms | step 18.0 ms | 28379.9 samples/s
  step   350/1756 | loss 1.7981 | data 0.1 ms | step 19.6 ms | 26084.5 samples/s
  step   400/1756 | loss 1.9681 | data 0.1 ms | step 18.2 ms | 28094.6 samples/s
  step   450/1756 | loss 1.9030 | data 0.1 ms | step 19.7 ms | 25933.3 samples/s
  step   500/1756 | loss 1.7890 | data 0.1 ms | step 18.2 ms | 28102.5 samples/s
  step   550/1756 | loss 1.8978 | data 0.1 ms | step 19.5 ms | 26247.9 samples/s
  step   600/1756 | loss 1.8142 | data 0.1 ms | step 18.4 ms | 27815.4 samples/s
  step   650/1756 | loss 1.7354 | data 0.1 ms | step 19.7 ms | 25952.6 samples/s
  step   700/1756 | loss 1.7590 | data 0.1 ms | step 18.0 ms | 28400.7 samples/s
  step   750/1756 | loss 1.7559 | data 0.1 ms | step 19.7 ms | 26054.9 samples/s
  step   800/1756 | loss 1.8724 | data 0.1 ms | step 18.3 ms | 27918.0 samples/s
  step   850/1756 | loss 1.6741 | data 0.1 ms | step 19.6 ms | 26154.3 samples/s
  step   900/1756 | loss 1.8727 | data 0.1 ms | step 18.5 ms | 27737.7 samples/s
  step   950/1756 | loss 1.7966 | data 0.1 ms | step 19.3 ms | 26484.2 samples/s
  step  1000/1756 | loss 1.8799 | data 0.1 ms | step 18.4 ms | 27809.8 samples/s
  step  1050/1756 | loss 1.7715 | data 0.1 ms | step 19.2 ms | 26626.2 samples/s
  step  1100/1756 | loss 1.8331 | data 0.1 ms | step 18.0 ms | 28410.5 samples/s
  step  1150/1756 | loss 1.8933 | data 0.1 ms | step 19.6 ms | 26163.7 samples/s
  step  1200/1756 | loss 2.0532 | data 0.1 ms | step 18.4 ms | 27757.8 samples/s
  step  1250/1756 | loss 1.8824 | data 0.1 ms | step 19.5 ms | 26268.2 samples/s
  step  1300/1756 | loss 1.7249 | data 0.1 ms | step 18.1 ms | 28365.1 samples/s
  step  1350/1756 | loss 1.6424 | data 0.1 ms | step 19.8 ms | 25887.9 samples/s
  step  1400/1756 | loss 1.9240 | data 0.1 ms | step 18.5 ms | 27718.7 samples/s
  step  1450/1756 | loss 1.7501 | data 0.1 ms | step 19.5 ms | 26309.5 samples/s
  step  1500/1756 | loss 1.6152 | data 0.1 ms | step 18.2 ms | 28112.7 samples/s
  step  1550/1756 | loss 1.8531 | data 0.1 ms | step 19.7 ms | 25949.2 samples/s
  step  1600/1756 | loss 1.7539 | data 0.1 ms | step 18.3 ms | 28047.5 samples/s
  step  1650/1756 | loss 1.9122 | data 0.1 ms | step 19.7 ms | 26001.4 samples/s
  step  1700/1756 | loss 1.7132 | data 0.1 ms | step 18.2 ms | 28069.5 samples/s
  step  1750/1756 | loss 1.8616 | data 0.6 ms | step 19.5 ms | 26218.7 samples/s
Training Loss: 1.810986 | 27417.5 samples/s
Peak GPU memory: 918.2 MB
Validation Loss: 1.822015 | 84985.3 samples/s

Epoch 76/100
----------------------------------------
Learning Rate: 0.000048
  step    50/1756 | loss 1.8172 | data 0.6 ms | step 19.0 ms | 26960.4 samples/s
  step   100/1756 | loss 1.8625 | data 0.1 ms | step 19.0 ms | 26992.3 samples/s
  step   150/1756 | loss 1.8043 | data 0.1 ms | step 18.9 ms | 27018.7 samples/s
  step   200/1756 | loss 1.7895 | data 0.1 ms | step 18.6 ms | 27552.0 samples/s
  step   250/1756 | loss 1.5644 | data 0.1 ms | step 19.1 ms | 26806.9 samples/s
  step   300/1756 | loss 1.9140 | data 0.1 ms | step 18.3 ms | 28052.8 samples/s
  step   350/1756 | loss 1.9335 | data 0.1 ms | step 19.8 ms | 25877.6 samples/s
  step   400/1756 | loss 1.8386 | data 0.1 ms | step 18.4 ms | 27763.1 samples/s
  step   450/1756 | loss 1.8279 | data 0.1 ms | step 19.7 ms | 25963.3 samples/s
  step   500/1756 | loss 1.8351 | data 0.1 ms | step 18.2 ms | 28114.0 samples/s
  step   550/1756 | loss 1.9350 | data 0.1 ms | step 19.2 ms | 26601.2 samples/s
  step   600/1756 | loss 1.8554 | data 0.1 ms | step 18.0 ms | 28402.9 samples/s
  step   650/1756 | loss 1.9887 | data 0.1 ms | step 19.4 ms | 26345.8 samples/s
  step   700/1756 | loss 1.6380 | data 0.1 ms | step 18.4 ms | 27778.4 samples/s
  step   750/1756 | loss 1.6176 | data 0.1 ms | step 19.8 ms | 25918.6 samples/s
  step   800/1756 | loss 1.7453 | data 0.1 ms | step 17.9 ms | 28656.0 samples/s
  step   850/1756 | loss 1.5813 | data 0.1 ms | step 19.7 ms | 26048.9 samples/s
  step   900/1756 | loss 1.6999 | data 0.1 ms | step 18.0 ms | 28380.3 samples/s
  step   950/1756 | loss 1.6553 | data 0.1 ms | step 19.7 ms | 25975.9 samples/s
  step  1000/1756 | loss 1.7908 | data 0.1 ms | step 18.0 ms | 28399.1 samples/s
  step  1050/1756 | loss 1.9077 | data 0.1 ms | step 19.7 ms | 25955.8 samples/s
  step  1100/1756 | loss 1.7620 | data 0.1 ms | step 18.2 ms | 28076.5 samples/s
  step  1150/1756 | loss 1.6793 | data 0.1 ms | step 19.7 ms | 25963.6 samples/s
  step  1200/1756 | loss 1.7557 | data 0.1 ms | step 18.2 ms | 28105.3 samples/s
  step  1250/1756 | loss 2.0533 | data 0.1 ms | step 19.7 ms | 25986.4 samples/s
  step  1300/1756 | loss 1.9714 | data 0.1 ms | step 18.0 ms | 28421.6 samples/s
  step  1350/1756 | loss 1.8146 | data 0.1 ms | step 19.5 ms | 26212.7 samples/s
  step  1400/1756 | loss 1.7976 | data 0.1 ms | step 18.2 ms | 28116.0 samples/s
  step  1450/1756 | loss 1.7975 | data 0.1 ms | step 19.2 ms | 26659.2 samples/s
  step  1500/1756 | loss 1.7211 | data 0.1 ms | step 17.8 ms | 28707.2 samples/s
  step  1550/1756 | loss 1.7012 | data 0.1 ms | step 19.7 ms | 25971.6 samples/s
  step  1600/1756 | loss 1.8376 | data 0.1 ms | step 18.2 ms | 28080.5 samples/s
  step  1650/1756 | loss 1.9494 | data 0.1 ms | step 19.7 ms | 25925.5 samples/s
  step  1700/1756 | loss 1.6691 | data 0.1 ms | step 18.3 ms | 28008.5 samples/s
  step  1750/1756 | loss 1.9197 | data 0.6 ms | step 19.4 ms | 26363.2 samples/s
Training Loss: 1.800242 | 27110.1 samples/s
Peak GPU memory: 918.2 MB
Validation Loss: 1.865955 | 87761.2 samples/s

Epoch 77/100
----------------------------------------
Learning Rate: 0.000048
  step    50/1756 | loss 1.8655 | data 0.7 ms | step 14.3 ms | 35783.3 samples/s
  step   100/1756 | loss 1.8341 | data 0.1 ms | step 15.9 ms | 32208.8 samples/s
  step   150/1756 | loss 1.9538 | data 0.1 ms | step 14.1 ms | 36220.5 samples/s
  step   200/1756 | loss 1.8530 | data 0.1 ms | step 15.9 ms | 32272.3 samples/s
  step   250/1756 | loss 1.6787 | data 0.1 ms | step 14.2 ms | 36137.5 samples/s
  step   300/1756 | loss 1.8265 | data 0.1 ms | step 16.4 ms | 31252.5 samples/s
  step   350/1756 | loss 1.6285 | data 0.1 ms | step 18.0 ms | 28373.3 samples/s
  step   400/1756 | loss 1.7142 | data 0.1 ms | step 19.5 ms | 26312.7 samples/s
  step   450/1756 | loss 1.5875 | data 0.1 ms | step 18.2 ms | 28143.4 samples/s
  step   500/1756 | loss 1.9724 | data 0.1 ms | step 19.8 ms | 25919.3 samples/s
  step   550/1756 | loss 1.8811 | data 0.1 ms | step 18.2 ms | 28062.2 samples/s
  step   600/1756 | loss 1.7197 | data 0.1 ms | step 19.7 ms | 25926.7 samples/s
  step   650/1756 | loss 1.9151 | data 0.1 ms | step 18.4 ms | 27851.7 samples/s
  step   700/1756 | loss 1.7231 | data 0.1 ms | step 19.7 ms | 26045.5 samples/s
  step   750/1756 | loss 1.5598 | data 0.1 ms | step 18.3 ms | 27998.6 samples/s
  step   800/1756 | loss 1.8908 | data 0.1 ms | step 19.7 ms | 26043.6 samples/s
  step   850/1756 | loss 1.7343 | data 0.1 ms | step 18.4 ms | 27881.8 samples/s
  step   900/1756 | loss 1.9569 | data 0.1 ms | step 19.5 ms | 26301.9 samples/s
  step   950/1756 | loss 1.5897 | data 0.1 ms | step 18.7 ms | 27317.3 samples/s
  step  1000/1756 | loss 1.8051 | data 0.1 ms | step 18.5 ms | 27716.3 samples/s
  step  1050/1756 | loss 1.6984 | data 0.1 ms | step 19.2 ms | 26646.9 samples/s
  step  1100/1756 | loss 1.9057 | data 0.1 ms | step 18.5 ms | 27730.0 samples/s
  step  1150/1756 | loss 1.6356 | data 0.1 ms | step 19.3 ms | 26563.9 samples/s
  step  1200/1756 | loss 1.7228 | data 0.1 ms | step 17.8 ms | 28840.3 samples/s
  step  1250/1756 | loss 1.6027 | data 0.1 ms | step 19.8 ms | 25895.0 samples/s
  step  1300/1756 | loss 1.7186 | data 0.1 ms | step 18.4 ms | 27751.1 samples/s
  step  1350/1756 | loss 1.6200 | data 0.1 ms | step 19.8 ms | 25922.7 samples/s
  step  1400/1756 | loss 1.8208 | data 0.1 ms | step 18.5 ms | 27729.6 samples/s
  step  1450/1756 | loss 1.9216 | data 0.1 ms | step 19.7 ms | 25938.4 samples/s
  step  1500/1756 | loss 1.8158 | data 0.1 ms | step 18.2 ms | 28104.5 samples/s
  step  1550/1756 | loss 1.8783 | data 0.1 ms | step 19.5 ms | 26258.8 samples/s
  step  1600/1756 | loss 1.7665 | data 0.1 ms | step 18.0 ms | 28429.7 samples/s
  step  1650/1756 | loss 1.6250 | data 0.1 ms | step 19.5 ms | 26276.0 samples/s
  step  1700/1756 | loss 1.7455 | data 0.1 ms | step 18.5 ms | 27707.2 samples/s
  step  1750/1756 | loss 1.8443 | data 0.6 ms | step 19.7 ms | 26043.2 samples/s
Training Loss: 1.771904 | 28020.5 samples/s
Peak GPU memory: 918.2 MB
Validation Loss: 1.784953 | 81738.2 samples/s

Epoch 78/100
----------------------------------------
Learning Rate: 0.000048
  step    50/1756 | loss 1.7185 | data 0.7 ms | step 18.3 ms | 27980.8 samples/s
  step   100/1756 | loss 1.7134 | data 0.1 ms | step 19.7 ms | 25927.2 samples/s
  step   150/1756 | loss 1.7596 | data 0.1 ms | step 18.2 ms | 28140.8 samples/s
  step   200/1756 | loss 1.9452 | data 0.1 ms | step 19.5 ms | 26214.9 samples/s
  step   250/1756 | loss 1.8030 | data 0.1 ms | step 18.1 ms | 28233.1 samples/s
  step   300/1756 | loss 1.9067 | data 0.1 ms | step 19.7 ms | 25989.2 samples/s
  step   350/1756 | loss 1.9013 | data 0.1 ms | step 18.5 ms | 27719.7 samples/s
  step   400/1756 | loss 1.6743 | data 0.1 ms | step 19.8 ms | 25889.9 samples/s
  step   450/1756 | loss 1.6651 | data 0.1 ms | step 18.3 ms | 28038.5 samples/s
  step   500/1756 | loss 1.7490 | data 0.1 ms | step 19.7 ms | 25951.6 samples/s
  step   550/1756 | loss 1.7410 | data 0.1 ms | step 18.0 ms | 28471.5 samples/s
  step   600/1756 | loss 1.9717 | data 0.1 ms | step 19.5 ms | 26245.9 samples/s
  step   650/1756 | loss 1.7420 | data 0.1 ms | step 18.2 ms | 28144.4 samples/s
  step   700/1756 | loss 2.0214 | data 0.1 ms | step 19.7 ms | 25952.3 samples/s
  step   750/1756 | loss 1.7261 | data 0.1 ms | step 18.5 ms | 27739.6 samples/s
  step   800/1756 | loss 1.6864 | data 0.1 ms | step 19.7 ms | 25948.6 samples/s
  step   850/1756 | loss 1.7034 | data 0.1 ms | step 18.4 ms | 27767.1 samples/s
  step   900/1756 | loss 1.7887 | data 0.1 ms | step 19.5 ms | 26282.3 samples/s
  step   950/1756 | loss 1.9612 | data 0.1 ms | step 18.5 ms | 27747.2 samples/s
  step  1000/1756 | loss 1.7494 | data 0.1 ms | step 19.5 ms | 26287.8 samples/s
  step  1050/1756 | loss 1.7347 | data 0.1 ms | step 18.4 ms | 27801.2 samples/s
  step  1100/1756 | loss 1.7780 | data 0.1 ms | step 19.6 ms | 26164.8 samples/s
  step  1150/1756 | loss 1.8966 | data 0.1 ms | step 18.4 ms | 27840.1 samples/s
  step  1200/1756 | loss 1.8858 | data 0.1 ms | step 19.7 ms | 25960.4 samples/s
  step  1250/1756 | loss 1.6897 | data 0.1 ms | step 18.5 ms | 27727.8 samples/s
  step  1300/1756 | loss 1.6834 | data 0.1 ms | step 19.7 ms | 25949.0 samples/s
  step  1350/1756 | loss 1.9689 | data 0.1 ms | step 18.2 ms | 28125.5 samples/s
  step  1400/1756 | loss 1.6868 | data 0.1 ms | step 19.5 ms | 26264.7 samples/s
  step  1450/1756 | loss 1.8376 | data 0.1 ms | step 18.3 ms | 28033.7 samples/s
  step  1500/1756 | loss 1.7150 | data 0.1 ms | step 19.5 ms | 26296.6 samples/s
  step  1550/1756 | loss 1.7620 | data 0.1 ms | step 18.4 ms | 27751.0 samples/s
  step  1600/1756 | loss 1.6754 | data 0.1 ms | step 19.5 ms | 26270.1 samples/s
  step  1650/1756 | loss 1.6198 | data 0.1 ms | step 18.0 ms | 28379.4 samples/s
  step  1700/1756 | loss 1.6132 | data 0.1 ms | step 19.6 ms | 26149.2 samples/s
  step  1750/1756 | loss 1.7849 | data 0.6 ms | step 18.3 ms | 27929.0 samples/s
Training Loss: 1.778467 | 27031.9 samples/s
Peak GPU memory: 918.2 MB
Validation Loss: 1.736867 | 83095.5 samples/s

Epoch 79/100
----------------------------------------
Learning Rate: 0.000048
  step    50/1756 | loss 2.0062 | data 0.7 ms | step 17.9 ms | 28573.8 samples/s
  step   100/1756 | loss 1.8538 | data 0.1 ms | step 15.2 ms | 33766.0 samples/s
  step   150/1756 | loss 1.7363 | data 0.1 ms | step 14.2 ms | 36027.7 samples/s
  step   200/1756 | loss 1.6028 | data 0.1 ms | step 15.9 ms | 32197.6 samples/s
  step   250/1756 | loss 1.9214 | data 0.1 ms | step 14.4 ms | 35566.2 samples/s
  step   300/1756 | loss 1.6761 | data 0.1 ms | step 15.9 ms | 32243.8 samples/s
  step   350/1756 | loss 1.6125 | data 0.1 ms | step 14.2 ms | 36081.0 samples/s
  step   400/1756 | loss 1.8263 | data 0.1 ms | step 15.9 ms | 32208.6 samples/s
  step   450/1756 | loss 1.7826 | data 0.1 ms | step 14.2 ms | 36160.0 samples/s
  step   500/1756 | loss 1.7695 | data 0.1 ms | step 17.0 ms | 30178.3 samples/s
  step   550/1756 | loss 1.5975 | data 0.1 ms | step 18.5 ms | 27689.6 samples/s
  step   600/1756 | loss 1.9445 | data 0.1 ms | step 19.7 ms | 26001.0 samples/s
  step   650/1756 | loss 1.7511 | data 0.1 ms | step 18.4 ms | 27765.7 samples/s
  step   700/1756 | loss 1.8555 | data 0.1 ms | step 19.5 ms | 26282.7 samples/s
  step   750/1756 | loss 1.8577 | data 0.1 ms | step 18.4 ms | 27802.6 samples/s
  step   800/1756 | loss 2.0036 | data 0.1 ms | step 19.7 ms | 26006.0 samples/s
  step   850/1756 | loss 1.8642 | data 0.1 ms | step 18.5 ms | 27733.9 samples/s
  step   900/1756 | loss 1.8674 | data 0.1 ms | step 19.6 ms | 26182.2 samples/s
  step   950/1756 | loss 1.6839 | data 0.1 ms | step 18.0 ms | 28492.5 samples/s
  step  1000/1756 | loss 1.8029 | data 0.1 ms | step 19.7 ms | 25989.1 samples/s
  step  1050/1756 | loss 2.0530 | data 0.1 ms | step 18.2 ms | 28151.7 samples/s
  step  1100/1756 | loss 1.8103 | data 0.1 ms | step 19.5 ms | 26313.6 samples/s
  step  1150/1756 | loss 1.7641 | data 0.1 ms | step 18.5 ms | 27750.6 samples/s
  step  1200/1756 | loss 1.7171 | data 0.1 ms | step 19.7 ms | 25964.3 samples/s
  step  1250/1756 | loss 1.9894 | data 0.1 ms | step 18.1 ms | 28334.3 samples/s
  step  1300/1756 | loss 1.7724 | data 0.1 ms | step 19.7 ms | 25999.0 samples/s
  step  1350/1756 | loss 1.7018 | data 0.1 ms | step 18.5 ms | 27747.3 samples/s
  step  1400/1756 | loss 1.9722 | data 0.1 ms | step 19.8 ms | 25867.2 samples/s
  step  1450/1756 | loss 1.6858 | data 0.1 ms | step 18.2 ms | 28192.8 samples/s
  step  1500/1756 | loss 1.6061 | data 0.1 ms | step 19.4 ms | 26337.9 samples/s
  step  1550/1756 | loss 1.7429 | data 0.1 ms | step 18.5 ms | 27686.0 samples/s
  step  1600/1756 | loss 1.7381 | data 0.1 ms | step 19.7 ms | 25954.0 samples/s
  step  1650/1756 | loss 1.5568 | data 0.1 ms | step 18.2 ms | 28119.3 samples/s
  step  1700/1756 | loss 1.6978 | data 0.1 ms | step 19.6 ms | 26074.3 samples/s
  step  1750/1756 | loss 1.7596 | data 0.6 ms | step 18.1 ms | 28322.5 samples/s
Training Loss: 1.787994 | 28525.6 samples/s
Peak GPU memory: 918.2 MB
Validation Loss: 1.774124 | 82060.8 samples/s

Epoch 80/100
----------------------------------------
Learning Rate: 0.000048
  step    50/1756 | loss 1.9128 | data 0.7 ms | step 18.3 ms | 28032.3 samples/s
  step   100/1756 | loss 1.6772 | data 0.1 ms | step 19.8 ms | 25890.6 samples/s
  step   150/1756 | loss 1.8199 | data 0.1 ms | step 18.3 ms | 28047.6 samples/s
  step   200/1756 | loss 1.9272 | data 0.1 ms | step 19.7 ms | 25985.0 samples/s
  step   250/1756 | loss 1.7468 | data 0.1 ms | step 18.5 ms | 27728.7 samples/s
  step   300/1756 | loss 1.6922 | data 0.1 ms | step 19.7 ms | 26027.1 samples/s
  step   350/1756 | loss 1.7271 | data 0.1 ms | step 18.2 ms | 28120.0 samples/s
  step   400/1756 | loss 1.7759 | data 0.1 ms | step 19.5 ms | 26292.3 samples/s
  step   450/1756 | loss 1.6483 | data 0.1 ms | step 18.4 ms | 27769.7 samples/s
  step   500/1756 | loss 1.7592 | data 0.1 ms | step 19.7 ms | 25972.4 samples/s
  step   550/1756 | loss 1.6062 | data 0.1 ms | step 18.5 ms | 27743.5 samples/s
  step   600/1756 | loss 1.8116 | data 0.1 ms | step 19.5 ms | 26211.9 samples/s
  step   650/1756 | loss 1.8131 | data 0.1 ms | step 17.7 ms | 28884.9 samples/s
  step   700/1756 | loss 1.8981 | data 0.1 ms | step 19.7 ms | 26018.1 samples/s
  step   750/1756 | loss 1.8388 | data 0.1 ms | step 18.4 ms | 27801.4 samples/s
  step   800/1756 | loss 1.5797 | data 0.1 ms | step 19.6 ms | 26181.7 samples/s
  step   850/1756 | loss 1.7587 | data 0.1 ms | step 18.5 ms | 27738.9 samples/s
  step   900/1756 | loss 1.6749 | data 0.1 ms | step 19.6 ms | 26145.6 samples/s
  step   950/1756 | loss 1.8375 | data 0.1 ms | step 18.4 ms | 27787.5 samples/s
  step  1000/1756 | loss 1.7098 | data 0.1 ms | step 19.5 ms | 26242.3 samples/s
  step  1050/1756 | loss 1.7545 | data 0.1 ms | step 18.4 ms | 27764.5 samples/s
  step  1100/1756 | loss 1.7839 | data 0.1 ms | step 19.8 ms | 25899.1 samples/s
  step  1150/1756 | loss 1.7642 | data 0.1 ms | step 18.2 ms | 28192.6 samples/s
  step  1200/1756 | loss 1.7183 | data 0.1 ms | step 19.8 ms | 25870.4 samples/s
  step  1250/1756 | loss 1.7728 | data 0.1 ms | step 18.5 ms | 27675.8 samples/s
  step  1300/1756 | loss 1.8626 | data 0.1 ms | step 19.7 ms | 26006.8 samples/s
  step  1350/1756 | loss 1.7822 | data 0.1 ms | step 18.5 ms | 27730.3 samples/s
  step  1400/1756 | loss 1.8521 | data 0.1 ms | step 19.5 ms | 26253.2 samples/s
  step  1450/1756 | loss 1.8203 | data 0.1 ms | step 18.5 ms | 27710.0 samples/s
  step  1500/1756 | loss 1.8321 | data 0.1 ms | step 19.8 ms | 25908.8 samples/s
  step  1550/1756 | loss 1.8487 | data 0.1 ms | step 18.2 ms | 28109.3 samples/s
  step  1600/1756 | loss 1.7276 | data 0.1 ms | step 19.8 ms | 25917.6 samples/s
  step  1650/1756 | loss 1.8309 | data 0.1 ms | step 18.5 ms | 27733.3 samples/s
  step  1700/1756 | loss 1.6159 | data 0.1 ms | step 19.5 ms | 26216.4 samples/s
  step  1750/1756 | loss 1.7782 | data 0.6 ms | step 18.4 ms | 27790.2 samples/s
Training Loss: 1.769692 | 26975.8 samples/s
Peak GPU memory: 918.2 MB
Validation Loss: 1.857830 | 82581.2 samples/s

Epoch 81/100
----------------------------------------
Learning Rate: 0.000043
  step    50/1756 | loss 1.9799 | data 0.7 ms | step 19.3 ms | 26548.2 samples/s
  step   100/1756 | loss 1.8208 | data 0.1 ms | step 18.5 ms | 27711.8 samples/s
  step   150/1756 | loss 1.8247 | data 0.1 ms | step 19.3 ms | 26570.5 samples/s
  step   200/1756 | loss 1.6974 | data 0.1 ms | step 17.8 ms | 28739.0 samples/s
  step   250/1756 | loss 1.6385 | data 0.1 ms | step 18.2 ms | 28080.4 samples/s
  step   300/1756 | loss 1.7499 | data 0.1 ms | step 14.1 ms | 36247.3 samples/s
  step   350/1756 | loss 1.8290 | data 0.1 ms | step 15.3 ms | 33386.3 samples/s
  step   400/1756 | loss 1.7749 | data 0.1 ms | step 14.7 ms | 34743.7 samples/s
  step   450/1756 | loss 1.6775 | data 0.1 ms | step 14.2 ms | 36156.1 samples/s
  step   500/1756 | loss 1.8383 | data 0.1 ms | step 15.9 ms | 32261.4 samples/s
  step   550/1756 | loss 1.5831 | data 0.1 ms | step 14.2 ms | 36133.7 samples/s
  step   600/1756 | loss 1.8317 | data 0.1 ms | step 15.9 ms | 32137.8 samples/s
  step   650/1756 | loss 1.7591 | data 0.1 ms | step 14.2 ms | 36135.7 samples/s
  step   700/1756 | loss 1.6578 | data 0.1 ms | step 17.7 ms | 28927.5 samples/s
  step   750/1756 | loss 1.6596 | data 0.1 ms | step 18.2 ms | 28110.7 samples/s
  step   800/1756 | loss 1.9017 | data 0.1 ms | step 19.5 ms | 26192.3 samples/s
  step   850/1756 | loss 1.7895 | data 0.1 ms | step 18.4 ms | 27773.3 samples/s
  step   900/1756 | loss 1.7281 | data 0.1 ms | step 19.5 ms | 26278.3 samples/s
  step   950/1756 | loss 1.7868 | data 0.1 ms | step 18.2 ms | 28103.4 samples/s
  step  1000/1756 | loss 1.6653 | data 0.1 ms | step 19.5 ms | 26274.6 samples/s
  step  1050/1756 | loss 1.7593 | data 0.1 ms | step 18.5 ms | 27739.4 samples/s
  step  1100/1756 | loss 1.9307 | data 0.1 ms | step 19.6 ms | 26148.9 samples/s
  step  1150/1756 | loss 1.9403 | data 0.1 ms | step 18.4 ms | 27889.8 samples/s
  step  1200/1756 | loss 1.6587 | data 0.1 ms | step 19.5 ms | 26228.3 samples/s
  step  1250/1756 | loss 1.8958 | data 0.1 ms | step 18.2 ms | 28188.2 samples/s
  step  1300/1756 | loss 1.6345 | data 0.1 ms | step 19.6 ms | 26158.3 samples/s
  step  1350/1756 | loss 1.7296 | data 0.1 ms | step 18.2 ms | 28121.2 samples/s
  step  1400/1756 | loss 1.7430 | data 0.1 ms | step 19.6 ms | 26166.9 samples/s
  step  1450/1756 | loss 1.4743 | data 0.1 ms | step 18.4 ms | 27854.5 samples/s
  step  1500/1756 | loss 1.6747 | data 0.1 ms | step 19.7 ms | 25960.5 samples/s
  step  1550/1756 | loss 1.7785 | data 0.1 ms | step 18.4 ms | 27831.4 samples/s
  step  1600/1756 | loss 1.8090 | data 0.1 ms | step 19.6 ms | 26169.1 samples/s
  step  1650/1756 | loss 1.7056 | data 0.1 ms | step 18.4 ms | 27864.9 samples/s
  step  1700/1756 | loss 1.7095 | data 0.1 ms | step 19.5 ms | 26259.0 samples/s
  step  1750/1756 | loss 1.6561 | data 0.6 ms | step 18.5 ms | 27716.0 samples/s
Training Loss: 1.751358 | 28595.4 samples/s
Peak GPU memory: 918.2 MB
Validation Loss: 1.853422 | 81902.2 samples/s

Epoch 82/100
----------------------------------------
Learning Rate: 0.000043
  step    50/1756 | loss 1.7690 | data 0.6 ms | step 19.2 ms | 26647.6 samples/s
  step   100/1756 | loss 1.8288 | data 0.1 ms | step 18.6 ms | 27487.5 samples/s
  step   150/1756 | loss 1.6886 | data 0.1 ms | step 18.9 ms | 27063.2 samples/s
  step   200/1756 | loss 1.7387 | data 0.1 ms | step 18.8 ms | 27280.0 samples/s
  step   250/1756 | loss 1.8897 | data 0.1 ms | step 18.3 ms | 28033.8 samples/s
  step   300/1756 | loss 1.7767 | data 0.1 ms | step 19.4 ms | 26418.6 samples/s
  step   350/1756 | loss 1.8275 | data 0.1 ms | step 18.6 ms | 27507.0 samples/s
  step   400/1756 | loss 1.6185 | data 0.1 ms | step 19.5 ms | 26231.5 samples/s
  step   450/1756 | loss 1.8825 | data 0.1 ms | step 18.2 ms | 28117.9 samples/s
  step   500/1756 | loss 1.7256 | data 0.1 ms | step 19.5 ms | 26202.5 samples/s
  step   550/1756 | loss 1.7279 | data 0.1 ms | step 18.2 ms | 28095.8 samples/s
  step   600/1756 | loss 1.6897 | data 0.1 ms | step 19.7 ms | 25925.2 samples/s
  step   650/1756 | loss 1.7001 | data 0.1 ms | step 18.5 ms | 27663.8 samples/s
  step   700/1756 | loss 1.5650 | data 0.1 ms | step 19.5 ms | 26283.8 samples/s
  step   750/1756 | loss 1.5995 | data 0.1 ms | step 18.2 ms | 28088.9 samples/s
  step   800/1756 | loss 1.5302 | data 0.1 ms | step 19.5 ms | 26213.3 samples/s
  step   850/1756 | loss 1.8067 | data 0.1 ms | step 18.2 ms | 28068.5 samples/s
  step   900/1756 | loss 1.6031 | data 0.1 ms | step 19.5 ms | 26283.5 samples/s
  step   950/1756 | loss 1.5687 | data 0.1 ms | step 18.4 ms | 27777.6 samples/s
  step  1000/1756 | loss 1.6131 | data 0.1 ms | step 19.7 ms | 25984.2 samples/s
  step  1050/1756 | loss 1.7511 | data 0.1 ms | step 18.2 ms | 28094.0 samples/s
  step  1100/1756 | loss 1.8461 | data 0.1 ms | step 19.7 ms | 26010.7 samples/s
  step  1150/1756 | loss 1.6541 | data 0.1 ms | step 18.4 ms | 27760.7 samples/s
  step  1200/1756 | loss 1.6868 | data 0.1 ms | step 19.8 ms | 25912.8 samples/s
  step  1250/1756 | loss 1.6679 | data 0.1 ms | step 18.4 ms | 27776.3 samples/s
  step  1300/1756 | loss 1.6940 | data 0.1 ms | step 19.7 ms | 25954.1 samples/s
  step  1350/1756 | loss 1.7070 | data 0.1 ms | step 18.5 ms | 27689.3 samples/s
  step  1400/1756 | loss 1.8438 | data 0.1 ms | step 19.8 ms | 25912.9 samples/s
  step  1450/1756 | loss 1.7264 | data 0.1 ms | step 18.2 ms | 28093.2 samples/s
  step  1500/1756 | loss 1.8662 | data 0.1 ms | step 19.5 ms | 26229.4 samples/s
  step  1550/1756 | loss 1.7863 | data 0.1 ms | step 18.2 ms | 28142.4 samples/s
  step  1600/1756 | loss 1.9018 | data 0.1 ms | step 19.3 ms | 26580.7 samples/s
  step  1650/1756 | loss 1.6101 | data 0.1 ms | step 17.9 ms | 28624.9 samples/s
  step  1700/1756 | loss 1.7488 | data 0.1 ms | step 19.7 ms | 26040.1 samples/s
  step  1750/1756 | loss 1.8131 | data 0.6 ms | step 18.2 ms | 28188.4 samples/s
Training Loss: 1.727463 | 27066.3 samples/s
Peak GPU memory: 918.2 MB
Validation Loss: 1.845767 | 82032.3 samples/s

Epoch 83/100
----------------------------------------
Learning Rate: 0.000043
  step    50/1756 | loss 1.7886 | data 0.7 ms | step 19.1 ms | 26776.3 samples/s
  step   100/1756 | loss 1.8519 | data 0.1 ms | step 18.2 ms | 28089.6 samples/s
  step   150/1756 | loss 1.6235 | data 0.1 ms | step 19.7 ms | 26016.4 samples/s
  step   200/1756 | loss 1.6028 | data 0.1 ms | step 18.5 ms | 27736.8 samples/s
  step   250/1756 | loss 1.6590 | data 0.1 ms | step 19.7 ms | 25967.8 samples/s
  step   300/1756 | loss 1.7511 | data 0.1 ms | step 18.2 ms | 28089.3 samples/s
  step   350/1756 | loss 1.6213 | data 0.1 ms | step 19.7 ms | 26023.2 samples/s
  step   400/1756 | loss 1.6441 | data 0.1 ms | step 17.1 ms | 29915.9 samples/s
  step   450/1756 | loss 1.6827 | data 0.1 ms | step 17.9 ms | 28661.9 samples/s
  step   500/1756 | loss 1.5893 | data 0.1 ms | step 14.1 ms | 36199.4 samples/s
  step   550/1756 | loss 1.6605 | data 0.1 ms | step 15.9 ms | 32148.9 samples/s
  step   600/1756 | loss 1.6996 | data 0.1 ms | step 14.2 ms | 36175.9 samples/s
  step   650/1756 | loss 1.5553 | data 0.1 ms | step 15.6 ms | 32924.6 samples/s
  step   700/1756 | loss 1.6804 | data 0.1 ms | step 14.6 ms | 35160.0 samples/s
  step   750/1756 | loss 1.7914 | data 0.1 ms | step 14.1 ms | 36225.7 samples/s
  step   800/1756 | loss 1.6606 | data 0.1 ms | step 15.8 ms | 32370.2 samples/s
  step   850/1756 | loss 1.5903 | data 0.1 ms | step 14.3 ms | 35830.5 samples/s
  step   900/1756 | loss 1.7192 | data 0.1 ms | step 18.7 ms | 27419.5 samples/s
  step   950/1756 | loss 1.8704 | data 0.1 ms | step 18.5 ms | 27749.1 samples/s
  step  1000/1756 | loss 1.5884 | data 0.1 ms | step 19.5 ms | 26254.5 samples/s
  step  1050/1756 | loss 1.8705 | data 0.1 ms | step 18.5 ms | 27720.2 samples/s
  step  1100/1756 | loss 1.6017 | data 0.1 ms | step 19.8 ms | 25921.5 samples/s
  step  1150/1756 | loss 1.7565 | data 0.1 ms | step 18.2 ms | 28086.0 samples/s
  step  1200/1756 | loss 1.6574 | data 0.1 ms | step 19.5 ms | 26240.4 samples/s
  step  1250/1756 | loss 1.5505 | data 0.1 ms | step 18.0 ms | 28404.1 samples/s
  step  1300/1756 | loss 1.8625 | data 0.1 ms | step 19.4 ms | 26330.9 samples/s
  step  1350/1756 | loss 1.7353 | data 0.1 ms | step 18.4 ms | 27776.7 samples/s
  step  1400/1756 | loss 1.7566 | data 0.1 ms | step 19.6 ms | 26169.1 samples/s
  step  1450/1756 | loss 1.6367 | data 0.1 ms | step 18.2 ms | 28121.2 samples/s
  step  1500/1756 | loss 1.7157 | data 0.1 ms | step 19.7 ms | 25950.7 samples/s
  step  1550/1756 | loss 1.6961 | data 0.1 ms | step 17.8 ms | 28713.5 samples/s
  step  1600/1756 | loss 1.5893 | data 0.1 ms | step 19.7 ms | 25936.2 samples/s
  step  1650/1756 | loss 1.6081 | data 0.1 ms | step 18.0 ms | 28442.5 samples/s
  step  1700/1756 | loss 1.7469 | data 0.1 ms | step 19.5 ms | 26286.8 samples/s
  step  1750/1756 | loss 1.7301 | data 0.6 ms | step 18.2 ms | 28125.8 samples/s
Training Loss: 1.688793 | 28625.7 samples/s
Peak GPU memory: 918.2 MB
Validation Loss: 1.759821 | 82120.3 samples/s

Epoch 84/100
----------------------------------------
Learning Rate: 0.000043
  step    50/1756 | loss 1.6063 | data 0.7 ms | step 19.6 ms | 26120.1 samples/s
  step   100/1756 | loss 1.6676 | data 0.1 ms | step 18.3 ms | 28040.2 samples/s
  step   150/1756 | loss 1.7136 | data 0.1 ms | step 19.7 ms | 25983.3 samples/s
  step   200/1756 | loss 1.6140 | data 0.1 ms | step 18.2 ms | 28111.8 samples/s
  step   250/1756 | loss 1.7545 | data 0.1 ms | step 19.5 ms | 26291.9 samples/s
  step   300/1756 | loss 1.6251 | data 0.1 ms | step 18.4 ms | 27805.7 samples/s
  step   350/1756 | loss 1.7838 | data 0.1 ms | step 19.5 ms | 26279.9 samples/s
  step   400/1756 | loss 1.9071 | data 0.1 ms | step 18.2 ms | 28190.4 samples/s
  step   450/1756 | loss 1.7358 | data 0.1 ms | step 19.5 ms | 26263.6 samples/s
  step   500/1756 | loss 1.9104 | data 0.1 ms | step 18.5 ms | 27735.4 samples/s
  step   550/1756 | loss 1.6947 | data 0.1 ms | step 19.7 ms | 25997.5 samples/s
  step   600/1756 | loss 1.7274 | data 0.1 ms | step 18.0 ms | 28444.8 samples/s
  step   650/1756 | loss 1.7852 | data 0.1 ms | step 19.8 ms | 25867.7 samples/s
  step   700/1756 | loss 1.8796 | data 0.1 ms | step 18.2 ms | 28188.0 samples/s
  step   750/1756 | loss 1.6926 | data 0.1 ms | step 19.8 ms | 25874.3 samples/s
  step   800/1756 | loss 1.8012 | data 0.1 ms | step 18.4 ms | 27814.0 samples/s
  step   850/1756 | loss 1.7470 | data 0.1 ms | step 19.4 ms | 26387.7 samples/s
  step   900/1756 | loss 1.6381 | data 0.1 ms | step 18.5 ms | 27628.4 samples/s
  step   950/1756 | loss 1.8273 | data 0.1 ms | step 19.6 ms | 26101.5 samples/s
  step  1000/1756 | loss 1.6513 | data 0.1 ms | step 18.4 ms | 27889.9 samples/s
  step  1050/1756 | loss 1.6050 | data 0.1 ms | step 19.0 ms | 26976.0 samples/s
  step  1100/1756 | loss 1.7132 | data 0.1 ms | step 19.0 ms | 27004.9 samples/s
  step  1150/1756 | loss 1.8958 | data 0.1 ms | step 19.0 ms | 26958.0 samples/s
  step  1200/1756 | loss 1.6635 | data 0.1 ms | step 18.8 ms | 27210.0 samples/s
  step  1250/1756 | loss 1.6502 | data 0.1 ms | step 18.6 ms | 27482.5 samples/s
  step  1300/1756 | loss 1.7999 | data 0.1 ms | step 19.0 ms | 26951.4 samples/s
  step  1350/1756 | loss 1.7310 | data 0.1 ms | step 18.1 ms | 28213.2 samples/s
  step  1400/1756 | loss 1.6463 | data 0.1 ms | step 19.4 ms | 26456.5 samples/s
  step  1450/1756 | loss 1.8440 | data 0.1 ms | step 18.4 ms | 27753.4 samples/s
  step  1500/1756 | loss 1.7185 | data 0.1 ms | step 19.6 ms | 26138.2 samples/s
  step  1550/1756 | loss 1.6217 | data 0.1 ms | step 18.4 ms | 27855.2 samples/s
  step  1600/1756 | loss 1.7573 | data 0.1 ms | step 19.7 ms | 25970.8 samples/s
  step  1650/1756 | loss 1.7682 | data 0.1 ms | step 18.5 ms | 27722.2 samples/s
  step  1700/1756 | loss 1.7569 | data 0.1 ms | step 19.3 ms | 26576.1 samples/s
  step  1750/1756 | loss 1.6626 | data 0.6 ms | step 18.4 ms | 27839.9 samples/s
Training Loss: 1.730906 | 27039.1 samples/s
Peak GPU memory: 918.2 MB
Validation Loss: 1.697453 | 82557.5 samples/s

Epoch 85/100
----------------------------------------
Learning Rate: 0.000043
  step    50/1756 | loss 1.6939 | data 0.7 ms | step 19.3 ms | 26575.4 samples/s
  step   100/1756 | loss 1.5809 | data 0.1 ms | step 18.3 ms | 27968.0 samples/s
  step   150/1756 | loss 1.6780 | data 0.1 ms | step 19.7 ms | 25973.9 samples/s
  step   200/1756 | loss 1.6307 | data 0.1 ms | step 18.4 ms | 27775.7 samples/s
  step   250/1756 | loss 1.7792 | data 0.1 ms | step 19.7 ms | 25964.9 samples/s
  step   300/1756 | loss 1.8970 | data 0.1 ms | step 18.5 ms | 27722.5 samples/s
  step   350/1756 | loss 1.7843 | data 0.1 ms | step 19.7 ms | 26007.4 samples/s
  step   400/1756 | loss 1.7230 | data 0.1 ms | step 18.4 ms | 27779.6 samples/s
  step   450/1756 | loss 1.6744 | data 0.1 ms | step 19.7 ms | 25979.3 samples/s
  step   500/1756 | loss 1.7373 | data 0.1 ms | step 18.5 ms | 27720.8 samples/s
  step   550/1756 | loss 2.0112 | data 0.1 ms | step 19.7 ms | 25933.9 samples/s
  step   600/1756 | loss 1.6130 | data 0.1 ms | step 17.5 ms | 29282.3 samples/s
  step   650/1756 | loss 1.7259 | data 0.1 ms | step 16.4 ms | 31213.9 samples/s
  step   700/1756 | loss 1.8004 | data 0.1 ms | step 14.6 ms | 35175.2 samples/s
  step   750/1756 | loss 1.5552 | data 0.1 ms | step 15.8 ms | 32311.4 samples/s
  step   800/1756 | loss 1.7625 | data 0.1 ms | step 14.3 ms | 35873.4 samples/s
  step   850/1756 | loss 1.6615 | data 0.1 ms | step 15.9 ms | 32188.4 samples/s
  step   900/1756 | loss 1.9160 | data 0.1 ms | step 14.2 ms | 36127.7 samples/s
  step   950/1756 | loss 1.5092 | data 0.1 ms | step 15.9 ms | 32181.4 samples/s
  step  1000/1756 | loss 1.7047 | data 0.1 ms | step 14.2 ms | 36117.6 samples/s
  step  1050/1756 | loss 1.7270 | data 0.1 ms | step 16.2 ms | 31569.1 samples/s
  step  1100/1756 | loss 1.6214 | data 0.1 ms | step 18.3 ms | 27993.3 samples/s
  step  1150/1756 | loss 1.8099 | data 0.1 ms | step 19.7 ms | 25929.1 samples/s
  step  1200/1756 | loss 1.8735 | data 0.1 ms | step 18.5 ms | 27727.5 samples/s
  step  1250/1756 | loss 1.7009 | data 0.1 ms | step 19.4 ms | 26380.3 samples/s
  step  1300/1756 | loss 1.7771 | data 0.1 ms | step 18.6 ms | 27596.9 samples/s
  step  1350/1756 | loss 1.7908 | data 0.1 ms | step 19.1 ms | 26842.0 samples/s
  step  1400/1756 | loss 1.9450 | data 0.1 ms | step 18.9 ms | 27117.0 samples/s
  step  1450/1756 | loss 1.8917 | data 0.1 ms | step 18.7 ms | 27325.4 samples/s
  step  1500/1756 | loss 1.7661 | data 0.1 ms | step 19.0 ms | 26996.1 samples/s
  step  1550/1756 | loss 1.7157 | data 0.1 ms | step 18.6 ms | 27477.6 samples/s
  step  1600/1756 | loss 1.6257 | data 0.1 ms | step 19.0 ms | 26883.0 samples/s
  step  1650/1756 | loss 1.8908 | data 0.1 ms | step 18.6 ms | 27584.4 samples/s
  step  1700/1756 | loss 1.8318 | data 0.1 ms | step 19.6 ms | 26102.8 samples/s
  step  1750/1756 | loss 1.5898 | data 0.6 ms | step 19.6 ms | 26164.6 samples/s
Training Loss: 1.751303 | 28409.8 samples/s
Peak GPU memory: 918.2 MB
Validation Loss: 2.027306 | 84644.0 samples/s

Epoch 86/100
----------------------------------------
Learning Rate: 0.000043
  step    50/1756 | loss 2.1128 | data 0.7 ms | step 19.6 ms | 26169.9 samples/s
  step   100/1756 | loss 1.5086 | data 0.1 ms | step 18.4 ms | 27823.9 samples/s
  step   150/1756 | loss 1.6385 | data 0.1 ms | step 19.3 ms | 26590.5 samples/s
  step   200/1756 | loss 1.7362 | data 0.1 ms | step 18.5 ms | 27711.4 samples/s
  step   250/1756 | loss 1.6458 | data 0.1 ms | step 19.5 ms | 26307.6 samples/s
  step   300/1756 | loss 1.6844 | data 0.1 ms | step 18.1 ms | 28301.2 samples/s
  step   350/1756 | loss 1.8364 | data 0.1 ms | step 19.2 ms | 26656.1 samples/s
  step   400/1756 | loss 1.5060 | data 0.1 ms | step 18.4 ms | 27778.6 samples/s
  step   450/1756 | loss 1.7205 | data 0.1 ms | step 19.7 ms | 26037.5 samples/s
  step   500/1756 | loss 1.9157 | data 0.1 ms | step 18.5 ms | 27716.0 samples/s
  step   550/1756 | loss 1.8723 | data 0.1 ms | step 19.7 ms | 25989.5 samples/s
  step   600/1756 | loss 1.9102 | data 0.1 ms | step 18.4 ms | 27767.9 samples/s
  step   650/1756 | loss 1.6635 | data 0.1 ms | step 19.7 ms | 26007.3 samples/s
  step   700/1756 | loss 1.5650 | data 0.1 ms | step 18.4 ms | 27803.2 samples/s
  step   750/1756 | loss 1.6599 | data 0.1 ms | step 19.7 ms | 25996.6 samples/s
  step   800/1756 | loss 1.6067 | data 0.1 ms | step 18.4 ms | 27788.9 samples/s
  step   850/1756 | loss 1.6639 | data 0.1 ms | step 19.5 ms | 26218.7 samples/s
  step   900/1756 | loss 1.7754 | data 0.1 ms | step 18.5 ms | 27735.3 samples/s
  step   950/1756 | loss 1.6883 | data 0.1 ms | step 19.7 ms | 26018.9 samples/s
  step  1000/1756 | loss 1.7137 | data 0.1 ms | step 18.5 ms | 27717.3 samples/s
  step  1050/1756 | loss 1.8164 | data 0.1 ms | step 19.8 ms | 25878.3 samples/s
  step  1100/1756 | loss 1.7250 | data 0.1 ms | step 18.2 ms | 28142.6 samples/s
  step  1150/1756 | loss 1.7984 | data 0.1 ms | step 19.7 ms | 25925.1 samples/s
  step  1200/1756 | loss 1.7669 | data 0.1 ms | step 18.3 ms | 28041.6 samples/s
  step  1250/1756 | loss 1.8065 | data 0.1 ms | step 19.6 ms | 26094.0 samples/s
  step  1300/1756 | loss 1.6893 | data 0.1 ms | step 17.9 ms | 28526.9 samples/s
  step  1350/1756 | loss 1.6854 | data 0.1 ms | step 19.5 ms | 26308.8 samples/s
  step  1400/1756 | loss 1.6187 | data 0.1 ms | step 18.4 ms | 27793.2 samples/s
  step  1450/1756 | loss 1.5889 | data 0.1 ms | step 19.7 ms | 26000.1 samples/s
  step  1500/1756 | loss 1.7452 | data 0.1 ms | step 18.2 ms | 28127.3 samples/s
  step  1550/1756 | loss 1.7516 | data 0.1 ms | step 19.7 ms | 25968.5 samples/s
  step  1600/1756 | loss 1.6027 | data 0.1 ms | step 18.5 ms | 27719.3 samples/s
  step  1650/1756 | loss 1.5367 | data 0.1 ms | step 19.7 ms | 25931.5 samples/s
  step  1700/1756 | loss 1.6874 | data 0.1 ms | step 18.0 ms | 28469.1 samples/s
  step  1750/1756 | loss 1.6423 | data 0.6 ms | step 19.5 ms | 26229.3 samples/s
Training Loss: 1.710692 | 26976.4 samples/s
Peak GPU memory: 918.2 MB
Validation Loss: 1.742230 | 81237.8 samples/s

Epoch 87/100
----------------------------------------
Learning Rate: 0.000043
  step    50/1756 | loss 1.8440 | data 0.6 ms | step 18.5 ms | 27710.1 samples/s
  step   100/1756 | loss 1.8767 | data 0.1 ms | step 19.1 ms | 26812.5 samples/s
  step   150/1756 | loss 1.6915 | data 0.1 ms | step 18.6 ms | 27487.7 samples/s
  step   200/1756 | loss 1.6181 | data 0.1 ms | step 19.1 ms | 26838.3 samples/s
  step   250/1756 | loss 1.4685 | data 0.1 ms | step 18.9 ms | 27079.0 samples/s
  step   300/1756 | loss 1.6920 | data 0.1 ms | step 19.0 ms | 26946.6 samples/s
  step   350/1756 | loss 1.6976 | data 0.1 ms | step 18.9 ms | 27063.7 samples/s
  step   400/1756 | loss 1.7761 | data 0.1 ms | step 18.4 ms | 27798.3 samples/s
  step   450/1756 | loss 1.7116 | data 0.1 ms | step 19.5 ms | 26229.5 samples/s
  step   500/1756 | loss 1.7162 | data 0.1 ms | step 18.2 ms | 28133.3 samples/s
  step   550/1756 | loss 1.6014 | data 0.1 ms | step 19.7 ms | 25968.8 samples/s
  step   600/1756 | loss 1.6710 | data 0.1 ms | step 18.4 ms | 27781.5 samples/s
  step   650/1756 | loss 1.7245 | data 0.1 ms | step 19.4 ms | 26455.4 samples/s
  step   700/1756 | loss 1.6838 | data 0.1 ms | step 18.4 ms | 27865.5 samples/s
  step   750/1756 | loss 1.8903 | data 0.1 ms | step 19.5 ms | 26277.0 samples/s
  step   800/1756 | loss 1.7125 | data 0.1 ms | step 17.1 ms | 29978.1 samples/s
  step   850/1756 | loss 1.6136 | data 0.1 ms | step 15.5 ms | 33010.2 samples/s
  step   900/1756 | loss 1.9366 | data 0.1 ms | step 14.1 ms | 36354.3 samples/s
  step   950/1756 | loss 1.7832 | data 0.1 ms | step 15.9 ms | 32263.2 samples/s
  step  1000/1756 | loss 1.5215 | data 0.1 ms | step 14.2 ms | 36035.1 samples/s
  step  1050/1756 | loss 1.6537 | data 0.1 ms | step 15.9 ms | 32146.6 samples/s
  step  1100/1756 | loss 1.8926 | data 0.1 ms | step 14.2 ms | 36157.5 samples/s
  step  1150/1756 | loss 1.6708 | data 0.1 ms | step 15.9 ms | 32193.1 samples/s
  step  1200/1756 | loss 1.6658 | data 0.1 ms | step 14.2 ms | 36160.8 samples/s
  step  1250/1756 | loss 1.8203 | data 0.1 ms | step 17.4 ms | 29476.6 samples/s
  step  1300/1756 | loss 1.5621 | data 0.1 ms | step 18.3 ms | 28016.9 samples/s
  step  1350/1756 | loss 1.4868 | data 0.1 ms | step 19.7 ms | 25982.6 samples/s
  step  1400/1756 | loss 1.7671 | data 0.1 ms | step 18.3 ms | 28039.2 samples/s
  step  1450/1756 | loss 1.6239 | data 0.1 ms | step 19.5 ms | 26299.7 samples/s
  step  1500/1756 | loss 1.6047 | data 0.1 ms | step 17.9 ms | 28524.4 samples/s
  step  1550/1756 | loss 1.7000 | data 0.1 ms | step 19.5 ms | 26234.3 samples/s
  step  1600/1756 | loss 1.5137 | data 0.1 ms | step 18.4 ms | 27760.4 samples/s
  step  1650/1756 | loss 1.8375 | data 0.1 ms | step 19.7 ms | 25933.8 samples/s
  step  1700/1756 | loss 1.6636 | data 0.1 ms | step 18.2 ms | 28090.4 samples/s
  step  1750/1756 | loss 1.5997 | data 0.6 ms | step 19.5 ms | 26191.3 samples/s
Training Loss: 1.693440 | 28572.7 samples/s
Peak GPU memory: 918.2 MB
Validation Loss: 1.742263 | 84130.7 samples/s

Epoch 88/100
----------------------------------------
Learning Rate: 0.000043
  step    50/1756 | loss 1.8596 | data 0.7 ms | step 19.6 ms | 26094.1 samples/s
  step   100/1756 | loss 1.5497 | data 0.1 ms | step 18.4 ms | 27785.5 samples/s
  step   150/1756 | loss 1.6231 | data 0.1 ms | step 19.3 ms | 26526.7 samples/s
  step   200/1756 | loss 1.8724 | data 0.1 ms | step 18.4 ms | 27768.2 samples/s
  step   250/1756 | loss 1.7506 | data 0.1 ms | step 19.8 ms | 25904.5 samples/s
  step   300/1756 | loss 1.8861 | data 0.1 ms | step 18.2 ms | 28175.6 samples/s
  step   350/1756 | loss 1.8885 | data 0.1 ms | step 19.3 ms | 26519.2 samples/s
  step   400/1756 | loss 1.7408 | data 0.1 ms | step 18.5 ms | 27746.7 samples/s
  step   450/1756 | loss 1.7289 | data 0.1 ms | step 19.7 ms | 25968.5 samples/s
  step   500/1756 | loss 1.6417 | data 0.1 ms | step 18.5 ms | 27743.2 samples/s
  step   550/1756 | loss 1.7281 | data 0.1 ms | step 19.3 ms | 26489.4 samples/s
  step   600/1756 | loss 1.7580 | data 0.1 ms | step 18.1 ms | 28353.4 samples/s
  step   650/1756 | loss 1.6767 | data 0.1 ms | step 19.8 ms | 25887.6 samples/s
  step   700/1756 | loss 1.6390 | data 0.1 ms | step 18.2 ms | 28094.0 samples/s
  step   750/1756 | loss 1.8709 | data 0.1 ms | step 19.7 ms | 25967.1 samples/s
  step   800/1756 | loss 1.6189 | data 0.1 ms | step 18.0 ms | 28466.4 samples/s
  step   850/1756 | loss 1.8518 | data 0.1 ms | step 19.5 ms | 26293.0 samples/s
  step   900/1756 | loss 1.6542 | data 0.1 ms | step 18.4 ms | 27759.0 samples/s
  step   950/1756 | loss 1.7196 | data 0.1 ms | step 19.7 ms | 25967.0 samples/s
  step  1000/1756 | loss 1.6452 | data 0.1 ms | step 18.4 ms | 27828.0 samples/s
  step  1050/1756 | loss 1.8232 | data 0.1 ms | step 19.5 ms | 26297.4 samples/s
  step  1100/1756 | loss 1.6236 | data 0.1 ms | step 18.2 ms | 28072.4 samples/s
  step  1150/1756 | loss 1.5723 | data 0.1 ms | step 19.7 ms | 26048.8 samples/s
  step  1200/1756 | loss 1.7572 | data 0.1 ms | step 18.4 ms | 27771.5 samples/s
  step  1250/1756 | loss 1.7148 | data 0.1 ms | step 19.7 ms | 26016.4 samples/s
  step  1300/1756 | loss 1.6090 | data 0.1 ms | step 18.2 ms | 28075.2 samples/s
  step  1350/1756 | loss 1.8160 | data 0.1 ms | step 19.2 ms | 26599.4 samples/s
  step  1400/1756 | loss 1.5448 | data 0.1 ms | step 18.0 ms | 28455.7 samples/s
  step  1450/1756 | loss 1.6889 | data 0.1 ms | step 19.2 ms | 26622.5 samples/s
  step  1500/1756 | loss 1.7156 | data 0.1 ms | step 18.5 ms | 27748.4 samples/s
  step  1550/1756 | loss 1.5596 | data 0.1 ms | step 19.5 ms | 26288.3 samples/s
  step  1600/1756 | loss 1.7587 | data 0.1 ms | step 18.2 ms | 28123.7 samples/s
  step  1650/1756 | loss 1.6133 | data 0.1 ms | step 19.6 ms | 26186.6 samples/s
  step  1700/1756 | loss 1.7367 | data 0.1 ms | step 18.0 ms | 28503.3 samples/s
  step  1750/1756 | loss 1.7089 | data 0.6 ms | step 19.7 ms | 25932.7 samples/s
Training Loss: 1.714212 | 27052.3 samples/s
Peak GPU memory: 918.2 MB
Validation Loss: 1.766535 | 82938.5 samples/s

Epoch 89/100
----------------------------------------
Learning Rate: 0.000043
  step    50/1756 | loss 1.7621 | data 0.7 ms | step 18.3 ms | 28024.5 samples/s
  step   100/1756 | loss 1.6119 | data 0.1 ms | step 19.5 ms | 26264.9 samples/s
  step   150/1756 | loss 1.8636 | data 0.1 ms | step 18.2 ms | 28145.8 samples/s
  step   200/1756 | loss 1.6076 | data 0.1 ms | step 19.7 ms | 26016.8 samples/s
  step   250/1756 | loss 1.6695 | data 0.1 ms | step 18.0 ms | 28484.9 samples/s
  step   300/1756 | loss 1.6953 | data 0.1 ms | step 19.7 ms | 25984.9 samples/s
  step   350/1756 | loss 1.8910 | data 0.1 ms | step 18.0 ms | 28450.6 samples/s
  step   400/1756 | loss 1.5964 | data 0.1 ms | step 19.7 ms | 25958.4 samples/s
  step   450/1756 | loss 1.7023 | data 0.1 ms | step 18.4 ms | 27765.4 samples/s
  step   500/1756 | loss 1.7318 | data 0.1 ms | step 19.7 ms | 25942.5 samples/s
  step   550/1756 | loss 1.6582 | data 0.1 ms | step 18.3 ms | 27965.3 samples/s
  step   600/1756 | loss 1.6665 | data 0.1 ms | step 19.7 ms | 25966.5 samples/s
  step   650/1756 | loss 1.7415 | data 0.1 ms | step 18.4 ms | 27881.7 samples/s
  step   700/1756 | loss 1.5620 | data 0.1 ms | step 19.7 ms | 25971.6 samples/s
  step   750/1756 | loss 1.6624 | data 0.1 ms | step 18.3 ms | 28037.4 samples/s
  step   800/1756 | loss 1.6816 | data 0.1 ms | step 18.5 ms | 27690.3 samples/s
  step   850/1756 | loss 1.7212 | data 0.1 ms | step 18.8 ms | 27254.8 samples/s
  step   900/1756 | loss 1.6570 | data 0.1 ms | step 19.0 ms | 26986.5 samples/s
  step   950/1756 | loss 1.5981 | data 0.1 ms | step 19.2 ms | 26627.0 samples/s
  step  1000/1756 | loss 1.6648 | data 0.1 ms | step 18.6 ms | 27459.5 samples/s
  step  1050/1756 | loss 1.6836 | data 0.1 ms | step 14.2 ms | 36003.7 samples/s
  step  1100/1756 | loss 1.6852 | data 0.1 ms | step 14.1 ms | 36235.3 samples/s
  step  1150/1756 | loss 1.5818 | data 0.1 ms | step 15.8 ms | 32409.6 samples/s
  step  1200/1756 | loss 1.7502 | data 0.1 ms | step 14.1 ms | 36196.0 samples/s
  step  1250/1756 | loss 1.6999 | data 0.1 ms | step 15.9 ms | 32201.4 samples/s
  step  1300/1756 | loss 1.5487 | data 0.1 ms | step 14.2 ms | 36138.0 samples/s
  step  1350/1756 | loss 1.6941 | data 0.1 ms | step 15.9 ms | 32192.3 samples/s
  step  1400/1756 | loss 1.5593 | data 0.1 ms | step 14.1 ms | 36263.4 samples/s
  step  1450/1756 | loss 1.6161 | data 0.1 ms | step 17.3 ms | 29577.4 samples/s
  step  1500/1756 | loss 1.6700 | data 0.1 ms | step 18.5 ms | 27689.5 samples/s
  step  1550/1756 | loss 1.5550 | data 0.1 ms | step 19.8 ms | 25909.1 samples/s
  step  1600/1756 | loss 1.6907 | data 0.1 ms | step 18.4 ms | 27807.6 samples/s
  step  1650/1756 | loss 1.8041 | data 0.1 ms | step 19.7 ms | 25962.9 samples/s
  step  1700/1756 | loss 1.8006 | data 0.1 ms | step 18.4 ms | 27825.7 samples/s
  step  1750/1756 | loss 1.7488 | data 0.6 ms | step 19.5 ms | 26309.0 samples/s
Training Loss: 1.679490 | 28544.6 samples/s
Peak GPU memory: 918.2 MB
Validation Loss: 1.694590 | 84236.3 samples/s

Epoch 90/100
----------------------------------------
Learning Rate: 0.000043
  step    50/1756 | loss 1.8118 | data 0.6 ms | step 18.6 ms | 27556.5 samples/s
  step   100/1756 | loss 1.8562 | data 0.1 ms | step 18.4 ms | 27881.5 samples/s
  step   150/1756 | loss 1.6476 | data 0.1 ms | step 19.3 ms | 26502.6 samples/s
  step   200/1756 | loss 1.9015 | data 0.1 ms | step 18.3 ms | 28010.8 samples/s
  step   250/1756 | loss 1.7200 | data 0.1 ms | step 19.7 ms | 25996.5 samples/s
  step   300/1756 | loss 1.6224 | data 0.1 ms | step 18.5 ms | 27676.4 samples/s
  step   350/1756 | loss 1.6238 | data 0.1 ms | step 19.7 ms | 26024.0 samples/s
  step   400/1756 | loss 1.7782 | data 0.1 ms | step 18.4 ms | 27779.9 samples/s
  step   450/1756 | loss 1.6867 | data 0.1 ms | step 19.5 ms | 26218.8 samples/s
  step   500/1756 | loss 1.7239 | data 0.1 ms | step 18.5 ms | 27712.0 samples/s
  step   550/1756 | loss 1.5884 | data 0.1 ms | step 19.3 ms | 26563.2 samples/s
  step   600/1756 | loss 1.6644 | data 0.1 ms | step 18.5 ms | 27719.4 samples/s
  step   650/1756 | loss 1.6036 | data 0.1 ms | step 19.7 ms | 25989.1 samples/s
  step   700/1756 | loss 1.8097 | data 0.1 ms | step 18.0 ms | 28433.7 samples/s
  step   750/1756 | loss 1.7684 | data 0.1 ms | step 19.8 ms | 25896.2 samples/s
  step   800/1756 | loss 1.6663 | data 0.1 ms | step 18.2 ms | 28079.9 samples/s
  step   850/1756 | loss 1.7756 | data 0.1 ms | step 19.5 ms | 26269.8 samples/s
  step   900/1756 | loss 1.5615 | data 0.1 ms | step 18.5 ms | 27710.2 samples/s
  step   950/1756 | loss 1.5767 | data 0.1 ms | step 19.8 ms | 25890.5 samples/s
  step  1000/1756 | loss 1.4833 | data 0.1 ms | step 18.2 ms | 28119.3 samples/s
  step  1050/1756 | loss 1.5810 | data 0.1 ms | step 19.7 ms | 25990.9 samples/s
  step  1100/1756 | loss 1.9376 | data 0.1 ms | step 17.8 ms | 28840.7 samples/s
  step  1150/1756 | loss 1.6882 | data 0.1 ms | step 19.1 ms | 26772.6 samples/s
  step  1200/1756 | loss 1.5957 | data 0.1 ms | step 17.9 ms | 28537.5 samples/s
  step  1250/1756 | loss 1.6097 | data 0.1 ms | step 19.5 ms | 26313.7 samples/s
  step  1300/1756 | loss 1.6869 | data 0.1 ms | step 18.5 ms | 27734.2 samples/s
  step  1350/1756 | loss 1.7135 | data 0.1 ms | step 19.5 ms | 26192.0 samples/s
  step  1400/1756 | loss 1.5688 | data 0.1 ms | step 18.5 ms | 27684.9 samples/s
  step  1450/1756 | loss 1.7526 | data 0.1 ms | step 19.5 ms | 26309.8 samples/s
  step  1500/1756 | loss 1.6680 | data 0.1 ms | step 18.5 ms | 27693.5 samples/s
  step  1550/1756 | loss 1.5398 | data 0.1 ms | step 19.7 ms | 25954.9 samples/s
  step  1600/1756 | loss 1.7501 | data 0.1 ms | step 18.2 ms | 28155.6 samples/s
  step  1650/1756 | loss 1.7311 | data 0.1 ms | step 19.5 ms | 26272.3 samples/s
  step  1700/1756 | loss 1.6475 | data 0.1 ms | step 18.2 ms | 28075.7 samples/s
  step  1750/1756 | loss 1.9300 | data 0.6 ms | step 19.7 ms | 26035.8 samples/s
Training Loss: 1.693514 | 27067.7 samples/s
Peak GPU memory: 918.2 MB
Validation Loss: 1.809831 | 81833.4 samples/s

Epoch 91/100
----------------------------------------
Learning Rate: 0.000039
  step    50/1756 | loss 1.6752 | data 0.6 ms | step 18.4 ms | 27790.3 samples/s
  step   100/1756 | loss 1.5771 | data 0.1 ms | step 19.5 ms | 26242.4 samples/s
  step   150/1756 | loss 1.8211 | data 0.1 ms | step 17.8 ms | 28808.9 samples/s
  step   200/1756 | loss 1.5225 | data 0.1 ms | step 19.7 ms | 26025.0 samples/s
  step   250/1756 | loss 1.6925 | data 0.1 ms | step 18.0 ms | 28423.8 samples/s
  step   300/1756 | loss 1.7133 | data 0.1 ms | step 19.8 ms | 25877.5 samples/s
  step   350/1756 | loss 1.5861 | data 0.1 ms | step 18.2 ms | 28170.4 samples/s
  step   400/1756 | loss 1.6272 | data 0.1 ms | step 19.7 ms | 25931.8 samples/s
  step   450/1756 | loss 1.6464 | data 0.1 ms | step 18.0 ms | 28475.6 samples/s
  step   500/1756 | loss 1.6376 | data 0.1 ms | step 19.7 ms | 26015.9 samples/s
  step   550/1756 | loss 1.5880 | data 0.1 ms | step 18.3 ms | 28034.6 samples/s
  step   600/1756 | loss 1.6898 | data 0.1 ms | step 19.7 ms | 25991.6 samples/s
  step   650/1756 | loss 1.5568 | data 0.1 ms | step 18.5 ms | 27733.9 samples/s
  step   700/1756 | loss 1.5850 | data 0.1 ms | step 19.5 ms | 26220.3 samples/s
  step   750/1756 | loss 1.4824 | data 0.1 ms | step 18.4 ms | 27869.0 samples/s
  step   800/1756 | loss 1.5887 | data 0.1 ms | step 19.5 ms | 26205.4 samples/s
  step   850/1756 | loss 1.6033 | data 0.1 ms | step 18.0 ms | 28489.5 samples/s
  step   900/1756 | loss 1.7582 | data 0.1 ms | step 19.6 ms | 26069.6 samples/s
  step   950/1756 | loss 1.7132 | data 0.1 ms | step 18.6 ms | 27579.2 samples/s
  step  1000/1756 | loss 1.8230 | data 0.1 ms | step 19.4 ms | 26395.0 samples/s
  step  1050/1756 | loss 1.6560 | data 0.1 ms | step 18.7 ms | 27350.9 samples/s
  step  1100/1756 | loss 1.8747 | data 0.1 ms | step 19.3 ms | 26550.1 samples/s
  step  1150/1756 | loss 1.7865 | data 0.1 ms | step 18.6 ms | 27510.4 samples/s
  step  1200/1756 | loss 1.4999 | data 0.1 ms | step 18.7 ms | 27432.0 samples/s
  step  1250/1756 | loss 1.6613 | data 0.1 ms | step 14.2 ms | 36098.1 samples/s
  step  1300/1756 | loss 1.6004 | data 0.1 ms | step 14.1 ms | 36200.9 samples/s
  step  1350/1756 | loss 1.6619 | data 0.1 ms | step 15.9 ms | 32142.4 samples/s
  step  1400/1756 | loss 1.5850 | data 0.1 ms | step 14.4 ms | 35463.9 samples/s
  step  1450/1756 | loss 1.6516 | data 0.1 ms | step 15.9 ms | 32279.1 samples/s
  step  1500/1756 | loss 1.5680 | data 0.1 ms | step 14.2 ms | 36133.8 samples/s
  step  1550/1756 | loss 1.5663 | data 0.1 ms | step 16.0 ms | 32047.7 samples/s
  step  1600/1756 | loss 1.6876 | data 0.1 ms | step 14.2 ms | 36078.0 samples/s
  step  1650/1756 | loss 1.7875 | data 0.1 ms | step 17.3 ms | 29514.1 samples/s
  step  1700/1756 | loss 1.5059 | data 0.1 ms | step 18.4 ms | 27770.6 samples/s
  step  1750/1756 | loss 1.7782 | data 0.5 ms | step 19.5 ms | 26256.3 samples/s
Training Loss: 1.650584 | 28546.1 samples/s
Peak GPU memory: 918.2 MB
Validation Loss: 1.766907 | 83078.8 samples/s

Epoch 92/100
----------------------------------------
Learning Rate: 0.000039
  step    50/1756 | loss 1.7729 | data 0.6 ms | step 18.2 ms | 28091.7 samples/s
  step   100/1756 | loss 1.6195 | data 0.1 ms | step 19.8 ms | 25883.9 samples/s
  step   150/1756 | loss 1.5866 | data 0.1 ms | step 18.2 ms | 28206.5 samples/s
  step   200/1756 | loss 1.6409 | data 0.1 ms | step 19.2 ms | 26731.5 samples/s
  step   250/1756 | loss 1.6815 | data 0.1 ms | step 18.7 ms | 27326.2 samples/s
  step   300/1756 | loss 1.7664 | data 0.1 ms | step 19.3 ms | 26542.1 samples/s
  step   350/1756 | loss 1.6868 | data 0.1 ms | step 18.7 ms | 27421.8 samples/s
  step   400/1756 | loss 1.7351 | data 0.1 ms | step 19.0 ms | 26883.0 samples/s
  step   450/1756 | loss 1.6399 | data 0.1 ms | step 18.8 ms | 27200.3 samples/s
  step   500/1756 | loss 1.6393 | data 0.1 ms | step 18.4 ms | 27884.3 samples/s
  step   550/1756 | loss 1.7834 | data 0.1 ms | step 19.1 ms | 26829.3 samples/s
  step   600/1756 | loss 1.5768 | data 0.1 ms | step 18.0 ms | 28390.7 samples/s
  step   650/1756 | loss 1.5541 | data 0.1 ms | step 19.7 ms | 25959.3 samples/s
  step   700/1756 | loss 1.5960 | data 0.1 ms | step 18.2 ms | 28135.2 samples/s
  step   750/1756 | loss 1.6715 | data 0.1 ms | step 19.7 ms | 25977.2 samples/s
  step   800/1756 | loss 1.6856 | data 0.1 ms | step 18.3 ms | 27968.1 samples/s
  step   850/1756 | loss 1.5181 | data 0.1 ms | step 18.9 ms | 27031.2 samples/s
  step   900/1756 | loss 1.6502 | data 0.1 ms | step 18.4 ms | 27779.5 samples/s
  step   950/1756 | loss 1.6828 | data 0.1 ms | step 19.7 ms | 25993.0 samples/s
  step  1000/1756 | loss 1.7426 | data 0.1 ms | step 18.4 ms | 27755.8 samples/s
  step  1050/1756 | loss 1.6037 | data 0.1 ms | step 19.5 ms | 26191.6 samples/s
  step  1100/1756 | loss 1.5622 | data 0.1 ms | step 18.3 ms | 27932.7 samples/s
  step  1150/1756 | loss 1.7222 | data 0.1 ms | step 19.5 ms | 26253.2 samples/s
  step  1200/1756 | loss 1.5999 | data 0.1 ms | step 18.2 ms | 28167.8 samples/s
  step  1250/1756 | loss 1.5634 | data 0.1 ms | step 19.5 ms | 26296.2 samples/s
  step  1300/1756 | loss 1.5501 | data 0.1 ms | step 18.5 ms | 27740.7 samples/s
  step  1350/1756 | loss 1.6355 | data 0.1 ms | step 19.5 ms | 26307.0 samples/s
  step  1400/1756 | loss 1.7150 | data 0.1 ms | step 18.4 ms | 27815.0 samples/s
  step  1450/1756 | loss 1.6032 | data 0.1 ms | step 19.7 ms | 25925.1 samples/s
  step  1500/1756 | loss 1.8666 | data 0.1 ms | step 18.4 ms | 27759.9 samples/s
  step  1550/1756 | loss 1.7123 | data 0.1 ms | step 19.5 ms | 26286.5 samples/s
  step  1600/1756 | loss 1.7576 | data 0.1 ms | step 18.1 ms | 28238.2 samples/s
  step  1650/1756 | loss 1.7849 | data 0.1 ms | step 19.5 ms | 26298.4 samples/s
  step  1700/1756 | loss 1.5524 | data 0.1 ms | step 18.2 ms | 28142.0 samples/s
  step  1750/1756 | loss 1.5375 | data 0.6 ms | step 19.5 ms | 26264.3 samples/s
Training Loss: 1.655706 | 27105.5 samples/s
Peak GPU memory: 918.2 MB
Validation Loss: 1.720038 | 82229.0 samples/s

Epoch 93/100
----------------------------------------
Learning Rate: 0.000039
  step    50/1756 | loss 1.7597 | data 0.7 ms | step 18.1 ms | 28270.8 samples/s
  step   100/1756 | loss 1.5775 | data 0.1 ms | step 19.5 ms | 26190.9 samples/s
  step   150/1756 | loss 1.5962 | data 0.1 ms | step 18.2 ms | 28153.7 samples/s
  step   200/1756 | loss 1.6058 | data 0.1 ms | step 19.7 ms | 25959.8 samples/s
  step   250/1756 | loss 1.7857 | data 0.1 ms | step 18.5 ms | 27689.2 samples/s
  step   300/1756 | loss 1.9577 | data 0.1 ms | step 19.7 ms | 25956.2 samples/s
  step   350/1756 | loss 1.8556 | data 0.1 ms | step 18.2 ms | 28097.1 samples/s
  step   400/1756 | loss 1.7537 | data 0.1 ms | step 19.7 ms | 26011.0 samples/s
  step   450/1756 | loss 1.5795 | data 0.1 ms | step 18.2 ms | 28099.5 samples/s
  step   500/1756 | loss 1.6339 | data 0.1 ms | step 19.6 ms | 26130.3 samples/s
  step   550/1756 | loss 1.5962 | data 0.1 ms | step 18.4 ms | 27897.0 samples/s
  step   600/1756 | loss 1.6474 | data 0.1 ms | step 19.3 ms | 26596.5 samples/s
  step   650/1756 | loss 1.7554 | data 0.1 ms | step 18.0 ms | 28392.1 samples/s
  step   700/1756 | loss 1.5545 | data 0.1 ms | step 19.7 ms | 25929.3 samples/s
  step   750/1756 | loss 1.5470 | data 0.1 ms | step 17.8 ms | 28727.7 samples/s
  step   800/1756 | loss 1.6508 | data 0.1 ms | step 19.4 ms | 26418.1 samples/s
  step   850/1756 | loss 1.6795 | data 0.1 ms | step 18.4 ms | 27865.2 samples/s
  step   900/1756 | loss 1.6914 | data 0.1 ms | step 19.5 ms | 26283.5 samples/s
  step   950/1756 | loss 1.6327 | data 0.1 ms | step 18.5 ms | 27742.6 samples/s
  step  1000/1756 | loss 1.6244 | data 0.1 ms | step 19.7 ms | 25939.5 samples/s
  step  1050/1756 | loss 1.6719 | data 0.1 ms | step 18.2 ms | 28100.0 samples/s
  step  1100/1756 | loss 1.7658 | data 0.1 ms | step 19.5 ms | 26285.0 samples/s
  step  1150/1756 | loss 1.7399 | data 0.1 ms | step 18.4 ms | 27760.5 samples/s
  step  1200/1756 | loss 1.7542 | data 0.1 ms | step 19.6 ms | 26171.7 samples/s
  step  1250/1756 | loss 1.4487 | data 0.1 ms | step 18.4 ms | 27767.5 samples/s
  step  1300/1756 | loss 1.8072 | data 0.1 ms | step 19.8 ms | 25849.6 samples/s
  step  1350/1756 | loss 1.6909 | data 0.1 ms | step 18.4 ms | 27873.8 samples/s
  step  1400/1756 | loss 1.6622 | data 0.1 ms | step 18.6 ms | 27484.0 samples/s
  step  1450/1756 | loss 1.6477 | data 0.1 ms | step 14.2 ms | 36167.3 samples/s
  step  1500/1756 | loss 1.6781 | data 0.1 ms | step 14.5 ms | 35227.6 samples/s
  step  1550/1756 | loss 1.6037 | data 0.1 ms | step 15.6 ms | 32812.5 samples/s
  step  1600/1756 | loss 1.6001 | data 0.1 ms | step 14.2 ms | 36081.5 samples/s
  step  1650/1756 | loss 1.5405 | data 0.1 ms | step 15.9 ms | 32135.4 samples/s
  step  1700/1756 | loss 1.6861 | data 0.1 ms | step 14.3 ms | 35883.3 samples/s
  step  1750/1756 | loss 1.6743 | data 0.6 ms | step 15.9 ms | 32171.2 samples/s
Training Loss: 1.668442 | 28292.0 samples/s
Peak GPU memory: 918.2 MB
Validation Loss: 1.663538 | 84698.5 samples/s

Epoch 94/100
----------------------------------------
Learning Rate: 0.000039
  step    50/1756 | loss 1.6503 | data 0.7 ms | step 18.0 ms | 28398.5 samples/s
  step   100/1756 | loss 1.8656 | data 0.1 ms | step 19.5 ms | 26306.6 samples/s
  step   150/1756 | loss 1.7942 | data 0.1 ms | step 18.2 ms | 28092.5 samples/s
  step   200/1756 | loss 1.4836 | data 0.1 ms | step 19.7 ms | 25973.1 samples/s
  step   250/1756 | loss 1.5404 | data 0.1 ms | step 18.2 ms | 28086.6 samples/s
  step   300/1756 | loss 1.7293 | data 0.1 ms | step 19.7 ms | 25981.0 samples/s
  step   350/1756 | loss 1.8195 | data 0.1 ms | step 18.4 ms | 27791.3 samples/s
  step   400/1756 | loss 1.4902 | data 0.1 ms | step 19.7 ms | 25967.5 samples/s
  step   450/1756 | loss 1.7993 | data 0.1 ms | step 18.0 ms | 28471.6 samples/s
  step   500/1756 | loss 1.6537 | data 0.1 ms | step 19.5 ms | 26320.5 samples/s
  step   550/1756 | loss 1.6023 | data 0.1 ms | step 18.5 ms | 27728.6 samples/s
  step   600/1756 | loss 1.6320 | data 0.1 ms | step 19.7 ms | 26009.8 samples/s
  step   650/1756 | loss 1.6300 | data 0.1 ms | step 18.1 ms | 28293.6 samples/s
  step   700/1756 | loss 1.5662 | data 0.1 ms | step 19.6 ms | 26094.0 samples/s
  step   750/1756 | loss 1.7236 | data 0.1 ms | step 18.5 ms | 27703.7 samples/s
  step   800/1756 | loss 1.6116 | data 0.1 ms | step 19.5 ms | 26265.9 samples/s
  step   850/1756 | loss 1.6958 | data 0.1 ms | step 18.4 ms | 27838.1 samples/s
  step   900/1756 | loss 1.6724 | data 0.1 ms | step 19.7 ms | 25977.0 samples/s
  step   950/1756 | loss 1.7668 | data 0.1 ms | step 18.2 ms | 28120.5 samples/s
  step  1000/1756 | loss 1.4133 | data 0.1 ms | step 19.3 ms | 26550.7 samples/s
  step  1050/1756 | loss 1.5202 | data 0.1 ms | step 18.4 ms | 27798.7 samples/s
  step  1100/1756 | loss 1.6479 | data 0.1 ms | step 19.7 ms | 25994.5 samples/s
  step  1150/1756 | loss 1.6654 | data 0.1 ms | step 18.4 ms | 27754.9 samples/s
  step  1200/1756 | loss 1.5927 | data 0.1 ms | step 19.5 ms | 26297.3 samples/s
  step  1250/1756 | loss 1.8294 | data 0.1 ms | step 18.2 ms | 28127.3 samples/s
  step  1300/1756 | loss 1.8574 | data 0.1 ms | step 19.0 ms | 26903.3 samples/s
  step  1350/1756 | loss 1.6646 | data 0.1 ms | step 18.3 ms | 28043.7 samples/s
  step  1400/1756 | loss 1.4998 | data 0.1 ms | step 19.7 ms | 26003.8 samples/s
  step  1450/1756 | loss 1.6250 | data 0.1 ms | step 18.4 ms | 27751.8 samples/s
  step  1500/1756 | loss 1.6501 | data 0.1 ms | step 19.6 ms | 26122.2 samples/s
  step  1550/1756 | loss 1.6835 | data 0.1 ms | step 17.9 ms | 28564.2 samples/s
  step  1600/1756 | loss 1.5825 | data 0.1 ms | step 19.4 ms | 26434.5 samples/s
  step  1650/1756 | loss 1.6243 | data 0.1 ms | step 18.4 ms | 27841.3 samples/s
  step  1700/1756 | loss 1.6180 | data 0.1 ms | step 19.3 ms | 26463.7 samples/s
  step  1750/1756 | loss 1.8041 | data 0.5 ms | step 18.8 ms | 27165.9 samples/s
Training Loss: 1.657459 | 27086.5 samples/s
Peak GPU memory: 918.2 MB
Validation Loss: 1.635681 | 80991.1 samples/s

Epoch 95/100
----------------------------------------
Learning Rate: 0.000039
  step    50/1756 | loss 1.7719 | data 0.6 ms | step 18.4 ms | 27851.8 samples/s
  step   100/1756 | loss 1.5867 | data 0.1 ms | step 19.7 ms | 25998.9 samples/s
  step   150/1756 | loss 1.6471 | data 0.1 ms | step 18.4 ms | 27783.1 samples/s
  step   200/1756 | loss 1.5135 | data 0.1 ms | step 19.5 ms | 26307.5 samples/s
  step   250/1756 | loss 1.7283 | data 0.1 ms | step 18.5 ms | 27721.8 samples/s
  step   300/1756 | loss 1.6836 | data 0.1 ms | step 19.5 ms | 26215.8 samples/s
  step   350/1756 | loss 1.5240 | data 0.1 ms | step 18.3 ms | 27991.5 samples/s
  step   400/1756 | loss 1.5223 | data 0.1 ms | step 19.7 ms | 25986.5 samples/s
  step   450/1756 | loss 1.5428 | data 0.1 ms | step 18.4 ms | 27776.4 samples/s
  step   500/1756 | loss 1.5836 | data 0.1 ms | step 19.7 ms | 25972.3 samples/s
  step   550/1756 | loss 1.7841 | data 0.1 ms | step 18.4 ms | 27837.0 samples/s
  step   600/1756 | loss 1.7536 | data 0.1 ms | step 19.7 ms | 25959.9 samples/s
  step   650/1756 | loss 1.7060 | data 0.1 ms | step 18.3 ms | 28024.8 samples/s
  step   700/1756 | loss 1.7262 | data 0.1 ms | step 19.2 ms | 26597.9 samples/s
  step   750/1756 | loss 1.5414 | data 0.1 ms | step 18.5 ms | 27726.0 samples/s
  step   800/1756 | loss 1.6729 | data 0.1 ms | step 19.8 ms | 25879.1 samples/s
  step   850/1756 | loss 1.7690 | data 0.1 ms | step 18.2 ms | 28122.3 samples/s
  step   900/1756 | loss 1.5738 | data 0.1 ms | step 19.5 ms | 26252.6 samples/s
  step   950/1756 | loss 1.5486 | data 0.1 ms | step 18.4 ms | 27810.3 samples/s
  step  1000/1756 | loss 1.7237 | data 0.1 ms | step 19.7 ms | 25976.0 samples/s
  step  1050/1756 | loss 1.5873 | data 0.1 ms | step 18.4 ms | 27862.0 samples/s
  step  1100/1756 | loss 1.6619 | data 0.1 ms | step 19.4 ms | 26325.9 samples/s
  step  1150/1756 | loss 1.6541 | data 0.1 ms | step 18.5 ms | 27722.2 samples/s
  step  1200/1756 | loss 1.7860 | data 0.1 ms | step 19.7 ms | 25956.8 samples/s
  step  1250/1756 | loss 1.5420 | data 0.1 ms | step 18.4 ms | 27766.9 samples/s
  step  1300/1756 | loss 1.6201 | data 0.1 ms | step 19.7 ms | 25952.4 samples/s
  step  1350/1756 | loss 1.7529 | data 0.1 ms | step 17.7 ms | 28865.6 samples/s
  step  1400/1756 | loss 1.5243 | data 0.1 ms | step 19.5 ms | 26251.1 samples/s
  step  1450/1756 | loss 1.5898 | data 0.1 ms | step 18.2 ms | 28068.1 samples/s
  step  1500/1756 | loss 1.7923 | data 0.1 ms | step 19.7 ms | 26018.3 samples/s
  step  1550/1756 | loss 1.5213 | data 0.1 ms | step 17.4 ms | 29463.7 samples/s
  step  1600/1756 | loss 1.6617 | data 0.1 ms | step 16.8 ms | 30504.2 samples/s
  step  1650/1756 | loss 1.5845 | data 0.1 ms | step 14.1 ms | 36229.9 samples/s
  step  1700/1756 | loss 1.6573 | data 0.1 ms | step 15.9 ms | 32140.4 samples/s
  step  1750/1756 | loss 1.6096 | data 0.6 ms | step 14.2 ms | 35994.2 samples/s
Training Loss: 1.640527 | 27684.9 samples/s
Peak GPU memory: 918.2 MB
Validation Loss: 1.627960 | 87987.9 samples/s

Epoch 96/100
----------------------------------------
Learning Rate: 0.000039
  step    50/1756 | loss 1.6629 | data 0.6 ms | step 18.0 ms | 28415.3 samples/s
  step   100/1756 | loss 1.6995 | data 0.1 ms | step 18.5 ms | 27740.3 samples/s
  step   150/1756 | loss 1.6590 | data 0.1 ms | step 19.5 ms | 26250.5 samples/s
  step   200/1756 | loss 1.5837 | data 0.1 ms | step 18.2 ms | 28126.1 samples/s
  step   250/1756 | loss 1.8026 | data 0.1 ms | step 19.5 ms | 26307.4 samples/s
  step   300/1756 | loss 1.6244 | data 0.1 ms | step 18.2 ms | 28139.2 samples/s
  step   350/1756 | loss 1.7517 | data 0.1 ms | step 19.5 ms | 26263.8 samples/s
  step   400/1756 | loss 1.6533 | data 0.1 ms | step 18.4 ms | 27755.2 samples/s
  step   450/1756 | loss 1.7303 | data 0.1 ms | step 19.7 ms | 25999.8 samples/s
  step   500/1756 | loss 1.5904 | data 0.1 ms | step 18.5 ms | 27728.4 samples/s
  step   550/1756 | loss 1.5928 | data 0.1 ms | step 19.7 ms | 25931.8 samples/s
  step   600/1756 | loss 1.6998 | data 0.1 ms | step 18.2 ms | 28121.3 samples/s
  step   650/1756 | loss 1.6774 | data 0.1 ms | step 19.7 ms | 25932.6 samples/s
  step   700/1756 | loss 1.4606 | data 0.1 ms | step 18.5 ms | 27732.1 samples/s
  step   750/1756 | loss 1.8015 | data 0.1 ms | step 19.6 ms | 26162.2 samples/s
  step   800/1756 | loss 1.6153 | data 0.1 ms | step 18.2 ms | 28070.9 samples/s
  step   850/1756 | loss 1.7444 | data 0.1 ms | step 19.5 ms | 26245.7 samples/s
  step   900/1756 | loss 1.5619 | data 0.1 ms | step 18.0 ms | 28424.7 samples/s
  step   950/1756 | loss 1.7650 | data 0.1 ms | step 19.5 ms | 26284.8 samples/s
  step  1000/1756 | loss 1.7527 | data 0.1 ms | step 18.4 ms | 27772.0 samples/s
  step  1050/1756 | loss 1.7878 | data 0.1 ms | step 19.5 ms | 26263.6 samples/s
  step  1100/1756 | loss 1.5889 | data 0.1 ms | step 18.3 ms | 28052.4 samples/s
  step  1150/1756 | loss 1.4992 | data 0.1 ms | step 19.7 ms | 25952.8 samples/s
  step  1200/1756 | loss 1.6029 | data 0.1 ms | step 18.4 ms | 27766.5 samples/s
  step  1250/1756 | loss 1.5685 | data 0.1 ms | step 19.5 ms | 26294.3 samples/s
  step  1300/1756 | loss 1.6867 | data 0.1 ms | step 18.0 ms | 28491.4 samples/s
  step  1350/1756 | loss 1.5706 | data 0.1 ms | step 19.5 ms | 26231.7 samples/s
  step  1400/1756 | loss 1.6076 | data 0.1 ms | step 18.2 ms | 28055.2 samples/s
  step  1450/1756 | loss 1.7644 | data 0.1 ms | step 19.5 ms | 26284.4 samples/s
  step  1500/1756 | loss 1.6047 | data 0.1 ms | step 17.7 ms | 28855.8 samples/s
  step  1550/1756 | loss 1.6048 | data 0.1 ms | step 19.5 ms | 26236.6 samples/s
  step  1600/1756 | loss 1.5605 | data 0.1 ms | step 18.4 ms | 27799.8 samples/s
  step  1650/1756 | loss 1.6282 | data 0.1 ms | step 19.5 ms | 26292.7 samples/s
  step  1700/1756 | loss 1.7783 | data 0.1 ms | step 18.4 ms | 27785.9 samples/s
  step  1750/1756 | loss 1.6585 | data 0.6 ms | step 19.5 ms | 26261.5 samples/s
Training Loss: 1.654594 | 27104.6 samples/s
Peak GPU memory: 918.2 MB
Validation Loss: 1.662562 | 84640.4 samples/s

Epoch 97/100
----------------------------------------
Learning Rate: 0.000039
  step    50/1756 | loss 1.4939 | data 0.7 ms | step 19.4 ms | 26378.6 samples/s
  step   100/1756 | loss 1.6993 | data 0.1 ms | step 18.0 ms | 28395.3 samples/s
  step   150/1756 | loss 1.6827 | data 0.1 ms | step 19.7 ms | 25959.1 samples/s
  step   200/1756 | loss 1.5774 | data 0.1 ms | step 18.5 ms | 27735.4 samples/s
  step   250/1756 | loss 1.5272 | data 0.1 ms | step 19.7 ms | 25965.4 samples/s
  step   300/1756 | loss 1.6675 | data 0.1 ms | step 18.4 ms | 27781.0 samples/s
  step   350/1756 | loss 1.6668 | data 0.1 ms | step 19.5 ms | 26191.9 samples/s
  step   400/1756 | loss 1.7659 | data 0.1 ms | step 18.4 ms | 27879.7 samples/s
  step   450/1756 | loss 1.7249 | data 0.1 ms | step 19.7 ms | 25972.9 samples/s
  step   500/1756 | loss 1.6631 | data 0.1 ms | step 18.4 ms | 27815.0 samples/s
  step   550/1756 | loss 1.5768 | data 0.1 ms | step 19.3 ms | 26596.1 samples/s
  step   600/1756 | loss 1.5985 | data 0.1 ms | step 18.2 ms | 28138.1 samples/s
  step   650/1756 | loss 1.6323 | data 0.1 ms | step 19.7 ms | 25960.7 samples/s
  step   700/1756 | loss 1.6035 | data 0.1 ms | step 18.2 ms | 28140.0 samples/s
  step   750/1756 | loss 1.4641 | data 0.1 ms | step 19.7 ms | 25963.6 samples/s
  step   800/1756 | loss 1.6419 | data 0.1 ms | step 18.4 ms | 27770.5 samples/s
  step   850/1756 | loss 1.5866 | data 0.1 ms | step 19.7 ms | 25987.6 samples/s
  step   900/1756 | loss 1.5530 | data 0.1 ms | step 18.4 ms | 27827.1 samples/s
  step   950/1756 | loss 1.7181 | data 0.1 ms | step 19.3 ms | 26543.8 samples/s
  step  1000/1756 | loss 1.6699 | data 0.1 ms | step 18.4 ms | 27764.3 samples/s
  step  1050/1756 | loss 1.6844 | data 0.1 ms | step 19.5 ms | 26219.0 samples/s
  step  1100/1756 | loss 1.6863 | data 0.1 ms | step 18.4 ms | 27767.8 samples/s
  step  1150/1756 | loss 1.6757 | data 0.1 ms | step 19.6 ms | 26186.7 samples/s
  step  1200/1756 | loss 1.5845 | data 0.1 ms | step 18.3 ms | 27926.5 samples/s
  step  1250/1756 | loss 1.6865 | data 0.1 ms | step 19.7 ms | 25967.5 samples/s
  step  1300/1756 | loss 1.5711 | data 0.1 ms | step 18.5 ms | 27652.0 samples/s
  step  1350/1756 | loss 1.5236 | data 0.1 ms | step 19.5 ms | 26272.3 samples/s
  step  1400/1756 | loss 1.7348 | data 0.1 ms | step 18.4 ms | 27769.6 samples/s
  step  1450/1756 | loss 1.6217 | data 0.1 ms | step 19.7 ms | 25958.6 samples/s
  step  1500/1756 | loss 1.5010 | data 0.1 ms | step 18.4 ms | 27800.7 samples/s
  step  1550/1756 | loss 1.5452 | data 0.1 ms | step 19.7 ms | 25988.3 samples/s
  step  1600/1756 | loss 1.6168 | data 0.1 ms | step 18.2 ms | 28073.4 samples/s
  step  1650/1756 | loss 1.6494 | data 0.1 ms | step 19.5 ms | 26304.2 samples/s
  step  1700/1756 | loss 1.7220 | data 0.1 ms | step 16.7 ms | 30624.9 samples/s
  step  1750/1756 | loss 1.6292 | data 0.7 ms | step 16.0 ms | 32046.3 samples/s
Training Loss: 1.628247 | 27191.7 samples/s
Peak GPU memory: 918.2 MB
Validation Loss: 1.656077 | 88095.0 samples/s

Epoch 98/100
----------------------------------------
Learning Rate: 0.000039
  step    50/1756 | loss 1.7286 | data 0.6 ms | step 14.2 ms | 36166.5 samples/s
  step   100/1756 | loss 1.5738 | data 0.1 ms | step 15.9 ms | 32205.7 samples/s
  step   150/1756 | loss 1.4762 | data 0.1 ms | step 14.9 ms | 34374.9 samples/s
  step   200/1756 | loss 1.7704 | data 0.1 ms | step 19.7 ms | 25980.7 samples/s
  step   250/1756 | loss 1.5563 | data 0.1 ms | step 18.2 ms | 28136.1 samples/s
  step   300/1756 | loss 1.6713 | data 0.1 ms | step 19.7 ms | 25952.2 samples/s
  step   350/1756 | loss 1.7169 | data 0.1 ms | step 18.2 ms | 28114.6 samples/s
  step   400/1756 | loss 1.8391 | data 0.1 ms | step 19.2 ms | 26600.5 samples/s
  step   450/1756 | loss 1.6928 | data 0.1 ms | step 17.9 ms | 28530.6 samples/s
  step   500/1756 | loss 1.5681 | data 0.1 ms | step 19.7 ms | 25994.7 samples/s
  step   550/1756 | loss 1.7968 | data 0.1 ms | step 18.3 ms | 27997.3 samples/s
  step   600/1756 | loss 1.6094 | data 0.1 ms | step 19.4 ms | 26423.7 samples/s
  step   650/1756 | loss 1.6466 | data 0.1 ms | step 18.2 ms | 28206.7 samples/s
  step   700/1756 | loss 1.7879 | data 0.1 ms | step 19.1 ms | 26779.0 samples/s
  step   750/1756 | loss 1.5784 | data 0.1 ms | step 18.1 ms | 28290.9 samples/s
  step   800/1756 | loss 1.6483 | data 0.1 ms | step 19.5 ms | 26290.9 samples/s
  step   850/1756 | loss 1.5621 | data 0.1 ms | step 18.4 ms | 27813.0 samples/s
  step   900/1756 | loss 1.5766 | data 0.1 ms | step 19.7 ms | 25942.8 samples/s
  step   950/1756 | loss 1.5674 | data 0.1 ms | step 18.0 ms | 28437.7 samples/s
  step  1000/1756 | loss 1.6388 | data 0.1 ms | step 19.5 ms | 26234.3 samples/s
  step  1050/1756 | loss 1.6142 | data 0.1 ms | step 18.5 ms | 27686.7 samples/s
  step  1100/1756 | loss 1.6257 | data 0.1 ms | step 19.7 ms | 26036.1 samples/s
  step  1150/1756 | loss 1.6576 | data 0.1 ms | step 18.0 ms | 28407.5 samples/s
  step  1200/1756 | loss 1.4965 | data 0.1 ms | step 19.7 ms | 25935.3 samples/s
  step  1250/1756 | loss 1.5043 | data 0.1 ms | step 18.2 ms | 28153.6 samples/s
  step  1300/1756 | loss 1.6752 | data 0.1 ms | step 19.6 ms | 26137.9 samples/s
  step  1350/1756 | loss 1.6351 | data 0.1 ms | step 18.1 ms | 28305.6 samples/s
  step  1400/1756 | loss 1.5769 | data 0.1 ms | step 19.7 ms | 26039.6 samples/s
  step  1450/1756 | loss 1.6788 | data 0.1 ms | step 18.1 ms | 28360.9 samples/s
  step  1500/1756 | loss 1.5208 | data 0.1 ms | step 19.4 ms | 26326.5 samples/s
  step  1550/1756 | loss 1.7082 | data 0.1 ms | step 18.1 ms | 28348.5 samples/s
  step  1600/1756 | loss 1.8992 | data 0.1 ms | step 19.4 ms | 26440.4 samples/s
  step  1650/1756 | loss 1.7009 | data 0.1 ms | step 18.2 ms | 28068.7 samples/s
  step  1700/1756 | loss 1.6433 | data 0.1 ms | step 19.7 ms | 25984.2 samples/s
  step  1750/1756 | loss 1.4769 | data 0.6 ms | step 18.1 ms | 28235.9 samples/s
Training Loss: 1.639578 | 27636.4 samples/s
Peak GPU memory: 918.2 MB
Validation Loss: 1.646082 | 82662.5 samples/s

Epoch 99/100
----------------------------------------
Learning Rate: 0.000039
  step    50/1756 | loss 1.7640 | data 0.8 ms | step 19.4 ms | 26413.9 samples/s
  step   100/1756 | loss 1.5857 | data 0.1 ms | step 18.1 ms | 28239.0 samples/s
  step   150/1756 | loss 1.5896 | data 0.1 ms | step 19.8 ms | 25856.6 samples/s
  step   200/1756 | loss 1.5970 | data 0.1 ms | step 18.1 ms | 28285.4 samples/s
  step   250/1756 | loss 1.6795 | data 0.1 ms | step 19.2 ms | 26703.4 samples/s
  step   300/1756 | loss 1.6545 | data 0.1 ms | step 18.8 ms | 27282.4 samples/s
  step   350/1756 | loss 1.6734 | data 0.1 ms | step 19.2 ms | 26600.4 samples/s
  step   400/1756 | loss 1.6412 | data 0.1 ms | step 18.5 ms | 27737.8 samples/s
  step   450/1756 | loss 1.7033 | data 0.1 ms | step 19.0 ms | 26909.7 samples/s
  step   500/1756 | loss 1.6101 | data 0.1 ms | step 19.2 ms | 26687.4 samples/s
  step   550/1756 | loss 1.6666 | data 0.1 ms | step 18.1 ms | 28222.9 samples/s
  step   600/1756 | loss 1.5818 | data 0.1 ms | step 19.5 ms | 26201.7 samples/s
  step   650/1756 | loss 1.6231 | data 0.1 ms | step 17.8 ms | 28844.1 samples/s
  step   700/1756 | loss 1.5962 | data 0.1 ms | step 19.5 ms | 26258.4 samples/s
  step   750/1756 | loss 1.6765 | data 0.1 ms | step 18.4 ms | 27840.5 samples/s
  step   800/1756 | loss 1.6090 | data 0.1 ms | step 19.7 ms | 25959.5 samples/s
  step   850/1756 | loss 1.5403 | data 0.1 ms | step 18.4 ms | 27786.7 samples/s
  step   900/1756 | loss 1.7089 | data 0.1 ms | step 19.5 ms | 26322.5 samples/s
  step   950/1756 | loss 1.5923 | data 0.1 ms | step 18.4 ms | 27789.6 samples/s
  step  1000/1756 | loss 1.6580 | data 0.1 ms | step 19.7 ms | 25988.8 samples/s
  step  1050/1756 | loss 1.6771 | data 0.1 ms | step 18.4 ms | 27766.9 samples/s
  step  1100/1756 | loss 1.5924 | data 0.1 ms | step 19.5 ms | 26281.7 samples/s
  step  1150/1756 | loss 1.7639 | data 0.1 ms | step 18.2 ms | 28069.6 samples/s
  step  1200/1756 | loss 1.5615 | data 0.1 ms | step 19.7 ms | 26022.3 samples/s
  step  1250/1756 | loss 1.6093 | data 0.1 ms | step 18.4 ms | 27765.6 samples/s
  step  1300/1756 | loss 1.6192 | data 0.1 ms | step 19.6 ms | 26148.0 samples/s
  step  1350/1756 | loss 1.7595 | data 0.1 ms | step 18.2 ms | 28199.6 samples/s
  step  1400/1756 | loss 1.6110 | data 0.1 ms | step 19.2 ms | 26614.0 samples/s
  step  1450/1756 | loss 1.5187 | data 0.1 ms | step 18.3 ms | 28017.5 samples/s
  step  1500/1756 | loss 1.7412 | data 0.1 ms | step 19.2 ms | 26635.8 samples/s
  step  1550/1756 | loss 1.7417 | data 0.1 ms | step 18.0 ms | 28448.9 samples/s
  step  1600/1756 | loss 1.6231 | data 0.1 ms | step 19.5 ms | 26283.4 samples/s
  step  1650/1756 | loss 1.4679 | data 0.1 ms | step 18.4 ms | 27766.8 samples/s
  step  1700/1756 | loss 1.7932 | data 0.1 ms | step 19.7 ms | 25935.4 samples/s
  step  1750/1756 | loss 1.7367 | data 0.6 ms | step 18.0 ms | 28492.6 samples/s
Training Loss: 1.644526 | 27122.4 samples/s
Peak GPU memory: 918.2 MB
Validation Loss: 1.647597 | 87092.1 samples/s

Epoch 100/100
----------------------------------------
Learning Rate: 0.000039
  step    50/1756 | loss 1.7316 | data 0.6 ms | step 16.0 ms | 32041.7 samples/s
  step   100/1756 | loss 1.5071 | data 0.1 ms | step 14.2 ms | 36121.8 samples/s
  step   150/1756 | loss 1.5525 | data 0.1 ms | step 15.9 ms | 32140.4 samples/s
  step   200/1756 | loss 1.4529 | data 0.1 ms | step 14.2 ms | 36108.2 samples/s
  step   250/1756 | loss 1.6840 | data 0.1 ms | step 15.9 ms | 32193.4 samples/s
  step   300/1756 | loss 1.6963 | data 0.1 ms | step 14.1 ms | 36204.9 samples/s
  step   350/1756 | loss 1.6650 | data 0.1 ms | step 17.6 ms | 29172.4 samples/s
  step   400/1756 | loss 1.8107 | data 0.1 ms | step 18.2 ms | 28187.3 samples/s
  step   450/1756 | loss 1.6529 | data 0.1 ms | step 19.3 ms | 26471.7 samples/s
  step   500/1756 | loss 1.4859 | data 0.1 ms | step 18.4 ms | 27834.3 samples/s
  step   550/1756 | loss 1.8917 | data 0.1 ms | step 19.7 ms | 26008.4 samples/s
  step   600/1756 | loss 1.7451 | data 0.1 ms | step 18.0 ms | 28490.7 samples/s
  step   650/1756 | loss 1.5871 | data 0.1 ms | step 19.2 ms | 26623.7 samples/s
  step   700/1756 | loss 1.5835 | data 0.1 ms | step 18.3 ms | 27915.3 samples/s
  step   750/1756 | loss 1.6871 | data 0.1 ms | step 19.4 ms | 26387.7 samples/s
  step   800/1756 | loss 1.6322 | data 0.1 ms | step 18.4 ms | 27768.4 samples/s
  step   850/1756 | loss 1.4715 | data 0.1 ms | step 19.7 ms | 25986.5 samples/s
  step   900/1756 | loss 1.6480 | data 0.1 ms | step 18.4 ms | 27858.4 samples/s
  step   950/1756 | loss 1.6892 | data 0.1 ms | step 19.7 ms | 25983.7 samples/s
  step  1000/1756 | loss 1.5129 | data 0.1 ms | step 18.2 ms | 28127.5 samples/s
  step  1050/1756 | loss 1.7985 | data 0.1 ms | step 19.7 ms | 26015.9 samples/s
  step  1100/1756 | loss 1.6429 | data 0.1 ms | step 18.2 ms | 28148.7 samples/s
  step  1150/1756 | loss 1.6399 | data 0.1 ms | step 19.4 ms | 26443.0 samples/s
  step  1200/1756 | loss 1.7160 | data 0.1 ms | step 18.4 ms | 27836.2 samples/s
  step  1250/1756 | loss 1.5178 | data 0.1 ms | step 19.5 ms | 26243.7 samples/s
  step  1300/1756 | loss 1.6086 | data 0.1 ms | step 18.2 ms | 28160.8 samples/s
  step  1350/1756 | loss 1.7053 | data 0.1 ms | step 19.7 ms | 25945.0 samples/s
  step  1400/1756 | loss 1.6140 | data 0.1 ms | step 18.4 ms | 27757.8 samples/s
  step  1450/1756 | loss 1.8396 | data 0.1 ms | step 19.4 ms | 26418.1 samples/s
  step  1500/1756 | loss 1.5748 | data 0.1 ms | step 18.1 ms | 28242.2 samples/s
  step  1550/1756 | loss 1.5308 | data 0.1 ms | step 19.6 ms | 26067.3 samples/s
  step  1600/1756 | loss 1.6912 | data 0.1 ms | step 18.0 ms | 28419.6 samples/s
  step  1650/1756 | loss 1.7681 | data 0.1 ms | step 18.6 ms | 27488.0 samples/s
  step  1700/1756 | loss 1.4763 | data 0.1 ms | step 19.3 ms | 26581.3 samples/s
  step  1750/1756 | loss 1.8412 | data 0.6 ms | step 19.5 ms | 26255.0 samples/s
Training Loss: 1.647427 | 28134.3 samples/s
Peak GPU memory: 918.2 MB
Validation Loss: 1.626384 | 81474.5 samples/s

Test Loss: 0.371340 | 5.9 samples/s

Final model saved to: mask_aware_tf/mat_pseudo_lwm_weights.pth
