============================================================
MAT Pseudo-Grid LWM + Coordinate Attention — Pre-training
============================================================
Log file    : mat_pseudo_lwm_ca/512_100mat_pseudo_lwm_ca_weights.log
Device      : cuda
Scenarios   : ['O1_3p5_v1', 'O1_3p5_v2', 'Boston5G_3p5', 'asu_campus1']
AMP         : disabled
Epochs      : 100
Batch size  : 512
LR          : 0.0001 | Weight decay: 1e-05
Scheduler   : StepLR(step=10, gamma=0.9)
Mask ratio  : 0.15
CA reduction: 32
Save path   : mat_pseudo_lwm_ca/512_100mat_pseudo_lwm_ca_weights.pth
------------------------------------------------------------
Dataset — train: 898605, val: 224651, test: 1
============================================================

Epoch 1/100
----------------------------------------
Learning Rate: 0.000100
  step    50/1756 | loss 7.1817 | data 3.7 ms | step 36.1 ms | 14182.9 samples/s
  step   100/1756 | loss 4.7530 | data 0.1 ms | step 16.0 ms | 31900.5 samples/s
  step   150/1756 | loss 3.9407 | data 0.1 ms | step 14.4 ms | 35555.4 samples/s
  step   200/1756 | loss 3.5194 | data 0.1 ms | step 14.5 ms | 35296.3 samples/s
  step   250/1756 | loss 3.0925 | data 0.1 ms | step 14.4 ms | 35517.7 samples/s
  step   300/1756 | loss 3.2101 | data 0.1 ms | step 14.3 ms | 35780.9 samples/s
  step   350/1756 | loss 3.0867 | data 0.1 ms | step 14.3 ms | 35917.7 samples/s
  step   400/1756 | loss 2.7918 | data 0.1 ms | step 14.2 ms | 35938.8 samples/s
  step   450/1756 | loss 2.7871 | data 0.1 ms | step 14.2 ms | 35983.8 samples/s
  step   500/1756 | loss 2.7188 | data 0.1 ms | step 14.3 ms | 35838.5 samples/s
  step   550/1756 | loss 2.7204 | data 0.1 ms | step 14.1 ms | 36373.5 samples/s
  step   600/1756 | loss 2.5964 | data 0.2 ms | step 12.5 ms | 40927.2 samples/s
  step   650/1756 | loss 2.5877 | data 0.1 ms | step 14.8 ms | 34582.4 samples/s
  step   700/1756 | loss 2.4792 | data 0.1 ms | step 14.7 ms | 34931.6 samples/s
  step   750/1756 | loss 2.3454 | data 0.1 ms | step 15.0 ms | 34137.9 samples/s
  step   800/1756 | loss 2.5515 | data 0.1 ms | step 14.9 ms | 34285.0 samples/s
  step   850/1756 | loss 2.5244 | data 0.1 ms | step 14.7 ms | 34775.3 samples/s
  step   900/1756 | loss 2.4169 | data 0.2 ms | step 14.6 ms | 35132.8 samples/s
  step   950/1756 | loss 2.3045 | data 0.1 ms | step 14.3 ms | 35854.9 samples/s
  step  1000/1756 | loss 2.2401 | data 0.1 ms | step 14.3 ms | 35892.8 samples/s
  step  1050/1756 | loss 2.2871 | data 0.1 ms | step 14.3 ms | 35881.6 samples/s
  step  1100/1756 | loss 2.1318 | data 0.1 ms | step 14.3 ms | 35886.0 samples/s
  step  1150/1756 | loss 1.9933 | data 0.1 ms | step 14.3 ms | 35802.0 samples/s
  step  1200/1756 | loss 2.0496 | data 0.1 ms | step 14.3 ms | 35830.6 samples/s
  step  1250/1756 | loss 1.9608 | data 0.1 ms | step 14.3 ms | 35846.2 samples/s
  step  1300/1756 | loss 1.9559 | data 0.1 ms | step 14.3 ms | 35851.9 samples/s
  step  1350/1756 | loss 2.0249 | data 0.1 ms | step 14.3 ms | 35843.0 samples/s
  step  1400/1756 | loss 1.9047 | data 0.1 ms | step 14.3 ms | 35822.4 samples/s
  step  1450/1756 | loss 2.0376 | data 0.1 ms | step 14.3 ms | 35847.5 samples/s
  step  1500/1756 | loss 1.8745 | data 0.1 ms | step 14.4 ms | 35534.2 samples/s
  step  1550/1756 | loss 1.8823 | data 0.1 ms | step 13.9 ms | 36747.3 samples/s
  step  1600/1756 | loss 1.7545 | data 0.2 ms | step 12.5 ms | 40937.6 samples/s
  step  1650/1756 | loss 1.8697 | data 0.1 ms | step 14.6 ms | 35055.6 samples/s
  step  1700/1756 | loss 1.7891 | data 0.1 ms | step 14.4 ms | 35496.5 samples/s
  step  1750/1756 | loss 1.7333 | data 0.7 ms | step 14.7 ms | 34829.2 samples/s
Training Loss: 2.599665 | 33896.6 samples/s
Peak GPU memory: 1413.3 MB
Validation Loss: 1.786376 | 71659.2 samples/s

Epoch 2/100
----------------------------------------
Learning Rate: 0.000100
  step    50/1756 | loss 1.6877 | data 0.8 ms | step 16.0 ms | 32099.3 samples/s
  step   100/1756 | loss 1.7241 | data 0.1 ms | step 15.8 ms | 32389.6 samples/s
  step   150/1756 | loss 1.7416 | data 0.1 ms | step 15.1 ms | 33915.3 samples/s
  step   200/1756 | loss 1.7378 | data 0.1 ms | step 14.4 ms | 35643.7 samples/s
  step   250/1756 | loss 1.7276 | data 0.1 ms | step 14.5 ms | 35393.7 samples/s
  step   300/1756 | loss 1.6087 | data 0.1 ms | step 14.4 ms | 35621.4 samples/s
  step   350/1756 | loss 1.6305 | data 0.1 ms | step 14.3 ms | 35814.8 samples/s
  step   400/1756 | loss 1.5638 | data 0.1 ms | step 14.3 ms | 35846.7 samples/s
  step   450/1756 | loss 1.5788 | data 0.1 ms | step 13.4 ms | 38207.9 samples/s
  step   500/1756 | loss 1.5477 | data 0.2 ms | step 12.9 ms | 39701.1 samples/s
  step   550/1756 | loss 1.5621 | data 0.1 ms | step 14.6 ms | 34951.0 samples/s
  step   600/1756 | loss 1.4759 | data 0.1 ms | step 14.6 ms | 35132.7 samples/s
  step   650/1756 | loss 1.5554 | data 0.1 ms | step 14.3 ms | 35824.1 samples/s
  step   700/1756 | loss 1.5016 | data 0.1 ms | step 14.3 ms | 35911.6 samples/s
  step   750/1756 | loss 1.4183 | data 0.1 ms | step 14.3 ms | 35910.7 samples/s
  step   800/1756 | loss 1.4015 | data 0.1 ms | step 14.3 ms | 35929.6 samples/s
  step   850/1756 | loss 1.4116 | data 0.1 ms | step 14.3 ms | 35799.0 samples/s
  step   900/1756 | loss 1.4680 | data 0.1 ms | step 14.2 ms | 35949.1 samples/s
  step   950/1756 | loss 1.5011 | data 0.1 ms | step 14.3 ms | 35927.4 samples/s
  step  1000/1756 | loss 1.3909 | data 0.1 ms | step 14.3 ms | 35881.7 samples/s
  step  1050/1756 | loss 1.4534 | data 0.1 ms | step 14.3 ms | 35837.6 samples/s
  step  1100/1756 | loss 1.3992 | data 0.1 ms | step 14.3 ms | 35795.4 samples/s
  step  1150/1756 | loss 1.4150 | data 0.1 ms | step 14.3 ms | 35835.9 samples/s
  step  1200/1756 | loss 1.3521 | data 0.1 ms | step 14.3 ms | 35823.3 samples/s
  step  1250/1756 | loss 1.3793 | data 0.1 ms | step 14.2 ms | 35936.7 samples/s
  step  1300/1756 | loss 1.3493 | data 0.1 ms | step 14.3 ms | 35876.0 samples/s
  step  1350/1756 | loss 1.3102 | data 0.1 ms | step 14.3 ms | 35877.5 samples/s
  step  1400/1756 | loss 1.3526 | data 0.1 ms | step 14.6 ms | 34967.8 samples/s
  step  1450/1756 | loss 1.3007 | data 0.1 ms | step 14.0 ms | 36632.5 samples/s
  step  1500/1756 | loss 1.3237 | data 0.1 ms | step 12.6 ms | 40737.6 samples/s
  step  1550/1756 | loss 1.2985 | data 0.2 ms | step 15.1 ms | 33888.8 samples/s
  step  1600/1756 | loss 1.3758 | data 0.1 ms | step 14.6 ms | 35188.0 samples/s
  step  1650/1756 | loss 1.3473 | data 0.1 ms | step 14.5 ms | 35339.5 samples/s
  step  1700/1756 | loss 1.3063 | data 0.1 ms | step 14.3 ms | 35846.0 samples/s
  step  1750/1756 | loss 1.3042 | data 0.7 ms | step 14.5 ms | 35213.2 samples/s
Training Loss: 1.470630 | 35662.2 samples/s
Peak GPU memory: 927.9 MB
Validation Loss: 1.263737 | 94558.7 samples/s

Epoch 3/100
----------------------------------------
Learning Rate: 0.000100
  step    50/1756 | loss 1.2199 | data 0.7 ms | step 14.4 ms | 35455.3 samples/s
  step   100/1756 | loss 1.2582 | data 0.1 ms | step 14.3 ms | 35681.2 samples/s
  step   150/1756 | loss 1.2129 | data 0.1 ms | step 14.3 ms | 35866.3 samples/s
  step   200/1756 | loss 1.2168 | data 0.1 ms | step 14.3 ms | 35771.4 samples/s
  step   250/1756 | loss 1.2334 | data 0.1 ms | step 14.4 ms | 35656.2 samples/s
  step   300/1756 | loss 1.1822 | data 0.1 ms | step 14.3 ms | 35755.7 samples/s
  step   350/1756 | loss 1.1923 | data 0.1 ms | step 14.4 ms | 35581.2 samples/s
  step   400/1756 | loss 1.2791 | data 0.1 ms | step 14.4 ms | 35536.4 samples/s
  step   450/1756 | loss 1.2469 | data 0.1 ms | step 14.3 ms | 35853.2 samples/s
  step   500/1756 | loss 1.1596 | data 0.1 ms | step 12.9 ms | 39614.8 samples/s
  step   550/1756 | loss 1.1223 | data 0.1 ms | step 13.3 ms | 38357.8 samples/s
  step   600/1756 | loss 1.2700 | data 0.1 ms | step 14.6 ms | 34986.1 samples/s
  step   650/1756 | loss 1.2597 | data 0.1 ms | step 14.6 ms | 34963.6 samples/s
  step   700/1756 | loss 1.2948 | data 0.1 ms | step 14.3 ms | 35877.3 samples/s
  step   750/1756 | loss 1.1868 | data 0.1 ms | step 14.4 ms | 35499.0 samples/s
  step   800/1756 | loss 1.1825 | data 0.1 ms | step 14.3 ms | 35776.6 samples/s
  step   850/1756 | loss 1.1358 | data 0.1 ms | step 14.3 ms | 35793.5 samples/s
  step   900/1756 | loss 1.1114 | data 0.1 ms | step 14.4 ms | 35461.1 samples/s
  step   950/1756 | loss 1.1675 | data 0.1 ms | step 14.3 ms | 35806.6 samples/s
  step  1000/1756 | loss 1.0607 | data 0.1 ms | step 14.3 ms | 35787.1 samples/s
  step  1050/1756 | loss 1.1365 | data 0.1 ms | step 14.3 ms | 35838.4 samples/s
  step  1100/1756 | loss 1.1098 | data 0.1 ms | step 14.3 ms | 35850.2 samples/s
  step  1150/1756 | loss 1.0752 | data 0.1 ms | step 14.3 ms | 35749.3 samples/s
  step  1200/1756 | loss 1.0556 | data 0.1 ms | step 14.3 ms | 35730.0 samples/s
  step  1250/1756 | loss 1.0850 | data 0.1 ms | step 14.3 ms | 35854.7 samples/s
  step  1300/1756 | loss 1.0648 | data 0.1 ms | step 14.3 ms | 35816.2 samples/s
  step  1350/1756 | loss 1.0272 | data 0.1 ms | step 14.3 ms | 35722.6 samples/s
  step  1400/1756 | loss 1.0503 | data 0.1 ms | step 14.3 ms | 35801.1 samples/s
  step  1450/1756 | loss 1.0331 | data 0.1 ms | step 14.3 ms | 35732.4 samples/s
  step  1500/1756 | loss 1.0804 | data 0.1 ms | step 13.5 ms | 37946.0 samples/s
  step  1550/1756 | loss 1.0552 | data 0.2 ms | step 12.6 ms | 40489.5 samples/s
  step  1600/1756 | loss 1.0694 | data 0.1 ms | step 14.7 ms | 34831.7 samples/s
  step  1650/1756 | loss 0.9797 | data 0.1 ms | step 14.4 ms | 35591.7 samples/s
  step  1700/1756 | loss 0.9954 | data 0.1 ms | step 14.3 ms | 35717.4 samples/s
  step  1750/1756 | loss 0.9629 | data 0.7 ms | step 14.4 ms | 35677.0 samples/s
Training Loss: 1.136194 | 35997.4 samples/s
Peak GPU memory: 927.9 MB
Validation Loss: 1.015870 | 91081.1 samples/s

Epoch 4/100
----------------------------------------
Learning Rate: 0.000100
  step    50/1756 | loss 0.9798 | data 0.7 ms | step 15.9 ms | 32128.5 samples/s
  step   100/1756 | loss 1.0392 | data 0.1 ms | step 15.7 ms | 32596.7 samples/s
  step   150/1756 | loss 1.0221 | data 0.1 ms | step 14.4 ms | 35529.9 samples/s
  step   200/1756 | loss 1.0021 | data 0.1 ms | step 14.3 ms | 35790.1 samples/s
  step   250/1756 | loss 0.9756 | data 0.1 ms | step 14.4 ms | 35640.5 samples/s
  step   300/1756 | loss 0.9144 | data 0.1 ms | step 14.3 ms | 35777.5 samples/s
  step   350/1756 | loss 0.9697 | data 0.1 ms | step 14.3 ms | 35780.2 samples/s
  step   400/1756 | loss 0.9896 | data 0.2 ms | step 14.3 ms | 35793.9 samples/s
  step   450/1756 | loss 1.0214 | data 0.1 ms | step 14.3 ms | 35886.8 samples/s
  step   500/1756 | loss 0.9420 | data 0.1 ms | step 13.5 ms | 37895.6 samples/s
  step   550/1756 | loss 0.9559 | data 0.1 ms | step 12.7 ms | 40289.2 samples/s
  step   600/1756 | loss 0.9287 | data 0.1 ms | step 14.9 ms | 34282.8 samples/s
  step   650/1756 | loss 0.9913 | data 0.1 ms | step 14.5 ms | 35374.6 samples/s
  step   700/1756 | loss 0.8636 | data 0.1 ms | step 14.4 ms | 35610.8 samples/s
  step   750/1756 | loss 0.9956 | data 0.1 ms | step 14.3 ms | 35769.3 samples/s
  step   800/1756 | loss 0.9641 | data 0.1 ms | step 14.3 ms | 35894.9 samples/s
  step   850/1756 | loss 0.9492 | data 0.1 ms | step 14.3 ms | 35855.3 samples/s
  step   900/1756 | loss 0.8822 | data 0.1 ms | step 14.3 ms | 35783.0 samples/s
  step   950/1756 | loss 0.9453 | data 0.1 ms | step 14.3 ms | 35870.9 samples/s
  step  1000/1756 | loss 0.9892 | data 0.1 ms | step 14.3 ms | 35830.9 samples/s
  step  1050/1756 | loss 0.8947 | data 0.1 ms | step 14.3 ms | 35813.8 samples/s
  step  1100/1756 | loss 0.9212 | data 0.1 ms | step 14.3 ms | 35796.0 samples/s
  step  1150/1756 | loss 0.8833 | data 0.1 ms | step 14.3 ms | 35801.8 samples/s
  step  1200/1756 | loss 0.9180 | data 0.1 ms | step 14.3 ms | 35792.8 samples/s
  step  1250/1756 | loss 0.9144 | data 0.1 ms | step 14.3 ms | 35813.3 samples/s
  step  1300/1756 | loss 0.8705 | data 0.1 ms | step 14.3 ms | 35799.3 samples/s
  step  1350/1756 | loss 0.9010 | data 0.1 ms | step 14.3 ms | 35825.7 samples/s
  step  1400/1756 | loss 0.8571 | data 0.1 ms | step 14.3 ms | 35816.0 samples/s
  step  1450/1756 | loss 0.8789 | data 0.1 ms | step 14.3 ms | 35837.9 samples/s
  step  1500/1756 | loss 0.9720 | data 0.1 ms | step 14.2 ms | 35935.2 samples/s
  step  1550/1756 | loss 0.8729 | data 0.2 ms | step 12.6 ms | 40786.2 samples/s
  step  1600/1756 | loss 0.9309 | data 0.1 ms | step 14.6 ms | 35001.4 samples/s
  step  1650/1756 | loss 0.8380 | data 0.1 ms | step 14.4 ms | 35602.2 samples/s
  step  1700/1756 | loss 0.8509 | data 0.1 ms | step 14.5 ms | 35300.0 samples/s
  step  1750/1756 | loss 0.8122 | data 0.7 ms | step 14.6 ms | 35028.2 samples/s
Training Loss: 0.932234 | 35735.9 samples/s
Peak GPU memory: 927.9 MB
Validation Loss: 0.878379 | 92056.3 samples/s

Epoch 5/100
----------------------------------------
Learning Rate: 0.000100
  step    50/1756 | loss 0.8445 | data 0.8 ms | step 16.0 ms | 31924.0 samples/s
  step   100/1756 | loss 0.8987 | data 0.1 ms | step 16.1 ms | 31797.5 samples/s
  step   150/1756 | loss 0.9024 | data 0.1 ms | step 15.5 ms | 32987.3 samples/s
  step   200/1756 | loss 0.9056 | data 0.1 ms | step 14.4 ms | 35621.4 samples/s
  step   250/1756 | loss 0.8843 | data 0.1 ms | step 14.3 ms | 35739.3 samples/s
  step   300/1756 | loss 0.8268 | data 0.1 ms | step 14.4 ms | 35666.0 samples/s
  step   350/1756 | loss 0.8121 | data 0.1 ms | step 14.3 ms | 35782.5 samples/s
  step   400/1756 | loss 0.8162 | data 0.1 ms | step 14.3 ms | 35691.5 samples/s
  step   450/1756 | loss 0.8215 | data 0.1 ms | step 14.3 ms | 35846.5 samples/s
  step   500/1756 | loss 0.8924 | data 0.1 ms | step 13.2 ms | 38897.3 samples/s
  step   550/1756 | loss 0.8395 | data 0.1 ms | step 13.1 ms | 39023.4 samples/s
  step   600/1756 | loss 0.8254 | data 0.1 ms | step 14.9 ms | 34310.5 samples/s
  step   650/1756 | loss 0.8472 | data 0.1 ms | step 14.9 ms | 34449.0 samples/s
  step   700/1756 | loss 0.7966 | data 0.1 ms | step 14.5 ms | 35395.1 samples/s
  step   750/1756 | loss 0.7943 | data 0.1 ms | step 14.3 ms | 35855.7 samples/s
  step   800/1756 | loss 0.7973 | data 0.1 ms | step 14.3 ms | 35787.9 samples/s
  step   850/1756 | loss 0.8272 | data 0.1 ms | step 14.3 ms | 35784.1 samples/s
  step   900/1756 | loss 0.7901 | data 0.1 ms | step 14.3 ms | 35875.3 samples/s
  step   950/1756 | loss 0.8829 | data 0.1 ms | step 14.3 ms | 35770.8 samples/s
  step  1000/1756 | loss 0.7950 | data 0.1 ms | step 14.3 ms | 35819.7 samples/s
  step  1050/1756 | loss 0.7997 | data 0.1 ms | step 14.3 ms | 35700.2 samples/s
  step  1100/1756 | loss 0.7257 | data 0.1 ms | step 14.4 ms | 35518.9 samples/s
  step  1150/1756 | loss 0.7963 | data 0.1 ms | step 14.7 ms | 34924.5 samples/s
  step  1200/1756 | loss 0.8074 | data 0.1 ms | step 14.3 ms | 35897.7 samples/s
  step  1250/1756 | loss 0.7669 | data 0.1 ms | step 14.4 ms | 35542.9 samples/s
  step  1300/1756 | loss 0.8106 | data 0.1 ms | step 14.3 ms | 35872.1 samples/s
  step  1350/1756 | loss 0.8036 | data 0.1 ms | step 14.3 ms | 35899.1 samples/s
  step  1400/1756 | loss 0.7798 | data 0.1 ms | step 14.3 ms | 35779.2 samples/s
  step  1450/1756 | loss 0.8506 | data 0.1 ms | step 14.3 ms | 35851.5 samples/s
  step  1500/1756 | loss 0.7591 | data 0.1 ms | step 13.5 ms | 37958.4 samples/s
  step  1550/1756 | loss 0.8036 | data 0.1 ms | step 12.9 ms | 39656.1 samples/s
  step  1600/1756 | loss 0.8311 | data 0.1 ms | step 14.6 ms | 35145.6 samples/s
  step  1650/1756 | loss 0.7148 | data 0.1 ms | step 14.4 ms | 35570.7 samples/s
  step  1700/1756 | loss 0.7914 | data 0.1 ms | step 14.3 ms | 35753.5 samples/s
  step  1750/1756 | loss 0.8021 | data 0.7 ms | step 14.7 ms | 34892.3 samples/s
Training Loss: 0.818326 | 35574.0 samples/s
Peak GPU memory: 927.9 MB
Validation Loss: 0.776157 | 83986.4 samples/s

Epoch 6/100
----------------------------------------
Learning Rate: 0.000100
  step    50/1756 | loss 0.7361 | data 0.6 ms | step 14.9 ms | 34390.0 samples/s
  step   100/1756 | loss 0.7111 | data 0.1 ms | step 14.6 ms | 35093.3 samples/s
  step   150/1756 | loss 0.7169 | data 0.1 ms | step 14.4 ms | 35623.8 samples/s
  step   200/1756 | loss 0.7457 | data 0.1 ms | step 14.3 ms | 35794.3 samples/s
  step   250/1756 | loss 0.7251 | data 0.1 ms | step 14.4 ms | 35656.2 samples/s
  step   300/1756 | loss 0.7649 | data 0.1 ms | step 14.3 ms | 35787.9 samples/s
  step   350/1756 | loss 0.7552 | data 0.1 ms | step 14.3 ms | 35839.8 samples/s
  step   400/1756 | loss 0.7395 | data 0.1 ms | step 14.3 ms | 35820.7 samples/s
  step   450/1756 | loss 0.7222 | data 0.1 ms | step 14.3 ms | 35777.6 samples/s
  step   500/1756 | loss 0.7652 | data 0.1 ms | step 13.8 ms | 37230.5 samples/s
  step   550/1756 | loss 0.7978 | data 0.1 ms | step 12.6 ms | 40630.9 samples/s
  step   600/1756 | loss 0.7693 | data 0.1 ms | step 14.5 ms | 35277.6 samples/s
  step   650/1756 | loss 0.6907 | data 0.1 ms | step 14.4 ms | 35623.8 samples/s
  step   700/1756 | loss 0.7296 | data 0.1 ms | step 14.4 ms | 35438.0 samples/s
  step   750/1756 | loss 0.6934 | data 0.1 ms | step 14.3 ms | 35736.9 samples/s
  step   800/1756 | loss 0.8294 | data 0.1 ms | step 14.3 ms | 35841.6 samples/s
  step   850/1756 | loss 0.7249 | data 0.1 ms | step 14.3 ms | 35766.2 samples/s
  step   900/1756 | loss 0.7477 | data 0.1 ms | step 14.3 ms | 35838.7 samples/s
  step   950/1756 | loss 0.7757 | data 0.1 ms | step 14.3 ms | 35766.4 samples/s
  step  1000/1756 | loss 0.7111 | data 0.1 ms | step 14.3 ms | 35809.7 samples/s
  step  1050/1756 | loss 0.7676 | data 0.1 ms | step 14.3 ms | 35748.0 samples/s
  step  1100/1756 | loss 0.8106 | data 0.1 ms | step 14.3 ms | 35740.2 samples/s
  step  1150/1756 | loss 0.7496 | data 0.1 ms | step 14.3 ms | 35771.9 samples/s
  step  1200/1756 | loss 0.7105 | data 0.1 ms | step 14.3 ms | 35754.0 samples/s
  step  1250/1756 | loss 0.6378 | data 0.1 ms | step 14.3 ms | 35832.0 samples/s
  step  1300/1756 | loss 0.7847 | data 0.1 ms | step 14.3 ms | 35820.6 samples/s
  step  1350/1756 | loss 0.7051 | data 0.1 ms | step 14.3 ms | 35854.2 samples/s
  step  1400/1756 | loss 0.7004 | data 0.1 ms | step 14.3 ms | 35783.9 samples/s
  step  1450/1756 | loss 0.7837 | data 0.1 ms | step 14.3 ms | 35839.8 samples/s
  step  1500/1756 | loss 0.7477 | data 0.1 ms | step 14.3 ms | 35858.7 samples/s
  step  1550/1756 | loss 0.6548 | data 0.1 ms | step 12.7 ms | 40160.7 samples/s
  step  1600/1756 | loss 0.6675 | data 0.2 ms | step 13.6 ms | 37747.0 samples/s
  step  1650/1756 | loss 0.6801 | data 0.1 ms | step 14.6 ms | 35141.9 samples/s
  step  1700/1756 | loss 0.7104 | data 0.1 ms | step 14.6 ms | 35104.6 samples/s
  step  1750/1756 | loss 0.7057 | data 0.6 ms | step 14.5 ms | 35399.3 samples/s
Training Loss: 0.732836 | 35956.2 samples/s
Peak GPU memory: 927.9 MB
Validation Loss: 0.676968 | 94502.0 samples/s

Epoch 7/100
----------------------------------------
Learning Rate: 0.000100
  step    50/1756 | loss 0.6356 | data 0.6 ms | step 14.4 ms | 35549.1 samples/s
  step   100/1756 | loss 0.6478 | data 0.1 ms | step 14.6 ms | 35177.3 samples/s
  step   150/1756 | loss 0.6627 | data 0.1 ms | step 14.3 ms | 35680.9 samples/s
  step   200/1756 | loss 0.7277 | data 0.1 ms | step 14.3 ms | 35714.7 samples/s
  step   250/1756 | loss 0.6970 | data 0.1 ms | step 14.3 ms | 35789.0 samples/s
  step   300/1756 | loss 0.6670 | data 0.1 ms | step 14.3 ms | 35768.0 samples/s
  step   350/1756 | loss 0.6690 | data 0.1 ms | step 14.3 ms | 35697.8 samples/s
  step   400/1756 | loss 0.7482 | data 0.1 ms | step 14.3 ms | 35872.2 samples/s
  step   450/1756 | loss 0.6618 | data 0.1 ms | step 14.3 ms | 35816.0 samples/s
  step   500/1756 | loss 0.7057 | data 0.1 ms | step 14.2 ms | 35973.6 samples/s
  step   550/1756 | loss 0.6987 | data 0.1 ms | step 13.9 ms | 36737.2 samples/s
  step   600/1756 | loss 0.6636 | data 0.1 ms | step 12.5 ms | 40844.0 samples/s
  step   650/1756 | loss 0.6332 | data 0.1 ms | step 14.3 ms | 35693.6 samples/s
  step   700/1756 | loss 0.6391 | data 0.1 ms | step 14.4 ms | 35626.6 samples/s
  step   750/1756 | loss 0.6557 | data 0.1 ms | step 14.5 ms | 35366.8 samples/s
  step   800/1756 | loss 0.6502 | data 0.1 ms | step 14.3 ms | 35743.1 samples/s
  step   850/1756 | loss 0.6749 | data 0.1 ms | step 14.3 ms | 35688.6 samples/s
  step   900/1756 | loss 0.6679 | data 0.1 ms | step 14.3 ms | 35829.3 samples/s
  step   950/1756 | loss 0.6409 | data 0.1 ms | step 14.3 ms | 35832.4 samples/s
  step  1000/1756 | loss 0.6518 | data 0.1 ms | step 14.3 ms | 35790.5 samples/s
  step  1050/1756 | loss 0.6607 | data 0.1 ms | step 14.3 ms | 35731.4 samples/s
  step  1100/1756 | loss 0.6567 | data 0.1 ms | step 14.3 ms | 35707.9 samples/s
  step  1150/1756 | loss 0.6196 | data 0.1 ms | step 14.3 ms | 35802.5 samples/s
  step  1200/1756 | loss 0.6363 | data 0.1 ms | step 14.3 ms | 35772.5 samples/s
  step  1250/1756 | loss 0.6316 | data 0.1 ms | step 14.3 ms | 35748.6 samples/s
  step  1300/1756 | loss 0.6803 | data 0.1 ms | step 14.3 ms | 35824.2 samples/s
  step  1350/1756 | loss 0.6396 | data 0.1 ms | step 14.3 ms | 35724.4 samples/s
  step  1400/1756 | loss 0.5851 | data 0.1 ms | step 14.3 ms | 35781.1 samples/s
  step  1450/1756 | loss 0.6403 | data 0.1 ms | step 14.3 ms | 35764.0 samples/s
  step  1500/1756 | loss 0.6396 | data 0.1 ms | step 14.4 ms | 35579.8 samples/s
  step  1550/1756 | loss 0.6073 | data 0.1 ms | step 14.3 ms | 35809.9 samples/s
  step  1600/1756 | loss 0.5943 | data 0.1 ms | step 12.8 ms | 39891.6 samples/s
  step  1650/1756 | loss 0.6361 | data 0.2 ms | step 13.6 ms | 37697.5 samples/s
  step  1700/1756 | loss 0.6417 | data 0.1 ms | step 14.6 ms | 35022.4 samples/s
  step  1750/1756 | loss 0.6318 | data 0.7 ms | step 14.9 ms | 34371.2 samples/s
Training Loss: 0.654198 | 35959.8 samples/s
Peak GPU memory: 927.9 MB
Validation Loss: 0.639554 | 93965.0 samples/s

Epoch 8/100
----------------------------------------
Learning Rate: 0.000100
  step    50/1756 | loss 0.6361 | data 0.7 ms | step 14.6 ms | 35060.9 samples/s
  step   100/1756 | loss 0.6929 | data 0.1 ms | step 14.3 ms | 35871.8 samples/s
  step   150/1756 | loss 0.6671 | data 0.1 ms | step 14.3 ms | 35726.4 samples/s
  step   200/1756 | loss 0.6028 | data 0.1 ms | step 14.4 ms | 35489.3 samples/s
  step   250/1756 | loss 0.6400 | data 0.1 ms | step 14.3 ms | 35819.6 samples/s
  step   300/1756 | loss 0.6467 | data 0.1 ms | step 14.3 ms | 35802.9 samples/s
  step   350/1756 | loss 0.6070 | data 0.1 ms | step 14.3 ms | 35842.2 samples/s
  step   400/1756 | loss 0.6071 | data 0.1 ms | step 14.3 ms | 35817.7 samples/s
  step   450/1756 | loss 0.6266 | data 0.1 ms | step 14.3 ms | 35799.6 samples/s
  step   500/1756 | loss 0.6281 | data 0.1 ms | step 14.3 ms | 35851.1 samples/s
  step   550/1756 | loss 0.6740 | data 0.1 ms | step 14.3 ms | 35791.3 samples/s
  step   600/1756 | loss 0.5787 | data 0.1 ms | step 13.8 ms | 37009.1 samples/s
  step   650/1756 | loss 0.6298 | data 0.2 ms | step 12.5 ms | 40889.1 samples/s
  step   700/1756 | loss 0.6063 | data 0.1 ms | step 14.4 ms | 35541.7 samples/s
  step   750/1756 | loss 0.5853 | data 0.1 ms | step 14.6 ms | 35172.4 samples/s
  step   800/1756 | loss 0.6542 | data 0.1 ms | step 14.5 ms | 35257.3 samples/s
  step   850/1756 | loss 0.5930 | data 0.1 ms | step 14.3 ms | 35838.3 samples/s
  step   900/1756 | loss 0.6557 | data 0.1 ms | step 14.3 ms | 35810.7 samples/s
  step   950/1756 | loss 0.5932 | data 0.1 ms | step 14.3 ms | 35776.3 samples/s
  step  1000/1756 | loss 0.5952 | data 0.1 ms | step 14.3 ms | 35783.3 samples/s
  step  1050/1756 | loss 0.5822 | data 0.1 ms | step 14.3 ms | 35821.4 samples/s
  step  1100/1756 | loss 0.5408 | data 0.1 ms | step 14.3 ms | 35831.1 samples/s
  step  1150/1756 | loss 0.6047 | data 0.1 ms | step 14.3 ms | 35735.2 samples/s
  step  1200/1756 | loss 0.6140 | data 0.1 ms | step 14.3 ms | 35836.1 samples/s
  step  1250/1756 | loss 0.5726 | data 0.1 ms | step 14.3 ms | 35749.7 samples/s
  step  1300/1756 | loss 0.5955 | data 0.1 ms | step 14.4 ms | 35659.1 samples/s
  step  1350/1756 | loss 0.5570 | data 0.1 ms | step 14.3 ms | 35738.6 samples/s
  step  1400/1756 | loss 0.5682 | data 0.1 ms | step 14.3 ms | 35879.4 samples/s
  step  1450/1756 | loss 0.5884 | data 0.1 ms | step 14.3 ms | 35774.4 samples/s
  step  1500/1756 | loss 0.6015 | data 0.1 ms | step 14.3 ms | 35759.0 samples/s
  step  1550/1756 | loss 0.6328 | data 0.1 ms | step 14.3 ms | 35761.1 samples/s
  step  1600/1756 | loss 0.5953 | data 0.1 ms | step 14.3 ms | 35841.7 samples/s
  step  1650/1756 | loss 0.5618 | data 0.1 ms | step 12.8 ms | 40123.0 samples/s
  step  1700/1756 | loss 0.5148 | data 0.1 ms | step 14.0 ms | 36530.6 samples/s
  step  1750/1756 | loss 0.6271 | data 0.7 ms | step 14.6 ms | 35139.8 samples/s
Training Loss: 0.607714 | 35981.9 samples/s
Peak GPU memory: 927.9 MB
Validation Loss: 0.583767 | 92830.4 samples/s

Epoch 9/100
----------------------------------------
Learning Rate: 0.000100
  step    50/1756 | loss 0.5668 | data 0.7 ms | step 14.5 ms | 35330.6 samples/s
  step   100/1756 | loss 0.5985 | data 0.1 ms | step 14.4 ms | 35437.5 samples/s
  step   150/1756 | loss 0.6219 | data 0.1 ms | step 14.4 ms | 35451.0 samples/s
  step   200/1756 | loss 0.5710 | data 0.1 ms | step 14.3 ms | 35778.6 samples/s
  step   250/1756 | loss 0.5741 | data 0.1 ms | step 14.4 ms | 35456.5 samples/s
  step   300/1756 | loss 0.5758 | data 0.1 ms | step 14.3 ms | 35802.0 samples/s
  step   350/1756 | loss 0.5428 | data 0.1 ms | step 14.3 ms | 35884.7 samples/s
  step   400/1756 | loss 0.5688 | data 0.1 ms | step 14.3 ms | 35829.1 samples/s
  step   450/1756 | loss 0.5505 | data 0.1 ms | step 14.3 ms | 35852.6 samples/s
  step   500/1756 | loss 0.5680 | data 0.1 ms | step 14.3 ms | 35812.5 samples/s
  step   550/1756 | loss 0.5369 | data 0.1 ms | step 14.3 ms | 35759.9 samples/s
  step   600/1756 | loss 0.5573 | data 0.1 ms | step 14.3 ms | 35752.7 samples/s
  step   650/1756 | loss 0.6463 | data 0.1 ms | step 13.6 ms | 37591.9 samples/s
  step   700/1756 | loss 0.5140 | data 0.2 ms | step 12.6 ms | 40702.8 samples/s
  step   750/1756 | loss 0.5819 | data 0.1 ms | step 14.4 ms | 35622.7 samples/s
  step   800/1756 | loss 0.5782 | data 0.1 ms | step 14.5 ms | 35328.0 samples/s
  step   850/1756 | loss 0.5725 | data 0.1 ms | step 14.4 ms | 35437.5 samples/s
  step   900/1756 | loss 0.5604 | data 0.1 ms | step 14.3 ms | 35750.3 samples/s
  step   950/1756 | loss 0.5236 | data 0.1 ms | step 14.3 ms | 35819.5 samples/s
  step  1000/1756 | loss 0.5024 | data 0.1 ms | step 14.3 ms | 35838.1 samples/s
  step  1050/1756 | loss 0.5076 | data 0.1 ms | step 14.3 ms | 35783.4 samples/s
  step  1100/1756 | loss 0.5224 | data 0.1 ms | step 14.3 ms | 35817.5 samples/s
  step  1150/1756 | loss 0.4895 | data 0.1 ms | step 14.3 ms | 35832.3 samples/s
  step  1200/1756 | loss 0.4932 | data 0.1 ms | step 14.3 ms | 35814.0 samples/s
  step  1250/1756 | loss 0.5010 | data 0.1 ms | step 14.3 ms | 35810.3 samples/s
  step  1300/1756 | loss 0.5394 | data 0.1 ms | step 14.3 ms | 35822.4 samples/s
  step  1350/1756 | loss 0.5480 | data 0.1 ms | step 14.3 ms | 35759.8 samples/s
  step  1400/1756 | loss 0.4743 | data 0.1 ms | step 14.3 ms | 35903.9 samples/s
  step  1450/1756 | loss 0.5358 | data 0.1 ms | step 14.3 ms | 35852.1 samples/s
  step  1500/1756 | loss 0.5508 | data 0.1 ms | step 14.3 ms | 35688.4 samples/s
  step  1550/1756 | loss 0.4900 | data 0.1 ms | step 14.3 ms | 35739.4 samples/s
  step  1600/1756 | loss 0.5227 | data 0.1 ms | step 14.3 ms | 35803.1 samples/s
  step  1650/1756 | loss 0.5466 | data 0.1 ms | step 14.3 ms | 35835.1 samples/s
  step  1700/1756 | loss 0.5077 | data 0.1 ms | step 12.6 ms | 40684.1 samples/s
  step  1750/1756 | loss 0.5742 | data 0.7 ms | step 14.0 ms | 36467.1 samples/s
Training Loss: 0.546382 | 36022.3 samples/s
Peak GPU memory: 927.9 MB
Validation Loss: 0.570704 | 76259.7 samples/s

Epoch 10/100
----------------------------------------
Learning Rate: 0.000100
  step    50/1756 | loss 0.5435 | data 0.8 ms | step 16.1 ms | 31796.3 samples/s
  step   100/1756 | loss 0.5974 | data 0.1 ms | step 15.7 ms | 32590.4 samples/s
  step   150/1756 | loss 0.5410 | data 0.1 ms | step 14.8 ms | 34597.4 samples/s
  step   200/1756 | loss 0.5200 | data 0.1 ms | step 14.3 ms | 35852.0 samples/s
  step   250/1756 | loss 0.4852 | data 0.1 ms | step 14.3 ms | 35736.4 samples/s
  step   300/1756 | loss 0.5361 | data 0.1 ms | step 14.3 ms | 35857.3 samples/s
  step   350/1756 | loss 0.5260 | data 0.1 ms | step 14.3 ms | 35799.7 samples/s
  step   400/1756 | loss 0.5241 | data 0.1 ms | step 14.3 ms | 35769.4 samples/s
  step   450/1756 | loss 0.5176 | data 0.1 ms | step 14.3 ms | 35817.4 samples/s
  step   500/1756 | loss 0.5228 | data 0.1 ms | step 14.3 ms | 35765.1 samples/s
  step   550/1756 | loss 0.5320 | data 0.1 ms | step 14.3 ms | 35792.8 samples/s
  step   600/1756 | loss 0.5714 | data 0.1 ms | step 14.3 ms | 35803.1 samples/s
  step   650/1756 | loss 0.5334 | data 0.1 ms | step 13.2 ms | 38762.2 samples/s
  step   700/1756 | loss 0.5394 | data 0.2 ms | step 13.0 ms | 39280.8 samples/s
  step   750/1756 | loss 0.5646 | data 0.1 ms | step 14.9 ms | 34420.4 samples/s
  step   800/1756 | loss 0.5604 | data 0.1 ms | step 14.6 ms | 34972.5 samples/s
  step   850/1756 | loss 0.5099 | data 0.1 ms | step 14.3 ms | 35792.8 samples/s
  step   900/1756 | loss 0.5356 | data 0.1 ms | step 14.3 ms | 35888.6 samples/s
  step   950/1756 | loss 0.5057 | data 0.1 ms | step 14.3 ms | 35776.9 samples/s
  step  1000/1756 | loss 0.5026 | data 0.1 ms | step 14.3 ms | 35693.8 samples/s
  step  1050/1756 | loss 0.5324 | data 0.1 ms | step 14.3 ms | 35782.2 samples/s
  step  1100/1756 | loss 0.4934 | data 0.1 ms | step 14.3 ms | 35809.1 samples/s
  step  1150/1756 | loss 0.4752 | data 0.1 ms | step 14.3 ms | 35866.4 samples/s
  step  1200/1756 | loss 0.5139 | data 0.1 ms | step 14.3 ms | 35818.7 samples/s
  step  1250/1756 | loss 0.5110 | data 0.1 ms | step 14.3 ms | 35750.1 samples/s
  step  1300/1756 | loss 0.5188 | data 0.1 ms | step 14.3 ms | 35750.7 samples/s
  step  1350/1756 | loss 0.4857 | data 0.1 ms | step 14.3 ms | 35873.7 samples/s
  step  1400/1756 | loss 0.5469 | data 0.1 ms | step 14.3 ms | 35771.8 samples/s
  step  1450/1756 | loss 0.5750 | data 0.1 ms | step 14.3 ms | 35720.9 samples/s
  step  1500/1756 | loss 0.5397 | data 0.1 ms | step 14.3 ms | 35870.6 samples/s
  step  1550/1756 | loss 0.4729 | data 0.1 ms | step 14.3 ms | 35808.0 samples/s
  step  1600/1756 | loss 0.5250 | data 0.1 ms | step 14.3 ms | 35883.5 samples/s
  step  1650/1756 | loss 0.5290 | data 0.1 ms | step 13.7 ms | 37361.8 samples/s
  step  1700/1756 | loss 0.4943 | data 0.1 ms | step 12.4 ms | 41195.8 samples/s
  step  1750/1756 | loss 0.4502 | data 0.6 ms | step 15.3 ms | 33497.4 samples/s
Training Loss: 0.523947 | 35730.0 samples/s
Peak GPU memory: 927.9 MB
Validation Loss: 0.502195 | 92447.9 samples/s

Epoch 11/100
----------------------------------------
Learning Rate: 0.000090
  step    50/1756 | loss 0.4798 | data 0.8 ms | step 14.8 ms | 34594.9 samples/s
  step   100/1756 | loss 0.4923 | data 0.1 ms | step 14.6 ms | 35131.6 samples/s
  step   150/1756 | loss 0.4625 | data 0.1 ms | step 14.6 ms | 35106.1 samples/s
  step   200/1756 | loss 0.4762 | data 0.1 ms | step 14.3 ms | 35767.2 samples/s
  step   250/1756 | loss 0.4693 | data 0.1 ms | step 14.3 ms | 35904.0 samples/s
  step   300/1756 | loss 0.4784 | data 0.1 ms | step 14.4 ms | 35578.0 samples/s
  step   350/1756 | loss 0.4810 | data 0.1 ms | step 14.3 ms | 35902.5 samples/s
  step   400/1756 | loss 0.4767 | data 0.1 ms | step 14.4 ms | 35655.1 samples/s
  step   450/1756 | loss 0.4799 | data 0.1 ms | step 14.3 ms | 35782.3 samples/s
  step   500/1756 | loss 0.4758 | data 0.1 ms | step 14.4 ms | 35608.8 samples/s
  step   550/1756 | loss 0.4669 | data 0.1 ms | step 14.3 ms | 35764.7 samples/s
  step   600/1756 | loss 0.4713 | data 0.1 ms | step 14.3 ms | 35799.0 samples/s
  step   650/1756 | loss 0.5250 | data 0.1 ms | step 14.3 ms | 35692.9 samples/s
  step   700/1756 | loss 0.4827 | data 0.1 ms | step 12.8 ms | 39914.9 samples/s
  step   750/1756 | loss 0.4992 | data 0.1 ms | step 13.5 ms | 37877.9 samples/s
  step   800/1756 | loss 0.4939 | data 0.1 ms | step 14.3 ms | 35830.3 samples/s
  step   850/1756 | loss 0.4496 | data 0.1 ms | step 14.7 ms | 34937.9 samples/s
  step   900/1756 | loss 0.4251 | data 0.1 ms | step 14.3 ms | 35864.0 samples/s
  step   950/1756 | loss 0.4621 | data 0.1 ms | step 14.3 ms | 35901.5 samples/s
  step  1000/1756 | loss 0.4565 | data 0.1 ms | step 14.3 ms | 35773.4 samples/s
  step  1050/1756 | loss 0.4575 | data 0.1 ms | step 14.3 ms | 35755.1 samples/s
  step  1100/1756 | loss 0.5041 | data 0.1 ms | step 14.3 ms | 35708.1 samples/s
  step  1150/1756 | loss 0.5158 | data 0.1 ms | step 14.3 ms | 35854.9 samples/s
  step  1200/1756 | loss 0.4283 | data 0.1 ms | step 14.3 ms | 35724.9 samples/s
  step  1250/1756 | loss 0.4777 | data 0.1 ms | step 14.3 ms | 35832.0 samples/s
  step  1300/1756 | loss 0.4308 | data 0.1 ms | step 14.3 ms | 35871.5 samples/s
  step  1350/1756 | loss 0.4546 | data 0.1 ms | step 14.3 ms | 35867.0 samples/s
  step  1400/1756 | loss 0.4600 | data 0.1 ms | step 14.3 ms | 35749.7 samples/s
  step  1450/1756 | loss 0.4743 | data 0.1 ms | step 14.4 ms | 35512.9 samples/s
  step  1500/1756 | loss 0.4523 | data 0.1 ms | step 14.3 ms | 35850.7 samples/s
  step  1550/1756 | loss 0.4585 | data 0.1 ms | step 14.3 ms | 35736.0 samples/s
  step  1600/1756 | loss 0.4995 | data 0.1 ms | step 14.3 ms | 35693.9 samples/s
  step  1650/1756 | loss 0.4480 | data 0.1 ms | step 14.3 ms | 35742.6 samples/s
  step  1700/1756 | loss 0.4263 | data 0.1 ms | step 13.6 ms | 37612.0 samples/s
  step  1750/1756 | loss 0.4984 | data 0.7 ms | step 13.3 ms | 38552.0 samples/s
Training Loss: 0.471395 | 35938.9 samples/s
Peak GPU memory: 927.9 MB
Validation Loss: 0.464303 | 74218.6 samples/s

Epoch 12/100
----------------------------------------
Learning Rate: 0.000090
  step    50/1756 | loss 0.4990 | data 0.8 ms | step 15.9 ms | 32181.5 samples/s
  step   100/1756 | loss 0.4434 | data 0.1 ms | step 15.9 ms | 32293.6 samples/s
  step   150/1756 | loss 0.4115 | data 0.1 ms | step 14.6 ms | 35087.8 samples/s
  step   200/1756 | loss 0.4994 | data 0.1 ms | step 14.4 ms | 35645.4 samples/s
  step   250/1756 | loss 0.4235 | data 0.1 ms | step 14.3 ms | 35788.0 samples/s
  step   300/1756 | loss 0.4161 | data 0.1 ms | step 14.3 ms | 35795.3 samples/s
  step   350/1756 | loss 0.4608 | data 0.1 ms | step 14.3 ms | 35827.9 samples/s
  step   400/1756 | loss 0.4625 | data 0.1 ms | step 14.3 ms | 35847.1 samples/s
  step   450/1756 | loss 0.4483 | data 0.1 ms | step 14.3 ms | 35769.1 samples/s
  step   500/1756 | loss 0.4667 | data 0.1 ms | step 14.3 ms | 35770.8 samples/s
  step   550/1756 | loss 0.4604 | data 0.1 ms | step 14.3 ms | 35763.8 samples/s
  step   600/1756 | loss 0.4803 | data 0.1 ms | step 14.3 ms | 35895.1 samples/s
  step   650/1756 | loss 0.4611 | data 0.2 ms | step 13.9 ms | 36880.9 samples/s
  step   700/1756 | loss 0.4361 | data 0.2 ms | step 12.5 ms | 40853.4 samples/s
  step   750/1756 | loss 0.4109 | data 0.1 ms | step 14.9 ms | 34382.2 samples/s
  step   800/1756 | loss 0.4330 | data 0.1 ms | step 14.4 ms | 35460.0 samples/s
  step   850/1756 | loss 0.4043 | data 0.1 ms | step 14.4 ms | 35449.1 samples/s
  step   900/1756 | loss 0.4100 | data 0.1 ms | step 14.3 ms | 35921.9 samples/s
  step   950/1756 | loss 0.4041 | data 0.1 ms | step 14.3 ms | 35846.7 samples/s
  step  1000/1756 | loss 0.4116 | data 0.1 ms | step 14.4 ms | 35547.6 samples/s
  step  1050/1756 | loss 0.4510 | data 0.1 ms | step 14.3 ms | 35764.7 samples/s
  step  1100/1756 | loss 0.3820 | data 0.1 ms | step 14.2 ms | 35998.2 samples/s
  step  1150/1756 | loss 0.4233 | data 0.2 ms | step 14.3 ms | 35924.1 samples/s
  step  1200/1756 | loss 0.4593 | data 0.2 ms | step 14.4 ms | 35583.4 samples/s
  step  1250/1756 | loss 0.4028 | data 0.1 ms | step 14.3 ms | 35886.5 samples/s
  step  1300/1756 | loss 0.3920 | data 0.1 ms | step 14.2 ms | 35936.1 samples/s
  step  1350/1756 | loss 0.4222 | data 0.1 ms | step 14.4 ms | 35529.0 samples/s
  step  1400/1756 | loss 0.5071 | data 0.1 ms | step 14.4 ms | 35466.9 samples/s
  step  1450/1756 | loss 0.4368 | data 0.1 ms | step 14.5 ms | 35346.5 samples/s
  step  1500/1756 | loss 0.4209 | data 0.1 ms | step 14.3 ms | 35829.4 samples/s
  step  1550/1756 | loss 0.4171 | data 0.1 ms | step 14.6 ms | 35130.5 samples/s
  step  1600/1756 | loss 0.4445 | data 0.1 ms | step 14.3 ms | 35870.8 samples/s
  step  1650/1756 | loss 0.4384 | data 0.1 ms | step 14.2 ms | 35931.0 samples/s
  step  1700/1756 | loss 0.4293 | data 0.2 ms | step 12.6 ms | 40771.0 samples/s
  step  1750/1756 | loss 0.4299 | data 0.7 ms | step 15.0 ms | 34115.9 samples/s
Training Loss: 0.437297 | 35660.2 samples/s
Peak GPU memory: 927.9 MB
Validation Loss: 0.419075 | 92825.6 samples/s

Epoch 13/100
----------------------------------------
Learning Rate: 0.000090
  step    50/1756 | loss 0.4607 | data 0.7 ms | step 15.5 ms | 33070.3 samples/s
  step   100/1756 | loss 0.3973 | data 0.1 ms | step 14.8 ms | 34674.2 samples/s
  step   150/1756 | loss 0.4020 | data 0.1 ms | step 14.4 ms | 35432.7 samples/s
  step   200/1756 | loss 0.4000 | data 0.1 ms | step 14.8 ms | 34545.7 samples/s
  step   250/1756 | loss 0.4110 | data 0.1 ms | step 14.3 ms | 35842.3 samples/s
  step   300/1756 | loss 0.3569 | data 0.1 ms | step 14.3 ms | 35794.4 samples/s
  step   350/1756 | loss 0.4032 | data 0.1 ms | step 14.3 ms | 35832.3 samples/s
  step   400/1756 | loss 0.4503 | data 0.1 ms | step 14.3 ms | 35800.0 samples/s
  step   450/1756 | loss 0.4422 | data 0.1 ms | step 14.3 ms | 35810.4 samples/s
  step   500/1756 | loss 0.4117 | data 0.1 ms | step 14.3 ms | 35841.2 samples/s
  step   550/1756 | loss 0.4223 | data 0.1 ms | step 14.4 ms | 35454.5 samples/s
  step   600/1756 | loss 0.4030 | data 0.1 ms | step 14.5 ms | 35213.8 samples/s
  step   650/1756 | loss 0.4194 | data 0.1 ms | step 14.5 ms | 35427.8 samples/s
  step   700/1756 | loss 0.3819 | data 0.1 ms | step 12.9 ms | 39771.9 samples/s
  step   750/1756 | loss 0.4560 | data 0.1 ms | step 14.4 ms | 35493.4 samples/s
  step   800/1756 | loss 0.4280 | data 0.1 ms | step 15.1 ms | 33796.8 samples/s
  step   850/1756 | loss 0.4233 | data 0.1 ms | step 14.7 ms | 34749.6 samples/s
  step   900/1756 | loss 0.3978 | data 0.1 ms | step 14.3 ms | 35771.0 samples/s
  step   950/1756 | loss 0.3934 | data 0.1 ms | step 14.3 ms | 35855.9 samples/s
  step  1000/1756 | loss 0.4056 | data 0.1 ms | step 14.3 ms | 35794.1 samples/s
  step  1050/1756 | loss 0.4012 | data 0.1 ms | step 14.3 ms | 35755.5 samples/s
  step  1100/1756 | loss 0.3868 | data 0.1 ms | step 14.4 ms | 35539.8 samples/s
  step  1150/1756 | loss 0.3837 | data 0.1 ms | step 14.3 ms | 35813.4 samples/s
  step  1200/1756 | loss 0.3852 | data 0.2 ms | step 14.6 ms | 35107.8 samples/s
  step  1250/1756 | loss 0.3839 | data 0.1 ms | step 14.3 ms | 35708.4 samples/s
  step  1300/1756 | loss 0.4430 | data 0.1 ms | step 14.3 ms | 35805.2 samples/s
  step  1350/1756 | loss 0.4036 | data 0.1 ms | step 14.3 ms | 35917.9 samples/s
  step  1400/1756 | loss 0.3904 | data 0.1 ms | step 14.4 ms | 35508.3 samples/s
  step  1450/1756 | loss 0.4460 | data 0.1 ms | step 14.3 ms | 35760.1 samples/s
  step  1500/1756 | loss 0.3922 | data 0.1 ms | step 14.3 ms | 35847.2 samples/s
  step  1550/1756 | loss 0.3727 | data 0.1 ms | step 14.3 ms | 35827.3 samples/s
  step  1600/1756 | loss 0.4008 | data 0.1 ms | step 14.3 ms | 35809.4 samples/s
  step  1650/1756 | loss 0.5386 | data 0.1 ms | step 14.3 ms | 35774.4 samples/s
  step  1700/1756 | loss 0.4794 | data 0.1 ms | step 12.8 ms | 39993.7 samples/s
  step  1750/1756 | loss 0.4483 | data 0.6 ms | step 13.9 ms | 36846.5 samples/s
Training Loss: 0.414712 | 35682.8 samples/s
Peak GPU memory: 927.9 MB
Validation Loss: 0.416543 | 80422.7 samples/s

Epoch 14/100
----------------------------------------
Learning Rate: 0.000090
  step    50/1756 | loss 0.4478 | data 0.8 ms | step 15.2 ms | 33725.0 samples/s
  step   100/1756 | loss 0.4336 | data 0.1 ms | step 15.0 ms | 34188.9 samples/s
  step   150/1756 | loss 0.4168 | data 0.1 ms | step 14.6 ms | 35088.7 samples/s
  step   200/1756 | loss 0.4065 | data 0.1 ms | step 14.4 ms | 35535.9 samples/s
  step   250/1756 | loss 0.3919 | data 0.1 ms | step 14.4 ms | 35567.1 samples/s
  step   300/1756 | loss 0.4637 | data 0.1 ms | step 14.3 ms | 35718.7 samples/s
  step   350/1756 | loss 0.4462 | data 0.1 ms | step 14.3 ms | 35896.3 samples/s
  step   400/1756 | loss 0.3592 | data 0.1 ms | step 14.3 ms | 35818.2 samples/s
  step   450/1756 | loss 0.4158 | data 0.1 ms | step 14.3 ms | 35834.2 samples/s
  step   500/1756 | loss 0.4349 | data 0.1 ms | step 14.3 ms | 35879.7 samples/s
  step   550/1756 | loss 0.3919 | data 0.1 ms | step 14.3 ms | 35786.4 samples/s
  step   600/1756 | loss 0.4325 | data 0.1 ms | step 14.3 ms | 35831.5 samples/s
  step   650/1756 | loss 0.3854 | data 0.1 ms | step 14.3 ms | 35856.2 samples/s
  step   700/1756 | loss 0.4119 | data 0.2 ms | step 12.7 ms | 40436.1 samples/s
  step   750/1756 | loss 0.4215 | data 0.2 ms | step 13.9 ms | 36772.0 samples/s
  step   800/1756 | loss 0.3919 | data 0.1 ms | step 14.5 ms | 35204.0 samples/s
  step   850/1756 | loss 0.3737 | data 0.1 ms | step 14.7 ms | 34924.0 samples/s
  step   900/1756 | loss 0.3687 | data 0.1 ms | step 14.4 ms | 35474.3 samples/s
  step   950/1756 | loss 0.3399 | data 0.1 ms | step 14.3 ms | 35782.0 samples/s
  step  1000/1756 | loss 0.3958 | data 0.1 ms | step 14.4 ms | 35505.1 samples/s
  step  1050/1756 | loss 0.4039 | data 0.1 ms | step 14.3 ms | 35854.4 samples/s
  step  1100/1756 | loss 0.3977 | data 0.1 ms | step 14.3 ms | 35832.9 samples/s
  step  1150/1756 | loss 0.4209 | data 0.1 ms | step 14.3 ms | 35811.5 samples/s
  step  1200/1756 | loss 0.4041 | data 0.1 ms | step 14.3 ms | 35816.9 samples/s
  step  1250/1756 | loss 0.3729 | data 0.1 ms | step 14.3 ms | 35680.5 samples/s
  step  1300/1756 | loss 0.4138 | data 0.1 ms | step 14.3 ms | 35906.2 samples/s
  step  1350/1756 | loss 0.3784 | data 0.1 ms | step 14.4 ms | 35642.4 samples/s
  step  1400/1756 | loss 0.3716 | data 0.1 ms | step 14.3 ms | 35822.4 samples/s
  step  1450/1756 | loss 0.3946 | data 0.1 ms | step 14.3 ms | 35841.7 samples/s
  step  1500/1756 | loss 0.4046 | data 0.1 ms | step 14.3 ms | 35837.2 samples/s
  step  1550/1756 | loss 0.3949 | data 0.1 ms | step 14.3 ms | 35744.4 samples/s
  step  1600/1756 | loss 0.3706 | data 0.1 ms | step 14.3 ms | 35907.7 samples/s
  step  1650/1756 | loss 0.3624 | data 0.1 ms | step 14.3 ms | 35891.0 samples/s
  step  1700/1756 | loss 0.3895 | data 0.1 ms | step 13.2 ms | 38791.1 samples/s
  step  1750/1756 | loss 0.3951 | data 0.7 ms | step 13.5 ms | 37878.1 samples/s
Training Loss: 0.400028 | 35861.8 samples/s
Peak GPU memory: 927.9 MB
Validation Loss: 0.382117 | 74912.5 samples/s

Epoch 15/100
----------------------------------------
Learning Rate: 0.000090
  step    50/1756 | loss 0.3669 | data 0.7 ms | step 16.0 ms | 32074.4 samples/s
  step   100/1756 | loss 0.3816 | data 0.1 ms | step 16.0 ms | 32004.9 samples/s
  step   150/1756 | loss 0.3806 | data 0.1 ms | step 15.2 ms | 33577.3 samples/s
  step   200/1756 | loss 0.3565 | data 0.1 ms | step 14.4 ms | 35663.4 samples/s
  step   250/1756 | loss 0.3831 | data 0.1 ms | step 14.3 ms | 35790.2 samples/s
  step   300/1756 | loss 0.3460 | data 0.1 ms | step 14.4 ms | 35503.4 samples/s
  step   350/1756 | loss 0.3760 | data 0.1 ms | step 14.3 ms | 35739.2 samples/s
  step   400/1756 | loss 0.3763 | data 0.1 ms | step 14.3 ms | 35818.0 samples/s
  step   450/1756 | loss 0.3829 | data 0.1 ms | step 14.3 ms | 35801.1 samples/s
  step   500/1756 | loss 0.3504 | data 0.1 ms | step 14.3 ms | 35755.1 samples/s
  step   550/1756 | loss 0.3591 | data 0.1 ms | step 14.4 ms | 35460.7 samples/s
  step   600/1756 | loss 0.3806 | data 0.1 ms | step 14.3 ms | 35857.3 samples/s
  step   650/1756 | loss 0.3651 | data 0.1 ms | step 13.7 ms | 37480.0 samples/s
  step   700/1756 | loss 0.3574 | data 0.1 ms | step 12.8 ms | 40142.5 samples/s
  step   750/1756 | loss 0.3783 | data 0.1 ms | step 14.6 ms | 34970.6 samples/s
  step   800/1756 | loss 0.3433 | data 0.1 ms | step 14.5 ms | 35388.1 samples/s
  step   850/1756 | loss 0.3587 | data 0.1 ms | step 14.3 ms | 35754.0 samples/s
  step   900/1756 | loss 0.3812 | data 0.1 ms | step 14.3 ms | 35854.5 samples/s
  step   950/1756 | loss 0.3655 | data 0.1 ms | step 14.3 ms | 35898.1 samples/s
  step  1000/1756 | loss 0.3734 | data 0.1 ms | step 14.3 ms | 35802.7 samples/s
  step  1050/1756 | loss 0.3590 | data 0.1 ms | step 14.3 ms | 35779.3 samples/s
  step  1100/1756 | loss 0.3618 | data 0.1 ms | step 14.3 ms | 35788.7 samples/s
  step  1150/1756 | loss 0.3556 | data 0.1 ms | step 14.3 ms | 35805.1 samples/s
  step  1200/1756 | loss 0.3679 | data 0.1 ms | step 14.3 ms | 35734.9 samples/s
  step  1250/1756 | loss 0.3516 | data 0.1 ms | step 14.3 ms | 35777.5 samples/s
  step  1300/1756 | loss 0.3638 | data 0.1 ms | step 14.3 ms | 35799.7 samples/s
  step  1350/1756 | loss 0.3545 | data 0.1 ms | step 14.3 ms | 35800.8 samples/s
  step  1400/1756 | loss 0.3546 | data 0.1 ms | step 14.3 ms | 35799.0 samples/s
  step  1450/1756 | loss 0.3764 | data 0.1 ms | step 14.3 ms | 35749.9 samples/s
  step  1500/1756 | loss 0.3639 | data 0.1 ms | step 14.3 ms | 35780.6 samples/s
  step  1550/1756 | loss 0.3412 | data 0.1 ms | step 14.3 ms | 35722.3 samples/s
  step  1600/1756 | loss 0.3374 | data 0.1 ms | step 14.3 ms | 35817.6 samples/s
  step  1650/1756 | loss 0.3783 | data 0.1 ms | step 14.4 ms | 35654.8 samples/s
  step  1700/1756 | loss 0.3671 | data 0.2 ms | step 12.6 ms | 40782.0 samples/s
  step  1750/1756 | loss 0.3716 | data 0.7 ms | step 14.3 ms | 35797.7 samples/s
Training Loss: 0.365259 | 35687.6 samples/s
Peak GPU memory: 927.9 MB
Validation Loss: 0.368395 | 80529.2 samples/s

Epoch 16/100
----------------------------------------
Learning Rate: 0.000090
  step    50/1756 | loss 0.3786 | data 0.7 ms | step 15.5 ms | 32977.6 samples/s
  step   100/1756 | loss 0.3580 | data 0.1 ms | step 16.0 ms | 32056.7 samples/s
  step   150/1756 | loss 0.3311 | data 0.1 ms | step 15.0 ms | 34075.4 samples/s
  step   200/1756 | loss 0.3755 | data 0.1 ms | step 14.3 ms | 35808.5 samples/s
  step   250/1756 | loss 0.3367 | data 0.1 ms | step 14.4 ms | 35594.6 samples/s
  step   300/1756 | loss 0.4066 | data 0.1 ms | step 14.3 ms | 35808.0 samples/s
  step   350/1756 | loss 0.3801 | data 0.1 ms | step 14.3 ms | 35746.5 samples/s
  step   400/1756 | loss 0.3466 | data 0.1 ms | step 14.3 ms | 35831.1 samples/s
  step   450/1756 | loss 0.3936 | data 0.1 ms | step 14.3 ms | 35776.1 samples/s
  step   500/1756 | loss 0.3679 | data 0.1 ms | step 14.3 ms | 35787.6 samples/s
  step   550/1756 | loss 0.3588 | data 0.1 ms | step 14.3 ms | 35815.2 samples/s
  step   600/1756 | loss 0.3269 | data 0.1 ms | step 14.3 ms | 35847.3 samples/s
  step   650/1756 | loss 0.3372 | data 0.2 ms | step 13.6 ms | 37772.2 samples/s
  step   700/1756 | loss 0.3326 | data 0.2 ms | step 12.8 ms | 39963.5 samples/s
  step   750/1756 | loss 0.3361 | data 0.1 ms | step 15.0 ms | 34215.2 samples/s
  step   800/1756 | loss 0.3435 | data 0.1 ms | step 14.4 ms | 35531.1 samples/s
  step   850/1756 | loss 0.3871 | data 0.1 ms | step 15.2 ms | 33716.8 samples/s
  step   900/1756 | loss 0.3876 | data 0.1 ms | step 15.4 ms | 33232.9 samples/s
  step   950/1756 | loss 0.3501 | data 0.2 ms | step 15.1 ms | 33804.8 samples/s
  step  1000/1756 | loss 0.3872 | data 0.1 ms | step 15.4 ms | 33142.3 samples/s
  step  1050/1756 | loss 0.3592 | data 0.2 ms | step 15.0 ms | 34021.2 samples/s
  step  1100/1756 | loss 0.3574 | data 0.1 ms | step 15.0 ms | 34182.8 samples/s
  step  1150/1756 | loss 0.3366 | data 0.1 ms | step 15.1 ms | 33890.6 samples/s
  step  1200/1756 | loss 0.3701 | data 0.1 ms | step 15.9 ms | 32146.6 samples/s
  step  1250/1756 | loss 0.3316 | data 0.1 ms | step 14.6 ms | 35152.5 samples/s
  step  1300/1756 | loss 0.3340 | data 0.1 ms | step 14.4 ms | 35580.5 samples/s
  step  1350/1756 | loss 0.3345 | data 0.2 ms | step 14.4 ms | 35446.9 samples/s
  step  1400/1756 | loss 0.3097 | data 0.1 ms | step 15.0 ms | 34033.2 samples/s
  step  1450/1756 | loss 0.4169 | data 0.1 ms | step 14.5 ms | 35206.8 samples/s
  step  1500/1756 | loss 0.3244 | data 0.2 ms | step 15.2 ms | 33768.2 samples/s
  step  1550/1756 | loss 0.3584 | data 0.2 ms | step 14.5 ms | 35334.2 samples/s
  step  1600/1756 | loss 0.3217 | data 0.2 ms | step 14.4 ms | 35570.4 samples/s
  step  1650/1756 | loss 0.3341 | data 0.2 ms | step 12.5 ms | 40850.0 samples/s
  step  1700/1756 | loss 0.3524 | data 0.2 ms | step 14.6 ms | 34958.8 samples/s
  step  1750/1756 | loss 0.3441 | data 0.7 ms | step 14.6 ms | 35041.8 samples/s
Training Loss: 0.354474 | 34982.7 samples/s
Peak GPU memory: 927.9 MB
Validation Loss: 0.359088 | 93955.1 samples/s

Epoch 17/100
----------------------------------------
Learning Rate: 0.000090
  step    50/1756 | loss 0.3081 | data 0.8 ms | step 15.3 ms | 33534.5 samples/s
  step   100/1756 | loss 0.3682 | data 0.2 ms | step 14.6 ms | 35047.7 samples/s
  step   150/1756 | loss 0.3316 | data 0.1 ms | step 14.7 ms | 34882.0 samples/s
  step   200/1756 | loss 0.3633 | data 0.2 ms | step 14.5 ms | 35202.6 samples/s
  step   250/1756 | loss 0.3308 | data 0.2 ms | step 14.6 ms | 35112.0 samples/s
  step   300/1756 | loss 0.3191 | data 0.1 ms | step 14.6 ms | 35075.7 samples/s
  step   350/1756 | loss 0.3895 | data 0.1 ms | step 14.7 ms | 34757.8 samples/s
  step   400/1756 | loss 0.3407 | data 0.1 ms | step 15.1 ms | 34002.0 samples/s
  step   450/1756 | loss 0.3363 | data 0.1 ms | step 15.7 ms | 32690.9 samples/s
  step   500/1756 | loss 0.3655 | data 0.1 ms | step 15.9 ms | 32239.1 samples/s
  step   550/1756 | loss 0.3387 | data 0.1 ms | step 14.7 ms | 34754.5 samples/s
  step   600/1756 | loss 0.3426 | data 0.1 ms | step 15.2 ms | 33624.7 samples/s
  step   650/1756 | loss 0.3332 | data 0.2 ms | step 12.9 ms | 39842.8 samples/s
  step   700/1756 | loss 0.3015 | data 0.1 ms | step 14.7 ms | 34838.2 samples/s
  step   750/1756 | loss 0.3189 | data 0.1 ms | step 15.3 ms | 33422.1 samples/s
  step   800/1756 | loss 0.3244 | data 0.1 ms | step 14.7 ms | 34728.3 samples/s
  step   850/1756 | loss 0.3231 | data 0.1 ms | step 14.7 ms | 34766.5 samples/s
  step   900/1756 | loss 0.3529 | data 0.2 ms | step 14.8 ms | 34593.3 samples/s
  step   950/1756 | loss 0.4434 | data 0.1 ms | step 15.3 ms | 33553.5 samples/s
  step  1000/1756 | loss 0.3925 | data 0.1 ms | step 14.7 ms | 34808.2 samples/s
  step  1050/1756 | loss 0.3323 | data 0.1 ms | step 15.3 ms | 33362.2 samples/s
  step  1100/1756 | loss 0.3223 | data 0.2 ms | step 16.7 ms | 30688.0 samples/s
  step  1150/1756 | loss 0.3168 | data 0.2 ms | step 16.4 ms | 31142.4 samples/s
  step  1200/1756 | loss 0.3390 | data 0.1 ms | step 15.9 ms | 32129.8 samples/s
  step  1250/1756 | loss 0.3256 | data 0.1 ms | step 15.6 ms | 32834.7 samples/s
  step  1300/1756 | loss 0.3241 | data 0.1 ms | step 15.1 ms | 33810.9 samples/s
  step  1350/1756 | loss 0.3440 | data 0.1 ms | step 16.0 ms | 31923.3 samples/s
  step  1400/1756 | loss 0.3210 | data 0.1 ms | step 15.3 ms | 33558.5 samples/s
  step  1450/1756 | loss 0.3192 | data 0.1 ms | step 14.7 ms | 34862.0 samples/s
  step  1500/1756 | loss 0.3572 | data 0.1 ms | step 14.7 ms | 34749.0 samples/s
  step  1550/1756 | loss 0.3190 | data 0.1 ms | step 14.0 ms | 36641.0 samples/s
  step  1600/1756 | loss 0.3272 | data 0.2 ms | step 13.5 ms | 37994.6 samples/s
  step  1650/1756 | loss 0.3098 | data 0.1 ms | step 15.6 ms | 32880.8 samples/s
  step  1700/1756 | loss 0.3263 | data 0.1 ms | step 14.7 ms | 34832.5 samples/s
  step  1750/1756 | loss 0.3574 | data 0.6 ms | step 15.3 ms | 33457.1 samples/s
Training Loss: 0.339105 | 34081.5 samples/s
Peak GPU memory: 927.9 MB
Validation Loss: 0.322851 | 96620.6 samples/s

Epoch 18/100
----------------------------------------
Learning Rate: 0.000090
  step    50/1756 | loss 0.3125 | data 0.7 ms | step 14.4 ms | 35565.4 samples/s
  step   100/1756 | loss 0.3292 | data 0.1 ms | step 14.4 ms | 35560.8 samples/s
  step   150/1756 | loss 0.3323 | data 0.1 ms | step 14.4 ms | 35671.7 samples/s
  step   200/1756 | loss 0.3048 | data 0.1 ms | step 14.4 ms | 35666.8 samples/s
  step   250/1756 | loss 0.3237 | data 0.1 ms | step 14.4 ms | 35633.5 samples/s
  step   300/1756 | loss 0.2945 | data 0.1 ms | step 14.8 ms | 34505.7 samples/s
  step   350/1756 | loss 0.2947 | data 0.2 ms | step 16.3 ms | 31456.6 samples/s
  step   400/1756 | loss 0.3193 | data 0.2 ms | step 15.7 ms | 32689.9 samples/s
  step   450/1756 | loss 0.2975 | data 0.3 ms | step 14.4 ms | 35513.2 samples/s
  step   500/1756 | loss 0.3108 | data 0.2 ms | step 14.6 ms | 35065.2 samples/s
  step   550/1756 | loss 0.3399 | data 0.2 ms | step 13.8 ms | 37004.1 samples/s
  step   600/1756 | loss 0.3112 | data 0.2 ms | step 13.3 ms | 38490.9 samples/s
  step   650/1756 | loss 0.3477 | data 0.1 ms | step 16.4 ms | 31221.3 samples/s
  step   700/1756 | loss 0.2809 | data 0.1 ms | step 16.2 ms | 31525.2 samples/s
  step   750/1756 | loss 0.3217 | data 0.2 ms | step 15.8 ms | 32367.8 samples/s
  step   800/1756 | loss 0.3180 | data 0.2 ms | step 15.7 ms | 32685.5 samples/s
  step   850/1756 | loss 0.3014 | data 0.2 ms | step 16.5 ms | 30950.8 samples/s
  step   900/1756 | loss 0.2933 | data 0.1 ms | step 16.4 ms | 31140.6 samples/s
  step   950/1756 | loss 0.2881 | data 0.2 ms | step 17.0 ms | 30127.2 samples/s
  step  1000/1756 | loss 0.3209 | data 0.1 ms | step 16.6 ms | 30886.6 samples/s
  step  1050/1756 | loss 0.3572 | data 0.1 ms | step 16.1 ms | 31877.1 samples/s
  step  1100/1756 | loss 0.3137 | data 0.2 ms | step 15.8 ms | 32368.8 samples/s
  step  1150/1756 | loss 0.2767 | data 0.1 ms | step 15.9 ms | 32123.9 samples/s
  step  1200/1756 | loss 0.3227 | data 0.1 ms | step 16.3 ms | 31451.0 samples/s
  step  1250/1756 | loss 0.3216 | data 0.1 ms | step 16.3 ms | 31425.4 samples/s
  step  1300/1756 | loss 0.2901 | data 0.1 ms | step 15.6 ms | 32717.9 samples/s
  step  1350/1756 | loss 0.3042 | data 0.1 ms | step 16.7 ms | 30661.6 samples/s
  step  1400/1756 | loss 0.2694 | data 0.1 ms | step 15.3 ms | 33390.6 samples/s
  step  1450/1756 | loss 0.2981 | data 0.2 ms | step 13.3 ms | 38461.0 samples/s
  step  1500/1756 | loss 0.2752 | data 0.1 ms | step 16.1 ms | 31882.6 samples/s
  step  1550/1756 | loss 0.3970 | data 0.1 ms | step 16.3 ms | 31387.7 samples/s
  step  1600/1756 | loss 0.3112 | data 0.1 ms | step 17.3 ms | 29667.9 samples/s
  step  1650/1756 | loss 0.3135 | data 0.1 ms | step 17.1 ms | 30026.9 samples/s
  step  1700/1756 | loss 0.3120 | data 0.1 ms | step 17.0 ms | 30194.1 samples/s
  step  1750/1756 | loss 0.2736 | data 0.7 ms | step 17.1 ms | 29935.2 samples/s
Training Loss: 0.310767 | 32712.0 samples/s
Peak GPU memory: 927.9 MB
Validation Loss: 0.302420 | 91328.4 samples/s

Epoch 19/100
----------------------------------------
Learning Rate: 0.000090
  step    50/1756 | loss 0.2854 | data 0.7 ms | step 16.8 ms | 30547.7 samples/s
  step   100/1756 | loss 0.3131 | data 0.2 ms | step 15.5 ms | 32985.8 samples/s
  step   150/1756 | loss 0.2809 | data 0.2 ms | step 14.3 ms | 35715.1 samples/s
  step   200/1756 | loss 0.2769 | data 0.2 ms | step 14.4 ms | 35571.8 samples/s
  step   250/1756 | loss 0.3033 | data 0.2 ms | step 14.4 ms | 35542.4 samples/s
  step   300/1756 | loss 0.3155 | data 0.1 ms | step 14.3 ms | 35740.7 samples/s
  step   350/1756 | loss 0.2898 | data 0.2 ms | step 13.1 ms | 39084.7 samples/s
  step   400/1756 | loss 0.2744 | data 0.2 ms | step 13.8 ms | 37132.0 samples/s
  step   450/1756 | loss 0.2837 | data 0.1 ms | step 14.6 ms | 35154.8 samples/s
  step   500/1756 | loss 0.2787 | data 0.1 ms | step 14.4 ms | 35452.9 samples/s
  step   550/1756 | loss 0.2813 | data 0.2 ms | step 14.5 ms | 35401.4 samples/s
  step   600/1756 | loss 0.2911 | data 0.1 ms | step 14.3 ms | 35821.7 samples/s
  step   650/1756 | loss 0.2849 | data 0.1 ms | step 14.3 ms | 35681.3 samples/s
  step   700/1756 | loss 0.3110 | data 0.1 ms | step 14.3 ms | 35790.0 samples/s
  step   750/1756 | loss 0.3003 | data 0.1 ms | step 14.5 ms | 35411.2 samples/s
  step   800/1756 | loss 0.3216 | data 0.1 ms | step 14.3 ms | 35829.5 samples/s
  step   850/1756 | loss 0.3002 | data 0.1 ms | step 14.3 ms | 35784.0 samples/s
  step   900/1756 | loss 0.2848 | data 0.2 ms | step 14.3 ms | 35710.7 samples/s
  step   950/1756 | loss 0.3404 | data 0.1 ms | step 14.3 ms | 35832.7 samples/s
  step  1000/1756 | loss 0.2981 | data 0.1 ms | step 14.9 ms | 34401.1 samples/s
  step  1050/1756 | loss 0.2937 | data 0.1 ms | step 14.6 ms | 35092.1 samples/s
  step  1100/1756 | loss 0.2945 | data 0.1 ms | step 14.6 ms | 35080.7 samples/s
  step  1150/1756 | loss 0.2898 | data 0.1 ms | step 14.3 ms | 35734.5 samples/s
  step  1200/1756 | loss 0.2940 | data 0.1 ms | step 14.3 ms | 35785.7 samples/s
  step  1250/1756 | loss 0.3070 | data 0.1 ms | step 14.3 ms | 35875.8 samples/s
  step  1300/1756 | loss 0.2878 | data 0.1 ms | step 14.3 ms | 35875.2 samples/s
  step  1350/1756 | loss 0.2867 | data 0.1 ms | step 13.6 ms | 37567.0 samples/s
  step  1400/1756 | loss 0.2748 | data 0.1 ms | step 12.8 ms | 40118.1 samples/s
  step  1450/1756 | loss 0.2926 | data 0.2 ms | step 14.6 ms | 35023.5 samples/s
  step  1500/1756 | loss 0.2778 | data 0.1 ms | step 14.4 ms | 35567.9 samples/s
  step  1550/1756 | loss 0.2757 | data 0.1 ms | step 14.4 ms | 35603.5 samples/s
  step  1600/1756 | loss 0.2747 | data 0.1 ms | step 14.3 ms | 35826.0 samples/s
  step  1650/1756 | loss 0.2631 | data 0.1 ms | step 14.3 ms | 35780.7 samples/s
  step  1700/1756 | loss 0.2942 | data 0.1 ms | step 14.3 ms | 35799.4 samples/s
  step  1750/1756 | loss 0.2970 | data 0.6 ms | step 14.5 ms | 35220.2 samples/s
Training Loss: 0.292231 | 35603.0 samples/s
Peak GPU memory: 927.9 MB
Validation Loss: 0.305932 | 94288.9 samples/s

Epoch 20/100
----------------------------------------
Learning Rate: 0.000090
  step    50/1756 | loss 0.2815 | data 0.7 ms | step 14.5 ms | 35206.5 samples/s
  step   100/1756 | loss 0.2746 | data 0.1 ms | step 14.4 ms | 35542.8 samples/s
  step   150/1756 | loss 0.2824 | data 0.1 ms | step 14.4 ms | 35649.0 samples/s
  step   200/1756 | loss 0.2690 | data 0.1 ms | step 14.3 ms | 35687.6 samples/s
  step   250/1756 | loss 0.2963 | data 0.1 ms | step 14.3 ms | 35738.8 samples/s
  step   300/1756 | loss 0.2838 | data 0.1 ms | step 14.3 ms | 35826.9 samples/s
  step   350/1756 | loss 0.2968 | data 0.1 ms | step 14.3 ms | 35807.2 samples/s
  step   400/1756 | loss 0.2810 | data 0.1 ms | step 12.9 ms | 39668.1 samples/s
  step   450/1756 | loss 0.2806 | data 0.1 ms | step 13.7 ms | 37414.3 samples/s
  step   500/1756 | loss 0.3125 | data 0.1 ms | step 15.0 ms | 34114.8 samples/s
  step   550/1756 | loss 0.2861 | data 0.1 ms | step 14.7 ms | 34906.6 samples/s
  step   600/1756 | loss 0.2558 | data 0.1 ms | step 14.4 ms | 35551.4 samples/s
  step   650/1756 | loss 0.2617 | data 0.1 ms | step 14.3 ms | 35855.0 samples/s
  step   700/1756 | loss 0.2899 | data 0.1 ms | step 14.3 ms | 35783.0 samples/s
  step   750/1756 | loss 0.3256 | data 0.2 ms | step 14.3 ms | 35732.6 samples/s
  step   800/1756 | loss 0.2911 | data 0.1 ms | step 14.3 ms | 35792.6 samples/s
  step   850/1756 | loss 0.2715 | data 0.1 ms | step 14.3 ms | 35900.0 samples/s
  step   900/1756 | loss 0.3227 | data 0.1 ms | step 14.3 ms | 35838.9 samples/s
  step   950/1756 | loss 0.3197 | data 0.1 ms | step 14.4 ms | 35534.6 samples/s
  step  1000/1756 | loss 0.3470 | data 0.1 ms | step 14.3 ms | 35836.8 samples/s
  step  1050/1756 | loss 0.2890 | data 0.1 ms | step 14.3 ms | 35771.0 samples/s
  step  1100/1756 | loss 0.3157 | data 0.1 ms | step 14.3 ms | 35871.3 samples/s
  step  1150/1756 | loss 0.2756 | data 0.1 ms | step 14.8 ms | 34516.5 samples/s
  step  1200/1756 | loss 0.2585 | data 0.1 ms | step 14.4 ms | 35478.1 samples/s
  step  1250/1756 | loss 0.2997 | data 0.1 ms | step 14.3 ms | 35860.1 samples/s
  step  1300/1756 | loss 0.2588 | data 0.1 ms | step 14.5 ms | 35418.5 samples/s
  step  1350/1756 | loss 0.3095 | data 0.1 ms | step 14.3 ms | 35873.6 samples/s
  step  1400/1756 | loss 0.2821 | data 0.1 ms | step 13.2 ms | 38836.0 samples/s
  step  1450/1756 | loss 0.2643 | data 0.2 ms | step 13.2 ms | 38819.6 samples/s
  step  1500/1756 | loss 0.2835 | data 0.1 ms | step 14.7 ms | 34891.0 samples/s
  step  1550/1756 | loss 0.2619 | data 0.1 ms | step 14.6 ms | 34966.4 samples/s
  step  1600/1756 | loss 0.2513 | data 0.2 ms | step 14.3 ms | 35888.4 samples/s
  step  1650/1756 | loss 0.2538 | data 0.1 ms | step 14.3 ms | 35877.5 samples/s
  step  1700/1756 | loss 0.2782 | data 0.1 ms | step 14.3 ms | 35906.6 samples/s
  step  1750/1756 | loss 0.3003 | data 0.6 ms | step 14.7 ms | 34871.0 samples/s
Training Loss: 0.286114 | 35841.9 samples/s
Peak GPU memory: 927.9 MB
Validation Loss: 0.285546 | 94596.1 samples/s

Epoch 21/100
----------------------------------------
Learning Rate: 0.000081
  step    50/1756 | loss 0.2665 | data 0.8 ms | step 14.7 ms | 34822.2 samples/s
  step   100/1756 | loss 0.2675 | data 0.1 ms | step 14.3 ms | 35855.4 samples/s
  step   150/1756 | loss 0.2510 | data 0.1 ms | step 14.3 ms | 35864.6 samples/s
  step   200/1756 | loss 0.2906 | data 0.1 ms | step 14.3 ms | 35717.1 samples/s
  step   250/1756 | loss 0.2770 | data 0.1 ms | step 14.3 ms | 35764.0 samples/s
  step   300/1756 | loss 0.2775 | data 0.1 ms | step 14.3 ms | 35723.8 samples/s
  step   350/1756 | loss 0.2488 | data 0.1 ms | step 14.3 ms | 35851.2 samples/s
  step   400/1756 | loss 0.2692 | data 0.1 ms | step 14.1 ms | 36274.0 samples/s
  step   450/1756 | loss 0.2785 | data 0.2 ms | step 12.5 ms | 40815.6 samples/s
  step   500/1756 | loss 0.2658 | data 0.1 ms | step 14.0 ms | 36453.6 samples/s
  step   550/1756 | loss 0.2664 | data 0.1 ms | step 14.4 ms | 35477.9 samples/s
  step   600/1756 | loss 0.2705 | data 0.1 ms | step 15.0 ms | 34125.2 samples/s
  step   650/1756 | loss 0.2614 | data 0.1 ms | step 14.3 ms | 35836.5 samples/s
  step   700/1756 | loss 0.2719 | data 0.1 ms | step 14.3 ms | 35908.8 samples/s
  step   750/1756 | loss 0.2637 | data 0.1 ms | step 14.3 ms | 35853.0 samples/s
  step   800/1756 | loss 0.2686 | data 0.1 ms | step 14.5 ms | 35395.5 samples/s
  step   850/1756 | loss 0.2490 | data 0.1 ms | step 15.0 ms | 34114.1 samples/s
  step   900/1756 | loss 0.2895 | data 0.1 ms | step 14.6 ms | 35160.2 samples/s
  step   950/1756 | loss 0.2601 | data 0.1 ms | step 14.7 ms | 34879.0 samples/s
  step  1000/1756 | loss 0.2824 | data 0.1 ms | step 14.3 ms | 35827.2 samples/s
  step  1050/1756 | loss 0.2718 | data 0.1 ms | step 14.3 ms | 35877.7 samples/s
  step  1100/1756 | loss 0.2831 | data 0.1 ms | step 14.3 ms | 35800.9 samples/s
  step  1150/1756 | loss 0.2703 | data 0.1 ms | step 14.2 ms | 35942.5 samples/s
  step  1200/1756 | loss 0.2834 | data 0.1 ms | step 14.3 ms | 35862.3 samples/s
  step  1250/1756 | loss 0.2624 | data 0.1 ms | step 14.3 ms | 35818.8 samples/s
  step  1300/1756 | loss 0.2547 | data 0.1 ms | step 14.3 ms | 35738.2 samples/s
  step  1350/1756 | loss 0.2601 | data 0.1 ms | step 14.2 ms | 35944.3 samples/s
  step  1400/1756 | loss 0.2555 | data 0.1 ms | step 14.6 ms | 35053.4 samples/s
  step  1450/1756 | loss 0.2610 | data 0.1 ms | step 12.6 ms | 40578.5 samples/s
  step  1500/1756 | loss 0.2703 | data 0.1 ms | step 15.0 ms | 34167.8 samples/s
  step  1550/1756 | loss 0.2472 | data 0.1 ms | step 15.0 ms | 34220.4 samples/s
  step  1600/1756 | loss 0.2790 | data 0.1 ms | step 14.8 ms | 34625.5 samples/s
  step  1650/1756 | loss 0.2620 | data 0.1 ms | step 14.3 ms | 35733.4 samples/s
  step  1700/1756 | loss 0.2764 | data 0.1 ms | step 14.8 ms | 34631.9 samples/s
  step  1750/1756 | loss 0.2687 | data 0.6 ms | step 14.5 ms | 35297.9 samples/s
Training Loss: 0.267861 | 35684.2 samples/s
Peak GPU memory: 927.9 MB
Validation Loss: 0.281928 | 95161.9 samples/s

Epoch 22/100
----------------------------------------
Learning Rate: 0.000081
  step    50/1756 | loss 0.2497 | data 0.8 ms | step 14.5 ms | 35425.6 samples/s
  step   100/1756 | loss 0.2855 | data 0.1 ms | step 14.9 ms | 34363.6 samples/s
  step   150/1756 | loss 0.2572 | data 0.1 ms | step 14.3 ms | 35742.9 samples/s
  step   200/1756 | loss 0.2545 | data 0.1 ms | step 14.7 ms | 34722.1 samples/s
  step   250/1756 | loss 0.2525 | data 0.1 ms | step 15.0 ms | 34149.1 samples/s
  step   300/1756 | loss 0.2475 | data 0.1 ms | step 14.3 ms | 35753.6 samples/s
  step   350/1756 | loss 0.2376 | data 0.1 ms | step 14.3 ms | 35803.1 samples/s
  step   400/1756 | loss 0.2357 | data 0.1 ms | step 14.6 ms | 35187.7 samples/s
  step   450/1756 | loss 0.2455 | data 0.1 ms | step 12.5 ms | 40914.4 samples/s
  step   500/1756 | loss 0.2539 | data 0.1 ms | step 14.2 ms | 35957.3 samples/s
  step   550/1756 | loss 0.2436 | data 0.2 ms | step 14.4 ms | 35450.6 samples/s
  step   600/1756 | loss 0.2425 | data 0.2 ms | step 14.4 ms | 35562.7 samples/s
  step   650/1756 | loss 0.2495 | data 0.2 ms | step 14.8 ms | 34519.6 samples/s
  step   700/1756 | loss 0.2587 | data 0.1 ms | step 14.6 ms | 34950.0 samples/s
  step   750/1756 | loss 0.2671 | data 0.2 ms | step 14.4 ms | 35625.5 samples/s
  step   800/1756 | loss 0.2787 | data 0.2 ms | step 14.7 ms | 34783.6 samples/s
  step   850/1756 | loss 0.2403 | data 0.1 ms | step 14.6 ms | 35167.6 samples/s
  step   900/1756 | loss 0.2681 | data 0.1 ms | step 14.2 ms | 36121.4 samples/s
  step   950/1756 | loss 0.2569 | data 0.1 ms | step 14.3 ms | 35781.2 samples/s
  step  1000/1756 | loss 0.2751 | data 0.1 ms | step 14.3 ms | 35792.1 samples/s
  step  1050/1756 | loss 0.2599 | data 0.1 ms | step 14.3 ms | 35845.6 samples/s
  step  1100/1756 | loss 0.2524 | data 0.2 ms | step 14.4 ms | 35595.8 samples/s
  step  1150/1756 | loss 0.2243 | data 0.1 ms | step 14.3 ms | 35772.7 samples/s
  step  1200/1756 | loss 0.3063 | data 0.1 ms | step 14.3 ms | 35789.7 samples/s
  step  1250/1756 | loss 0.2687 | data 0.1 ms | step 14.3 ms | 35804.3 samples/s
  step  1300/1756 | loss 0.2388 | data 0.1 ms | step 14.3 ms | 35851.7 samples/s
  step  1350/1756 | loss 0.2604 | data 0.1 ms | step 14.3 ms | 35774.2 samples/s
  step  1400/1756 | loss 0.2378 | data 0.1 ms | step 14.3 ms | 35704.7 samples/s
  step  1450/1756 | loss 0.2629 | data 0.1 ms | step 13.0 ms | 39524.5 samples/s
  step  1500/1756 | loss 0.2491 | data 0.1 ms | step 13.6 ms | 37783.9 samples/s
  step  1550/1756 | loss 0.2319 | data 0.1 ms | step 15.0 ms | 34181.9 samples/s
  step  1600/1756 | loss 0.2359 | data 0.1 ms | step 14.5 ms | 35278.4 samples/s
  step  1650/1756 | loss 0.2788 | data 0.1 ms | step 14.3 ms | 35783.4 samples/s
  step  1700/1756 | loss 0.2769 | data 0.1 ms | step 14.3 ms | 35765.9 samples/s
  step  1750/1756 | loss 0.2759 | data 0.7 ms | step 14.5 ms | 35219.8 samples/s
Training Loss: 0.256169 | 35706.2 samples/s
Peak GPU memory: 927.9 MB
Validation Loss: 0.264452 | 94505.3 samples/s

Epoch 23/100
----------------------------------------
Learning Rate: 0.000081
  step    50/1756 | loss 0.2724 | data 0.7 ms | step 14.5 ms | 35404.3 samples/s
  step   100/1756 | loss 0.2824 | data 0.1 ms | step 14.3 ms | 35764.1 samples/s
  step   150/1756 | loss 0.2620 | data 0.1 ms | step 14.3 ms | 35846.1 samples/s
  step   200/1756 | loss 0.2491 | data 0.1 ms | step 14.3 ms | 35810.4 samples/s
  step   250/1756 | loss 0.2411 | data 0.1 ms | step 14.3 ms | 35813.8 samples/s
  step   300/1756 | loss 0.2434 | data 0.1 ms | step 14.3 ms | 35826.9 samples/s
  step   350/1756 | loss 0.2427 | data 0.1 ms | step 14.3 ms | 35728.0 samples/s
  step   400/1756 | loss 0.2392 | data 0.1 ms | step 14.3 ms | 35869.9 samples/s
  step   450/1756 | loss 0.2295 | data 0.1 ms | step 14.2 ms | 36007.1 samples/s
  step   500/1756 | loss 0.2271 | data 0.2 ms | step 12.5 ms | 41005.5 samples/s
  step   550/1756 | loss 0.2342 | data 0.2 ms | step 14.4 ms | 35633.1 samples/s
  step   600/1756 | loss 0.2425 | data 0.2 ms | step 14.8 ms | 34523.7 samples/s
  step   650/1756 | loss 0.2751 | data 0.1 ms | step 14.4 ms | 35444.5 samples/s
  step   700/1756 | loss 0.2341 | data 0.1 ms | step 14.7 ms | 34931.0 samples/s
  step   750/1756 | loss 0.2382 | data 0.1 ms | step 15.1 ms | 33987.0 samples/s
  step   800/1756 | loss 0.2420 | data 0.1 ms | step 14.8 ms | 34504.4 samples/s
  step   850/1756 | loss 0.2628 | data 0.1 ms | step 15.1 ms | 33863.7 samples/s
  step   900/1756 | loss 0.2767 | data 0.1 ms | step 15.2 ms | 33578.9 samples/s
  step   950/1756 | loss 0.2703 | data 0.1 ms | step 15.0 ms | 34058.4 samples/s
  step  1000/1756 | loss 0.2274 | data 0.1 ms | step 14.9 ms | 34470.3 samples/s
  step  1050/1756 | loss 0.2409 | data 0.1 ms | step 14.6 ms | 34989.8 samples/s
  step  1100/1756 | loss 0.2490 | data 0.1 ms | step 15.1 ms | 33925.7 samples/s
  step  1150/1756 | loss 0.2520 | data 0.2 ms | step 15.1 ms | 33920.4 samples/s
  step  1200/1756 | loss 0.2323 | data 0.1 ms | step 14.8 ms | 34710.5 samples/s
  step  1250/1756 | loss 0.2277 | data 0.1 ms | step 14.9 ms | 34382.5 samples/s
  step  1300/1756 | loss 0.2275 | data 0.1 ms | step 14.9 ms | 34405.8 samples/s
  step  1350/1756 | loss 0.2317 | data 0.1 ms | step 14.6 ms | 34992.6 samples/s
  step  1400/1756 | loss 0.2469 | data 0.1 ms | step 14.7 ms | 34729.1 samples/s
  step  1450/1756 | loss 0.2344 | data 0.2 ms | step 14.1 ms | 36307.3 samples/s
  step  1500/1756 | loss 0.2548 | data 0.2 ms | step 13.5 ms | 38050.0 samples/s
  step  1550/1756 | loss 0.2539 | data 0.2 ms | step 15.4 ms | 33172.3 samples/s
  step  1600/1756 | loss 0.2559 | data 0.2 ms | step 15.6 ms | 32826.1 samples/s
  step  1650/1756 | loss 0.2311 | data 0.1 ms | step 15.2 ms | 33754.3 samples/s
  step  1700/1756 | loss 0.2436 | data 0.1 ms | step 15.2 ms | 33597.8 samples/s
  step  1750/1756 | loss 0.2186 | data 0.7 ms | step 15.4 ms | 33192.0 samples/s
Training Loss: 0.245303 | 34911.7 samples/s
Peak GPU memory: 927.9 MB
Validation Loss: 0.233216 | 93517.4 samples/s

Epoch 24/100
----------------------------------------
Learning Rate: 0.000081
  step    50/1756 | loss 0.2284 | data 0.7 ms | step 16.0 ms | 31919.3 samples/s
  step   100/1756 | loss 0.2577 | data 0.1 ms | step 15.8 ms | 32487.7 samples/s
  step   150/1756 | loss 0.2416 | data 0.1 ms | step 14.8 ms | 34655.0 samples/s
  step   200/1756 | loss 0.2358 | data 0.2 ms | step 14.3 ms | 35691.3 samples/s
  step   250/1756 | loss 0.2523 | data 0.2 ms | step 14.3 ms | 35776.4 samples/s
  step   300/1756 | loss 0.2229 | data 0.2 ms | step 14.4 ms | 35635.2 samples/s
  step   350/1756 | loss 0.2364 | data 0.2 ms | step 14.4 ms | 35464.4 samples/s
  step   400/1756 | loss 0.2301 | data 0.2 ms | step 14.5 ms | 35190.3 samples/s
  step   450/1756 | loss 0.2262 | data 0.2 ms | step 13.1 ms | 39179.3 samples/s
  step   500/1756 | loss 0.2377 | data 0.2 ms | step 14.0 ms | 36696.0 samples/s
  step   550/1756 | loss 0.2414 | data 0.1 ms | step 15.1 ms | 33812.4 samples/s
  step   600/1756 | loss 0.2314 | data 0.1 ms | step 15.0 ms | 34075.6 samples/s
  step   650/1756 | loss 0.2373 | data 0.1 ms | step 14.9 ms | 34354.9 samples/s
  step   700/1756 | loss 0.2641 | data 0.1 ms | step 14.7 ms | 34945.7 samples/s
  step   750/1756 | loss 0.2588 | data 0.1 ms | step 15.1 ms | 33797.6 samples/s
  step   800/1756 | loss 0.2513 | data 0.1 ms | step 14.6 ms | 34969.0 samples/s
  step   850/1756 | loss 0.2375 | data 0.1 ms | step 14.7 ms | 34732.6 samples/s
  step   900/1756 | loss 0.2252 | data 0.1 ms | step 14.6 ms | 35036.7 samples/s
  step   950/1756 | loss 0.2602 | data 0.1 ms | step 14.9 ms | 34426.2 samples/s
  step  1000/1756 | loss 0.2492 | data 0.1 ms | step 16.4 ms | 31288.7 samples/s
  step  1050/1756 | loss 0.2637 | data 0.1 ms | step 14.9 ms | 34335.7 samples/s
  step  1100/1756 | loss 0.2507 | data 0.1 ms | step 14.6 ms | 34953.5 samples/s
  step  1150/1756 | loss 0.2139 | data 0.1 ms | step 14.8 ms | 34690.2 samples/s
  step  1200/1756 | loss 0.2380 | data 0.1 ms | step 15.2 ms | 33643.9 samples/s
  step  1250/1756 | loss 0.2437 | data 0.1 ms | step 15.4 ms | 33207.5 samples/s
  step  1300/1756 | loss 0.2574 | data 0.2 ms | step 15.0 ms | 34020.7 samples/s
  step  1350/1756 | loss 0.2461 | data 0.1 ms | step 14.9 ms | 34423.7 samples/s
  step  1400/1756 | loss 0.2474 | data 0.2 ms | step 14.3 ms | 35918.5 samples/s
  step  1450/1756 | loss 0.2416 | data 0.2 ms | step 13.8 ms | 37160.4 samples/s
  step  1500/1756 | loss 0.2044 | data 0.1 ms | step 15.7 ms | 32533.8 samples/s
  step  1550/1756 | loss 0.2462 | data 0.1 ms | step 15.3 ms | 33361.9 samples/s
  step  1600/1756 | loss 0.2321 | data 0.1 ms | step 14.9 ms | 34363.7 samples/s
  step  1650/1756 | loss 0.2490 | data 0.1 ms | step 15.1 ms | 33904.6 samples/s
  step  1700/1756 | loss 0.2267 | data 0.1 ms | step 15.4 ms | 33273.2 samples/s
  step  1750/1756 | loss 0.2489 | data 0.7 ms | step 15.5 ms | 33030.8 samples/s
Training Loss: 0.240927 | 34405.2 samples/s
Peak GPU memory: 927.9 MB
Validation Loss: 0.241432 | 93719.8 samples/s

Epoch 25/100
----------------------------------------
Learning Rate: 0.000081
  step    50/1756 | loss 0.2335 | data 0.8 ms | step 14.4 ms | 35462.1 samples/s
  step   100/1756 | loss 0.2429 | data 0.2 ms | step 14.4 ms | 35670.8 samples/s
  step   150/1756 | loss 0.2397 | data 0.2 ms | step 14.4 ms | 35647.3 samples/s
  step   200/1756 | loss 0.2393 | data 0.1 ms | step 14.3 ms | 35876.7 samples/s
  step   250/1756 | loss 0.2210 | data 0.1 ms | step 14.3 ms | 35852.0 samples/s
  step   300/1756 | loss 0.2350 | data 0.1 ms | step 14.3 ms | 35745.7 samples/s
  step   350/1756 | loss 0.2474 | data 0.1 ms | step 14.3 ms | 35796.5 samples/s
  step   400/1756 | loss 0.2207 | data 0.1 ms | step 13.2 ms | 38710.4 samples/s
  step   450/1756 | loss 0.2237 | data 0.2 ms | step 13.3 ms | 38601.6 samples/s
  step   500/1756 | loss 0.2193 | data 0.1 ms | step 15.2 ms | 33591.1 samples/s
  step   550/1756 | loss 0.2506 | data 0.1 ms | step 15.0 ms | 34072.6 samples/s
  step   600/1756 | loss 0.2454 | data 0.2 ms | step 14.5 ms | 35243.1 samples/s
  step   650/1756 | loss 0.2452 | data 0.2 ms | step 15.1 ms | 33861.7 samples/s
  step   700/1756 | loss 0.2410 | data 0.2 ms | step 14.5 ms | 35264.9 samples/s
  step   750/1756 | loss 0.2180 | data 0.2 ms | step 15.3 ms | 33550.5 samples/s
  step   800/1756 | loss 0.2341 | data 0.2 ms | step 14.6 ms | 35021.9 samples/s
  step   850/1756 | loss 0.2440 | data 0.1 ms | step 14.6 ms | 34983.2 samples/s
  step   900/1756 | loss 0.2206 | data 0.2 ms | step 14.5 ms | 35394.2 samples/s
  step   950/1756 | loss 0.2360 | data 0.2 ms | step 14.5 ms | 35322.8 samples/s
  step  1000/1756 | loss 0.2086 | data 0.2 ms | step 15.2 ms | 33705.0 samples/s
  step  1050/1756 | loss 0.2251 | data 0.2 ms | step 15.4 ms | 33276.4 samples/s
  step  1100/1756 | loss 0.2238 | data 0.2 ms | step 14.5 ms | 35345.0 samples/s
  step  1150/1756 | loss 0.2341 | data 0.1 ms | step 14.5 ms | 35269.7 samples/s
  step  1200/1756 | loss 0.2261 | data 0.2 ms | step 14.5 ms | 35279.6 samples/s
  step  1250/1756 | loss 0.2242 | data 0.1 ms | step 14.5 ms | 35233.6 samples/s
  step  1300/1756 | loss 0.2206 | data 0.1 ms | step 14.3 ms | 35811.4 samples/s
  step  1350/1756 | loss 0.2128 | data 0.1 ms | step 14.3 ms | 35742.2 samples/s
  step  1400/1756 | loss 0.2210 | data 0.1 ms | step 12.9 ms | 39629.2 samples/s
  step  1450/1756 | loss 0.2214 | data 0.1 ms | step 13.6 ms | 37627.0 samples/s
  step  1500/1756 | loss 0.2178 | data 0.1 ms | step 14.6 ms | 35135.4 samples/s
  step  1550/1756 | loss 0.2489 | data 0.1 ms | step 14.7 ms | 34772.2 samples/s
  step  1600/1756 | loss 0.2076 | data 0.1 ms | step 14.3 ms | 35771.0 samples/s
  step  1650/1756 | loss 0.2187 | data 0.1 ms | step 14.3 ms | 35763.6 samples/s
  step  1700/1756 | loss 0.2243 | data 0.1 ms | step 14.4 ms | 35483.7 samples/s
  step  1750/1756 | loss 0.2232 | data 0.7 ms | step 14.4 ms | 35548.4 samples/s
Training Loss: 0.228931 | 35460.3 samples/s
Peak GPU memory: 927.9 MB
Validation Loss: 0.222380 | 94705.2 samples/s

Epoch 26/100
----------------------------------------
Learning Rate: 0.000081
  step    50/1756 | loss 0.2514 | data 2.3 ms | step 15.8 ms | 32505.6 samples/s
  step   100/1756 | loss 0.2177 | data 0.1 ms | step 15.3 ms | 33471.0 samples/s
  step   150/1756 | loss 0.2155 | data 0.1 ms | step 14.5 ms | 35420.7 samples/s
  step   200/1756 | loss 0.1925 | data 0.1 ms | step 14.4 ms | 35560.7 samples/s
  step   250/1756 | loss 0.2130 | data 0.1 ms | step 15.2 ms | 33697.0 samples/s
  step   300/1756 | loss 0.2292 | data 0.1 ms | step 16.6 ms | 30768.2 samples/s
  step   350/1756 | loss 0.2075 | data 0.1 ms | step 16.6 ms | 30877.4 samples/s
  step   400/1756 | loss 0.2312 | data 0.2 ms | step 13.8 ms | 37053.5 samples/s
  step   450/1756 | loss 0.2450 | data 0.2 ms | step 15.7 ms | 32596.7 samples/s
  step   500/1756 | loss 0.2236 | data 0.1 ms | step 14.6 ms | 35086.3 samples/s
  step   550/1756 | loss 0.2330 | data 0.1 ms | step 14.3 ms | 35679.5 samples/s
  step   600/1756 | loss 0.2011 | data 0.1 ms | step 14.3 ms | 35841.6 samples/s
  step   650/1756 | loss 0.2475 | data 0.1 ms | step 14.3 ms | 35807.9 samples/s
  step   700/1756 | loss 0.2076 | data 0.1 ms | step 14.3 ms | 35837.2 samples/s
  step   750/1756 | loss 0.2112 | data 0.1 ms | step 14.3 ms | 35832.8 samples/s
  step   800/1756 | loss 0.2293 | data 0.1 ms | step 14.3 ms | 35821.4 samples/s
  step   850/1756 | loss 0.2172 | data 0.1 ms | step 14.3 ms | 35897.1 samples/s
  step   900/1756 | loss 0.2349 | data 0.1 ms | step 14.3 ms | 35854.6 samples/s
  step   950/1756 | loss 0.2321 | data 0.2 ms | step 14.3 ms | 35774.6 samples/s
  step  1000/1756 | loss 0.2232 | data 0.1 ms | step 14.5 ms | 35352.4 samples/s
  step  1050/1756 | loss 0.2175 | data 0.1 ms | step 14.4 ms | 35601.3 samples/s
  step  1100/1756 | loss 0.2298 | data 0.2 ms | step 14.4 ms | 35678.9 samples/s
  step  1150/1756 | loss 0.2110 | data 0.2 ms | step 14.7 ms | 34802.7 samples/s
  step  1200/1756 | loss 0.2176 | data 0.1 ms | step 17.2 ms | 29685.7 samples/s
  step  1250/1756 | loss 0.2217 | data 0.1 ms | step 17.8 ms | 28720.6 samples/s
  step  1300/1756 | loss 0.2212 | data 0.1 ms | step 17.5 ms | 29279.3 samples/s
  step  1350/1756 | loss 0.2038 | data 0.2 ms | step 14.9 ms | 34426.9 samples/s
  step  1400/1756 | loss 0.2092 | data 0.1 ms | step 17.2 ms | 29849.4 samples/s
  step  1450/1756 | loss 0.2252 | data 0.1 ms | step 17.1 ms | 29958.6 samples/s
  step  1500/1756 | loss 0.2100 | data 0.1 ms | step 17.1 ms | 29986.1 samples/s
  step  1550/1756 | loss 0.2167 | data 0.1 ms | step 16.9 ms | 30234.0 samples/s
  step  1600/1756 | loss 0.2278 | data 0.1 ms | step 16.5 ms | 31049.7 samples/s
  step  1650/1756 | loss 0.2110 | data 0.1 ms | step 16.8 ms | 30550.5 samples/s
  step  1700/1756 | loss 0.2122 | data 0.1 ms | step 17.4 ms | 29461.9 samples/s
  step  1750/1756 | loss 0.2399 | data 0.7 ms | step 17.5 ms | 29316.2 samples/s
Training Loss: 0.221060 | 33007.9 samples/s
Peak GPU memory: 927.9 MB
Validation Loss: 0.231400 | 89763.5 samples/s

Epoch 27/100
----------------------------------------
Learning Rate: 0.000081
  step    50/1756 | loss 0.2024 | data 0.7 ms | step 15.2 ms | 33647.9 samples/s
  step   100/1756 | loss 0.2235 | data 0.1 ms | step 14.3 ms | 35705.5 samples/s
  step   150/1756 | loss 0.2069 | data 0.1 ms | step 14.3 ms | 35788.2 samples/s
  step   200/1756 | loss 0.2186 | data 0.1 ms | step 14.3 ms | 35702.9 samples/s
  step   250/1756 | loss 0.2237 | data 0.2 ms | step 13.0 ms | 39385.2 samples/s
  step   300/1756 | loss 0.2293 | data 0.2 ms | step 13.2 ms | 38695.6 samples/s
  step   350/1756 | loss 0.2097 | data 0.2 ms | step 14.4 ms | 35452.9 samples/s
  step   400/1756 | loss 0.2264 | data 0.1 ms | step 15.0 ms | 34167.4 samples/s
  step   450/1756 | loss 0.2087 | data 0.1 ms | step 14.4 ms | 35553.1 samples/s
  step   500/1756 | loss 0.2247 | data 0.1 ms | step 14.3 ms | 35888.7 samples/s
  step   550/1756 | loss 0.2227 | data 0.1 ms | step 14.3 ms | 35704.8 samples/s
  step   600/1756 | loss 0.2085 | data 0.1 ms | step 14.5 ms | 35320.8 samples/s
  step   650/1756 | loss 0.2289 | data 0.1 ms | step 14.4 ms | 35546.0 samples/s
  step   700/1756 | loss 0.2080 | data 0.1 ms | step 14.9 ms | 34393.5 samples/s
  step   750/1756 | loss 0.1987 | data 0.1 ms | step 14.3 ms | 35778.6 samples/s
  step   800/1756 | loss 0.1946 | data 0.1 ms | step 14.7 ms | 34900.9 samples/s
  step   850/1756 | loss 0.2249 | data 0.1 ms | step 14.3 ms | 35763.1 samples/s
  step   900/1756 | loss 0.2335 | data 0.1 ms | step 14.3 ms | 35913.6 samples/s
  step   950/1756 | loss 0.2205 | data 0.1 ms | step 14.3 ms | 35865.4 samples/s
  step  1000/1756 | loss 0.2233 | data 0.1 ms | step 14.3 ms | 35816.2 samples/s
  step  1050/1756 | loss 0.2311 | data 0.2 ms | step 14.4 ms | 35488.3 samples/s
  step  1100/1756 | loss 0.2196 | data 0.2 ms | step 14.5 ms | 35369.2 samples/s
  step  1150/1756 | loss 0.2106 | data 0.1 ms | step 14.4 ms | 35642.2 samples/s
  step  1200/1756 | loss 0.2216 | data 0.1 ms | step 14.4 ms | 35673.0 samples/s
  step  1250/1756 | loss 0.2078 | data 0.1 ms | step 13.2 ms | 38906.5 samples/s
  step  1300/1756 | loss 0.1876 | data 0.2 ms | step 13.2 ms | 38677.3 samples/s
  step  1350/1756 | loss 0.2359 | data 0.1 ms | step 14.9 ms | 34260.8 samples/s
  step  1400/1756 | loss 0.2186 | data 0.1 ms | step 14.5 ms | 35369.9 samples/s
  step  1450/1756 | loss 0.2104 | data 0.1 ms | step 14.5 ms | 35432.3 samples/s
  step  1500/1756 | loss 0.2235 | data 0.1 ms | step 14.3 ms | 35706.8 samples/s
  step  1550/1756 | loss 0.2354 | data 0.1 ms | step 14.3 ms | 35808.2 samples/s
  step  1600/1756 | loss 0.2198 | data 0.1 ms | step 14.3 ms | 35760.4 samples/s
  step  1650/1756 | loss 0.2217 | data 0.1 ms | step 14.3 ms | 35836.6 samples/s
  step  1700/1756 | loss 0.2444 | data 0.1 ms | step 14.3 ms | 35689.5 samples/s
  step  1750/1756 | loss 0.2162 | data 0.6 ms | step 14.3 ms | 35774.0 samples/s
Training Loss: 0.218183 | 35793.5 samples/s
Peak GPU memory: 927.9 MB
Validation Loss: 0.224206 | 92103.1 samples/s

Epoch 28/100
----------------------------------------
Learning Rate: 0.000081
  step    50/1756 | loss 0.2140 | data 0.7 ms | step 15.3 ms | 33375.0 samples/s
  step   100/1756 | loss 0.2001 | data 0.1 ms | step 14.6 ms | 35092.7 samples/s
  step   150/1756 | loss 0.2095 | data 0.1 ms | step 14.8 ms | 34679.3 samples/s
  step   200/1756 | loss 0.2141 | data 0.1 ms | step 14.7 ms | 34849.1 samples/s
  step   250/1756 | loss 0.2357 | data 0.1 ms | step 13.9 ms | 36785.2 samples/s
  step   300/1756 | loss 0.2357 | data 0.1 ms | step 12.6 ms | 40755.3 samples/s
  step   350/1756 | loss 0.2271 | data 0.2 ms | step 14.3 ms | 35722.1 samples/s
  step   400/1756 | loss 0.2013 | data 0.1 ms | step 14.5 ms | 35324.3 samples/s
  step   450/1756 | loss 0.2253 | data 0.1 ms | step 14.3 ms | 35730.7 samples/s
  step   500/1756 | loss 0.2291 | data 0.1 ms | step 14.3 ms | 35825.7 samples/s
  step   550/1756 | loss 0.2023 | data 0.1 ms | step 14.3 ms | 35843.1 samples/s
  step   600/1756 | loss 0.2038 | data 0.1 ms | step 14.3 ms | 35887.0 samples/s
  step   650/1756 | loss 0.2069 | data 0.1 ms | step 14.3 ms | 35758.6 samples/s
  step   700/1756 | loss 0.2043 | data 0.1 ms | step 14.3 ms | 35745.9 samples/s
  step   750/1756 | loss 0.2285 | data 0.2 ms | step 14.3 ms | 35810.3 samples/s
  step   800/1756 | loss 0.2211 | data 0.1 ms | step 14.3 ms | 35816.2 samples/s
  step   850/1756 | loss 0.2065 | data 0.2 ms | step 14.3 ms | 35844.3 samples/s
  step   900/1756 | loss 0.2179 | data 0.2 ms | step 14.4 ms | 35670.4 samples/s
  step   950/1756 | loss 0.2116 | data 0.1 ms | step 14.3 ms | 35763.3 samples/s
  step  1000/1756 | loss 0.2001 | data 0.1 ms | step 14.3 ms | 35896.1 samples/s
  step  1050/1756 | loss 0.1958 | data 0.1 ms | step 14.3 ms | 35742.2 samples/s
  step  1100/1756 | loss 0.2069 | data 0.1 ms | step 14.3 ms | 35866.0 samples/s
  step  1150/1756 | loss 0.2240 | data 0.1 ms | step 14.3 ms | 35730.6 samples/s
  step  1200/1756 | loss 0.1986 | data 0.1 ms | step 14.3 ms | 35694.1 samples/s
  step  1250/1756 | loss 0.2211 | data 0.1 ms | step 14.3 ms | 35795.1 samples/s
  step  1300/1756 | loss 0.1896 | data 0.1 ms | step 12.8 ms | 39992.1 samples/s
  step  1350/1756 | loss 0.2032 | data 0.1 ms | step 13.6 ms | 37522.5 samples/s
  step  1400/1756 | loss 0.2153 | data 0.1 ms | step 14.3 ms | 35679.8 samples/s
  step  1450/1756 | loss 0.2319 | data 0.1 ms | step 14.4 ms | 35575.2 samples/s
  step  1500/1756 | loss 0.1938 | data 0.1 ms | step 14.4 ms | 35644.2 samples/s
  step  1550/1756 | loss 0.1934 | data 0.1 ms | step 14.3 ms | 35805.5 samples/s
  step  1600/1756 | loss 0.2036 | data 0.1 ms | step 14.3 ms | 35774.1 samples/s
  step  1650/1756 | loss 0.2238 | data 0.1 ms | step 14.3 ms | 35775.0 samples/s
  step  1700/1756 | loss 0.2099 | data 0.1 ms | step 14.3 ms | 35700.2 samples/s
  step  1750/1756 | loss 0.2145 | data 0.6 ms | step 14.5 ms | 35349.8 samples/s
Training Loss: 0.211837 | 35885.1 samples/s
Peak GPU memory: 927.9 MB
Validation Loss: 0.209713 | 94985.5 samples/s

Epoch 29/100
----------------------------------------
Learning Rate: 0.000081
  step    50/1756 | loss 0.1994 | data 0.7 ms | step 14.4 ms | 35542.0 samples/s
  step   100/1756 | loss 0.1731 | data 0.1 ms | step 14.3 ms | 35714.5 samples/s
  step   150/1756 | loss 0.2020 | data 0.1 ms | step 14.3 ms | 35742.0 samples/s
  step   200/1756 | loss 0.2011 | data 0.1 ms | step 14.3 ms | 35710.0 samples/s
  step   250/1756 | loss 0.2107 | data 0.1 ms | step 14.3 ms | 35693.9 samples/s
  step   300/1756 | loss 0.2277 | data 0.1 ms | step 14.1 ms | 36209.7 samples/s
  step   350/1756 | loss 0.2216 | data 0.2 ms | step 12.5 ms | 40860.5 samples/s
  step   400/1756 | loss 0.2141 | data 0.1 ms | step 14.1 ms | 36370.7 samples/s
  step   450/1756 | loss 0.1925 | data 0.1 ms | step 14.3 ms | 35719.8 samples/s
  step   500/1756 | loss 0.2048 | data 0.1 ms | step 14.4 ms | 35576.8 samples/s
  step   550/1756 | loss 0.2080 | data 0.1 ms | step 14.4 ms | 35671.4 samples/s
  step   600/1756 | loss 0.2268 | data 0.1 ms | step 14.3 ms | 35707.3 samples/s
  step   650/1756 | loss 0.1842 | data 0.1 ms | step 14.3 ms | 35774.0 samples/s
  step   700/1756 | loss 0.1973 | data 0.1 ms | step 14.3 ms | 35724.0 samples/s
  step   750/1756 | loss 0.2099 | data 0.1 ms | step 14.3 ms | 35720.2 samples/s
  step   800/1756 | loss 0.1958 | data 0.1 ms | step 14.3 ms | 35728.3 samples/s
  step   850/1756 | loss 0.2047 | data 0.1 ms | step 14.3 ms | 35721.8 samples/s
  step   900/1756 | loss 0.1955 | data 0.1 ms | step 14.3 ms | 35724.3 samples/s
  step   950/1756 | loss 0.2137 | data 0.1 ms | step 14.3 ms | 35801.1 samples/s
  step  1000/1756 | loss 0.2261 | data 0.1 ms | step 14.3 ms | 35777.0 samples/s
  step  1050/1756 | loss 0.2240 | data 0.1 ms | step 14.3 ms | 35924.0 samples/s
  step  1100/1756 | loss 0.2140 | data 0.1 ms | step 14.3 ms | 35830.5 samples/s
  step  1150/1756 | loss 0.2002 | data 0.1 ms | step 14.3 ms | 35802.4 samples/s
  step  1200/1756 | loss 0.1944 | data 0.1 ms | step 14.3 ms | 35749.6 samples/s
  step  1250/1756 | loss 0.2165 | data 0.1 ms | step 14.3 ms | 35742.3 samples/s
  step  1300/1756 | loss 0.2157 | data 0.1 ms | step 14.3 ms | 35770.0 samples/s
  step  1350/1756 | loss 0.1982 | data 0.2 ms | step 13.1 ms | 39166.3 samples/s
  step  1400/1756 | loss 0.1988 | data 0.2 ms | step 13.2 ms | 38713.7 samples/s
  step  1450/1756 | loss 0.2041 | data 0.2 ms | step 14.3 ms | 35682.5 samples/s
  step  1500/1756 | loss 0.1974 | data 0.1 ms | step 14.6 ms | 35138.5 samples/s
  step  1550/1756 | loss 0.1931 | data 0.1 ms | step 14.3 ms | 35900.3 samples/s
  step  1600/1756 | loss 0.2136 | data 0.1 ms | step 14.4 ms | 35657.7 samples/s
  step  1650/1756 | loss 0.2173 | data 0.1 ms | step 14.3 ms | 35813.6 samples/s
  step  1700/1756 | loss 0.2043 | data 0.1 ms | step 14.3 ms | 35751.9 samples/s
  step  1750/1756 | loss 0.1999 | data 0.7 ms | step 14.4 ms | 35461.4 samples/s
Training Loss: 0.205767 | 36034.5 samples/s
Peak GPU memory: 927.9 MB
Validation Loss: 0.204959 | 95330.8 samples/s

Epoch 30/100
----------------------------------------
Learning Rate: 0.000081
  step    50/1756 | loss 0.2042 | data 0.7 ms | step 14.4 ms | 35656.7 samples/s
  step   100/1756 | loss 0.1972 | data 0.1 ms | step 14.3 ms | 35785.3 samples/s
  step   150/1756 | loss 0.2063 | data 0.1 ms | step 14.3 ms | 35784.9 samples/s
  step   200/1756 | loss 0.2000 | data 0.1 ms | step 14.3 ms | 35777.1 samples/s
  step   250/1756 | loss 0.2164 | data 0.1 ms | step 14.3 ms | 35816.1 samples/s
  step   300/1756 | loss 0.1898 | data 0.1 ms | step 14.3 ms | 35858.3 samples/s
  step   350/1756 | loss 0.1849 | data 0.1 ms | step 14.3 ms | 35779.6 samples/s
  step   400/1756 | loss 0.1919 | data 0.2 ms | step 12.8 ms | 40054.5 samples/s
  step   450/1756 | loss 0.2058 | data 0.2 ms | step 13.7 ms | 37352.4 samples/s
  step   500/1756 | loss 0.2062 | data 0.2 ms | step 14.4 ms | 35668.7 samples/s
  step   550/1756 | loss 0.1930 | data 0.1 ms | step 14.4 ms | 35486.5 samples/s
  step   600/1756 | loss 0.1841 | data 0.1 ms | step 14.3 ms | 35825.7 samples/s
  step   650/1756 | loss 0.2154 | data 0.2 ms | step 14.3 ms | 35845.9 samples/s
  step   700/1756 | loss 0.2011 | data 0.2 ms | step 14.3 ms | 35811.1 samples/s
  step   750/1756 | loss 0.1877 | data 0.1 ms | step 14.5 ms | 35253.3 samples/s
  step   800/1756 | loss 0.1785 | data 0.2 ms | step 14.3 ms | 35817.9 samples/s
  step   850/1756 | loss 0.1900 | data 0.2 ms | step 14.5 ms | 35236.9 samples/s
  step   900/1756 | loss 0.1905 | data 0.1 ms | step 14.3 ms | 35739.4 samples/s
  step   950/1756 | loss 0.2102 | data 0.1 ms | step 14.3 ms | 35756.2 samples/s
  step  1000/1756 | loss 0.1967 | data 0.1 ms | step 14.3 ms | 35682.3 samples/s
  step  1050/1756 | loss 0.1980 | data 0.1 ms | step 14.4 ms | 35655.4 samples/s
  step  1100/1756 | loss 0.2125 | data 0.1 ms | step 14.3 ms | 35694.9 samples/s
  step  1150/1756 | loss 0.2204 | data 0.1 ms | step 14.3 ms | 35687.4 samples/s
  step  1200/1756 | loss 0.2069 | data 0.2 ms | step 14.3 ms | 35753.7 samples/s
  step  1250/1756 | loss 0.2121 | data 0.1 ms | step 14.3 ms | 35760.6 samples/s
  step  1300/1756 | loss 0.2314 | data 0.1 ms | step 14.3 ms | 35709.8 samples/s
  step  1350/1756 | loss 0.2040 | data 0.1 ms | step 14.3 ms | 35753.2 samples/s
  step  1400/1756 | loss 0.1866 | data 0.2 ms | step 13.3 ms | 38440.7 samples/s
  step  1450/1756 | loss 0.1948 | data 0.1 ms | step 13.0 ms | 39352.9 samples/s
  step  1500/1756 | loss 0.2015 | data 0.1 ms | step 14.6 ms | 35108.9 samples/s
  step  1550/1756 | loss 0.2085 | data 0.2 ms | step 14.3 ms | 35808.7 samples/s
  step  1600/1756 | loss 0.1983 | data 0.1 ms | step 14.3 ms | 35887.9 samples/s
  step  1650/1756 | loss 0.2030 | data 0.1 ms | step 14.3 ms | 35850.4 samples/s
  step  1700/1756 | loss 0.1985 | data 0.1 ms | step 14.3 ms | 35716.7 samples/s
  step  1750/1756 | loss 0.2054 | data 0.7 ms | step 14.4 ms | 35535.5 samples/s
Training Loss: 0.200755 | 36009.5 samples/s
Peak GPU memory: 927.9 MB
Validation Loss: 0.208316 | 94684.6 samples/s

Epoch 31/100
----------------------------------------
Learning Rate: 0.000073
  step    50/1756 | loss 0.2071 | data 0.7 ms | step 14.4 ms | 35615.6 samples/s
  step   100/1756 | loss 0.1957 | data 0.1 ms | step 14.2 ms | 35934.2 samples/s
  step   150/1756 | loss 0.2023 | data 0.1 ms | step 14.3 ms | 35731.6 samples/s
  step   200/1756 | loss 0.2119 | data 0.1 ms | step 14.3 ms | 35779.7 samples/s
  step   250/1756 | loss 0.2082 | data 0.2 ms | step 14.3 ms | 35856.9 samples/s
  step   300/1756 | loss 0.2028 | data 0.1 ms | step 14.3 ms | 35726.0 samples/s
  step   350/1756 | loss 0.1837 | data 0.1 ms | step 14.4 ms | 35642.4 samples/s
  step   400/1756 | loss 0.2043 | data 0.1 ms | step 14.3 ms | 35781.7 samples/s
  step   450/1756 | loss 0.2171 | data 0.2 ms | step 12.8 ms | 40076.9 samples/s
  step   500/1756 | loss 0.1925 | data 0.2 ms | step 13.4 ms | 38110.3 samples/s
  step   550/1756 | loss 0.1895 | data 0.1 ms | step 14.3 ms | 35832.5 samples/s
  step   600/1756 | loss 0.1914 | data 0.1 ms | step 14.5 ms | 35421.6 samples/s
  step   650/1756 | loss 0.1954 | data 0.1 ms | step 14.3 ms | 35822.0 samples/s
  step   700/1756 | loss 0.1833 | data 0.2 ms | step 14.3 ms | 35821.6 samples/s
  step   750/1756 | loss 0.1831 | data 0.1 ms | step 14.3 ms | 35848.8 samples/s
  step   800/1756 | loss 0.1869 | data 0.1 ms | step 14.4 ms | 35476.2 samples/s
  step   850/1756 | loss 0.1957 | data 0.1 ms | step 14.4 ms | 35677.6 samples/s
  step   900/1756 | loss 0.1791 | data 0.1 ms | step 14.3 ms | 35723.9 samples/s
  step   950/1756 | loss 0.2014 | data 0.1 ms | step 14.3 ms | 35699.8 samples/s
  step  1000/1756 | loss 0.2084 | data 0.1 ms | step 14.3 ms | 35760.2 samples/s
  step  1050/1756 | loss 0.1990 | data 0.1 ms | step 14.3 ms | 35750.9 samples/s
  step  1100/1756 | loss 0.1950 | data 0.1 ms | step 14.3 ms | 35689.0 samples/s
  step  1150/1756 | loss 0.2134 | data 0.2 ms | step 14.3 ms | 35718.6 samples/s
  step  1200/1756 | loss 0.2029 | data 0.1 ms | step 14.3 ms | 35795.9 samples/s
  step  1250/1756 | loss 0.2161 | data 0.1 ms | step 14.3 ms | 35696.1 samples/s
  step  1300/1756 | loss 0.2002 | data 0.1 ms | step 14.3 ms | 35681.6 samples/s
  step  1350/1756 | loss 0.1990 | data 0.1 ms | step 14.4 ms | 35672.3 samples/s
  step  1400/1756 | loss 0.1966 | data 0.1 ms | step 14.4 ms | 35620.0 samples/s
  step  1450/1756 | loss 0.1977 | data 0.1 ms | step 13.6 ms | 37768.2 samples/s
  step  1500/1756 | loss 0.1971 | data 0.2 ms | step 12.7 ms | 40289.1 samples/s
  step  1550/1756 | loss 0.2001 | data 0.2 ms | step 14.4 ms | 35444.1 samples/s
  step  1600/1756 | loss 0.2141 | data 0.1 ms | step 14.5 ms | 35311.3 samples/s
  step  1650/1756 | loss 0.1852 | data 0.1 ms | step 14.4 ms | 35540.2 samples/s
  step  1700/1756 | loss 0.1910 | data 0.1 ms | step 14.3 ms | 35798.3 samples/s
  step  1750/1756 | loss 0.1994 | data 0.6 ms | step 14.6 ms | 35120.1 samples/s
Training Loss: 0.198626 | 36022.8 samples/s
Peak GPU memory: 927.9 MB
Validation Loss: 0.189268 | 87588.6 samples/s

Epoch 32/100
----------------------------------------
Learning Rate: 0.000073
  step    50/1756 | loss 0.1831 | data 0.6 ms | step 16.0 ms | 32088.9 samples/s
  step   100/1756 | loss 0.1738 | data 0.1 ms | step 16.2 ms | 31671.7 samples/s
  step   150/1756 | loss 0.1782 | data 0.1 ms | step 14.6 ms | 34972.9 samples/s
  step   200/1756 | loss 0.1892 | data 0.1 ms | step 14.5 ms | 35419.3 samples/s
  step   250/1756 | loss 0.1886 | data 0.1 ms | step 14.4 ms | 35584.5 samples/s
  step   300/1756 | loss 0.1823 | data 0.1 ms | step 14.5 ms | 35432.2 samples/s
  step   350/1756 | loss 0.1837 | data 0.1 ms | step 14.3 ms | 35874.0 samples/s
  step   400/1756 | loss 0.1876 | data 0.1 ms | step 14.3 ms | 35769.0 samples/s
  step   450/1756 | loss 0.1881 | data 0.1 ms | step 13.1 ms | 39168.5 samples/s
  step   500/1756 | loss 0.2000 | data 0.1 ms | step 13.3 ms | 38442.0 samples/s
  step   550/1756 | loss 0.1874 | data 0.1 ms | step 14.9 ms | 34331.2 samples/s
  step   600/1756 | loss 0.1772 | data 0.1 ms | step 14.6 ms | 35128.7 samples/s
  step   650/1756 | loss 0.1919 | data 0.1 ms | step 14.3 ms | 35879.7 samples/s
  step   700/1756 | loss 0.2025 | data 0.1 ms | step 14.3 ms | 35806.9 samples/s
  step   750/1756 | loss 0.1915 | data 0.1 ms | step 14.4 ms | 35664.6 samples/s
  step   800/1756 | loss 0.2237 | data 0.1 ms | step 14.3 ms | 35778.1 samples/s
  step   850/1756 | loss 0.1827 | data 0.1 ms | step 14.2 ms | 35930.2 samples/s
  step   900/1756 | loss 0.1791 | data 0.1 ms | step 14.3 ms | 35773.6 samples/s
  step   950/1756 | loss 0.1760 | data 0.1 ms | step 14.3 ms | 35862.8 samples/s
  step  1000/1756 | loss 0.1902 | data 0.1 ms | step 14.3 ms | 35793.5 samples/s
  step  1050/1756 | loss 0.1916 | data 0.1 ms | step 14.3 ms | 35778.2 samples/s
  step  1100/1756 | loss 0.2060 | data 0.1 ms | step 14.3 ms | 35803.9 samples/s
  step  1150/1756 | loss 0.2004 | data 0.1 ms | step 14.3 ms | 35810.2 samples/s
  step  1200/1756 | loss 0.1954 | data 0.1 ms | step 14.3 ms | 35687.8 samples/s
  step  1250/1756 | loss 0.1939 | data 0.1 ms | step 14.3 ms | 35837.9 samples/s
  step  1300/1756 | loss 0.1766 | data 0.1 ms | step 14.3 ms | 35771.8 samples/s
  step  1350/1756 | loss 0.1820 | data 0.1 ms | step 14.3 ms | 35780.7 samples/s
  step  1400/1756 | loss 0.1988 | data 0.1 ms | step 14.3 ms | 35847.5 samples/s
  step  1450/1756 | loss 0.1889 | data 0.1 ms | step 13.6 ms | 37599.8 samples/s
  step  1500/1756 | loss 0.2006 | data 0.1 ms | step 12.7 ms | 40287.6 samples/s
  step  1550/1756 | loss 0.1761 | data 0.1 ms | step 14.6 ms | 35177.7 samples/s
  step  1600/1756 | loss 0.1892 | data 0.1 ms | step 14.4 ms | 35447.5 samples/s
  step  1650/1756 | loss 0.1981 | data 0.1 ms | step 14.6 ms | 35004.6 samples/s
  step  1700/1756 | loss 0.1968 | data 0.1 ms | step 14.3 ms | 35793.1 samples/s
  step  1750/1756 | loss 0.1675 | data 0.6 ms | step 14.4 ms | 35489.6 samples/s
Training Loss: 0.189053 | 35689.2 samples/s
Peak GPU memory: 927.9 MB
Validation Loss: 0.185348 | 93261.0 samples/s

Epoch 33/100
----------------------------------------
Learning Rate: 0.000073
  step    50/1756 | loss 0.1912 | data 0.6 ms | step 14.9 ms | 34470.7 samples/s
  step   100/1756 | loss 0.1915 | data 0.1 ms | step 14.3 ms | 35732.1 samples/s
  step   150/1756 | loss 0.1754 | data 0.1 ms | step 14.4 ms | 35593.3 samples/s
  step   200/1756 | loss 0.1755 | data 0.1 ms | step 14.2 ms | 35940.9 samples/s
  step   250/1756 | loss 0.1939 | data 0.1 ms | step 14.3 ms | 35804.6 samples/s
  step   300/1756 | loss 0.1597 | data 0.1 ms | step 14.3 ms | 35740.5 samples/s
  step   350/1756 | loss 0.1729 | data 0.1 ms | step 14.4 ms | 35660.2 samples/s
  step   400/1756 | loss 0.1926 | data 0.1 ms | step 14.3 ms | 35730.7 samples/s
  step   450/1756 | loss 0.1910 | data 0.1 ms | step 14.3 ms | 35698.7 samples/s
  step   500/1756 | loss 0.1941 | data 0.2 ms | step 12.7 ms | 40387.7 samples/s
  step   550/1756 | loss 0.2123 | data 0.1 ms | step 13.9 ms | 36793.2 samples/s
  step   600/1756 | loss 0.2002 | data 0.1 ms | step 14.5 ms | 35399.0 samples/s
  step   650/1756 | loss 0.1905 | data 0.1 ms | step 14.5 ms | 35382.5 samples/s
  step   700/1756 | loss 0.1882 | data 0.1 ms | step 14.3 ms | 35796.3 samples/s
  step   750/1756 | loss 0.1834 | data 0.1 ms | step 14.3 ms | 35820.5 samples/s
  step   800/1756 | loss 0.1773 | data 0.1 ms | step 14.3 ms | 35758.1 samples/s
  step   850/1756 | loss 0.1870 | data 0.1 ms | step 14.3 ms | 35794.1 samples/s
  step   900/1756 | loss 0.1861 | data 0.1 ms | step 14.3 ms | 35713.3 samples/s
  step   950/1756 | loss 0.1719 | data 0.1 ms | step 14.3 ms | 35808.0 samples/s
  step  1000/1756 | loss 0.2009 | data 0.1 ms | step 14.3 ms | 35753.0 samples/s
  step  1050/1756 | loss 0.1941 | data 0.1 ms | step 14.3 ms | 35748.6 samples/s
  step  1100/1756 | loss 0.1800 | data 0.1 ms | step 14.3 ms | 35692.8 samples/s
  step  1150/1756 | loss 0.1918 | data 0.1 ms | step 14.3 ms | 35761.3 samples/s
  step  1200/1756 | loss 0.1746 | data 0.1 ms | step 14.3 ms | 35745.7 samples/s
  step  1250/1756 | loss 0.1655 | data 0.1 ms | step 14.3 ms | 35754.3 samples/s
  step  1300/1756 | loss 0.1858 | data 0.1 ms | step 14.4 ms | 35671.4 samples/s
  step  1350/1756 | loss 0.1955 | data 0.1 ms | step 14.3 ms | 35733.6 samples/s
  step  1400/1756 | loss 0.1837 | data 0.1 ms | step 14.4 ms | 35587.6 samples/s
  step  1450/1756 | loss 0.1957 | data 0.1 ms | step 14.3 ms | 35684.8 samples/s
  step  1500/1756 | loss 0.1916 | data 0.1 ms | step 13.4 ms | 38268.0 samples/s
  step  1550/1756 | loss 0.1987 | data 0.2 ms | step 12.9 ms | 39759.2 samples/s
  step  1600/1756 | loss 0.1975 | data 0.1 ms | step 14.8 ms | 34648.7 samples/s
  step  1650/1756 | loss 0.1866 | data 0.1 ms | step 14.5 ms | 35320.3 samples/s
  step  1700/1756 | loss 0.1825 | data 0.1 ms | step 14.6 ms | 35067.3 samples/s
  step  1750/1756 | loss 0.1912 | data 0.9 ms | step 15.7 ms | 32639.7 samples/s
Training Loss: 0.187111 | 35820.8 samples/s
Peak GPU memory: 927.9 MB
Validation Loss: 0.181901 | 86087.8 samples/s

Epoch 34/100
----------------------------------------
Learning Rate: 0.000073
  step    50/1756 | loss 0.1892 | data 0.9 ms | step 15.1 ms | 33836.1 samples/s
  step   100/1756 | loss 0.1777 | data 0.2 ms | step 14.9 ms | 34255.3 samples/s
  step   150/1756 | loss 0.1914 | data 0.1 ms | step 15.0 ms | 34118.9 samples/s
  step   200/1756 | loss 0.1713 | data 0.1 ms | step 14.6 ms | 34987.9 samples/s
  step   250/1756 | loss 0.1991 | data 0.1 ms | step 14.5 ms | 35220.5 samples/s
  step   300/1756 | loss 0.1764 | data 0.1 ms | step 14.5 ms | 35306.1 samples/s
  step   350/1756 | loss 0.1722 | data 0.1 ms | step 14.4 ms | 35505.4 samples/s
  step   400/1756 | loss 0.1778 | data 0.1 ms | step 14.6 ms | 35181.1 samples/s
  step   450/1756 | loss 0.1827 | data 0.1 ms | step 14.3 ms | 35784.5 samples/s
  step   500/1756 | loss 0.1832 | data 0.1 ms | step 14.3 ms | 35797.7 samples/s
  step   550/1756 | loss 0.1827 | data 0.2 ms | step 13.0 ms | 39310.1 samples/s
  step   600/1756 | loss 0.1702 | data 0.2 ms | step 13.2 ms | 38653.7 samples/s
  step   650/1756 | loss 0.1804 | data 0.1 ms | step 14.4 ms | 35563.4 samples/s
  step   700/1756 | loss 0.1718 | data 0.1 ms | step 14.6 ms | 35148.7 samples/s
  step   750/1756 | loss 0.1967 | data 0.1 ms | step 14.7 ms | 34924.9 samples/s
  step   800/1756 | loss 0.1830 | data 0.1 ms | step 14.3 ms | 35828.8 samples/s
  step   850/1756 | loss 0.1925 | data 0.1 ms | step 14.3 ms | 35803.5 samples/s
  step   900/1756 | loss 0.1835 | data 0.1 ms | step 14.3 ms | 35791.8 samples/s
  step   950/1756 | loss 0.1939 | data 0.1 ms | step 14.3 ms | 35864.7 samples/s
  step  1000/1756 | loss 0.2007 | data 0.1 ms | step 14.3 ms | 35875.1 samples/s
  step  1050/1756 | loss 0.1625 | data 0.1 ms | step 14.3 ms | 35841.4 samples/s
  step  1100/1756 | loss 0.1742 | data 0.1 ms | step 14.3 ms | 35706.4 samples/s
  step  1150/1756 | loss 0.1871 | data 0.1 ms | step 14.5 ms | 35388.8 samples/s
  step  1200/1756 | loss 0.1597 | data 0.1 ms | step 14.3 ms | 35745.0 samples/s
  step  1250/1756 | loss 0.1773 | data 0.1 ms | step 14.3 ms | 35812.7 samples/s
  step  1300/1756 | loss 0.1973 | data 0.1 ms | step 14.3 ms | 35908.0 samples/s
  step  1350/1756 | loss 0.2057 | data 0.1 ms | step 14.6 ms | 35181.9 samples/s
  step  1400/1756 | loss 0.1843 | data 0.2 ms | step 15.4 ms | 33171.7 samples/s
  step  1450/1756 | loss 0.1726 | data 0.1 ms | step 14.6 ms | 35159.0 samples/s
  step  1500/1756 | loss 0.1716 | data 0.1 ms | step 14.3 ms | 35778.6 samples/s
  step  1550/1756 | loss 0.1893 | data 0.1 ms | step 13.4 ms | 38142.4 samples/s
  step  1600/1756 | loss 0.1806 | data 0.1 ms | step 13.0 ms | 39413.5 samples/s
  step  1650/1756 | loss 0.1606 | data 0.1 ms | step 14.5 ms | 35225.5 samples/s
  step  1700/1756 | loss 0.1845 | data 0.1 ms | step 14.5 ms | 35197.6 samples/s
  step  1750/1756 | loss 0.1915 | data 0.6 ms | step 14.6 ms | 35003.6 samples/s
Training Loss: 0.182427 | 35646.7 samples/s
Peak GPU memory: 927.9 MB
Validation Loss: 0.189505 | 94681.4 samples/s

Epoch 35/100
----------------------------------------
Learning Rate: 0.000073
  step    50/1756 | loss 0.1903 | data 0.7 ms | step 14.8 ms | 34598.9 samples/s
  step   100/1756 | loss 0.2126 | data 0.1 ms | step 14.3 ms | 35783.3 samples/s
  step   150/1756 | loss 0.1776 | data 0.1 ms | step 14.8 ms | 34689.7 samples/s
  step   200/1756 | loss 0.1843 | data 0.1 ms | step 14.3 ms | 35769.5 samples/s
  step   250/1756 | loss 0.1741 | data 0.1 ms | step 14.3 ms | 35754.6 samples/s
  step   300/1756 | loss 0.1856 | data 0.1 ms | step 14.4 ms | 35668.4 samples/s
  step   350/1756 | loss 0.1906 | data 0.1 ms | step 14.3 ms | 35851.3 samples/s
  step   400/1756 | loss 0.1771 | data 0.1 ms | step 14.3 ms | 35794.2 samples/s
  step   450/1756 | loss 0.1766 | data 0.1 ms | step 14.3 ms | 35730.0 samples/s
  step   500/1756 | loss 0.1820 | data 0.1 ms | step 14.3 ms | 35766.5 samples/s
  step   550/1756 | loss 0.1982 | data 0.1 ms | step 14.3 ms | 35884.2 samples/s
  step   600/1756 | loss 0.1757 | data 0.1 ms | step 12.7 ms | 40471.2 samples/s
  step   650/1756 | loss 0.1665 | data 0.1 ms | step 13.9 ms | 36830.4 samples/s
  step   700/1756 | loss 0.1772 | data 0.1 ms | step 14.9 ms | 34420.4 samples/s
  step   750/1756 | loss 0.1849 | data 0.2 ms | step 15.4 ms | 33191.3 samples/s
  step   800/1756 | loss 0.1912 | data 0.1 ms | step 14.9 ms | 34370.7 samples/s
  step   850/1756 | loss 0.1675 | data 0.1 ms | step 14.3 ms | 35713.1 samples/s
  step   900/1756 | loss 0.1812 | data 0.1 ms | step 14.7 ms | 34947.3 samples/s
  step   950/1756 | loss 0.1767 | data 0.1 ms | step 14.3 ms | 35740.8 samples/s
  step  1000/1756 | loss 0.1717 | data 0.1 ms | step 14.6 ms | 34958.8 samples/s
  step  1050/1756 | loss 0.1698 | data 0.1 ms | step 15.1 ms | 33836.4 samples/s
  step  1100/1756 | loss 0.1675 | data 0.1 ms | step 14.3 ms | 35752.2 samples/s
  step  1150/1756 | loss 0.1661 | data 0.1 ms | step 16.5 ms | 31094.5 samples/s
  step  1200/1756 | loss 0.1708 | data 0.1 ms | step 14.6 ms | 35029.0 samples/s
  step  1250/1756 | loss 0.1841 | data 0.1 ms | step 14.4 ms | 35475.1 samples/s
  step  1300/1756 | loss 0.1686 | data 0.1 ms | step 14.3 ms | 35897.7 samples/s
  step  1350/1756 | loss 0.1861 | data 0.1 ms | step 14.4 ms | 35483.3 samples/s
  step  1400/1756 | loss 0.1823 | data 0.1 ms | step 14.3 ms | 35759.8 samples/s
  step  1450/1756 | loss 0.1858 | data 0.1 ms | step 14.3 ms | 35773.3 samples/s
  step  1500/1756 | loss 0.1883 | data 0.1 ms | step 14.4 ms | 35675.0 samples/s
  step  1550/1756 | loss 0.1589 | data 0.1 ms | step 13.9 ms | 36909.3 samples/s
  step  1600/1756 | loss 0.1833 | data 0.2 ms | step 12.6 ms | 40654.1 samples/s
  step  1650/1756 | loss 0.1663 | data 0.2 ms | step 15.1 ms | 33865.0 samples/s
  step  1700/1756 | loss 0.1739 | data 0.2 ms | step 15.0 ms | 34085.1 samples/s
  step  1750/1756 | loss 0.1733 | data 0.7 ms | step 15.2 ms | 33615.8 samples/s
Training Loss: 0.179044 | 35369.7 samples/s
Peak GPU memory: 927.9 MB
Validation Loss: 0.182202 | 98754.0 samples/s

Epoch 36/100
----------------------------------------
Learning Rate: 0.000073
  step    50/1756 | loss 0.1897 | data 0.6 ms | step 15.0 ms | 34058.5 samples/s
  step   100/1756 | loss 0.1689 | data 0.2 ms | step 14.8 ms | 34625.5 samples/s
  step   150/1756 | loss 0.1745 | data 0.1 ms | step 15.0 ms | 34170.1 samples/s
  step   200/1756 | loss 0.1741 | data 0.1 ms | step 14.6 ms | 35041.3 samples/s
  step   250/1756 | loss 0.1642 | data 0.2 ms | step 14.8 ms | 34701.8 samples/s
  step   300/1756 | loss 0.1979 | data 0.2 ms | step 14.7 ms | 34747.2 samples/s
  step   350/1756 | loss 0.1953 | data 0.1 ms | step 14.5 ms | 35228.8 samples/s
  step   400/1756 | loss 0.1701 | data 0.2 ms | step 14.6 ms | 35163.2 samples/s
  step   450/1756 | loss 0.1780 | data 0.1 ms | step 14.7 ms | 34887.9 samples/s
  step   500/1756 | loss 0.1676 | data 0.1 ms | step 15.0 ms | 34214.5 samples/s
  step   550/1756 | loss 0.1781 | data 0.1 ms | step 14.6 ms | 35141.4 samples/s
  step   600/1756 | loss 0.1913 | data 0.2 ms | step 13.5 ms | 37993.7 samples/s
  step   650/1756 | loss 0.1824 | data 0.2 ms | step 13.2 ms | 38828.3 samples/s
  step   700/1756 | loss 0.1697 | data 0.2 ms | step 15.8 ms | 32469.0 samples/s
  step   750/1756 | loss 0.1788 | data 0.2 ms | step 15.8 ms | 32487.5 samples/s
  step   800/1756 | loss 0.1661 | data 0.1 ms | step 14.7 ms | 34877.3 samples/s
  step   850/1756 | loss 0.1698 | data 0.1 ms | step 14.4 ms | 35614.5 samples/s
  step   900/1756 | loss 0.1720 | data 0.1 ms | step 14.3 ms | 35704.9 samples/s
  step   950/1756 | loss 0.1821 | data 0.1 ms | step 14.3 ms | 35680.4 samples/s
  step  1000/1756 | loss 0.1736 | data 0.2 ms | step 14.4 ms | 35509.1 samples/s
  step  1050/1756 | loss 0.2011 | data 0.2 ms | step 14.3 ms | 35713.5 samples/s
  step  1100/1756 | loss 0.1762 | data 0.2 ms | step 14.9 ms | 34471.6 samples/s
  step  1150/1756 | loss 0.1605 | data 0.1 ms | step 14.5 ms | 35249.0 samples/s
  step  1200/1756 | loss 0.1643 | data 0.1 ms | step 14.4 ms | 35537.1 samples/s
  step  1250/1756 | loss 0.1542 | data 0.1 ms | step 14.5 ms | 35330.4 samples/s
  step  1300/1756 | loss 0.1689 | data 0.1 ms | step 14.5 ms | 35272.8 samples/s
  step  1350/1756 | loss 0.1713 | data 0.1 ms | step 14.3 ms | 35702.7 samples/s
  step  1400/1756 | loss 0.1868 | data 0.1 ms | step 14.3 ms | 35703.3 samples/s
  step  1450/1756 | loss 0.1612 | data 0.2 ms | step 14.3 ms | 35806.5 samples/s
  step  1500/1756 | loss 0.1761 | data 0.1 ms | step 14.4 ms | 35548.6 samples/s
  step  1550/1756 | loss 0.1630 | data 0.1 ms | step 14.3 ms | 35702.7 samples/s
  step  1600/1756 | loss 0.1648 | data 0.1 ms | step 13.6 ms | 37752.5 samples/s
  step  1650/1756 | loss 0.1756 | data 0.1 ms | step 12.8 ms | 39859.1 samples/s
  step  1700/1756 | loss 0.1723 | data 0.1 ms | step 15.1 ms | 33868.2 samples/s
  step  1750/1756 | loss 0.1672 | data 0.7 ms | step 15.0 ms | 34167.5 samples/s
Training Loss: 0.174655 | 35276.3 samples/s
Peak GPU memory: 927.9 MB
Validation Loss: 0.172397 | 96534.0 samples/s

Epoch 37/100
----------------------------------------
Learning Rate: 0.000073
  step    50/1756 | loss 0.1799 | data 0.8 ms | step 14.4 ms | 35603.0 samples/s
  step   100/1756 | loss 0.1628 | data 0.1 ms | step 14.3 ms | 35719.3 samples/s
  step   150/1756 | loss 0.1721 | data 0.1 ms | step 14.5 ms | 35409.1 samples/s
  step   200/1756 | loss 0.1836 | data 0.1 ms | step 14.5 ms | 35415.7 samples/s
  step   250/1756 | loss 0.1863 | data 0.1 ms | step 14.4 ms | 35676.6 samples/s
  step   300/1756 | loss 0.1723 | data 0.1 ms | step 14.4 ms | 35432.7 samples/s
  step   350/1756 | loss 0.1787 | data 0.1 ms | step 14.5 ms | 35339.9 samples/s
  step   400/1756 | loss 0.1817 | data 0.1 ms | step 14.3 ms | 35816.3 samples/s
  step   450/1756 | loss 0.1667 | data 0.1 ms | step 14.4 ms | 35475.0 samples/s
  step   500/1756 | loss 0.1552 | data 0.1 ms | step 14.3 ms | 35705.1 samples/s
  step   550/1756 | loss 0.1956 | data 0.1 ms | step 14.3 ms | 35777.9 samples/s
  step   600/1756 | loss 0.1792 | data 0.1 ms | step 14.3 ms | 35722.2 samples/s
  step   650/1756 | loss 0.1709 | data 0.2 ms | step 12.7 ms | 40292.7 samples/s
  step   700/1756 | loss 0.1692 | data 0.2 ms | step 14.3 ms | 35725.6 samples/s
  step   750/1756 | loss 0.1688 | data 0.1 ms | step 14.8 ms | 34578.3 samples/s
  step   800/1756 | loss 0.1535 | data 0.1 ms | step 14.7 ms | 34897.3 samples/s
  step   850/1756 | loss 0.1760 | data 0.1 ms | step 14.5 ms | 35314.9 samples/s
  step   900/1756 | loss 0.1715 | data 0.1 ms | step 14.4 ms | 35577.5 samples/s
  step   950/1756 | loss 0.1708 | data 0.1 ms | step 14.5 ms | 35353.8 samples/s
  step  1000/1756 | loss 0.1698 | data 0.1 ms | step 14.4 ms | 35660.1 samples/s
  step  1050/1756 | loss 0.1673 | data 0.1 ms | step 14.4 ms | 35568.1 samples/s
  step  1100/1756 | loss 0.1655 | data 0.1 ms | step 14.5 ms | 35374.5 samples/s
  step  1150/1756 | loss 0.1639 | data 0.1 ms | step 14.3 ms | 35795.4 samples/s
  step  1200/1756 | loss 0.1648 | data 0.1 ms | step 14.4 ms | 35528.6 samples/s
  step  1250/1756 | loss 0.1609 | data 0.1 ms | step 15.0 ms | 34178.4 samples/s
  step  1300/1756 | loss 0.1776 | data 0.1 ms | step 14.6 ms | 35165.3 samples/s
  step  1350/1756 | loss 0.1645 | data 0.1 ms | step 15.0 ms | 34123.0 samples/s
  step  1400/1756 | loss 0.1559 | data 0.1 ms | step 14.9 ms | 34472.3 samples/s
  step  1450/1756 | loss 0.1566 | data 0.1 ms | step 14.4 ms | 35470.2 samples/s
  step  1500/1756 | loss 0.1638 | data 0.1 ms | step 14.6 ms | 35103.5 samples/s
  step  1550/1756 | loss 0.1699 | data 0.1 ms | step 14.3 ms | 35773.6 samples/s
  step  1600/1756 | loss 0.1782 | data 0.1 ms | step 14.0 ms | 36448.9 samples/s
  step  1650/1756 | loss 0.1639 | data 0.2 ms | step 12.7 ms | 40428.0 samples/s
  step  1700/1756 | loss 0.1770 | data 0.1 ms | step 14.3 ms | 35759.2 samples/s
  step  1750/1756 | loss 0.1799 | data 0.7 ms | step 14.7 ms | 34912.9 samples/s
Training Loss: 0.170600 | 35625.4 samples/s
Peak GPU memory: 927.9 MB
Validation Loss: 0.174424 | 95756.0 samples/s

Epoch 38/100
----------------------------------------
Learning Rate: 0.000073
  step    50/1756 | loss 0.1742 | data 0.8 ms | step 14.5 ms | 35305.2 samples/s
  step   100/1756 | loss 0.1765 | data 0.1 ms | step 14.5 ms | 35409.9 samples/s
  step   150/1756 | loss 0.1670 | data 0.1 ms | step 14.4 ms | 35638.9 samples/s
  step   200/1756 | loss 0.1797 | data 0.1 ms | step 14.4 ms | 35613.1 samples/s
  step   250/1756 | loss 0.1692 | data 0.1 ms | step 14.4 ms | 35613.0 samples/s
  step   300/1756 | loss 0.1637 | data 0.1 ms | step 14.3 ms | 35687.2 samples/s
  step   350/1756 | loss 0.1731 | data 0.1 ms | step 14.3 ms | 35831.5 samples/s
  step   400/1756 | loss 0.1688 | data 0.1 ms | step 14.4 ms | 35611.5 samples/s
  step   450/1756 | loss 0.1724 | data 0.1 ms | step 14.3 ms | 35802.3 samples/s
  step   500/1756 | loss 0.1738 | data 0.1 ms | step 14.5 ms | 35320.6 samples/s
  step   550/1756 | loss 0.1814 | data 0.1 ms | step 14.3 ms | 35784.3 samples/s
  step   600/1756 | loss 0.1643 | data 0.1 ms | step 14.4 ms | 35536.0 samples/s
  step   650/1756 | loss 0.1729 | data 0.1 ms | step 13.6 ms | 37779.3 samples/s
  step   700/1756 | loss 0.1649 | data 0.2 ms | step 12.8 ms | 39891.6 samples/s
  step   750/1756 | loss 0.1717 | data 0.1 ms | step 15.0 ms | 34088.4 samples/s
  step   800/1756 | loss 0.1786 | data 0.2 ms | step 14.8 ms | 34588.9 samples/s
  step   850/1756 | loss 0.1673 | data 0.1 ms | step 14.4 ms | 35665.8 samples/s
  step   900/1756 | loss 0.1602 | data 0.1 ms | step 14.4 ms | 35472.0 samples/s
  step   950/1756 | loss 0.1767 | data 0.1 ms | step 14.5 ms | 35278.4 samples/s
  step  1000/1756 | loss 0.1650 | data 0.1 ms | step 14.3 ms | 35743.4 samples/s
  step  1050/1756 | loss 0.1682 | data 0.1 ms | step 14.5 ms | 35390.7 samples/s
  step  1100/1756 | loss 0.1520 | data 0.1 ms | step 14.5 ms | 35423.4 samples/s
  step  1150/1756 | loss 0.1604 | data 0.1 ms | step 14.4 ms | 35630.5 samples/s
  step  1200/1756 | loss 0.1598 | data 0.1 ms | step 15.4 ms | 33206.6 samples/s
  step  1250/1756 | loss 0.1656 | data 0.1 ms | step 16.3 ms | 31399.5 samples/s
  step  1300/1756 | loss 0.1697 | data 0.2 ms | step 15.9 ms | 32114.2 samples/s
  step  1350/1756 | loss 0.1726 | data 0.2 ms | step 15.3 ms | 33461.8 samples/s
  step  1400/1756 | loss 0.1657 | data 0.1 ms | step 15.2 ms | 33657.2 samples/s
  step  1450/1756 | loss 0.1666 | data 0.1 ms | step 15.4 ms | 33150.5 samples/s
  step  1500/1756 | loss 0.1767 | data 0.1 ms | step 14.4 ms | 35552.1 samples/s
  step  1550/1756 | loss 0.1776 | data 0.1 ms | step 14.9 ms | 34434.5 samples/s
  step  1600/1756 | loss 0.1552 | data 0.1 ms | step 14.6 ms | 35113.3 samples/s
  step  1650/1756 | loss 0.1689 | data 0.2 ms | step 13.3 ms | 38557.1 samples/s
  step  1700/1756 | loss 0.1670 | data 0.2 ms | step 15.2 ms | 33701.4 samples/s
  step  1750/1756 | loss 0.1442 | data 0.7 ms | step 16.4 ms | 31253.8 samples/s
Training Loss: 0.168213 | 34978.5 samples/s
Peak GPU memory: 927.9 MB
Validation Loss: 0.166711 | 95475.4 samples/s

Epoch 39/100
----------------------------------------
Learning Rate: 0.000073
  step    50/1756 | loss 0.1590 | data 0.8 ms | step 15.4 ms | 33231.0 samples/s
  step   100/1756 | loss 0.1793 | data 0.1 ms | step 14.4 ms | 35500.0 samples/s
  step   150/1756 | loss 0.1678 | data 0.1 ms | step 14.3 ms | 35875.9 samples/s
  step   200/1756 | loss 0.1753 | data 0.1 ms | step 14.4 ms | 35514.2 samples/s
  step   250/1756 | loss 0.1636 | data 0.2 ms | step 14.3 ms | 35854.5 samples/s
  step   300/1756 | loss 0.1553 | data 0.2 ms | step 14.4 ms | 35675.4 samples/s
  step   350/1756 | loss 0.1887 | data 0.2 ms | step 14.7 ms | 34806.5 samples/s
  step   400/1756 | loss 0.1815 | data 0.2 ms | step 14.5 ms | 35321.4 samples/s
  step   450/1756 | loss 0.1582 | data 0.2 ms | step 14.9 ms | 34304.7 samples/s
  step   500/1756 | loss 0.1569 | data 0.2 ms | step 15.3 ms | 33413.9 samples/s
  step   550/1756 | loss 0.1710 | data 0.2 ms | step 15.2 ms | 33607.6 samples/s
  step   600/1756 | loss 0.1703 | data 0.2 ms | step 14.9 ms | 34445.4 samples/s
  step   650/1756 | loss 0.1729 | data 0.2 ms | step 13.0 ms | 39367.3 samples/s
  step   700/1756 | loss 0.1787 | data 0.1 ms | step 14.7 ms | 34887.4 samples/s
  step   750/1756 | loss 0.1732 | data 0.2 ms | step 15.3 ms | 33570.6 samples/s
  step   800/1756 | loss 0.1632 | data 0.1 ms | step 14.6 ms | 35170.7 samples/s
  step   850/1756 | loss 0.1668 | data 0.2 ms | step 14.3 ms | 35756.3 samples/s
  step   900/1756 | loss 0.1596 | data 0.1 ms | step 14.7 ms | 34942.6 samples/s
  step   950/1756 | loss 0.1643 | data 0.2 ms | step 14.7 ms | 34877.0 samples/s
  step  1000/1756 | loss 0.1567 | data 0.2 ms | step 15.2 ms | 33662.8 samples/s
  step  1050/1756 | loss 0.1742 | data 0.2 ms | step 14.9 ms | 34450.3 samples/s
  step  1100/1756 | loss 0.1586 | data 0.2 ms | step 14.5 ms | 35309.9 samples/s
  step  1150/1756 | loss 0.1739 | data 0.2 ms | step 15.7 ms | 32570.3 samples/s
  step  1200/1756 | loss 0.1857 | data 0.1 ms | step 15.2 ms | 33609.5 samples/s
  step  1250/1756 | loss 0.1824 | data 0.1 ms | step 15.5 ms | 32992.1 samples/s
  step  1300/1756 | loss 0.1622 | data 0.1 ms | step 15.6 ms | 32828.4 samples/s
  step  1350/1756 | loss 0.1718 | data 0.2 ms | step 14.3 ms | 35796.6 samples/s
  step  1400/1756 | loss 0.1585 | data 0.1 ms | step 14.4 ms | 35626.6 samples/s
  step  1450/1756 | loss 0.1680 | data 0.1 ms | step 14.3 ms | 35856.9 samples/s
  step  1500/1756 | loss 0.1710 | data 0.1 ms | step 14.3 ms | 35805.1 samples/s
  step  1550/1756 | loss 0.1867 | data 0.1 ms | step 15.0 ms | 34075.1 samples/s
  step  1600/1756 | loss 0.1830 | data 0.1 ms | step 13.6 ms | 37774.5 samples/s
  step  1650/1756 | loss 0.1674 | data 0.2 ms | step 13.1 ms | 39165.9 samples/s
  step  1700/1756 | loss 0.1653 | data 0.2 ms | step 15.2 ms | 33759.9 samples/s
  step  1750/1756 | loss 0.1664 | data 0.7 ms | step 14.6 ms | 34987.1 samples/s
Training Loss: 0.169705 | 34911.5 samples/s
Peak GPU memory: 927.9 MB
Validation Loss: 0.171032 | 97470.6 samples/s

Epoch 40/100
----------------------------------------
Learning Rate: 0.000073
  step    50/1756 | loss 0.1666 | data 0.7 ms | step 14.7 ms | 34904.6 samples/s
  step   100/1756 | loss 0.1637 | data 0.1 ms | step 14.4 ms | 35494.5 samples/s
  step   150/1756 | loss 0.1709 | data 0.1 ms | step 14.6 ms | 34978.8 samples/s
  step   200/1756 | loss 0.1716 | data 0.1 ms | step 14.7 ms | 34814.7 samples/s
  step   250/1756 | loss 0.1754 | data 0.1 ms | step 14.7 ms | 34892.7 samples/s
  step   300/1756 | loss 0.1686 | data 0.1 ms | step 14.8 ms | 34636.8 samples/s
  step   350/1756 | loss 0.1534 | data 0.1 ms | step 14.5 ms | 35370.1 samples/s
  step   400/1756 | loss 0.1560 | data 0.1 ms | step 14.9 ms | 34422.5 samples/s
  step   450/1756 | loss 0.1615 | data 0.1 ms | step 14.4 ms | 35528.9 samples/s
  step   500/1756 | loss 0.1676 | data 0.1 ms | step 14.3 ms | 35751.7 samples/s
  step   550/1756 | loss 0.1650 | data 0.1 ms | step 14.3 ms | 35836.1 samples/s
  step   600/1756 | loss 0.1772 | data 0.1 ms | step 15.0 ms | 34183.9 samples/s
  step   650/1756 | loss 0.1681 | data 0.2 ms | step 12.5 ms | 40814.6 samples/s
  step   700/1756 | loss 0.1621 | data 0.2 ms | step 14.1 ms | 36226.1 samples/s
  step   750/1756 | loss 0.1698 | data 0.1 ms | step 14.4 ms | 35629.6 samples/s
  step   800/1756 | loss 0.1652 | data 0.1 ms | step 14.6 ms | 35031.5 samples/s
  step   850/1756 | loss 0.1670 | data 0.1 ms | step 14.6 ms | 35028.4 samples/s
  step   900/1756 | loss 0.1558 | data 0.2 ms | step 15.2 ms | 33624.6 samples/s
  step   950/1756 | loss 0.1637 | data 0.1 ms | step 14.9 ms | 34307.9 samples/s
  step  1000/1756 | loss 0.1546 | data 0.1 ms | step 14.8 ms | 34685.7 samples/s
  step  1050/1756 | loss 0.1645 | data 0.2 ms | step 14.8 ms | 34669.5 samples/s
  step  1100/1756 | loss 0.1555 | data 0.1 ms | step 14.3 ms | 35748.9 samples/s
  step  1150/1756 | loss 0.1489 | data 0.1 ms | step 14.9 ms | 34469.6 samples/s
  step  1200/1756 | loss 0.1570 | data 0.1 ms | step 14.5 ms | 35327.9 samples/s
  step  1250/1756 | loss 0.1755 | data 0.1 ms | step 15.5 ms | 33031.8 samples/s
  step  1300/1756 | loss 0.1554 | data 0.2 ms | step 15.6 ms | 32904.9 samples/s
  step  1350/1756 | loss 0.1652 | data 0.1 ms | step 15.1 ms | 33838.7 samples/s
  step  1400/1756 | loss 0.1554 | data 0.1 ms | step 14.3 ms | 35710.3 samples/s
  step  1450/1756 | loss 0.1560 | data 0.1 ms | step 14.3 ms | 35818.2 samples/s
  step  1500/1756 | loss 0.1547 | data 0.1 ms | step 14.3 ms | 35856.5 samples/s
  step  1550/1756 | loss 0.1544 | data 0.1 ms | step 14.3 ms | 35764.4 samples/s
  step  1600/1756 | loss 0.1759 | data 0.1 ms | step 13.5 ms | 38028.3 samples/s
  step  1650/1756 | loss 0.1832 | data 0.1 ms | step 13.0 ms | 39447.0 samples/s
  step  1700/1756 | loss 0.1692 | data 0.1 ms | step 14.5 ms | 35212.8 samples/s
  step  1750/1756 | loss 0.1624 | data 0.6 ms | step 14.9 ms | 34296.5 samples/s
Training Loss: 0.163902 | 35255.5 samples/s
Peak GPU memory: 927.9 MB
Validation Loss: 0.163930 | 98618.3 samples/s

Epoch 41/100
----------------------------------------
Learning Rate: 0.000066
  step    50/1756 | loss 0.1673 | data 0.8 ms | step 15.0 ms | 34114.4 samples/s
  step   100/1756 | loss 0.1616 | data 0.1 ms | step 15.7 ms | 32588.2 samples/s
  step   150/1756 | loss 0.1653 | data 0.1 ms | step 15.2 ms | 33753.2 samples/s
  step   200/1756 | loss 0.1653 | data 0.1 ms | step 14.5 ms | 35351.3 samples/s
  step   250/1756 | loss 0.1541 | data 0.1 ms | step 14.6 ms | 35154.0 samples/s
  step   300/1756 | loss 0.1568 | data 0.1 ms | step 14.8 ms | 34487.9 samples/s
  step   350/1756 | loss 0.1714 | data 0.2 ms | step 15.2 ms | 33703.7 samples/s
  step   400/1756 | loss 0.1665 | data 0.2 ms | step 14.8 ms | 34618.6 samples/s
  step   450/1756 | loss 0.1754 | data 0.1 ms | step 15.0 ms | 34237.1 samples/s
  step   500/1756 | loss 0.1700 | data 0.1 ms | step 15.9 ms | 32150.9 samples/s
  step   550/1756 | loss 0.1462 | data 0.1 ms | step 14.4 ms | 35633.3 samples/s
  step   600/1756 | loss 0.1555 | data 0.2 ms | step 12.8 ms | 40154.9 samples/s
  step   650/1756 | loss 0.1616 | data 0.2 ms | step 14.6 ms | 35075.5 samples/s
  step   700/1756 | loss 0.1721 | data 0.1 ms | step 14.9 ms | 34407.6 samples/s
  step   750/1756 | loss 0.1743 | data 0.2 ms | step 14.5 ms | 35294.4 samples/s
  step   800/1756 | loss 0.1851 | data 0.2 ms | step 15.0 ms | 34041.8 samples/s
  step   850/1756 | loss 0.1641 | data 0.1 ms | step 14.3 ms | 35830.8 samples/s
  step   900/1756 | loss 0.1581 | data 0.2 ms | step 15.0 ms | 34220.3 samples/s
  step   950/1756 | loss 0.1771 | data 0.1 ms | step 14.7 ms | 34812.6 samples/s
  step  1000/1756 | loss 0.1567 | data 0.2 ms | step 14.5 ms | 35381.4 samples/s
  step  1050/1756 | loss 0.1511 | data 0.1 ms | step 15.2 ms | 33736.2 samples/s
  step  1100/1756 | loss 0.1649 | data 0.1 ms | step 15.1 ms | 33842.6 samples/s
  step  1150/1756 | loss 0.1461 | data 0.2 ms | step 14.6 ms | 35022.1 samples/s
  step  1200/1756 | loss 0.1587 | data 0.1 ms | step 14.9 ms | 34386.8 samples/s
  step  1250/1756 | loss 0.1625 | data 0.1 ms | step 15.0 ms | 34205.4 samples/s
  step  1300/1756 | loss 0.1648 | data 0.1 ms | step 14.5 ms | 35302.9 samples/s
  step  1350/1756 | loss 0.1508 | data 0.1 ms | step 14.4 ms | 35435.2 samples/s
  step  1400/1756 | loss 0.1534 | data 0.1 ms | step 14.9 ms | 34430.2 samples/s
  step  1450/1756 | loss 0.1629 | data 0.1 ms | step 14.4 ms | 35470.1 samples/s
  step  1500/1756 | loss 0.1456 | data 0.2 ms | step 15.1 ms | 33979.1 samples/s
  step  1550/1756 | loss 0.1526 | data 0.2 ms | step 14.3 ms | 35888.7 samples/s
  step  1600/1756 | loss 0.1647 | data 0.2 ms | step 13.0 ms | 39253.4 samples/s
  step  1650/1756 | loss 0.1677 | data 0.1 ms | step 15.2 ms | 33580.2 samples/s
  step  1700/1756 | loss 0.1609 | data 0.1 ms | step 14.6 ms | 34957.2 samples/s
  step  1750/1756 | loss 0.1631 | data 0.6 ms | step 15.2 ms | 33766.8 samples/s
Training Loss: 0.162193 | 34736.7 samples/s
Peak GPU memory: 927.9 MB
Validation Loss: 0.166108 | 95515.7 samples/s

Epoch 42/100
----------------------------------------
Learning Rate: 0.000066
  step    50/1756 | loss 0.1611 | data 0.7 ms | step 14.8 ms | 34607.8 samples/s
  step   100/1756 | loss 0.1524 | data 0.2 ms | step 15.0 ms | 34105.6 samples/s
  step   150/1756 | loss 0.1587 | data 0.1 ms | step 15.0 ms | 34061.2 samples/s
  step   200/1756 | loss 0.1664 | data 0.2 ms | step 14.7 ms | 34725.6 samples/s
  step   250/1756 | loss 0.1678 | data 0.2 ms | step 14.8 ms | 34599.0 samples/s
  step   300/1756 | loss 0.1631 | data 0.2 ms | step 15.0 ms | 34039.7 samples/s
  step   350/1756 | loss 0.1490 | data 0.2 ms | step 14.5 ms | 35310.5 samples/s
  step   400/1756 | loss 0.1707 | data 0.1 ms | step 14.6 ms | 35069.5 samples/s
  step   450/1756 | loss 0.1639 | data 0.2 ms | step 14.5 ms | 35364.3 samples/s
  step   500/1756 | loss 0.1531 | data 0.1 ms | step 14.3 ms | 35859.1 samples/s
  step   550/1756 | loss 0.1556 | data 0.2 ms | step 14.6 ms | 35140.6 samples/s
  step   600/1756 | loss 0.1607 | data 0.2 ms | step 12.8 ms | 39981.2 samples/s
  step   650/1756 | loss 0.1506 | data 0.2 ms | step 16.1 ms | 31707.1 samples/s
  step   700/1756 | loss 0.1413 | data 0.1 ms | step 14.7 ms | 34724.8 samples/s
  step   750/1756 | loss 0.1578 | data 0.1 ms | step 14.7 ms | 34757.8 samples/s
  step   800/1756 | loss 0.1606 | data 0.2 ms | step 16.4 ms | 31294.6 samples/s
  step   850/1756 | loss 0.1508 | data 0.2 ms | step 15.4 ms | 33256.3 samples/s
  step   900/1756 | loss 0.1474 | data 0.1 ms | step 14.4 ms | 35558.6 samples/s
  step   950/1756 | loss 0.1611 | data 0.1 ms | step 15.2 ms | 33689.6 samples/s
  step  1000/1756 | loss 0.1556 | data 0.1 ms | step 15.9 ms | 32294.0 samples/s
  step  1050/1756 | loss 0.1588 | data 0.1 ms | step 14.9 ms | 34248.5 samples/s
  step  1100/1756 | loss 0.1586 | data 0.1 ms | step 14.6 ms | 35152.5 samples/s
  step  1150/1756 | loss 0.1540 | data 0.2 ms | step 15.0 ms | 34112.3 samples/s
  step  1200/1756 | loss 0.1714 | data 0.1 ms | step 14.4 ms | 35637.3 samples/s
  step  1250/1756 | loss 0.1468 | data 0.1 ms | step 14.3 ms | 35914.4 samples/s
  step  1300/1756 | loss 0.1746 | data 0.1 ms | step 14.2 ms | 35931.9 samples/s
  step  1350/1756 | loss 0.1601 | data 0.1 ms | step 14.3 ms | 35854.4 samples/s
  step  1400/1756 | loss 0.1487 | data 0.1 ms | step 14.3 ms | 35789.8 samples/s
  step  1450/1756 | loss 0.1588 | data 0.1 ms | step 14.5 ms | 35245.3 samples/s
  step  1500/1756 | loss 0.1548 | data 0.1 ms | step 14.6 ms | 35076.5 samples/s
  step  1550/1756 | loss 0.1511 | data 0.2 ms | step 12.5 ms | 40919.9 samples/s
  step  1600/1756 | loss 0.1554 | data 0.2 ms | step 14.2 ms | 35940.6 samples/s
  step  1650/1756 | loss 0.1534 | data 0.1 ms | step 14.4 ms | 35654.5 samples/s
  step  1700/1756 | loss 0.1565 | data 0.1 ms | step 14.3 ms | 35700.1 samples/s
  step  1750/1756 | loss 0.1612 | data 0.7 ms | step 14.9 ms | 34312.9 samples/s
Training Loss: 0.157524 | 34913.5 samples/s
Peak GPU memory: 927.9 MB
Validation Loss: 0.169170 | 95656.8 samples/s

Epoch 43/100
----------------------------------------
Learning Rate: 0.000066
  step    50/1756 | loss 0.1551 | data 0.7 ms | step 14.9 ms | 34250.9 samples/s
  step   100/1756 | loss 0.1501 | data 0.1 ms | step 14.6 ms | 35124.8 samples/s
  step   150/1756 | loss 0.1743 | data 0.1 ms | step 14.6 ms | 35132.3 samples/s
  step   200/1756 | loss 0.1549 | data 0.1 ms | step 14.3 ms | 35886.3 samples/s
  step   250/1756 | loss 0.1556 | data 0.2 ms | step 14.6 ms | 35105.0 samples/s
  step   300/1756 | loss 0.1495 | data 0.1 ms | step 14.5 ms | 35206.6 samples/s
  step   350/1756 | loss 0.1545 | data 0.1 ms | step 14.4 ms | 35622.5 samples/s
  step   400/1756 | loss 0.1652 | data 0.1 ms | step 15.0 ms | 34093.4 samples/s
  step   450/1756 | loss 0.1639 | data 0.2 ms | step 15.5 ms | 33067.7 samples/s
  step   500/1756 | loss 0.1808 | data 0.1 ms | step 14.3 ms | 35835.0 samples/s
  step   550/1756 | loss 0.1579 | data 0.2 ms | step 13.0 ms | 39385.8 samples/s
  step   600/1756 | loss 0.1557 | data 0.2 ms | step 13.6 ms | 37649.7 samples/s
  step   650/1756 | loss 0.1716 | data 0.2 ms | step 14.7 ms | 34888.3 samples/s
  step   700/1756 | loss 0.1594 | data 0.1 ms | step 14.6 ms | 35121.4 samples/s
  step   750/1756 | loss 0.1675 | data 0.1 ms | step 15.0 ms | 34059.1 samples/s
  step   800/1756 | loss 0.1679 | data 0.2 ms | step 15.8 ms | 32337.8 samples/s
  step   850/1756 | loss 0.1694 | data 0.1 ms | step 14.3 ms | 35783.0 samples/s
  step   900/1756 | loss 0.1727 | data 0.1 ms | step 14.6 ms | 35050.7 samples/s
  step   950/1756 | loss 0.1720 | data 0.2 ms | step 14.8 ms | 34522.6 samples/s
  step  1000/1756 | loss 0.1488 | data 0.1 ms | step 14.4 ms | 35459.5 samples/s
  step  1050/1756 | loss 0.1518 | data 0.1 ms | step 15.1 ms | 33813.0 samples/s
  step  1100/1756 | loss 0.1556 | data 0.2 ms | step 15.4 ms | 33328.6 samples/s
  step  1150/1756 | loss 0.1721 | data 0.1 ms | step 15.4 ms | 33323.4 samples/s
  step  1200/1756 | loss 0.1697 | data 0.1 ms | step 15.6 ms | 32806.2 samples/s
  step  1250/1756 | loss 0.1639 | data 0.1 ms | step 14.7 ms | 34797.1 samples/s
  step  1300/1756 | loss 0.1525 | data 0.2 ms | step 15.7 ms | 32691.4 samples/s
  step  1350/1756 | loss 0.1643 | data 0.2 ms | step 15.3 ms | 33515.1 samples/s
  step  1400/1756 | loss 0.1799 | data 0.1 ms | step 15.3 ms | 33497.6 samples/s
  step  1450/1756 | loss 0.1535 | data 0.1 ms | step 15.5 ms | 33098.7 samples/s
  step  1500/1756 | loss 0.1442 | data 0.2 ms | step 13.5 ms | 37945.3 samples/s
  step  1550/1756 | loss 0.1564 | data 0.2 ms | step 13.8 ms | 37230.0 samples/s
  step  1600/1756 | loss 0.1566 | data 0.1 ms | step 15.4 ms | 33166.2 samples/s
  step  1650/1756 | loss 0.1525 | data 0.1 ms | step 14.3 ms | 35801.0 samples/s
  step  1700/1756 | loss 0.1569 | data 0.2 ms | step 14.6 ms | 35168.6 samples/s
  step  1750/1756 | loss 0.1654 | data 0.6 ms | step 15.6 ms | 32821.1 samples/s
Training Loss: 0.161175 | 34673.1 samples/s
Peak GPU memory: 927.9 MB
Validation Loss: 0.161237 | 94722.7 samples/s

Epoch 44/100
----------------------------------------
Learning Rate: 0.000066
  step    50/1756 | loss 0.1546 | data 0.7 ms | step 15.0 ms | 34116.0 samples/s
  step   100/1756 | loss 0.1552 | data 0.1 ms | step 15.5 ms | 33046.7 samples/s
  step   150/1756 | loss 0.1527 | data 0.2 ms | step 15.4 ms | 33316.6 samples/s
  step   200/1756 | loss 0.1448 | data 0.2 ms | step 15.1 ms | 33816.8 samples/s
  step   250/1756 | loss 0.1680 | data 0.2 ms | step 15.1 ms | 33868.3 samples/s
  step   300/1756 | loss 0.1537 | data 0.1 ms | step 14.8 ms | 34480.0 samples/s
  step   350/1756 | loss 0.1522 | data 0.2 ms | step 15.2 ms | 33628.3 samples/s
  step   400/1756 | loss 0.1380 | data 0.2 ms | step 15.1 ms | 33823.7 samples/s
  step   450/1756 | loss 0.1602 | data 0.1 ms | step 15.4 ms | 33293.9 samples/s
  step   500/1756 | loss 0.1570 | data 0.2 ms | step 13.0 ms | 39313.7 samples/s
  step   550/1756 | loss 0.1456 | data 0.1 ms | step 14.7 ms | 34924.2 samples/s
  step   600/1756 | loss 0.1536 | data 0.1 ms | step 15.0 ms | 34071.8 samples/s
  step   650/1756 | loss 0.1563 | data 0.1 ms | step 15.8 ms | 32326.6 samples/s
  step   700/1756 | loss 0.1680 | data 0.2 ms | step 14.8 ms | 34667.7 samples/s
  step   750/1756 | loss 0.1573 | data 0.1 ms | step 15.1 ms | 33852.8 samples/s
  step   800/1756 | loss 0.1599 | data 0.1 ms | step 15.4 ms | 33236.5 samples/s
  step   850/1756 | loss 0.1615 | data 0.2 ms | step 15.6 ms | 32909.0 samples/s
  step   900/1756 | loss 0.1504 | data 0.2 ms | step 15.6 ms | 32731.1 samples/s
  step   950/1756 | loss 0.1533 | data 0.1 ms | step 15.1 ms | 33958.9 samples/s
  step  1000/1756 | loss 0.1740 | data 0.1 ms | step 14.8 ms | 34578.9 samples/s
  step  1050/1756 | loss 0.1520 | data 0.1 ms | step 15.4 ms | 33181.5 samples/s
  step  1100/1756 | loss 0.1723 | data 0.2 ms | step 15.0 ms | 34074.7 samples/s
  step  1150/1756 | loss 0.1604 | data 0.1 ms | step 15.4 ms | 33180.7 samples/s
  step  1200/1756 | loss 0.1556 | data 0.2 ms | step 15.2 ms | 33583.4 samples/s
  step  1250/1756 | loss 0.1760 | data 0.1 ms | step 15.0 ms | 34077.4 samples/s
  step  1300/1756 | loss 0.1454 | data 0.1 ms | step 15.2 ms | 33724.0 samples/s
  step  1350/1756 | loss 0.1648 | data 0.1 ms | step 15.3 ms | 33473.5 samples/s
  step  1400/1756 | loss 0.1654 | data 0.1 ms | step 14.6 ms | 35000.1 samples/s
  step  1450/1756 | loss 0.1573 | data 0.2 ms | step 13.4 ms | 38144.8 samples/s
  step  1500/1756 | loss 0.1594 | data 0.2 ms | step 15.9 ms | 32236.6 samples/s
  step  1550/1756 | loss 0.1453 | data 0.1 ms | step 14.9 ms | 34288.4 samples/s
  step  1600/1756 | loss 0.1630 | data 0.1 ms | step 15.3 ms | 33439.8 samples/s
  step  1650/1756 | loss 0.1668 | data 0.1 ms | step 14.7 ms | 34944.7 samples/s
  step  1700/1756 | loss 0.1790 | data 0.1 ms | step 14.9 ms | 34359.4 samples/s
  step  1750/1756 | loss 0.1606 | data 0.7 ms | step 15.0 ms | 34069.5 samples/s
Training Loss: 0.158251 | 33989.1 samples/s
Peak GPU memory: 927.9 MB
Validation Loss: 0.159235 | 93525.6 samples/s

Epoch 45/100
----------------------------------------
Learning Rate: 0.000066
  step    50/1756 | loss 0.1482 | data 0.8 ms | step 15.0 ms | 34122.9 samples/s
  step   100/1756 | loss 0.1612 | data 0.1 ms | step 15.3 ms | 33460.0 samples/s
  step   150/1756 | loss 0.1588 | data 0.1 ms | step 15.3 ms | 33438.3 samples/s
  step   200/1756 | loss 0.1587 | data 0.1 ms | step 15.2 ms | 33662.1 samples/s
  step   250/1756 | loss 0.1417 | data 0.1 ms | step 14.8 ms | 34579.1 samples/s
  step   300/1756 | loss 0.1574 | data 0.2 ms | step 15.4 ms | 33248.6 samples/s
  step   350/1756 | loss 0.1498 | data 0.1 ms | step 16.2 ms | 31595.4 samples/s
  step   400/1756 | loss 0.1554 | data 0.2 ms | step 13.7 ms | 37238.5 samples/s
  step   450/1756 | loss 0.1410 | data 0.2 ms | step 15.4 ms | 33152.0 samples/s
  step   500/1756 | loss 0.1461 | data 0.2 ms | step 16.6 ms | 30858.1 samples/s
  step   550/1756 | loss 0.1559 | data 0.1 ms | step 15.4 ms | 33338.7 samples/s
  step   600/1756 | loss 0.1491 | data 0.1 ms | step 14.8 ms | 34584.5 samples/s
  step   650/1756 | loss 0.1402 | data 0.1 ms | step 15.3 ms | 33500.7 samples/s
  step   700/1756 | loss 0.1409 | data 0.1 ms | step 16.1 ms | 31845.4 samples/s
  step   750/1756 | loss 0.1635 | data 0.2 ms | step 15.9 ms | 32103.3 samples/s
  step   800/1756 | loss 0.1695 | data 0.2 ms | step 15.9 ms | 32231.9 samples/s
  step   850/1756 | loss 0.1675 | data 0.2 ms | step 15.8 ms | 32400.0 samples/s
  step   900/1756 | loss 0.1503 | data 0.2 ms | step 15.6 ms | 32886.7 samples/s
  step   950/1756 | loss 0.1662 | data 0.2 ms | step 16.1 ms | 31816.7 samples/s
  step  1000/1756 | loss 0.1520 | data 0.2 ms | step 15.3 ms | 33398.9 samples/s
  step  1050/1756 | loss 0.1591 | data 0.2 ms | step 15.0 ms | 34025.7 samples/s
  step  1100/1756 | loss 0.1446 | data 0.2 ms | step 14.9 ms | 34282.4 samples/s
  step  1150/1756 | loss 0.1518 | data 0.2 ms | step 15.0 ms | 34229.4 samples/s
  step  1200/1756 | loss 0.1648 | data 0.1 ms | step 15.3 ms | 33363.3 samples/s
  step  1250/1756 | loss 0.1652 | data 0.1 ms | step 15.5 ms | 32989.2 samples/s
  step  1300/1756 | loss 0.1738 | data 0.2 ms | step 13.1 ms | 38958.4 samples/s
  step  1350/1756 | loss 0.1454 | data 0.1 ms | step 15.0 ms | 34099.0 samples/s
  step  1400/1756 | loss 0.1662 | data 0.1 ms | step 15.8 ms | 32490.4 samples/s
  step  1450/1756 | loss 0.1742 | data 0.1 ms | step 16.1 ms | 31867.5 samples/s
  step  1500/1756 | loss 0.1463 | data 0.1 ms | step 16.0 ms | 32077.7 samples/s
  step  1550/1756 | loss 0.1481 | data 0.2 ms | step 16.2 ms | 31554.5 samples/s
  step  1600/1756 | loss 0.1518 | data 0.2 ms | step 16.3 ms | 31440.0 samples/s
  step  1650/1756 | loss 0.1574 | data 0.1 ms | step 16.4 ms | 31199.6 samples/s
  step  1700/1756 | loss 0.1418 | data 0.1 ms | step 15.6 ms | 32852.5 samples/s
  step  1750/1756 | loss 0.1553 | data 0.7 ms | step 16.2 ms | 31599.3 samples/s
Training Loss: 0.154723 | 33083.0 samples/s
Peak GPU memory: 927.9 MB
Validation Loss: 0.156844 | 93652.9 samples/s

Epoch 46/100
----------------------------------------
Learning Rate: 0.000066
  step    50/1756 | loss 0.1461 | data 0.6 ms | step 14.3 ms | 35786.8 samples/s
  step   100/1756 | loss 0.1601 | data 0.1 ms | step 14.4 ms | 35559.8 samples/s
  step   150/1756 | loss 0.1531 | data 0.1 ms | step 14.3 ms | 35814.1 samples/s
  step   200/1756 | loss 0.1693 | data 0.2 ms | step 14.7 ms | 34915.1 samples/s
  step   250/1756 | loss 0.1470 | data 0.2 ms | step 12.7 ms | 40347.7 samples/s
  step   300/1756 | loss 0.1467 | data 0.2 ms | step 14.1 ms | 36416.2 samples/s
  step   350/1756 | loss 0.1549 | data 0.2 ms | step 15.1 ms | 33838.9 samples/s
  step   400/1756 | loss 0.1595 | data 0.1 ms | step 15.0 ms | 34242.8 samples/s
  step   450/1756 | loss 0.1409 | data 0.2 ms | step 14.7 ms | 34869.3 samples/s
  step   500/1756 | loss 0.1571 | data 0.1 ms | step 14.3 ms | 35708.7 samples/s
  step   550/1756 | loss 0.1479 | data 0.2 ms | step 14.3 ms | 35857.5 samples/s
  step   600/1756 | loss 0.1597 | data 0.1 ms | step 14.4 ms | 35679.0 samples/s
  step   650/1756 | loss 0.1664 | data 0.1 ms | step 14.3 ms | 35725.3 samples/s
  step   700/1756 | loss 0.1551 | data 0.1 ms | step 14.3 ms | 35690.3 samples/s
  step   750/1756 | loss 0.1580 | data 0.2 ms | step 14.7 ms | 34888.1 samples/s
  step   800/1756 | loss 0.1556 | data 0.2 ms | step 14.3 ms | 35687.1 samples/s
  step   850/1756 | loss 0.1758 | data 0.2 ms | step 15.2 ms | 33720.0 samples/s
  step   900/1756 | loss 0.1629 | data 0.2 ms | step 15.2 ms | 33745.4 samples/s
  step   950/1756 | loss 0.1441 | data 0.1 ms | step 14.7 ms | 34824.0 samples/s
  step  1000/1756 | loss 0.1701 | data 0.1 ms | step 15.2 ms | 33591.4 samples/s
  step  1050/1756 | loss 0.1647 | data 0.1 ms | step 15.3 ms | 33360.6 samples/s
  step  1100/1756 | loss 0.1854 | data 0.1 ms | step 15.5 ms | 33018.5 samples/s
  step  1150/1756 | loss 0.1482 | data 0.1 ms | step 14.8 ms | 34673.2 samples/s
  step  1200/1756 | loss 0.1501 | data 0.2 ms | step 12.8 ms | 39999.3 samples/s
  step  1250/1756 | loss 0.1420 | data 0.1 ms | step 14.4 ms | 35627.8 samples/s
  step  1300/1756 | loss 0.1483 | data 0.2 ms | step 14.7 ms | 34819.5 samples/s
  step  1350/1756 | loss 0.1676 | data 0.2 ms | step 15.4 ms | 33209.5 samples/s
  step  1400/1756 | loss 0.1544 | data 0.2 ms | step 15.8 ms | 32464.2 samples/s
  step  1450/1756 | loss 0.1435 | data 0.1 ms | step 14.6 ms | 35057.1 samples/s
  step  1500/1756 | loss 0.1498 | data 0.1 ms | step 14.6 ms | 35095.0 samples/s
  step  1550/1756 | loss 0.1531 | data 0.2 ms | step 14.7 ms | 34723.9 samples/s
  step  1600/1756 | loss 0.1528 | data 0.2 ms | step 14.6 ms | 35045.3 samples/s
  step  1650/1756 | loss 0.1471 | data 0.1 ms | step 14.4 ms | 35647.0 samples/s
  step  1700/1756 | loss 0.1640 | data 0.1 ms | step 14.9 ms | 34337.6 samples/s
  step  1750/1756 | loss 0.1607 | data 0.6 ms | step 14.4 ms | 35628.6 samples/s
Training Loss: 0.156068 | 35062.4 samples/s
Peak GPU memory: 927.9 MB
Validation Loss: 0.157083 | 96817.0 samples/s

Epoch 47/100
----------------------------------------
Learning Rate: 0.000066
  step    50/1756 | loss 0.1706 | data 0.6 ms | step 14.5 ms | 35345.0 samples/s
  step   100/1756 | loss 0.1749 | data 0.1 ms | step 14.3 ms | 35787.6 samples/s
  step   150/1756 | loss 0.1637 | data 0.1 ms | step 14.2 ms | 36129.7 samples/s
  step   200/1756 | loss 0.1541 | data 0.1 ms | step 12.6 ms | 40756.5 samples/s
  step   250/1756 | loss 0.1474 | data 0.1 ms | step 14.1 ms | 36356.0 samples/s
  step   300/1756 | loss 0.1565 | data 0.1 ms | step 14.3 ms | 35839.2 samples/s
  step   350/1756 | loss 0.1518 | data 0.1 ms | step 14.3 ms | 35820.4 samples/s
  step   400/1756 | loss 0.1488 | data 0.1 ms | step 14.3 ms | 35892.7 samples/s
  step   450/1756 | loss 0.1505 | data 0.1 ms | step 14.3 ms | 35874.3 samples/s
  step   500/1756 | loss 0.1765 | data 0.1 ms | step 14.3 ms | 35838.9 samples/s
  step   550/1756 | loss 0.1731 | data 0.1 ms | step 14.3 ms | 35746.0 samples/s
  step   600/1756 | loss 0.1578 | data 0.1 ms | step 14.3 ms | 35818.4 samples/s
  step   650/1756 | loss 0.1522 | data 0.1 ms | step 14.3 ms | 35788.8 samples/s
  step   700/1756 | loss 0.1595 | data 0.1 ms | step 14.3 ms | 35811.1 samples/s
  step   750/1756 | loss 0.1407 | data 0.1 ms | step 14.4 ms | 35588.9 samples/s
  step   800/1756 | loss 0.1507 | data 0.1 ms | step 14.3 ms | 35879.9 samples/s
  step   850/1756 | loss 0.1460 | data 0.1 ms | step 14.4 ms | 35543.4 samples/s
  step   900/1756 | loss 0.1408 | data 0.1 ms | step 14.5 ms | 35242.3 samples/s
  step   950/1756 | loss 0.1560 | data 0.1 ms | step 14.3 ms | 35897.8 samples/s
  step  1000/1756 | loss 0.1573 | data 0.1 ms | step 14.3 ms | 35831.9 samples/s
  step  1050/1756 | loss 0.1618 | data 0.1 ms | step 14.3 ms | 35758.0 samples/s
  step  1100/1756 | loss 0.1691 | data 0.1 ms | step 14.3 ms | 35796.5 samples/s
  step  1150/1756 | loss 0.1477 | data 0.1 ms | step 14.3 ms | 35735.9 samples/s
  step  1200/1756 | loss 0.1473 | data 0.1 ms | step 12.8 ms | 40153.8 samples/s
  step  1250/1756 | loss 0.1460 | data 0.1 ms | step 13.4 ms | 38178.4 samples/s
  step  1300/1756 | loss 0.1685 | data 0.1 ms | step 14.3 ms | 35733.5 samples/s
  step  1350/1756 | loss 0.1412 | data 0.1 ms | step 14.4 ms | 35469.4 samples/s
  step  1400/1756 | loss 0.1548 | data 0.1 ms | step 14.4 ms | 35539.8 samples/s
  step  1450/1756 | loss 0.1642 | data 0.1 ms | step 14.4 ms | 35533.6 samples/s
  step  1500/1756 | loss 0.1757 | data 0.1 ms | step 14.3 ms | 35791.4 samples/s
  step  1550/1756 | loss 0.1650 | data 0.1 ms | step 14.3 ms | 35859.8 samples/s
  step  1600/1756 | loss 0.1428 | data 0.1 ms | step 14.3 ms | 35826.5 samples/s
  step  1650/1756 | loss 0.1471 | data 0.1 ms | step 14.3 ms | 35779.4 samples/s
  step  1700/1756 | loss 0.1516 | data 0.1 ms | step 14.3 ms | 35853.2 samples/s
  step  1750/1756 | loss 0.1458 | data 0.7 ms | step 14.5 ms | 35412.2 samples/s
Training Loss: 0.155799 | 36038.7 samples/s
Peak GPU memory: 927.9 MB
Validation Loss: 0.156752 | 96187.8 samples/s

Epoch 48/100
----------------------------------------
Learning Rate: 0.000066
  step    50/1756 | loss 0.1512 | data 0.8 ms | step 14.3 ms | 35741.6 samples/s
  step   100/1756 | loss 0.1625 | data 0.1 ms | step 14.3 ms | 35831.9 samples/s
  step   150/1756 | loss 0.1603 | data 0.1 ms | step 14.3 ms | 35828.4 samples/s
  step   200/1756 | loss 0.1530 | data 0.1 ms | step 14.0 ms | 36583.8 samples/s
  step   250/1756 | loss 0.1464 | data 0.2 ms | step 12.6 ms | 40724.6 samples/s
  step   300/1756 | loss 0.1608 | data 0.1 ms | step 14.2 ms | 36178.7 samples/s
  step   350/1756 | loss 0.1480 | data 0.1 ms | step 14.3 ms | 35826.8 samples/s
  step   400/1756 | loss 0.1571 | data 0.1 ms | step 14.3 ms | 35848.8 samples/s
  step   450/1756 | loss 0.1390 | data 0.1 ms | step 14.3 ms | 35747.2 samples/s
  step   500/1756 | loss 0.1593 | data 0.1 ms | step 14.3 ms | 35856.6 samples/s
  step   550/1756 | loss 0.1553 | data 0.1 ms | step 14.3 ms | 35861.3 samples/s
  step   600/1756 | loss 0.1504 | data 0.1 ms | step 14.3 ms | 35825.9 samples/s
  step   650/1756 | loss 0.1327 | data 0.1 ms | step 14.3 ms | 35850.4 samples/s
  step   700/1756 | loss 0.1640 | data 0.1 ms | step 14.3 ms | 35790.2 samples/s
  step   750/1756 | loss 0.1504 | data 0.1 ms | step 14.3 ms | 35836.4 samples/s
  step   800/1756 | loss 0.1556 | data 0.1 ms | step 14.3 ms | 35777.1 samples/s
  step   850/1756 | loss 0.1495 | data 0.1 ms | step 14.3 ms | 35903.3 samples/s
  step   900/1756 | loss 0.1508 | data 0.1 ms | step 14.3 ms | 35760.3 samples/s
  step   950/1756 | loss 0.1427 | data 0.1 ms | step 14.3 ms | 35801.6 samples/s
  step  1000/1756 | loss 0.1550 | data 0.1 ms | step 14.3 ms | 35898.6 samples/s
  step  1050/1756 | loss 0.1627 | data 0.1 ms | step 14.3 ms | 35814.8 samples/s
  step  1100/1756 | loss 0.1574 | data 0.1 ms | step 14.3 ms | 35922.7 samples/s
  step  1150/1756 | loss 0.1484 | data 0.1 ms | step 14.3 ms | 35820.9 samples/s
  step  1200/1756 | loss 0.1713 | data 0.1 ms | step 14.3 ms | 35846.1 samples/s
  step  1250/1756 | loss 0.1561 | data 0.1 ms | step 12.9 ms | 39755.6 samples/s
  step  1300/1756 | loss 0.1527 | data 0.2 ms | step 13.3 ms | 38371.5 samples/s
  step  1350/1756 | loss 0.1666 | data 0.1 ms | step 14.3 ms | 35825.0 samples/s
  step  1400/1756 | loss 0.1596 | data 0.1 ms | step 14.3 ms | 35862.0 samples/s
  step  1450/1756 | loss 0.1538 | data 0.1 ms | step 14.6 ms | 35178.5 samples/s
  step  1500/1756 | loss 0.1441 | data 0.1 ms | step 14.9 ms | 34350.5 samples/s
  step  1550/1756 | loss 0.1506 | data 0.1 ms | step 14.3 ms | 35821.9 samples/s
  step  1600/1756 | loss 0.1571 | data 0.1 ms | step 14.3 ms | 35791.9 samples/s
  step  1650/1756 | loss 0.1605 | data 0.1 ms | step 14.3 ms | 35788.2 samples/s
  step  1700/1756 | loss 0.1422 | data 0.1 ms | step 14.9 ms | 34270.2 samples/s
  step  1750/1756 | loss 0.1332 | data 0.7 ms | step 15.1 ms | 33862.8 samples/s
Training Loss: 0.153048 | 35963.6 samples/s
Peak GPU memory: 927.9 MB
Validation Loss: 0.147304 | 95157.1 samples/s

Epoch 49/100
----------------------------------------
Learning Rate: 0.000066
  step    50/1756 | loss 0.1701 | data 0.7 ms | step 14.4 ms | 35618.4 samples/s
  step   100/1756 | loss 0.1636 | data 0.1 ms | step 14.3 ms | 35722.5 samples/s
  step   150/1756 | loss 0.1540 | data 0.1 ms | step 14.3 ms | 35777.7 samples/s
  step   200/1756 | loss 0.1343 | data 0.1 ms | step 14.3 ms | 35895.2 samples/s
  step   250/1756 | loss 0.1563 | data 0.1 ms | step 13.8 ms | 36978.8 samples/s
  step   300/1756 | loss 0.1738 | data 0.1 ms | step 12.5 ms | 40799.1 samples/s
  step   350/1756 | loss 0.1409 | data 0.1 ms | step 14.1 ms | 36269.6 samples/s
  step   400/1756 | loss 0.1554 | data 0.1 ms | step 14.3 ms | 35799.8 samples/s
  step   450/1756 | loss 0.1543 | data 0.1 ms | step 14.3 ms | 35780.7 samples/s
  step   500/1756 | loss 0.1493 | data 0.1 ms | step 15.3 ms | 33396.4 samples/s
  step   550/1756 | loss 0.1592 | data 0.1 ms | step 14.8 ms | 34683.8 samples/s
  step   600/1756 | loss 0.1362 | data 0.1 ms | step 14.3 ms | 35816.3 samples/s
  step   650/1756 | loss 0.1368 | data 0.1 ms | step 14.3 ms | 35715.3 samples/s
  step   700/1756 | loss 0.1357 | data 0.1 ms | step 14.4 ms | 35473.9 samples/s
  step   750/1756 | loss 0.1348 | data 0.1 ms | step 15.8 ms | 32351.4 samples/s
  step   800/1756 | loss 0.1392 | data 0.1 ms | step 14.3 ms | 35894.5 samples/s
  step   850/1756 | loss 0.1427 | data 0.1 ms | step 14.9 ms | 34448.6 samples/s
  step   900/1756 | loss 0.1660 | data 0.1 ms | step 14.3 ms | 35807.5 samples/s
  step   950/1756 | loss 0.1485 | data 0.1 ms | step 14.3 ms | 35771.2 samples/s
  step  1000/1756 | loss 0.1478 | data 0.1 ms | step 14.3 ms | 35762.3 samples/s
  step  1050/1756 | loss 0.1462 | data 0.1 ms | step 14.3 ms | 35745.7 samples/s
  step  1100/1756 | loss 0.1571 | data 0.1 ms | step 14.5 ms | 35189.3 samples/s
  step  1150/1756 | loss 0.1560 | data 0.1 ms | step 14.6 ms | 34981.6 samples/s
  step  1200/1756 | loss 0.1490 | data 0.1 ms | step 14.6 ms | 34994.6 samples/s
  step  1250/1756 | loss 0.1610 | data 0.1 ms | step 14.5 ms | 35218.3 samples/s
  step  1300/1756 | loss 0.1428 | data 0.2 ms | step 12.9 ms | 39673.6 samples/s
  step  1350/1756 | loss 0.1551 | data 0.1 ms | step 14.6 ms | 35158.7 samples/s
  step  1400/1756 | loss 0.1484 | data 0.1 ms | step 14.5 ms | 35367.1 samples/s
  step  1450/1756 | loss 0.1612 | data 0.2 ms | step 14.5 ms | 35351.7 samples/s
  step  1500/1756 | loss 0.1463 | data 0.1 ms | step 14.6 ms | 35112.5 samples/s
  step  1550/1756 | loss 0.1477 | data 0.2 ms | step 14.3 ms | 35723.9 samples/s
  step  1600/1756 | loss 0.1610 | data 0.2 ms | step 14.3 ms | 35868.8 samples/s
  step  1650/1756 | loss 0.1554 | data 0.1 ms | step 14.3 ms | 35814.2 samples/s
  step  1700/1756 | loss 0.1565 | data 0.1 ms | step 14.3 ms | 35748.3 samples/s
  step  1750/1756 | loss 0.1682 | data 0.7 ms | step 14.4 ms | 35513.4 samples/s
Training Loss: 0.151931 | 35636.5 samples/s
Peak GPU memory: 927.9 MB
Validation Loss: 0.152357 | 96562.5 samples/s

Epoch 50/100
----------------------------------------
Learning Rate: 0.000066
  step    50/1756 | loss 0.1617 | data 0.8 ms | step 14.3 ms | 35805.5 samples/s
  step   100/1756 | loss 0.1579 | data 0.1 ms | step 14.4 ms | 35611.1 samples/s
  step   150/1756 | loss 0.1623 | data 0.1 ms | step 14.3 ms | 35819.6 samples/s
  step   200/1756 | loss 0.1541 | data 0.1 ms | step 14.3 ms | 35766.5 samples/s
  step   250/1756 | loss 0.1473 | data 0.1 ms | step 14.3 ms | 35832.7 samples/s
  step   300/1756 | loss 0.1565 | data 0.1 ms | step 13.1 ms | 39172.6 samples/s
  step   350/1756 | loss 0.1454 | data 0.2 ms | step 13.1 ms | 39036.1 samples/s
  step   400/1756 | loss 0.1538 | data 0.1 ms | step 14.4 ms | 35655.5 samples/s
  step   450/1756 | loss 0.1428 | data 0.1 ms | step 14.3 ms | 35771.5 samples/s
  step   500/1756 | loss 0.1624 | data 0.1 ms | step 14.3 ms | 35716.6 samples/s
  step   550/1756 | loss 0.1345 | data 0.1 ms | step 14.3 ms | 35779.8 samples/s
  step   600/1756 | loss 0.1602 | data 0.1 ms | step 14.3 ms | 35714.4 samples/s
  step   650/1756 | loss 0.1373 | data 0.1 ms | step 14.3 ms | 35774.8 samples/s
  step   700/1756 | loss 0.1573 | data 0.1 ms | step 14.3 ms | 35790.6 samples/s
  step   750/1756 | loss 0.1367 | data 0.1 ms | step 14.3 ms | 35863.5 samples/s
  step   800/1756 | loss 0.1472 | data 0.1 ms | step 14.3 ms | 35806.3 samples/s
  step   850/1756 | loss 0.1553 | data 0.1 ms | step 14.3 ms | 35772.7 samples/s
  step   900/1756 | loss 0.1515 | data 0.2 ms | step 14.3 ms | 35870.6 samples/s
  step   950/1756 | loss 0.1467 | data 0.2 ms | step 14.3 ms | 35826.2 samples/s
  step  1000/1756 | loss 0.1436 | data 0.1 ms | step 14.3 ms | 35742.0 samples/s
  step  1050/1756 | loss 0.1541 | data 0.1 ms | step 14.3 ms | 35845.8 samples/s
  step  1100/1756 | loss 0.1606 | data 0.1 ms | step 14.3 ms | 35733.2 samples/s
  step  1150/1756 | loss 0.1451 | data 0.1 ms | step 14.3 ms | 35705.9 samples/s
  step  1200/1756 | loss 0.1475 | data 0.1 ms | step 14.3 ms | 35820.4 samples/s
  step  1250/1756 | loss 0.1451 | data 0.1 ms | step 14.3 ms | 35812.0 samples/s
  step  1300/1756 | loss 0.1471 | data 0.1 ms | step 13.9 ms | 36933.3 samples/s
  step  1350/1756 | loss 0.1467 | data 0.2 ms | step 12.6 ms | 40764.8 samples/s
  step  1400/1756 | loss 0.1553 | data 0.1 ms | step 14.1 ms | 36326.5 samples/s
  step  1450/1756 | loss 0.1523 | data 0.1 ms | step 14.3 ms | 35821.8 samples/s
  step  1500/1756 | loss 0.1476 | data 0.1 ms | step 14.3 ms | 35751.2 samples/s
  step  1550/1756 | loss 0.1534 | data 0.1 ms | step 14.3 ms | 35694.0 samples/s
  step  1600/1756 | loss 0.1484 | data 0.2 ms | step 14.6 ms | 35044.1 samples/s
  step  1650/1756 | loss 0.1528 | data 0.1 ms | step 14.4 ms | 35520.8 samples/s
  step  1700/1756 | loss 0.1280 | data 0.1 ms | step 15.2 ms | 33755.8 samples/s
  step  1750/1756 | loss 0.1443 | data 0.7 ms | step 14.3 ms | 35697.2 samples/s
Training Loss: 0.150507 | 36021.7 samples/s
Peak GPU memory: 927.9 MB
Validation Loss: 0.196377 | 97821.3 samples/s

Epoch 51/100
----------------------------------------
Learning Rate: 0.000059
  step    50/1756 | loss 0.1816 | data 0.7 ms | step 14.4 ms | 35632.6 samples/s
  step   100/1756 | loss 0.1528 | data 0.1 ms | step 14.3 ms | 35702.6 samples/s
  step   150/1756 | loss 0.1567 | data 0.2 ms | step 14.3 ms | 35771.3 samples/s
  step   200/1756 | loss 0.1467 | data 0.2 ms | step 14.3 ms | 35681.8 samples/s
  step   250/1756 | loss 0.1424 | data 0.2 ms | step 14.3 ms | 35798.2 samples/s
  step   300/1756 | loss 0.1429 | data 0.2 ms | step 14.3 ms | 35704.2 samples/s
  step   350/1756 | loss 0.1337 | data 0.2 ms | step 13.1 ms | 39152.4 samples/s
  step   400/1756 | loss 0.1392 | data 0.2 ms | step 13.1 ms | 38938.4 samples/s
  step   450/1756 | loss 0.1468 | data 0.1 ms | step 14.3 ms | 35788.4 samples/s
  step   500/1756 | loss 0.1495 | data 0.1 ms | step 14.3 ms | 35792.9 samples/s
  step   550/1756 | loss 0.1433 | data 0.2 ms | step 14.3 ms | 35742.2 samples/s
  step   600/1756 | loss 0.1445 | data 0.1 ms | step 14.3 ms | 35757.1 samples/s
  step   650/1756 | loss 0.1665 | data 0.1 ms | step 14.3 ms | 35752.3 samples/s
  step   700/1756 | loss 0.1678 | data 0.1 ms | step 14.3 ms | 35736.7 samples/s
  step   750/1756 | loss 0.1434 | data 0.2 ms | step 14.3 ms | 35748.7 samples/s
  step   800/1756 | loss 0.1525 | data 0.2 ms | step 14.3 ms | 35759.3 samples/s
  step   850/1756 | loss 0.1421 | data 0.1 ms | step 14.3 ms | 35808.4 samples/s
  step   900/1756 | loss 0.1401 | data 0.1 ms | step 14.4 ms | 35670.0 samples/s
  step   950/1756 | loss 0.1485 | data 0.1 ms | step 14.3 ms | 35796.5 samples/s
  step  1000/1756 | loss 0.1518 | data 0.1 ms | step 14.4 ms | 35674.8 samples/s
  step  1050/1756 | loss 0.1451 | data 0.1 ms | step 14.3 ms | 35716.0 samples/s
  step  1100/1756 | loss 0.1604 | data 0.2 ms | step 14.3 ms | 35803.5 samples/s
  step  1150/1756 | loss 0.1695 | data 0.2 ms | step 14.3 ms | 35766.7 samples/s
  step  1200/1756 | loss 0.1447 | data 0.2 ms | step 14.3 ms | 35774.3 samples/s
  step  1250/1756 | loss 0.1457 | data 0.1 ms | step 14.3 ms | 35712.8 samples/s
  step  1300/1756 | loss 0.1544 | data 0.1 ms | step 14.4 ms | 35672.3 samples/s
  step  1350/1756 | loss 0.1541 | data 0.1 ms | step 13.9 ms | 36789.4 samples/s
  step  1400/1756 | loss 0.1494 | data 0.2 ms | step 12.5 ms | 40877.1 samples/s
  step  1450/1756 | loss 0.1399 | data 0.1 ms | step 14.1 ms | 36206.9 samples/s
  step  1500/1756 | loss 0.1488 | data 0.1 ms | step 14.4 ms | 35607.4 samples/s
  step  1550/1756 | loss 0.1404 | data 0.1 ms | step 14.3 ms | 35772.1 samples/s
  step  1600/1756 | loss 0.1514 | data 0.1 ms | step 14.3 ms | 35798.9 samples/s
  step  1650/1756 | loss 0.1441 | data 0.1 ms | step 14.3 ms | 35730.4 samples/s
  step  1700/1756 | loss 0.1508 | data 0.1 ms | step 14.3 ms | 35727.8 samples/s
  step  1750/1756 | loss 0.1442 | data 0.7 ms | step 14.4 ms | 35556.1 samples/s
Training Loss: 0.149636 | 36069.6 samples/s
Peak GPU memory: 927.9 MB
Validation Loss: 0.153299 | 97428.5 samples/s

Epoch 52/100
----------------------------------------
Learning Rate: 0.000059
  step    50/1756 | loss 0.1483 | data 0.8 ms | step 14.3 ms | 35685.3 samples/s
  step   100/1756 | loss 0.1419 | data 0.1 ms | step 14.3 ms | 35745.8 samples/s
  step   150/1756 | loss 0.1562 | data 0.2 ms | step 14.3 ms | 35740.8 samples/s
  step   200/1756 | loss 0.1472 | data 0.1 ms | step 14.3 ms | 35722.7 samples/s
  step   250/1756 | loss 0.1520 | data 0.1 ms | step 14.3 ms | 35712.0 samples/s
  step   300/1756 | loss 0.1275 | data 0.1 ms | step 14.3 ms | 35798.2 samples/s
  step   350/1756 | loss 0.1567 | data 0.2 ms | step 14.3 ms | 35791.4 samples/s
  step   400/1756 | loss 0.1430 | data 0.2 ms | step 13.5 ms | 37835.0 samples/s
  step   450/1756 | loss 0.1507 | data 0.2 ms | step 12.7 ms | 40461.3 samples/s
  step   500/1756 | loss 0.1464 | data 0.2 ms | step 14.3 ms | 35721.9 samples/s
  step   550/1756 | loss 0.1364 | data 0.1 ms | step 14.4 ms | 35648.3 samples/s
  step   600/1756 | loss 0.1449 | data 0.1 ms | step 14.3 ms | 35716.1 samples/s
  step   650/1756 | loss 0.1581 | data 0.1 ms | step 14.3 ms | 35698.4 samples/s
  step   700/1756 | loss 0.1425 | data 0.2 ms | step 14.3 ms | 35738.2 samples/s
  step   750/1756 | loss 0.1448 | data 0.1 ms | step 14.3 ms | 35795.0 samples/s
  step   800/1756 | loss 0.1433 | data 0.2 ms | step 14.3 ms | 35725.4 samples/s
  step   850/1756 | loss 0.1437 | data 0.1 ms | step 14.3 ms | 35811.6 samples/s
  step   900/1756 | loss 0.1344 | data 0.1 ms | step 14.3 ms | 35694.4 samples/s
  step   950/1756 | loss 0.1431 | data 0.1 ms | step 14.3 ms | 35786.8 samples/s
  step  1000/1756 | loss 0.1406 | data 0.1 ms | step 14.4 ms | 35650.3 samples/s
  step  1050/1756 | loss 0.1378 | data 0.1 ms | step 14.3 ms | 35715.7 samples/s
  step  1100/1756 | loss 0.1611 | data 0.2 ms | step 14.3 ms | 35712.9 samples/s
  step  1150/1756 | loss 0.1413 | data 0.1 ms | step 14.4 ms | 35630.5 samples/s
  step  1200/1756 | loss 0.1390 | data 0.1 ms | step 14.3 ms | 35714.8 samples/s
  step  1250/1756 | loss 0.1554 | data 0.1 ms | step 14.4 ms | 35480.3 samples/s
  step  1300/1756 | loss 0.1470 | data 0.1 ms | step 14.5 ms | 35362.4 samples/s
  step  1350/1756 | loss 0.1409 | data 0.1 ms | step 14.3 ms | 35747.7 samples/s
  step  1400/1756 | loss 0.1371 | data 0.1 ms | step 14.3 ms | 35706.4 samples/s
  step  1450/1756 | loss 0.1429 | data 0.2 ms | step 12.5 ms | 40800.4 samples/s
  step  1500/1756 | loss 0.1455 | data 0.2 ms | step 13.7 ms | 37266.8 samples/s
  step  1550/1756 | loss 0.1520 | data 0.1 ms | step 14.5 ms | 35333.8 samples/s
  step  1600/1756 | loss 0.1574 | data 0.1 ms | step 14.4 ms | 35659.3 samples/s
  step  1650/1756 | loss 0.1477 | data 0.1 ms | step 14.4 ms | 35666.3 samples/s
  step  1700/1756 | loss 0.1583 | data 0.2 ms | step 14.4 ms | 35649.3 samples/s
  step  1750/1756 | loss 0.1648 | data 0.7 ms | step 14.3 ms | 35680.2 samples/s
Training Loss: 0.146586 | 36029.1 samples/s
Peak GPU memory: 927.9 MB
Validation Loss: 0.157309 | 97937.2 samples/s

Epoch 53/100
----------------------------------------
Learning Rate: 0.000059
  step    50/1756 | loss 0.1452 | data 0.7 ms | step 14.5 ms | 35394.9 samples/s
  step   100/1756 | loss 0.1440 | data 0.1 ms | step 14.3 ms | 35739.2 samples/s
  step   150/1756 | loss 0.1500 | data 0.1 ms | step 14.3 ms | 35705.0 samples/s
  step   200/1756 | loss 0.1416 | data 0.1 ms | step 14.3 ms | 35696.2 samples/s
  step   250/1756 | loss 0.1475 | data 0.2 ms | step 14.3 ms | 35784.7 samples/s
  step   300/1756 | loss 0.1549 | data 0.2 ms | step 14.4 ms | 35629.9 samples/s
  step   350/1756 | loss 0.1621 | data 0.2 ms | step 14.3 ms | 35703.8 samples/s
  step   400/1756 | loss 0.1587 | data 0.1 ms | step 14.3 ms | 35745.3 samples/s
  step   450/1756 | loss 0.1655 | data 0.2 ms | step 14.0 ms | 36532.1 samples/s
  step   500/1756 | loss 0.1553 | data 0.2 ms | step 12.5 ms | 40849.5 samples/s
  step   550/1756 | loss 0.1452 | data 0.1 ms | step 14.0 ms | 36535.8 samples/s
  step   600/1756 | loss 0.1575 | data 0.2 ms | step 14.3 ms | 35708.1 samples/s
  step   650/1756 | loss 0.1450 | data 0.2 ms | step 14.3 ms | 35730.9 samples/s
  step   700/1756 | loss 0.1531 | data 0.1 ms | step 14.3 ms | 35772.3 samples/s
  step   750/1756 | loss 0.1436 | data 0.1 ms | step 14.3 ms | 35697.9 samples/s
  step   800/1756 | loss 0.1465 | data 0.1 ms | step 14.4 ms | 35580.6 samples/s
  step   850/1756 | loss 0.1556 | data 0.1 ms | step 14.3 ms | 35733.4 samples/s
  step   900/1756 | loss 0.1477 | data 0.1 ms | step 14.4 ms | 35645.7 samples/s
  step   950/1756 | loss 0.1468 | data 0.2 ms | step 14.3 ms | 35849.3 samples/s
  step  1000/1756 | loss 0.1505 | data 0.2 ms | step 14.3 ms | 35781.3 samples/s
  step  1050/1756 | loss 0.1309 | data 0.1 ms | step 14.3 ms | 35702.5 samples/s
  step  1100/1756 | loss 0.1421 | data 0.2 ms | step 14.3 ms | 35786.9 samples/s
  step  1150/1756 | loss 0.1362 | data 0.1 ms | step 14.3 ms | 35735.8 samples/s
  step  1200/1756 | loss 0.1474 | data 0.2 ms | step 14.3 ms | 35799.4 samples/s
  step  1250/1756 | loss 0.1379 | data 0.1 ms | step 14.3 ms | 35781.6 samples/s
  step  1300/1756 | loss 0.1642 | data 0.2 ms | step 14.3 ms | 35771.3 samples/s
  step  1350/1756 | loss 0.1441 | data 0.2 ms | step 14.3 ms | 35712.9 samples/s
  step  1400/1756 | loss 0.1520 | data 0.1 ms | step 14.3 ms | 35857.8 samples/s
  step  1450/1756 | loss 0.1435 | data 0.2 ms | step 14.3 ms | 35790.5 samples/s
  step  1500/1756 | loss 0.1355 | data 0.2 ms | step 13.0 ms | 39272.2 samples/s
  step  1550/1756 | loss 0.1467 | data 0.2 ms | step 13.2 ms | 38765.0 samples/s
  step  1600/1756 | loss 0.1405 | data 0.1 ms | step 14.3 ms | 35709.8 samples/s
  step  1650/1756 | loss 0.1438 | data 0.1 ms | step 14.4 ms | 35434.5 samples/s
  step  1700/1756 | loss 0.1356 | data 0.1 ms | step 14.3 ms | 35793.6 samples/s
  step  1750/1756 | loss 0.1438 | data 0.7 ms | step 14.4 ms | 35580.2 samples/s
Training Loss: 0.147609 | 36051.7 samples/s
Peak GPU memory: 927.9 MB
Validation Loss: 0.150522 | 97001.7 samples/s

Epoch 54/100
----------------------------------------
Learning Rate: 0.000059
  step    50/1756 | loss 0.1327 | data 0.8 ms | step 14.4 ms | 35587.5 samples/s
  step   100/1756 | loss 0.1308 | data 0.1 ms | step 14.4 ms | 35620.2 samples/s
  step   150/1756 | loss 0.1381 | data 0.1 ms | step 14.4 ms | 35664.9 samples/s
  step   200/1756 | loss 0.1399 | data 0.1 ms | step 14.3 ms | 35802.8 samples/s
  step   250/1756 | loss 0.1489 | data 0.2 ms | step 14.4 ms | 35659.9 samples/s
  step   300/1756 | loss 0.1469 | data 0.2 ms | step 14.3 ms | 35728.0 samples/s
  step   350/1756 | loss 0.1384 | data 0.1 ms | step 14.3 ms | 35752.6 samples/s
  step   400/1756 | loss 0.1591 | data 0.1 ms | step 14.4 ms | 35655.8 samples/s
  step   450/1756 | loss 0.1403 | data 0.1 ms | step 14.3 ms | 35747.8 samples/s
  step   500/1756 | loss 0.1458 | data 0.1 ms | step 14.3 ms | 35838.5 samples/s
  step   550/1756 | loss 0.1450 | data 0.2 ms | step 12.6 ms | 40736.6 samples/s
  step   600/1756 | loss 0.1559 | data 0.2 ms | step 13.7 ms | 37462.6 samples/s
  step   650/1756 | loss 0.1429 | data 0.1 ms | step 14.3 ms | 35798.0 samples/s
  step   700/1756 | loss 0.1540 | data 0.1 ms | step 14.3 ms | 35739.2 samples/s
  step   750/1756 | loss 0.1402 | data 0.1 ms | step 14.3 ms | 35715.0 samples/s
  step   800/1756 | loss 0.1460 | data 0.1 ms | step 14.3 ms | 35716.7 samples/s
  step   850/1756 | loss 0.1515 | data 0.1 ms | step 14.3 ms | 35793.8 samples/s
  step   900/1756 | loss 0.1507 | data 0.1 ms | step 14.4 ms | 35657.8 samples/s
  step   950/1756 | loss 0.1524 | data 0.1 ms | step 14.3 ms | 35733.0 samples/s
  step  1000/1756 | loss 0.1448 | data 0.1 ms | step 14.4 ms | 35634.7 samples/s
  step  1050/1756 | loss 0.1445 | data 0.1 ms | step 14.3 ms | 35797.0 samples/s
  step  1100/1756 | loss 0.1556 | data 0.1 ms | step 14.3 ms | 35709.2 samples/s
  step  1150/1756 | loss 0.1582 | data 0.1 ms | step 14.4 ms | 35608.2 samples/s
  step  1200/1756 | loss 0.1383 | data 0.1 ms | step 14.3 ms | 35763.3 samples/s
  step  1250/1756 | loss 0.1421 | data 0.2 ms | step 14.3 ms | 35680.6 samples/s
  step  1300/1756 | loss 0.1433 | data 0.1 ms | step 14.3 ms | 35737.8 samples/s
  step  1350/1756 | loss 0.1517 | data 0.1 ms | step 14.3 ms | 35704.5 samples/s
  step  1400/1756 | loss 0.1404 | data 0.1 ms | step 14.4 ms | 35676.3 samples/s
  step  1450/1756 | loss 0.1539 | data 0.1 ms | step 14.6 ms | 35183.8 samples/s
  step  1500/1756 | loss 0.1473 | data 0.1 ms | step 14.3 ms | 35792.7 samples/s
  step  1550/1756 | loss 0.1447 | data 0.2 ms | step 13.3 ms | 38558.2 samples/s
  step  1600/1756 | loss 0.1469 | data 0.2 ms | step 12.9 ms | 39605.4 samples/s
  step  1650/1756 | loss 0.1497 | data 0.1 ms | step 14.3 ms | 35811.7 samples/s
  step  1700/1756 | loss 0.1320 | data 0.1 ms | step 14.3 ms | 35820.8 samples/s
  step  1750/1756 | loss 0.1369 | data 0.7 ms | step 14.5 ms | 35304.2 samples/s
Training Loss: 0.145397 | 36038.0 samples/s
Peak GPU memory: 927.9 MB
Validation Loss: 0.147584 | 96972.3 samples/s

Epoch 55/100
----------------------------------------
Learning Rate: 0.000059
  step    50/1756 | loss 0.1437 | data 0.8 ms | step 14.4 ms | 35650.8 samples/s
  step   100/1756 | loss 0.1680 | data 0.2 ms | step 14.3 ms | 35925.3 samples/s
  step   150/1756 | loss 0.1528 | data 0.2 ms | step 14.4 ms | 35531.1 samples/s
  step   200/1756 | loss 0.1399 | data 0.1 ms | step 14.3 ms | 35798.2 samples/s
  step   250/1756 | loss 0.1460 | data 0.1 ms | step 14.3 ms | 35882.7 samples/s
  step   300/1756 | loss 0.1627 | data 0.1 ms | step 14.3 ms | 35792.3 samples/s
  step   350/1756 | loss 0.1586 | data 0.1 ms | step 14.3 ms | 35853.8 samples/s
  step   400/1756 | loss 0.1446 | data 0.1 ms | step 14.3 ms | 35784.3 samples/s
  step   450/1756 | loss 0.1577 | data 0.2 ms | step 14.3 ms | 35879.9 samples/s
  step   500/1756 | loss 0.1413 | data 0.1 ms | step 14.2 ms | 35948.4 samples/s
  step   550/1756 | loss 0.1565 | data 0.2 ms | step 14.3 ms | 35863.4 samples/s
  step   600/1756 | loss 0.1418 | data 0.1 ms | step 12.8 ms | 39931.0 samples/s
  step   650/1756 | loss 0.1629 | data 0.2 ms | step 13.4 ms | 38277.4 samples/s
  step   700/1756 | loss 0.1462 | data 0.1 ms | step 14.4 ms | 35665.7 samples/s
  step   750/1756 | loss 0.1341 | data 0.1 ms | step 14.3 ms | 35764.0 samples/s
  step   800/1756 | loss 0.1331 | data 0.2 ms | step 14.2 ms | 35940.1 samples/s
  step   850/1756 | loss 0.1578 | data 0.1 ms | step 14.3 ms | 35822.0 samples/s
  step   900/1756 | loss 0.1481 | data 0.1 ms | step 14.3 ms | 35765.0 samples/s
  step   950/1756 | loss 0.1275 | data 0.1 ms | step 14.3 ms | 35800.5 samples/s
  step  1000/1756 | loss 0.1434 | data 0.1 ms | step 14.3 ms | 35774.9 samples/s
  step  1050/1756 | loss 0.1415 | data 0.2 ms | step 14.3 ms | 35679.7 samples/s
  step  1100/1756 | loss 0.1540 | data 0.2 ms | step 14.3 ms | 35766.2 samples/s
  step  1150/1756 | loss 0.1497 | data 0.1 ms | step 14.3 ms | 35824.5 samples/s
  step  1200/1756 | loss 0.1514 | data 0.1 ms | step 14.3 ms | 35798.0 samples/s
  step  1250/1756 | loss 0.1563 | data 0.1 ms | step 14.3 ms | 35798.3 samples/s
  step  1300/1756 | loss 0.1388 | data 0.1 ms | step 14.3 ms | 35768.7 samples/s
  step  1350/1756 | loss 0.1442 | data 0.1 ms | step 14.3 ms | 35763.4 samples/s
  step  1400/1756 | loss 0.1402 | data 0.1 ms | step 14.3 ms | 35781.6 samples/s
  step  1450/1756 | loss 0.1377 | data 0.1 ms | step 14.3 ms | 35728.5 samples/s
  step  1500/1756 | loss 0.1391 | data 0.1 ms | step 14.3 ms | 35850.5 samples/s
  step  1550/1756 | loss 0.1571 | data 0.1 ms | step 14.3 ms | 35825.8 samples/s
  step  1600/1756 | loss 0.1428 | data 0.2 ms | step 13.6 ms | 37547.2 samples/s
  step  1650/1756 | loss 0.1397 | data 0.2 ms | step 12.6 ms | 40688.2 samples/s
  step  1700/1756 | loss 0.1397 | data 0.1 ms | step 14.3 ms | 35797.1 samples/s
  step  1750/1756 | loss 0.1387 | data 0.7 ms | step 14.4 ms | 35446.7 samples/s
Training Loss: 0.146887 | 36121.7 samples/s
Peak GPU memory: 927.9 MB
Validation Loss: 0.150940 | 96374.7 samples/s

Epoch 56/100
----------------------------------------
Learning Rate: 0.000059
  step    50/1756 | loss 0.1577 | data 0.8 ms | step 14.4 ms | 35581.6 samples/s
  step   100/1756 | loss 0.1576 | data 0.1 ms | step 14.3 ms | 35756.2 samples/s
  step   150/1756 | loss 0.1359 | data 0.1 ms | step 14.3 ms | 35779.1 samples/s
  step   200/1756 | loss 0.1419 | data 0.1 ms | step 14.4 ms | 35679.0 samples/s
  step   250/1756 | loss 0.1356 | data 0.1 ms | step 14.5 ms | 35370.8 samples/s
  step   300/1756 | loss 0.1416 | data 0.1 ms | step 14.3 ms | 35691.1 samples/s
  step   350/1756 | loss 0.1368 | data 0.1 ms | step 14.3 ms | 35754.5 samples/s
  step   400/1756 | loss 0.1395 | data 0.1 ms | step 14.3 ms | 35763.7 samples/s
  step   450/1756 | loss 0.1468 | data 0.1 ms | step 14.3 ms | 35787.6 samples/s
  step   500/1756 | loss 0.1584 | data 0.1 ms | step 14.3 ms | 35767.9 samples/s
  step   550/1756 | loss 0.1431 | data 0.1 ms | step 14.3 ms | 35826.2 samples/s
  step   600/1756 | loss 0.1424 | data 0.1 ms | step 14.3 ms | 35775.3 samples/s
  step   650/1756 | loss 0.1433 | data 0.1 ms | step 13.4 ms | 38070.2 samples/s
  step   700/1756 | loss 0.1365 | data 0.1 ms | step 13.2 ms | 38846.5 samples/s
  step   750/1756 | loss 0.1436 | data 0.1 ms | step 14.3 ms | 35793.2 samples/s
  step   800/1756 | loss 0.1510 | data 0.1 ms | step 14.3 ms | 35735.0 samples/s
  step   850/1756 | loss 0.1458 | data 0.1 ms | step 14.8 ms | 34528.8 samples/s
  step   900/1756 | loss 0.1351 | data 0.1 ms | step 14.4 ms | 35560.9 samples/s
  step   950/1756 | loss 0.1349 | data 0.1 ms | step 14.5 ms | 35263.6 samples/s
  step  1000/1756 | loss 0.1526 | data 0.1 ms | step 14.5 ms | 35219.3 samples/s
  step  1050/1756 | loss 0.1496 | data 0.1 ms | step 14.3 ms | 35773.3 samples/s
  step  1100/1756 | loss 0.1364 | data 0.1 ms | step 14.3 ms | 35851.3 samples/s
  step  1150/1756 | loss 0.1431 | data 0.1 ms | step 14.3 ms | 35866.6 samples/s
  step  1200/1756 | loss 0.1311 | data 0.1 ms | step 14.3 ms | 35727.2 samples/s
  step  1250/1756 | loss 0.1499 | data 0.1 ms | step 14.3 ms | 35852.9 samples/s
  step  1300/1756 | loss 0.1460 | data 0.1 ms | step 14.3 ms | 35754.8 samples/s
  step  1350/1756 | loss 0.1465 | data 0.1 ms | step 14.3 ms | 35854.7 samples/s
  step  1400/1756 | loss 0.1372 | data 0.1 ms | step 14.3 ms | 35710.1 samples/s
  step  1450/1756 | loss 0.1361 | data 0.1 ms | step 14.3 ms | 35746.6 samples/s
  step  1500/1756 | loss 0.1604 | data 0.1 ms | step 14.3 ms | 35795.9 samples/s
  step  1550/1756 | loss 0.1508 | data 0.1 ms | step 14.3 ms | 35825.8 samples/s
  step  1600/1756 | loss 0.1383 | data 0.1 ms | step 14.3 ms | 35894.1 samples/s
  step  1650/1756 | loss 0.1444 | data 0.1 ms | step 13.5 ms | 37973.6 samples/s
  step  1700/1756 | loss 0.1410 | data 0.1 ms | step 12.8 ms | 40141.1 samples/s
  step  1750/1756 | loss 0.1395 | data 0.6 ms | step 14.4 ms | 35592.1 samples/s
Training Loss: 0.143650 | 35990.4 samples/s
Peak GPU memory: 927.9 MB
Validation Loss: 0.141166 | 96150.0 samples/s

Epoch 57/100
----------------------------------------
Learning Rate: 0.000059
  step    50/1756 | loss 0.1564 | data 0.7 ms | step 14.3 ms | 35738.5 samples/s
  step   100/1756 | loss 0.1536 | data 0.1 ms | step 14.3 ms | 35892.7 samples/s
  step   150/1756 | loss 0.1422 | data 0.1 ms | step 14.2 ms | 35964.4 samples/s
  step   200/1756 | loss 0.1315 | data 0.1 ms | step 14.3 ms | 35824.2 samples/s
  step   250/1756 | loss 0.1390 | data 0.1 ms | step 14.3 ms | 35862.7 samples/s
  step   300/1756 | loss 0.1377 | data 0.1 ms | step 14.3 ms | 35805.0 samples/s
  step   350/1756 | loss 0.1517 | data 0.1 ms | step 14.3 ms | 35809.9 samples/s
  step   400/1756 | loss 0.1434 | data 0.1 ms | step 14.3 ms | 35797.6 samples/s
  step   450/1756 | loss 0.1443 | data 0.1 ms | step 14.3 ms | 35822.5 samples/s
  step   500/1756 | loss 0.1434 | data 0.1 ms | step 14.3 ms | 35873.5 samples/s
  step   550/1756 | loss 0.1402 | data 0.1 ms | step 14.3 ms | 35852.5 samples/s
  step   600/1756 | loss 0.1364 | data 0.1 ms | step 14.3 ms | 35727.5 samples/s
  step   650/1756 | loss 0.1359 | data 0.1 ms | step 14.3 ms | 35850.0 samples/s
  step   700/1756 | loss 0.1440 | data 0.1 ms | step 12.3 ms | 41530.2 samples/s
  step   750/1756 | loss 0.1330 | data 0.2 ms | step 12.7 ms | 40389.2 samples/s
  step   800/1756 | loss 0.1360 | data 0.1 ms | step 14.3 ms | 35807.9 samples/s
  step   850/1756 | loss 0.1377 | data 0.1 ms | step 14.3 ms | 35787.0 samples/s
  step   900/1756 | loss 0.1503 | data 0.1 ms | step 14.3 ms | 35811.1 samples/s
  step   950/1756 | loss 0.1383 | data 0.1 ms | step 14.3 ms | 35828.4 samples/s
  step  1000/1756 | loss 0.1353 | data 0.1 ms | step 14.3 ms | 35921.0 samples/s
  step  1050/1756 | loss 0.1438 | data 0.1 ms | step 14.3 ms | 35805.6 samples/s
  step  1100/1756 | loss 0.1473 | data 0.1 ms | step 14.3 ms | 35724.9 samples/s
  step  1150/1756 | loss 0.1321 | data 0.1 ms | step 14.3 ms | 35734.7 samples/s
  step  1200/1756 | loss 0.1568 | data 0.1 ms | step 14.3 ms | 35775.0 samples/s
  step  1250/1756 | loss 0.1398 | data 0.1 ms | step 14.3 ms | 35824.9 samples/s
  step  1300/1756 | loss 0.1331 | data 0.1 ms | step 14.3 ms | 35757.2 samples/s
  step  1350/1756 | loss 0.1232 | data 0.1 ms | step 14.3 ms | 35841.5 samples/s
  step  1400/1756 | loss 0.1399 | data 0.1 ms | step 14.3 ms | 35755.5 samples/s
  step  1450/1756 | loss 0.1331 | data 0.1 ms | step 14.3 ms | 35891.5 samples/s
  step  1500/1756 | loss 0.1483 | data 0.1 ms | step 14.3 ms | 35786.7 samples/s
  step  1550/1756 | loss 0.1396 | data 0.1 ms | step 14.3 ms | 35813.0 samples/s
  step  1600/1756 | loss 0.1447 | data 0.1 ms | step 14.3 ms | 35764.3 samples/s
  step  1650/1756 | loss 0.1498 | data 0.1 ms | step 14.3 ms | 35778.4 samples/s
  step  1700/1756 | loss 0.1707 | data 0.1 ms | step 14.2 ms | 36115.6 samples/s
  step  1750/1756 | loss 0.1394 | data 0.7 ms | step 12.6 ms | 40652.0 samples/s
Training Loss: 0.141948 | 36211.2 samples/s
Peak GPU memory: 927.9 MB
Validation Loss: 0.146159 | 96075.4 samples/s

Epoch 58/100
----------------------------------------
Learning Rate: 0.000059
  step    50/1756 | loss 0.1463 | data 0.8 ms | step 14.3 ms | 35784.4 samples/s
  step   100/1756 | loss 0.1461 | data 0.1 ms | step 14.3 ms | 35768.9 samples/s
  step   150/1756 | loss 0.1363 | data 0.1 ms | step 14.3 ms | 35895.6 samples/s
  step   200/1756 | loss 0.1420 | data 0.1 ms | step 14.3 ms | 35893.4 samples/s
  step   250/1756 | loss 0.1392 | data 0.1 ms | step 14.3 ms | 35925.1 samples/s
  step   300/1756 | loss 0.1452 | data 0.1 ms | step 14.3 ms | 35795.4 samples/s
  step   350/1756 | loss 0.1525 | data 0.1 ms | step 14.3 ms | 35887.1 samples/s
  step   400/1756 | loss 0.1484 | data 0.1 ms | step 14.3 ms | 35791.1 samples/s
  step   450/1756 | loss 0.1431 | data 0.1 ms | step 14.3 ms | 35806.3 samples/s
  step   500/1756 | loss 0.1375 | data 0.1 ms | step 14.3 ms | 35874.3 samples/s
  step   550/1756 | loss 0.1412 | data 0.1 ms | step 14.3 ms | 35860.7 samples/s
  step   600/1756 | loss 0.1438 | data 0.1 ms | step 14.3 ms | 35723.1 samples/s
  step   650/1756 | loss 0.1204 | data 0.1 ms | step 14.3 ms | 35818.3 samples/s
  step   700/1756 | loss 0.1580 | data 0.1 ms | step 14.3 ms | 35889.8 samples/s
  step   750/1756 | loss 0.1666 | data 0.1 ms | step 13.7 ms | 37381.8 samples/s
  step   800/1756 | loss 0.1536 | data 0.2 ms | step 12.5 ms | 41008.0 samples/s
  step   850/1756 | loss 0.1637 | data 0.1 ms | step 14.3 ms | 35778.4 samples/s
  step   900/1756 | loss 0.1449 | data 0.1 ms | step 14.3 ms | 35831.8 samples/s
  step   950/1756 | loss 0.1459 | data 0.1 ms | step 14.3 ms | 35741.3 samples/s
  step  1000/1756 | loss 0.1498 | data 0.1 ms | step 14.3 ms | 35895.5 samples/s
  step  1050/1756 | loss 0.1598 | data 0.1 ms | step 14.3 ms | 35828.3 samples/s
  step  1100/1756 | loss 0.1561 | data 0.1 ms | step 14.3 ms | 35761.2 samples/s
  step  1150/1756 | loss 0.1385 | data 0.1 ms | step 14.3 ms | 35822.4 samples/s
  step  1200/1756 | loss 0.1671 | data 0.1 ms | step 14.3 ms | 35842.4 samples/s
  step  1250/1756 | loss 0.1461 | data 0.1 ms | step 14.3 ms | 35853.9 samples/s
  step  1300/1756 | loss 0.1323 | data 0.1 ms | step 14.3 ms | 35801.0 samples/s
  step  1350/1756 | loss 0.1427 | data 0.1 ms | step 14.3 ms | 35781.1 samples/s
  step  1400/1756 | loss 0.1305 | data 0.1 ms | step 14.3 ms | 35820.3 samples/s
  step  1450/1756 | loss 0.1278 | data 0.1 ms | step 14.3 ms | 35782.7 samples/s
  step  1500/1756 | loss 0.1475 | data 0.1 ms | step 14.3 ms | 35859.6 samples/s
  step  1550/1756 | loss 0.1401 | data 0.1 ms | step 14.3 ms | 35896.1 samples/s
  step  1600/1756 | loss 0.1386 | data 0.1 ms | step 14.3 ms | 35872.0 samples/s
  step  1650/1756 | loss 0.1330 | data 0.1 ms | step 14.3 ms | 35831.7 samples/s
  step  1700/1756 | loss 0.1437 | data 0.1 ms | step 14.3 ms | 35694.4 samples/s
  step  1750/1756 | loss 0.1454 | data 0.7 ms | step 14.6 ms | 34993.5 samples/s
Training Loss: 0.144951 | 35977.4 samples/s
Peak GPU memory: 927.9 MB
Validation Loss: 0.147313 | 106929.1 samples/s

Epoch 59/100
----------------------------------------
Learning Rate: 0.000059
  step    50/1756 | loss 0.1334 | data 0.7 ms | step 14.4 ms | 35630.5 samples/s
  step   100/1756 | loss 0.1394 | data 0.1 ms | step 14.3 ms | 35725.6 samples/s
  step   150/1756 | loss 0.1486 | data 0.1 ms | step 14.3 ms | 35747.6 samples/s
  step   200/1756 | loss 0.1476 | data 0.1 ms | step 14.3 ms | 35879.6 samples/s
  step   250/1756 | loss 0.1394 | data 0.1 ms | step 14.4 ms | 35511.3 samples/s
  step   300/1756 | loss 0.1385 | data 0.1 ms | step 14.3 ms | 35746.4 samples/s
  step   350/1756 | loss 0.1431 | data 0.1 ms | step 14.3 ms | 35790.0 samples/s
  step   400/1756 | loss 0.1345 | data 0.1 ms | step 14.3 ms | 35744.4 samples/s
  step   450/1756 | loss 0.1342 | data 0.1 ms | step 14.3 ms | 35789.5 samples/s
  step   500/1756 | loss 0.1485 | data 0.1 ms | step 14.3 ms | 35711.8 samples/s
  step   550/1756 | loss 0.1471 | data 0.1 ms | step 14.3 ms | 35745.6 samples/s
  step   600/1756 | loss 0.1319 | data 0.1 ms | step 14.3 ms | 35776.8 samples/s
  step   650/1756 | loss 0.1397 | data 0.1 ms | step 14.3 ms | 35877.1 samples/s
  step   700/1756 | loss 0.1620 | data 0.1 ms | step 14.3 ms | 35814.5 samples/s
  step   750/1756 | loss 0.1547 | data 0.1 ms | step 14.3 ms | 35766.3 samples/s
  step   800/1756 | loss 0.1425 | data 0.1 ms | step 14.0 ms | 36646.9 samples/s
  step   850/1756 | loss 0.1372 | data 0.2 ms | step 12.5 ms | 40825.4 samples/s
  step   900/1756 | loss 0.1326 | data 0.1 ms | step 14.0 ms | 36520.5 samples/s
  step   950/1756 | loss 0.1317 | data 0.1 ms | step 14.3 ms | 35865.2 samples/s
  step  1000/1756 | loss 0.1406 | data 0.1 ms | step 14.3 ms | 35815.7 samples/s
  step  1050/1756 | loss 0.1465 | data 0.1 ms | step 14.3 ms | 35824.9 samples/s
  step  1100/1756 | loss 0.1553 | data 0.1 ms | step 14.3 ms | 35786.9 samples/s
  step  1150/1756 | loss 0.1406 | data 0.1 ms | step 14.3 ms | 35783.4 samples/s
  step  1200/1756 | loss 0.1465 | data 0.1 ms | step 14.3 ms | 35833.6 samples/s
  step  1250/1756 | loss 0.1485 | data 0.1 ms | step 14.3 ms | 35749.8 samples/s
  step  1300/1756 | loss 0.1390 | data 0.1 ms | step 14.3 ms | 35723.8 samples/s
  step  1350/1756 | loss 0.1785 | data 0.1 ms | step 14.4 ms | 35515.0 samples/s
  step  1400/1756 | loss 0.1582 | data 0.1 ms | step 14.3 ms | 35770.9 samples/s
  step  1450/1756 | loss 0.1357 | data 0.1 ms | step 14.3 ms | 35815.1 samples/s
  step  1500/1756 | loss 0.1473 | data 0.1 ms | step 14.3 ms | 35806.6 samples/s
  step  1550/1756 | loss 0.1287 | data 0.1 ms | step 14.3 ms | 35766.5 samples/s
  step  1600/1756 | loss 0.1411 | data 0.1 ms | step 14.3 ms | 35815.0 samples/s
  step  1650/1756 | loss 0.1533 | data 0.1 ms | step 14.3 ms | 35893.6 samples/s
  step  1700/1756 | loss 0.1546 | data 0.1 ms | step 14.3 ms | 35809.4 samples/s
  step  1750/1756 | loss 0.1524 | data 0.6 ms | step 14.3 ms | 35754.4 samples/s
Training Loss: 0.144340 | 35934.0 samples/s
Peak GPU memory: 927.9 MB
Validation Loss: 0.143742 | 119955.3 samples/s

Epoch 60/100
----------------------------------------
Learning Rate: 0.000059
  step    50/1756 | loss 0.1423 | data 0.7 ms | step 14.4 ms | 35463.3 samples/s
  step   100/1756 | loss 0.1569 | data 0.1 ms | step 14.3 ms | 35808.5 samples/s
  step   150/1756 | loss 0.1408 | data 0.1 ms | step 14.3 ms | 35792.8 samples/s
  step   200/1756 | loss 0.1439 | data 0.1 ms | step 14.3 ms | 35781.5 samples/s
  step   250/1756 | loss 0.1410 | data 0.1 ms | step 14.3 ms | 35829.0 samples/s
  step   300/1756 | loss 0.1457 | data 0.1 ms | step 14.3 ms | 35796.5 samples/s
  step   350/1756 | loss 0.1467 | data 0.1 ms | step 14.3 ms | 35731.2 samples/s
  step   400/1756 | loss 0.1517 | data 0.1 ms | step 14.3 ms | 35790.5 samples/s
  step   450/1756 | loss 0.1532 | data 0.1 ms | step 14.3 ms | 35849.4 samples/s
  step   500/1756 | loss 0.1378 | data 0.1 ms | step 14.3 ms | 35763.3 samples/s
  step   550/1756 | loss 0.1313 | data 0.1 ms | step 14.3 ms | 35739.6 samples/s
  step   600/1756 | loss 0.1435 | data 0.1 ms | step 14.3 ms | 35892.3 samples/s
  step   650/1756 | loss 0.1435 | data 0.1 ms | step 14.3 ms | 35892.7 samples/s
  step   700/1756 | loss 0.1535 | data 0.1 ms | step 14.3 ms | 35870.2 samples/s
  step   750/1756 | loss 0.1374 | data 0.1 ms | step 14.3 ms | 35752.4 samples/s
  step   800/1756 | loss 0.1367 | data 0.1 ms | step 14.3 ms | 35866.4 samples/s
  step   850/1756 | loss 0.1580 | data 0.1 ms | step 14.3 ms | 35808.1 samples/s
  step   900/1756 | loss 0.1485 | data 0.1 ms | step 14.3 ms | 35860.2 samples/s
  step   950/1756 | loss 0.1542 | data 0.1 ms | step 12.7 ms | 40359.3 samples/s
  step  1000/1756 | loss 0.1343 | data 0.1 ms | step 13.5 ms | 37841.3 samples/s
  step  1050/1756 | loss 0.1446 | data 0.1 ms | step 14.3 ms | 35825.1 samples/s
  step  1100/1756 | loss 0.1453 | data 0.1 ms | step 14.3 ms | 35896.9 samples/s
  step  1150/1756 | loss 0.1481 | data 0.1 ms | step 14.3 ms | 35871.2 samples/s
  step  1200/1756 | loss 0.1440 | data 0.1 ms | step 14.3 ms | 35766.8 samples/s
  step  1250/1756 | loss 0.1469 | data 0.1 ms | step 14.3 ms | 35741.8 samples/s
  step  1300/1756 | loss 0.1462 | data 0.1 ms | step 14.3 ms | 35807.5 samples/s
  step  1350/1756 | loss 0.1572 | data 0.1 ms | step 14.3 ms | 35854.4 samples/s
  step  1400/1756 | loss 0.1409 | data 0.1 ms | step 14.3 ms | 35859.9 samples/s
  step  1450/1756 | loss 0.1228 | data 0.1 ms | step 14.3 ms | 35861.1 samples/s
  step  1500/1756 | loss 0.1363 | data 0.2 ms | step 14.2 ms | 35934.7 samples/s
  step  1550/1756 | loss 0.1420 | data 0.1 ms | step 14.3 ms | 35839.4 samples/s
  step  1600/1756 | loss 0.1699 | data 0.1 ms | step 14.3 ms | 35791.2 samples/s
  step  1650/1756 | loss 0.1440 | data 0.1 ms | step 14.3 ms | 35748.1 samples/s
  step  1700/1756 | loss 0.1386 | data 0.1 ms | step 14.3 ms | 35783.9 samples/s
  step  1750/1756 | loss 0.1436 | data 0.6 ms | step 14.4 ms | 35587.7 samples/s
Training Loss: 0.144776 | 35965.9 samples/s
Peak GPU memory: 927.9 MB
Validation Loss: 0.141683 | 105818.3 samples/s

Epoch 61/100
----------------------------------------
Learning Rate: 0.000053
  step    50/1756 | loss 0.1226 | data 0.8 ms | step 13.0 ms | 39359.0 samples/s
  step   100/1756 | loss 0.1302 | data 0.1 ms | step 14.3 ms | 35831.3 samples/s
  step   150/1756 | loss 0.1531 | data 0.1 ms | step 14.4 ms | 35663.5 samples/s
  step   200/1756 | loss 0.1398 | data 0.1 ms | step 14.3 ms | 35868.5 samples/s
  step   250/1756 | loss 0.1388 | data 0.1 ms | step 14.8 ms | 34612.7 samples/s
  step   300/1756 | loss 0.1295 | data 0.1 ms | step 14.3 ms | 35894.2 samples/s
  step   350/1756 | loss 0.1287 | data 0.1 ms | step 14.3 ms | 35849.7 samples/s
  step   400/1756 | loss 0.1248 | data 0.1 ms | step 14.3 ms | 35849.7 samples/s
  step   450/1756 | loss 0.1395 | data 0.1 ms | step 14.3 ms | 35784.0 samples/s
  step   500/1756 | loss 0.1383 | data 0.1 ms | step 14.3 ms | 35691.7 samples/s
  step   550/1756 | loss 0.1339 | data 0.1 ms | step 14.3 ms | 35686.5 samples/s
  step   600/1756 | loss 0.1433 | data 0.1 ms | step 14.3 ms | 35766.9 samples/s
  step   650/1756 | loss 0.1406 | data 0.1 ms | step 14.3 ms | 35744.9 samples/s
  step   700/1756 | loss 0.1427 | data 0.1 ms | step 14.3 ms | 35742.1 samples/s
  step   750/1756 | loss 0.1271 | data 0.1 ms | step 14.3 ms | 35761.1 samples/s
  step   800/1756 | loss 0.1493 | data 0.1 ms | step 14.3 ms | 35775.0 samples/s
  step   850/1756 | loss 0.1362 | data 0.1 ms | step 14.3 ms | 35825.1 samples/s
  step   900/1756 | loss 0.1450 | data 0.1 ms | step 14.3 ms | 35810.2 samples/s
  step   950/1756 | loss 0.1294 | data 0.1 ms | step 14.4 ms | 35548.1 samples/s
  step  1000/1756 | loss 0.1475 | data 0.1 ms | step 13.8 ms | 37117.8 samples/s
  step  1050/1756 | loss 0.1454 | data 0.2 ms | step 12.5 ms | 40961.7 samples/s
  step  1100/1756 | loss 0.1392 | data 0.1 ms | step 14.2 ms | 36108.3 samples/s
  step  1150/1756 | loss 0.1265 | data 0.1 ms | step 14.3 ms | 35896.8 samples/s
  step  1200/1756 | loss 0.1351 | data 0.1 ms | step 14.3 ms | 35795.0 samples/s
  step  1250/1756 | loss 0.1417 | data 0.1 ms | step 14.4 ms | 35648.5 samples/s
  step  1300/1756 | loss 0.1402 | data 0.1 ms | step 14.3 ms | 35919.5 samples/s
  step  1350/1756 | loss 0.1423 | data 0.1 ms | step 14.3 ms | 35897.7 samples/s
  step  1400/1756 | loss 0.1345 | data 0.1 ms | step 14.3 ms | 35868.2 samples/s
  step  1450/1756 | loss 0.1471 | data 0.1 ms | step 14.3 ms | 35855.7 samples/s
  step  1500/1756 | loss 0.1372 | data 0.2 ms | step 14.3 ms | 35886.6 samples/s
  step  1550/1756 | loss 0.1416 | data 0.1 ms | step 14.3 ms | 35801.8 samples/s
  step  1600/1756 | loss 0.1356 | data 0.1 ms | step 14.3 ms | 35867.8 samples/s
  step  1650/1756 | loss 0.1567 | data 0.1 ms | step 14.3 ms | 35824.4 samples/s
  step  1700/1756 | loss 0.1474 | data 0.1 ms | step 14.4 ms | 35565.9 samples/s
  step  1750/1756 | loss 0.1368 | data 0.7 ms | step 14.4 ms | 35536.4 samples/s
Training Loss: 0.138440 | 36009.1 samples/s
Peak GPU memory: 927.9 MB
Validation Loss: 0.136670 | 96356.2 samples/s

Epoch 62/100
----------------------------------------
Learning Rate: 0.000053
  step    50/1756 | loss 0.1372 | data 0.7 ms | step 13.2 ms | 38821.8 samples/s
  step   100/1756 | loss 0.1428 | data 0.2 ms | step 13.2 ms | 38828.6 samples/s
  step   150/1756 | loss 0.1477 | data 0.1 ms | step 14.6 ms | 35118.6 samples/s
  step   200/1756 | loss 0.1410 | data 0.1 ms | step 14.4 ms | 35520.2 samples/s
  step   250/1756 | loss 0.1540 | data 0.1 ms | step 14.3 ms | 35790.2 samples/s
  step   300/1756 | loss 0.1424 | data 0.1 ms | step 14.3 ms | 35799.5 samples/s
  step   350/1756 | loss 0.1346 | data 0.1 ms | step 14.3 ms | 35873.9 samples/s
  step   400/1756 | loss 0.1422 | data 0.1 ms | step 14.3 ms | 35895.5 samples/s
  step   450/1756 | loss 0.1285 | data 0.1 ms | step 14.3 ms | 35821.8 samples/s
  step   500/1756 | loss 0.1425 | data 0.1 ms | step 14.3 ms | 35886.5 samples/s
  step   550/1756 | loss 0.1448 | data 0.1 ms | step 14.3 ms | 35833.3 samples/s
  step   600/1756 | loss 0.1334 | data 0.1 ms | step 14.3 ms | 35825.6 samples/s
  step   650/1756 | loss 0.1397 | data 0.1 ms | step 14.3 ms | 35810.1 samples/s
  step   700/1756 | loss 0.1498 | data 0.1 ms | step 14.3 ms | 35898.7 samples/s
  step   750/1756 | loss 0.1501 | data 0.1 ms | step 14.3 ms | 35808.8 samples/s
  step   800/1756 | loss 0.1344 | data 0.1 ms | step 14.3 ms | 35865.2 samples/s
  step   850/1756 | loss 0.1384 | data 0.1 ms | step 14.3 ms | 35815.5 samples/s
  step   900/1756 | loss 0.1391 | data 0.1 ms | step 14.3 ms | 35806.1 samples/s
  step   950/1756 | loss 0.1446 | data 0.1 ms | step 14.3 ms | 35828.1 samples/s
  step  1000/1756 | loss 0.1466 | data 0.1 ms | step 14.3 ms | 35885.2 samples/s
  step  1050/1756 | loss 0.1513 | data 0.1 ms | step 13.7 ms | 37288.4 samples/s
  step  1100/1756 | loss 0.1409 | data 0.1 ms | step 12.6 ms | 40763.2 samples/s
  step  1150/1756 | loss 0.1246 | data 0.1 ms | step 14.3 ms | 35755.0 samples/s
  step  1200/1756 | loss 0.1354 | data 0.1 ms | step 14.3 ms | 35772.9 samples/s
  step  1250/1756 | loss 0.1395 | data 0.1 ms | step 14.3 ms | 35876.7 samples/s
  step  1300/1756 | loss 0.1344 | data 0.1 ms | step 14.3 ms | 35681.0 samples/s
  step  1350/1756 | loss 0.1470 | data 0.1 ms | step 14.3 ms | 35725.1 samples/s
  step  1400/1756 | loss 0.1427 | data 0.1 ms | step 14.3 ms | 35784.9 samples/s
  step  1450/1756 | loss 0.1189 | data 0.1 ms | step 14.3 ms | 35822.0 samples/s
  step  1500/1756 | loss 0.1414 | data 0.1 ms | step 14.3 ms | 35845.5 samples/s
  step  1550/1756 | loss 0.1429 | data 0.2 ms | step 15.0 ms | 34221.2 samples/s
  step  1600/1756 | loss 0.1330 | data 0.1 ms | step 14.6 ms | 35113.3 samples/s
  step  1650/1756 | loss 0.1488 | data 0.2 ms | step 15.5 ms | 33040.2 samples/s
  step  1700/1756 | loss 0.1527 | data 0.1 ms | step 14.3 ms | 35780.1 samples/s
  step  1750/1756 | loss 0.1438 | data 0.6 ms | step 14.4 ms | 35563.7 samples/s
Training Loss: 0.140800 | 35944.4 samples/s
Peak GPU memory: 927.9 MB
Validation Loss: 0.138908 | 96418.3 samples/s

Epoch 63/100
----------------------------------------
Learning Rate: 0.000053
  step    50/1756 | loss 0.1390 | data 0.7 ms | step 14.5 ms | 35410.0 samples/s
  step   100/1756 | loss 0.1402 | data 0.2 ms | step 13.4 ms | 38173.6 samples/s
  step   150/1756 | loss 0.1241 | data 0.1 ms | step 13.4 ms | 38282.4 samples/s
  step   200/1756 | loss 0.1377 | data 0.1 ms | step 14.3 ms | 35898.0 samples/s
  step   250/1756 | loss 0.1441 | data 0.1 ms | step 14.3 ms | 35895.9 samples/s
  step   300/1756 | loss 0.1505 | data 0.1 ms | step 14.3 ms | 35850.6 samples/s
  step   350/1756 | loss 0.1556 | data 0.1 ms | step 14.3 ms | 35805.5 samples/s
  step   400/1756 | loss 0.1393 | data 0.1 ms | step 14.2 ms | 35932.4 samples/s
  step   450/1756 | loss 0.1489 | data 0.1 ms | step 14.2 ms | 35935.0 samples/s
  step   500/1756 | loss 0.1427 | data 0.1 ms | step 14.3 ms | 35823.4 samples/s
  step   550/1756 | loss 0.1408 | data 0.1 ms | step 14.9 ms | 34314.3 samples/s
  step   600/1756 | loss 0.1308 | data 0.1 ms | step 14.5 ms | 35300.7 samples/s
  step   650/1756 | loss 0.1459 | data 0.1 ms | step 14.6 ms | 35151.5 samples/s
  step   700/1756 | loss 0.1341 | data 0.1 ms | step 14.4 ms | 35577.9 samples/s
  step   750/1756 | loss 0.1279 | data 0.1 ms | step 14.6 ms | 35170.3 samples/s
  step   800/1756 | loss 0.1358 | data 0.1 ms | step 14.9 ms | 34404.1 samples/s
  step   850/1756 | loss 0.1285 | data 0.1 ms | step 14.3 ms | 35873.9 samples/s
  step   900/1756 | loss 0.1308 | data 0.1 ms | step 14.3 ms | 35829.7 samples/s
  step   950/1756 | loss 0.1316 | data 0.1 ms | step 14.3 ms | 35825.0 samples/s
  step  1000/1756 | loss 0.1302 | data 0.1 ms | step 14.3 ms | 35806.8 samples/s
  step  1050/1756 | loss 0.1482 | data 0.1 ms | step 14.3 ms | 35877.4 samples/s
  step  1100/1756 | loss 0.1356 | data 0.2 ms | step 12.9 ms | 39643.1 samples/s
  step  1150/1756 | loss 0.1366 | data 0.1 ms | step 13.3 ms | 38491.0 samples/s
  step  1200/1756 | loss 0.1359 | data 0.1 ms | step 14.4 ms | 35527.6 samples/s
  step  1250/1756 | loss 0.1336 | data 0.1 ms | step 14.3 ms | 35772.5 samples/s
  step  1300/1756 | loss 0.1405 | data 0.1 ms | step 14.3 ms | 35851.6 samples/s
  step  1350/1756 | loss 0.1379 | data 0.1 ms | step 14.3 ms | 35799.9 samples/s
  step  1400/1756 | loss 0.1450 | data 0.1 ms | step 14.3 ms | 35851.4 samples/s
  step  1450/1756 | loss 0.1385 | data 0.1 ms | step 14.3 ms | 35847.5 samples/s
  step  1500/1756 | loss 0.1440 | data 0.1 ms | step 14.3 ms | 35869.9 samples/s
  step  1550/1756 | loss 0.1518 | data 0.1 ms | step 14.3 ms | 35852.7 samples/s
  step  1600/1756 | loss 0.1325 | data 0.1 ms | step 14.3 ms | 35812.9 samples/s
  step  1650/1756 | loss 0.1353 | data 0.1 ms | step 14.3 ms | 35804.1 samples/s
  step  1700/1756 | loss 0.1518 | data 0.1 ms | step 14.3 ms | 35915.4 samples/s
  step  1750/1756 | loss 0.1580 | data 0.7 ms | step 14.4 ms | 35570.6 samples/s
Training Loss: 0.139436 | 35947.6 samples/s
Peak GPU memory: 927.9 MB
Validation Loss: 0.147573 | 96143.3 samples/s

Epoch 64/100
----------------------------------------
Learning Rate: 0.000053
  step    50/1756 | loss 0.1440 | data 0.6 ms | step 14.4 ms | 35668.1 samples/s
  step   100/1756 | loss 0.1450 | data 0.1 ms | step 14.3 ms | 35865.2 samples/s
  step   150/1756 | loss 0.1413 | data 0.2 ms | step 12.6 ms | 40705.5 samples/s
  step   200/1756 | loss 0.1376 | data 0.1 ms | step 13.8 ms | 37007.4 samples/s
  step   250/1756 | loss 0.1344 | data 0.1 ms | step 14.3 ms | 35892.0 samples/s
  step   300/1756 | loss 0.1453 | data 0.1 ms | step 14.5 ms | 35283.9 samples/s
  step   350/1756 | loss 0.1427 | data 0.1 ms | step 14.3 ms | 35798.5 samples/s
  step   400/1756 | loss 0.1389 | data 0.1 ms | step 14.3 ms | 35858.2 samples/s
  step   450/1756 | loss 0.1288 | data 0.1 ms | step 14.3 ms | 35843.8 samples/s
  step   500/1756 | loss 0.1558 | data 0.1 ms | step 14.3 ms | 35818.9 samples/s
  step   550/1756 | loss 0.1417 | data 0.1 ms | step 14.3 ms | 35816.1 samples/s
  step   600/1756 | loss 0.1412 | data 0.1 ms | step 14.3 ms | 35815.1 samples/s
  step   650/1756 | loss 0.1333 | data 0.1 ms | step 14.3 ms | 35812.7 samples/s
  step   700/1756 | loss 0.1315 | data 0.1 ms | step 14.3 ms | 35731.8 samples/s
  step   750/1756 | loss 0.1375 | data 0.1 ms | step 14.3 ms | 35856.1 samples/s
  step   800/1756 | loss 0.1419 | data 0.1 ms | step 14.3 ms | 35805.5 samples/s
  step   850/1756 | loss 0.1493 | data 0.1 ms | step 14.3 ms | 35764.4 samples/s
  step   900/1756 | loss 0.1404 | data 0.1 ms | step 14.3 ms | 35809.7 samples/s
  step   950/1756 | loss 0.1496 | data 0.1 ms | step 14.3 ms | 35717.6 samples/s
  step  1000/1756 | loss 0.1300 | data 0.1 ms | step 14.3 ms | 35799.8 samples/s
  step  1050/1756 | loss 0.1288 | data 0.1 ms | step 14.3 ms | 35871.9 samples/s
  step  1100/1756 | loss 0.1256 | data 0.1 ms | step 14.3 ms | 35717.4 samples/s
  step  1150/1756 | loss 0.1319 | data 0.1 ms | step 13.1 ms | 38997.5 samples/s
  step  1200/1756 | loss 0.1375 | data 0.1 ms | step 13.1 ms | 38986.0 samples/s
  step  1250/1756 | loss 0.1454 | data 0.1 ms | step 14.3 ms | 35780.5 samples/s
  step  1300/1756 | loss 0.1350 | data 0.1 ms | step 14.3 ms | 35804.0 samples/s
  step  1350/1756 | loss 0.1416 | data 0.1 ms | step 14.3 ms | 35759.3 samples/s
  step  1400/1756 | loss 0.1373 | data 0.1 ms | step 14.3 ms | 35859.6 samples/s
  step  1450/1756 | loss 0.1349 | data 0.2 ms | step 14.9 ms | 34322.4 samples/s
  step  1500/1756 | loss 0.1446 | data 0.1 ms | step 14.4 ms | 35489.4 samples/s
  step  1550/1756 | loss 0.1542 | data 0.1 ms | step 14.3 ms | 35835.1 samples/s
  step  1600/1756 | loss 0.1257 | data 0.1 ms | step 14.4 ms | 35458.3 samples/s
  step  1650/1756 | loss 0.1375 | data 0.1 ms | step 14.3 ms | 35739.4 samples/s
  step  1700/1756 | loss 0.1405 | data 0.1 ms | step 14.6 ms | 35124.4 samples/s
  step  1750/1756 | loss 0.1618 | data 0.7 ms | step 15.1 ms | 33830.5 samples/s
Training Loss: 0.139788 | 35959.5 samples/s
Peak GPU memory: 927.9 MB
Validation Loss: 0.141831 | 94402.2 samples/s

Epoch 65/100
----------------------------------------
Learning Rate: 0.000053
  step    50/1756 | loss 0.1466 | data 0.7 ms | step 14.9 ms | 34452.2 samples/s
  step   100/1756 | loss 0.1355 | data 0.1 ms | step 14.5 ms | 35285.7 samples/s
  step   150/1756 | loss 0.1359 | data 0.1 ms | step 14.0 ms | 36621.5 samples/s
  step   200/1756 | loss 0.1327 | data 0.2 ms | step 12.5 ms | 40858.7 samples/s
  step   250/1756 | loss 0.1380 | data 0.2 ms | step 14.4 ms | 35645.6 samples/s
  step   300/1756 | loss 0.1313 | data 0.2 ms | step 14.8 ms | 34584.8 samples/s
  step   350/1756 | loss 0.1425 | data 0.2 ms | step 14.3 ms | 35705.3 samples/s
  step   400/1756 | loss 0.1201 | data 0.2 ms | step 14.7 ms | 34822.3 samples/s
  step   450/1756 | loss 0.1301 | data 0.1 ms | step 14.3 ms | 35770.0 samples/s
  step   500/1756 | loss 0.1316 | data 0.2 ms | step 14.4 ms | 35443.9 samples/s
  step   550/1756 | loss 0.1461 | data 0.2 ms | step 14.4 ms | 35533.1 samples/s
  step   600/1756 | loss 0.1370 | data 0.1 ms | step 14.5 ms | 35203.4 samples/s
  step   650/1756 | loss 0.1316 | data 0.1 ms | step 14.3 ms | 35759.3 samples/s
  step   700/1756 | loss 0.1432 | data 0.1 ms | step 14.9 ms | 34364.3 samples/s
  step   750/1756 | loss 0.1451 | data 0.1 ms | step 14.4 ms | 35551.0 samples/s
  step   800/1756 | loss 0.1519 | data 0.1 ms | step 14.7 ms | 34803.7 samples/s
  step   850/1756 | loss 0.1478 | data 0.1 ms | step 15.0 ms | 34044.6 samples/s
  step   900/1756 | loss 0.1475 | data 0.1 ms | step 14.3 ms | 35744.8 samples/s
  step   950/1756 | loss 0.1327 | data 0.1 ms | step 14.7 ms | 34930.2 samples/s
  step  1000/1756 | loss 0.1344 | data 0.1 ms | step 14.3 ms | 35782.4 samples/s
  step  1050/1756 | loss 0.1405 | data 0.1 ms | step 14.6 ms | 34974.5 samples/s
  step  1100/1756 | loss 0.1382 | data 0.1 ms | step 14.4 ms | 35468.7 samples/s
  step  1150/1756 | loss 0.1348 | data 0.2 ms | step 14.4 ms | 35452.0 samples/s
  step  1200/1756 | loss 0.1468 | data 0.2 ms | step 12.5 ms | 40941.4 samples/s
  step  1250/1756 | loss 0.1442 | data 0.1 ms | step 13.9 ms | 36956.3 samples/s
  step  1300/1756 | loss 0.1646 | data 0.1 ms | step 14.3 ms | 35722.4 samples/s
  step  1350/1756 | loss 0.1440 | data 0.1 ms | step 14.3 ms | 35756.2 samples/s
  step  1400/1756 | loss 0.1311 | data 0.1 ms | step 14.3 ms | 35824.8 samples/s
  step  1450/1756 | loss 0.1381 | data 0.1 ms | step 14.3 ms | 35857.5 samples/s
  step  1500/1756 | loss 0.1400 | data 0.1 ms | step 14.3 ms | 35906.8 samples/s
  step  1550/1756 | loss 0.1271 | data 0.1 ms | step 14.3 ms | 35788.0 samples/s
  step  1600/1756 | loss 0.1421 | data 0.1 ms | step 14.3 ms | 35719.9 samples/s
  step  1650/1756 | loss 0.1391 | data 0.1 ms | step 14.3 ms | 35713.5 samples/s
  step  1700/1756 | loss 0.1515 | data 0.1 ms | step 14.7 ms | 34916.9 samples/s
  step  1750/1756 | loss 0.1385 | data 0.7 ms | step 15.3 ms | 33566.8 samples/s
Training Loss: 0.139392 | 35619.7 samples/s
Peak GPU memory: 927.9 MB
Validation Loss: 0.143310 | 93449.5 samples/s

Epoch 66/100
----------------------------------------
Learning Rate: 0.000053
  step    50/1756 | loss 0.1408 | data 0.7 ms | step 15.1 ms | 34005.1 samples/s
  step   100/1756 | loss 0.1523 | data 0.1 ms | step 14.3 ms | 35849.1 samples/s
  step   150/1756 | loss 0.1345 | data 0.1 ms | step 14.3 ms | 35823.3 samples/s
  step   200/1756 | loss 0.1379 | data 0.1 ms | step 13.3 ms | 38637.9 samples/s
  step   250/1756 | loss 0.1529 | data 0.1 ms | step 13.0 ms | 39368.7 samples/s
  step   300/1756 | loss 0.1339 | data 0.1 ms | step 14.3 ms | 35800.4 samples/s
  step   350/1756 | loss 0.1416 | data 0.1 ms | step 14.3 ms | 35806.0 samples/s
  step   400/1756 | loss 0.1440 | data 0.1 ms | step 14.3 ms | 35753.3 samples/s
  step   450/1756 | loss 0.1552 | data 0.1 ms | step 14.5 ms | 35291.7 samples/s
  step   500/1756 | loss 0.1417 | data 0.1 ms | step 14.3 ms | 35693.8 samples/s
  step   550/1756 | loss 0.1201 | data 0.1 ms | step 14.8 ms | 34661.8 samples/s
  step   600/1756 | loss 0.1272 | data 0.1 ms | step 14.6 ms | 35033.8 samples/s
  step   650/1756 | loss 0.1361 | data 0.1 ms | step 14.3 ms | 35690.0 samples/s
  step   700/1756 | loss 0.1400 | data 0.1 ms | step 14.3 ms | 35821.5 samples/s
  step   750/1756 | loss 0.1581 | data 0.1 ms | step 14.3 ms | 35818.2 samples/s
  step   800/1756 | loss 0.1273 | data 0.1 ms | step 14.3 ms | 35742.2 samples/s
  step   850/1756 | loss 0.1534 | data 0.1 ms | step 14.3 ms | 35733.9 samples/s
  step   900/1756 | loss 0.1235 | data 0.1 ms | step 14.3 ms | 35844.8 samples/s
  step   950/1756 | loss 0.1480 | data 0.1 ms | step 14.3 ms | 35762.8 samples/s
  step  1000/1756 | loss 0.1633 | data 0.1 ms | step 14.3 ms | 35868.3 samples/s
  step  1050/1756 | loss 0.1635 | data 0.1 ms | step 14.3 ms | 35813.4 samples/s
  step  1100/1756 | loss 0.1446 | data 0.1 ms | step 14.3 ms | 35780.4 samples/s
  step  1150/1756 | loss 0.1462 | data 0.1 ms | step 14.3 ms | 35745.0 samples/s
  step  1200/1756 | loss 0.1437 | data 0.1 ms | step 13.9 ms | 36915.1 samples/s
  step  1250/1756 | loss 0.1337 | data 0.1 ms | step 12.6 ms | 40721.0 samples/s
  step  1300/1756 | loss 0.1414 | data 0.1 ms | step 14.1 ms | 36256.7 samples/s
  step  1350/1756 | loss 0.1328 | data 0.1 ms | step 14.3 ms | 35861.5 samples/s
  step  1400/1756 | loss 0.1309 | data 0.1 ms | step 14.3 ms | 35854.2 samples/s
  step  1450/1756 | loss 0.1488 | data 0.1 ms | step 14.3 ms | 35827.7 samples/s
  step  1500/1756 | loss 0.1460 | data 0.1 ms | step 14.3 ms | 35726.1 samples/s
  step  1550/1756 | loss 0.1412 | data 0.1 ms | step 14.3 ms | 35765.6 samples/s
  step  1600/1756 | loss 0.1295 | data 0.1 ms | step 14.3 ms | 35728.1 samples/s
  step  1650/1756 | loss 0.1427 | data 0.1 ms | step 14.3 ms | 35873.0 samples/s
  step  1700/1756 | loss 0.1328 | data 0.1 ms | step 14.3 ms | 35811.2 samples/s
  step  1750/1756 | loss 0.1407 | data 0.8 ms | step 14.4 ms | 35607.9 samples/s
Training Loss: 0.141463 | 35991.2 samples/s
Peak GPU memory: 927.9 MB
Validation Loss: 0.141902 | 97073.7 samples/s

Epoch 67/100
----------------------------------------
Learning Rate: 0.000053
  step    50/1756 | loss 0.1341 | data 0.7 ms | step 14.4 ms | 35521.2 samples/s
  step   100/1756 | loss 0.1306 | data 0.1 ms | step 14.3 ms | 35787.9 samples/s
  step   150/1756 | loss 0.1593 | data 0.1 ms | step 14.3 ms | 35818.5 samples/s
  step   200/1756 | loss 0.1401 | data 0.1 ms | step 14.3 ms | 35808.5 samples/s
  step   250/1756 | loss 0.1345 | data 0.1 ms | step 12.9 ms | 39794.2 samples/s
  step   300/1756 | loss 0.1605 | data 0.1 ms | step 13.4 ms | 38195.4 samples/s
  step   350/1756 | loss 0.1428 | data 0.1 ms | step 14.3 ms | 35759.6 samples/s
  step   400/1756 | loss 0.1416 | data 0.1 ms | step 14.3 ms | 35789.9 samples/s
  step   450/1756 | loss 0.1369 | data 0.1 ms | step 14.3 ms | 35834.4 samples/s
  step   500/1756 | loss 0.1321 | data 0.1 ms | step 14.3 ms | 35821.6 samples/s
  step   550/1756 | loss 0.1457 | data 0.1 ms | step 14.3 ms | 35847.1 samples/s
  step   600/1756 | loss 0.1335 | data 0.1 ms | step 14.3 ms | 35860.0 samples/s
  step   650/1756 | loss 0.1374 | data 0.1 ms | step 14.3 ms | 35808.3 samples/s
  step   700/1756 | loss 0.1365 | data 0.1 ms | step 14.3 ms | 35849.9 samples/s
  step   750/1756 | loss 0.1197 | data 0.1 ms | step 14.3 ms | 35758.1 samples/s
  step   800/1756 | loss 0.1466 | data 0.1 ms | step 14.3 ms | 35777.3 samples/s
  step   850/1756 | loss 0.1327 | data 0.1 ms | step 14.2 ms | 35967.0 samples/s
  step   900/1756 | loss 0.1277 | data 0.1 ms | step 14.3 ms | 35744.0 samples/s
  step   950/1756 | loss 0.1458 | data 0.1 ms | step 14.3 ms | 35708.3 samples/s
  step  1000/1756 | loss 0.1406 | data 0.1 ms | step 14.5 ms | 35220.5 samples/s
  step  1050/1756 | loss 0.1476 | data 0.1 ms | step 14.3 ms | 35793.1 samples/s
  step  1100/1756 | loss 0.1290 | data 0.1 ms | step 14.4 ms | 35462.9 samples/s
  step  1150/1756 | loss 0.1353 | data 0.1 ms | step 14.5 ms | 35342.2 samples/s
  step  1200/1756 | loss 0.1381 | data 0.1 ms | step 15.1 ms | 33940.6 samples/s
  step  1250/1756 | loss 0.1409 | data 0.1 ms | step 13.8 ms | 36974.0 samples/s
  step  1300/1756 | loss 0.1470 | data 0.2 ms | step 13.5 ms | 37820.7 samples/s
  step  1350/1756 | loss 0.1336 | data 0.1 ms | step 14.5 ms | 35388.6 samples/s
  step  1400/1756 | loss 0.1404 | data 0.1 ms | step 14.5 ms | 35380.5 samples/s
  step  1450/1756 | loss 0.1298 | data 0.1 ms | step 14.3 ms | 35850.9 samples/s
  step  1500/1756 | loss 0.1352 | data 0.1 ms | step 14.4 ms | 35586.8 samples/s
  step  1550/1756 | loss 0.1335 | data 0.1 ms | step 14.3 ms | 35809.2 samples/s
  step  1600/1756 | loss 0.1432 | data 0.1 ms | step 14.5 ms | 35212.2 samples/s
  step  1650/1756 | loss 0.1390 | data 0.1 ms | step 14.3 ms | 35822.3 samples/s
  step  1700/1756 | loss 0.1492 | data 0.1 ms | step 14.3 ms | 35822.3 samples/s
  step  1750/1756 | loss 0.1279 | data 0.6 ms | step 14.6 ms | 35181.3 samples/s
Training Loss: 0.138506 | 35885.3 samples/s
Peak GPU memory: 927.9 MB
Validation Loss: 0.137253 | 96580.4 samples/s

Epoch 68/100
----------------------------------------
Learning Rate: 0.000053
  step    50/1756 | loss 0.1352 | data 0.7 ms | step 14.3 ms | 35712.5 samples/s
  step   100/1756 | loss 0.1355 | data 0.1 ms | step 14.3 ms | 35809.9 samples/s
  step   150/1756 | loss 0.1335 | data 0.1 ms | step 14.6 ms | 35165.5 samples/s
  step   200/1756 | loss 0.1366 | data 0.1 ms | step 14.3 ms | 35806.3 samples/s
  step   250/1756 | loss 0.1234 | data 0.1 ms | step 14.3 ms | 35823.9 samples/s
  step   300/1756 | loss 0.1404 | data 0.2 ms | step 12.4 ms | 41160.4 samples/s
  step   350/1756 | loss 0.1406 | data 0.1 ms | step 13.7 ms | 37267.3 samples/s
  step   400/1756 | loss 0.1381 | data 0.1 ms | step 14.5 ms | 35265.0 samples/s
  step   450/1756 | loss 0.1472 | data 0.1 ms | step 14.4 ms | 35569.2 samples/s
  step   500/1756 | loss 0.1437 | data 0.1 ms | step 14.3 ms | 35764.9 samples/s
  step   550/1756 | loss 0.1466 | data 0.1 ms | step 14.3 ms | 35766.8 samples/s
  step   600/1756 | loss 0.1331 | data 0.1 ms | step 14.3 ms | 35834.3 samples/s
  step   650/1756 | loss 0.1204 | data 0.1 ms | step 14.3 ms | 35851.4 samples/s
  step   700/1756 | loss 0.1357 | data 0.1 ms | step 14.3 ms | 35848.2 samples/s
  step   750/1756 | loss 0.1336 | data 0.1 ms | step 14.3 ms | 35785.5 samples/s
  step   800/1756 | loss 0.1276 | data 0.1 ms | step 14.3 ms | 35737.1 samples/s
  step   850/1756 | loss 0.1387 | data 0.1 ms | step 14.3 ms | 35780.3 samples/s
  step   900/1756 | loss 0.1404 | data 0.1 ms | step 14.3 ms | 35801.8 samples/s
  step   950/1756 | loss 0.1320 | data 0.1 ms | step 14.3 ms | 35763.5 samples/s
  step  1000/1756 | loss 0.1338 | data 0.1 ms | step 14.3 ms | 35867.9 samples/s
  step  1050/1756 | loss 0.1336 | data 0.1 ms | step 14.3 ms | 35785.2 samples/s
  step  1100/1756 | loss 0.1262 | data 0.1 ms | step 14.3 ms | 35717.8 samples/s
  step  1150/1756 | loss 0.1430 | data 0.1 ms | step 14.3 ms | 35775.7 samples/s
  step  1200/1756 | loss 0.1418 | data 0.1 ms | step 14.3 ms | 35775.8 samples/s
  step  1250/1756 | loss 0.1327 | data 0.1 ms | step 14.3 ms | 35820.6 samples/s
  step  1300/1756 | loss 0.1325 | data 0.2 ms | step 13.1 ms | 39039.7 samples/s
  step  1350/1756 | loss 0.1351 | data 0.2 ms | step 13.1 ms | 39160.4 samples/s
  step  1400/1756 | loss 0.1333 | data 0.1 ms | step 14.4 ms | 35580.6 samples/s
  step  1450/1756 | loss 0.1384 | data 0.1 ms | step 14.9 ms | 34398.9 samples/s
  step  1500/1756 | loss 0.1382 | data 0.1 ms | step 15.0 ms | 34103.1 samples/s
  step  1550/1756 | loss 0.1361 | data 0.1 ms | step 14.5 ms | 35205.8 samples/s
  step  1600/1756 | loss 0.1413 | data 0.1 ms | step 15.1 ms | 33840.7 samples/s
  step  1650/1756 | loss 0.1410 | data 0.1 ms | step 14.9 ms | 34371.4 samples/s
  step  1700/1756 | loss 0.1306 | data 0.1 ms | step 14.7 ms | 34879.7 samples/s
  step  1750/1756 | loss 0.1305 | data 0.6 ms | step 14.6 ms | 35147.6 samples/s
Training Loss: 0.135607 | 35827.3 samples/s
Peak GPU memory: 927.9 MB
Validation Loss: 0.133444 | 95715.5 samples/s

Epoch 69/100
----------------------------------------
Learning Rate: 0.000053
  step    50/1756 | loss 0.1297 | data 0.6 ms | step 14.3 ms | 35719.9 samples/s
  step   100/1756 | loss 0.1378 | data 0.1 ms | step 14.3 ms | 35766.9 samples/s
  step   150/1756 | loss 0.1279 | data 0.1 ms | step 14.3 ms | 35803.5 samples/s
  step   200/1756 | loss 0.1412 | data 0.1 ms | step 14.3 ms | 35800.9 samples/s
  step   250/1756 | loss 0.1341 | data 0.1 ms | step 14.3 ms | 35753.6 samples/s
  step   300/1756 | loss 0.1353 | data 0.1 ms | step 13.8 ms | 36989.3 samples/s
  step   350/1756 | loss 0.1581 | data 0.2 ms | step 12.5 ms | 40842.2 samples/s
  step   400/1756 | loss 0.1488 | data 0.1 ms | step 14.1 ms | 36246.5 samples/s
  step   450/1756 | loss 0.1496 | data 0.1 ms | step 14.3 ms | 35773.4 samples/s
  step   500/1756 | loss 0.1330 | data 0.1 ms | step 14.3 ms | 35882.2 samples/s
  step   550/1756 | loss 0.1320 | data 0.1 ms | step 14.3 ms | 35749.6 samples/s
  step   600/1756 | loss 0.1288 | data 0.1 ms | step 14.3 ms | 35912.3 samples/s
  step   650/1756 | loss 0.1344 | data 0.1 ms | step 14.3 ms | 35787.0 samples/s
  step   700/1756 | loss 0.1373 | data 0.1 ms | step 14.3 ms | 35848.2 samples/s
  step   750/1756 | loss 0.1310 | data 0.1 ms | step 14.3 ms | 35815.7 samples/s
  step   800/1756 | loss 0.1263 | data 0.1 ms | step 14.3 ms | 35847.6 samples/s
  step   850/1756 | loss 0.1305 | data 0.1 ms | step 14.3 ms | 35808.0 samples/s
  step   900/1756 | loss 0.1637 | data 0.1 ms | step 14.3 ms | 35782.7 samples/s
  step   950/1756 | loss 0.1203 | data 0.1 ms | step 14.3 ms | 35821.1 samples/s
  step  1000/1756 | loss 0.1429 | data 0.1 ms | step 14.3 ms | 35896.2 samples/s
  step  1050/1756 | loss 0.1330 | data 0.1 ms | step 14.3 ms | 35830.2 samples/s
  step  1100/1756 | loss 0.1261 | data 0.1 ms | step 14.3 ms | 35723.2 samples/s
  step  1150/1756 | loss 0.1459 | data 0.1 ms | step 14.3 ms | 35794.7 samples/s
  step  1200/1756 | loss 0.1438 | data 0.1 ms | step 14.3 ms | 35782.1 samples/s
  step  1250/1756 | loss 0.1292 | data 0.1 ms | step 14.7 ms | 34818.1 samples/s
  step  1300/1756 | loss 0.1355 | data 0.1 ms | step 14.4 ms | 35527.9 samples/s
  step  1350/1756 | loss 0.1373 | data 0.1 ms | step 12.9 ms | 39789.5 samples/s
  step  1400/1756 | loss 0.1249 | data 0.2 ms | step 13.6 ms | 37616.1 samples/s
  step  1450/1756 | loss 0.1134 | data 0.1 ms | step 14.3 ms | 35866.6 samples/s
  step  1500/1756 | loss 0.1317 | data 0.1 ms | step 14.8 ms | 34560.3 samples/s
  step  1550/1756 | loss 0.1309 | data 0.1 ms | step 14.7 ms | 34719.8 samples/s
  step  1600/1756 | loss 0.1318 | data 0.1 ms | step 14.6 ms | 34981.6 samples/s
  step  1650/1756 | loss 0.1341 | data 0.1 ms | step 14.5 ms | 35225.1 samples/s
  step  1700/1756 | loss 0.1512 | data 0.1 ms | step 14.8 ms | 34591.6 samples/s
  step  1750/1756 | loss 0.1230 | data 0.6 ms | step 14.7 ms | 34726.1 samples/s
Training Loss: 0.135237 | 35890.4 samples/s
Peak GPU memory: 927.9 MB
Validation Loss: 0.140497 | 95735.9 samples/s

Epoch 70/100
----------------------------------------
Learning Rate: 0.000053
  step    50/1756 | loss 0.1379 | data 0.5 ms | step 14.8 ms | 34611.8 samples/s
  step   100/1756 | loss 0.1280 | data 0.1 ms | step 14.6 ms | 35051.7 samples/s
  step   150/1756 | loss 0.1360 | data 0.1 ms | step 15.5 ms | 33058.3 samples/s
  step   200/1756 | loss 0.1335 | data 0.1 ms | step 14.3 ms | 35789.4 samples/s
  step   250/1756 | loss 0.1311 | data 0.2 ms | step 14.5 ms | 35212.9 samples/s
  step   300/1756 | loss 0.1469 | data 0.1 ms | step 15.0 ms | 34087.1 samples/s
  step   350/1756 | loss 0.1216 | data 0.2 ms | step 12.6 ms | 40639.6 samples/s
  step   400/1756 | loss 0.1358 | data 0.1 ms | step 13.6 ms | 37573.2 samples/s
  step   450/1756 | loss 0.1339 | data 0.1 ms | step 15.0 ms | 34162.5 samples/s
  step   500/1756 | loss 0.1399 | data 0.1 ms | step 14.6 ms | 35116.1 samples/s
  step   550/1756 | loss 0.1353 | data 0.1 ms | step 14.3 ms | 35759.7 samples/s
  step   600/1756 | loss 0.1478 | data 0.1 ms | step 15.3 ms | 33568.1 samples/s
  step   650/1756 | loss 0.1315 | data 0.1 ms | step 15.2 ms | 33776.4 samples/s
  step   700/1756 | loss 0.1153 | data 0.1 ms | step 15.4 ms | 33170.6 samples/s
  step   750/1756 | loss 0.1349 | data 0.1 ms | step 14.4 ms | 35470.5 samples/s
  step   800/1756 | loss 0.1281 | data 0.1 ms | step 14.5 ms | 35214.4 samples/s
  step   850/1756 | loss 0.1323 | data 0.1 ms | step 14.6 ms | 35139.2 samples/s
  step   900/1756 | loss 0.1555 | data 0.1 ms | step 14.3 ms | 35825.5 samples/s
  step   950/1756 | loss 0.1295 | data 0.1 ms | step 14.4 ms | 35559.1 samples/s
  step  1000/1756 | loss 0.1298 | data 0.1 ms | step 14.3 ms | 35879.1 samples/s
  step  1050/1756 | loss 0.1506 | data 0.1 ms | step 14.3 ms | 35771.4 samples/s
  step  1100/1756 | loss 0.1295 | data 0.1 ms | step 14.3 ms | 35788.2 samples/s
  step  1150/1756 | loss 0.1265 | data 0.1 ms | step 14.3 ms | 35835.0 samples/s
  step  1200/1756 | loss 0.1358 | data 0.1 ms | step 14.4 ms | 35460.4 samples/s
  step  1250/1756 | loss 0.1247 | data 0.1 ms | step 14.5 ms | 35303.9 samples/s
  step  1300/1756 | loss 0.1603 | data 0.1 ms | step 14.8 ms | 34644.3 samples/s
  step  1350/1756 | loss 0.1443 | data 0.2 ms | step 12.5 ms | 40835.1 samples/s
  step  1400/1756 | loss 0.1400 | data 0.1 ms | step 14.2 ms | 36126.7 samples/s
  step  1450/1756 | loss 0.1353 | data 0.1 ms | step 14.3 ms | 35774.2 samples/s
  step  1500/1756 | loss 0.1419 | data 0.1 ms | step 14.3 ms | 35920.0 samples/s
  step  1550/1756 | loss 0.1187 | data 0.1 ms | step 14.3 ms | 35779.9 samples/s
  step  1600/1756 | loss 0.1310 | data 0.1 ms | step 14.3 ms | 35847.2 samples/s
  step  1650/1756 | loss 0.1420 | data 0.1 ms | step 14.3 ms | 35760.1 samples/s
  step  1700/1756 | loss 0.1312 | data 0.1 ms | step 14.3 ms | 35907.0 samples/s
  step  1750/1756 | loss 0.1474 | data 0.7 ms | step 14.4 ms | 35440.9 samples/s
Training Loss: 0.135553 | 35489.1 samples/s
Peak GPU memory: 927.9 MB
Validation Loss: 0.141383 | 96455.3 samples/s

Epoch 71/100
----------------------------------------
Learning Rate: 0.000048
  step    50/1756 | loss 0.1348 | data 0.7 ms | step 14.3 ms | 35811.9 samples/s
  step   100/1756 | loss 0.1293 | data 0.1 ms | step 14.4 ms | 35487.4 samples/s
  step   150/1756 | loss 0.1363 | data 0.1 ms | step 14.3 ms | 35832.6 samples/s
  step   200/1756 | loss 0.1341 | data 0.1 ms | step 14.3 ms | 35752.1 samples/s
  step   250/1756 | loss 0.1290 | data 0.1 ms | step 14.3 ms | 35748.3 samples/s
  step   300/1756 | loss 0.1383 | data 0.1 ms | step 14.3 ms | 35850.1 samples/s
  step   350/1756 | loss 0.1417 | data 0.1 ms | step 13.3 ms | 38379.8 samples/s
  step   400/1756 | loss 0.1356 | data 0.1 ms | step 12.9 ms | 39654.5 samples/s
  step   450/1756 | loss 0.1518 | data 0.1 ms | step 14.3 ms | 35745.4 samples/s
  step   500/1756 | loss 0.1390 | data 0.1 ms | step 14.3 ms | 35812.6 samples/s
  step   550/1756 | loss 0.1383 | data 0.1 ms | step 14.3 ms | 35795.2 samples/s
  step   600/1756 | loss 0.1376 | data 0.1 ms | step 14.3 ms | 35823.8 samples/s
  step   650/1756 | loss 0.1346 | data 0.1 ms | step 14.3 ms | 35870.6 samples/s
  step   700/1756 | loss 0.1410 | data 0.1 ms | step 14.3 ms | 35845.6 samples/s
  step   750/1756 | loss 0.1315 | data 0.1 ms | step 14.3 ms | 35793.1 samples/s
  step   800/1756 | loss 0.1422 | data 0.1 ms | step 14.3 ms | 35765.1 samples/s
  step   850/1756 | loss 0.1282 | data 0.1 ms | step 14.3 ms | 35699.7 samples/s
  step   900/1756 | loss 0.1315 | data 0.1 ms | step 14.3 ms | 35843.8 samples/s
  step   950/1756 | loss 0.1273 | data 0.2 ms | step 14.3 ms | 35769.8 samples/s
  step  1000/1756 | loss 0.1228 | data 0.1 ms | step 14.3 ms | 35876.0 samples/s
  step  1050/1756 | loss 0.1263 | data 0.1 ms | step 14.3 ms | 35895.4 samples/s
  step  1100/1756 | loss 0.1308 | data 0.1 ms | step 14.3 ms | 35857.6 samples/s
  step  1150/1756 | loss 0.1267 | data 0.1 ms | step 14.3 ms | 35813.6 samples/s
  step  1200/1756 | loss 0.1376 | data 0.1 ms | step 14.3 ms | 35851.9 samples/s
  step  1250/1756 | loss 0.1337 | data 0.1 ms | step 14.3 ms | 35817.8 samples/s
  step  1300/1756 | loss 0.1417 | data 0.1 ms | step 14.3 ms | 35802.4 samples/s
  step  1350/1756 | loss 0.1397 | data 0.1 ms | step 14.1 ms | 36370.8 samples/s
  step  1400/1756 | loss 0.1370 | data 0.2 ms | step 12.5 ms | 41032.2 samples/s
  step  1450/1756 | loss 0.1245 | data 0.1 ms | step 13.9 ms | 36818.4 samples/s
  step  1500/1756 | loss 0.1381 | data 0.1 ms | step 14.3 ms | 35787.0 samples/s
  step  1550/1756 | loss 0.1353 | data 0.1 ms | step 14.3 ms | 35773.7 samples/s
  step  1600/1756 | loss 0.1354 | data 0.1 ms | step 14.3 ms | 35852.9 samples/s
  step  1650/1756 | loss 0.1190 | data 0.1 ms | step 14.3 ms | 35798.0 samples/s
  step  1700/1756 | loss 0.1280 | data 0.1 ms | step 14.3 ms | 35846.1 samples/s
  step  1750/1756 | loss 0.1497 | data 0.6 ms | step 14.4 ms | 35525.9 samples/s
Training Loss: 0.134481 | 36131.4 samples/s
Peak GPU memory: 927.9 MB
Validation Loss: 0.134490 | 96333.1 samples/s

Epoch 72/100
----------------------------------------
Learning Rate: 0.000048
  step    50/1756 | loss 0.1258 | data 0.7 ms | step 14.3 ms | 35720.3 samples/s
  step   100/1756 | loss 0.1283 | data 0.1 ms | step 14.3 ms | 35681.8 samples/s
  step   150/1756 | loss 0.1218 | data 0.2 ms | step 14.3 ms | 35809.9 samples/s
  step   200/1756 | loss 0.1357 | data 0.1 ms | step 14.3 ms | 35845.8 samples/s
  step   250/1756 | loss 0.1470 | data 0.1 ms | step 14.3 ms | 35892.4 samples/s
  step   300/1756 | loss 0.1386 | data 0.1 ms | step 14.3 ms | 35809.1 samples/s
  step   350/1756 | loss 0.1254 | data 0.1 ms | step 14.3 ms | 35870.2 samples/s
  step   400/1756 | loss 0.1411 | data 0.2 ms | step 13.6 ms | 37675.5 samples/s
  step   450/1756 | loss 0.1271 | data 0.2 ms | step 12.6 ms | 40676.5 samples/s
  step   500/1756 | loss 0.1300 | data 0.1 ms | step 14.3 ms | 35817.0 samples/s
  step   550/1756 | loss 0.1344 | data 0.1 ms | step 14.3 ms | 35906.5 samples/s
  step   600/1756 | loss 0.1396 | data 0.1 ms | step 14.3 ms | 35807.9 samples/s
  step   650/1756 | loss 0.1248 | data 0.1 ms | step 14.3 ms | 35843.6 samples/s
  step   700/1756 | loss 0.1438 | data 0.1 ms | step 14.3 ms | 35864.0 samples/s
  step   750/1756 | loss 0.1331 | data 0.1 ms | step 14.3 ms | 35881.8 samples/s
  step   800/1756 | loss 0.1454 | data 0.2 ms | step 14.3 ms | 35895.0 samples/s
  step   850/1756 | loss 0.1349 | data 0.1 ms | step 14.2 ms | 35982.6 samples/s
  step   900/1756 | loss 0.1260 | data 0.1 ms | step 14.3 ms | 35808.8 samples/s
  step   950/1756 | loss 0.1310 | data 0.1 ms | step 14.3 ms | 35918.0 samples/s
  step  1000/1756 | loss 0.1323 | data 0.1 ms | step 14.3 ms | 35728.4 samples/s
  step  1050/1756 | loss 0.1295 | data 0.1 ms | step 14.3 ms | 35788.3 samples/s
  step  1100/1756 | loss 0.1361 | data 0.1 ms | step 14.3 ms | 35806.6 samples/s
  step  1150/1756 | loss 0.1263 | data 0.1 ms | step 14.3 ms | 35928.9 samples/s
  step  1200/1756 | loss 0.1247 | data 0.1 ms | step 14.3 ms | 35848.7 samples/s
  step  1250/1756 | loss 0.1318 | data 0.1 ms | step 14.4 ms | 35595.7 samples/s
  step  1300/1756 | loss 0.1344 | data 0.2 ms | step 14.4 ms | 35536.2 samples/s
  step  1350/1756 | loss 0.1373 | data 0.1 ms | step 14.3 ms | 35874.0 samples/s
  step  1400/1756 | loss 0.1308 | data 0.1 ms | step 14.2 ms | 35958.2 samples/s
  step  1450/1756 | loss 0.1346 | data 0.1 ms | step 12.7 ms | 40357.7 samples/s
  step  1500/1756 | loss 0.1234 | data 0.2 ms | step 13.6 ms | 37757.9 samples/s
  step  1550/1756 | loss 0.1248 | data 0.1 ms | step 14.3 ms | 35786.3 samples/s
  step  1600/1756 | loss 0.1474 | data 0.1 ms | step 14.3 ms | 35762.5 samples/s
  step  1650/1756 | loss 0.1387 | data 0.1 ms | step 14.3 ms | 35838.1 samples/s
  step  1700/1756 | loss 0.1231 | data 0.1 ms | step 14.3 ms | 35814.0 samples/s
  step  1750/1756 | loss 0.1491 | data 0.6 ms | step 14.6 ms | 35140.0 samples/s
Training Loss: 0.133189 | 36118.7 samples/s
Peak GPU memory: 927.9 MB
Validation Loss: 0.133296 | 96209.6 samples/s

Epoch 73/100
----------------------------------------
Learning Rate: 0.000048
  step    50/1756 | loss 0.1446 | data 0.7 ms | step 14.4 ms | 35561.1 samples/s
  step   100/1756 | loss 0.1316 | data 0.1 ms | step 14.3 ms | 35929.5 samples/s
  step   150/1756 | loss 0.1418 | data 0.1 ms | step 14.3 ms | 35810.7 samples/s
  step   200/1756 | loss 0.1292 | data 0.1 ms | step 14.3 ms | 35825.4 samples/s
  step   250/1756 | loss 0.1372 | data 0.1 ms | step 14.3 ms | 35844.0 samples/s
  step   300/1756 | loss 0.1647 | data 0.1 ms | step 14.3 ms | 35851.7 samples/s
  step   350/1756 | loss 0.1242 | data 0.1 ms | step 14.3 ms | 35928.2 samples/s
  step   400/1756 | loss 0.1380 | data 0.1 ms | step 14.3 ms | 35813.3 samples/s
  step   450/1756 | loss 0.1253 | data 0.1 ms | step 13.8 ms | 37012.2 samples/s
  step   500/1756 | loss 0.1149 | data 0.2 ms | step 12.6 ms | 40691.3 samples/s
  step   550/1756 | loss 0.1311 | data 0.1 ms | step 14.1 ms | 36201.4 samples/s
  step   600/1756 | loss 0.1271 | data 0.1 ms | step 14.3 ms | 35824.6 samples/s
  step   650/1756 | loss 0.1361 | data 0.1 ms | step 14.3 ms | 35848.1 samples/s
  step   700/1756 | loss 0.1344 | data 0.1 ms | step 14.3 ms | 35844.2 samples/s
  step   750/1756 | loss 0.1426 | data 0.1 ms | step 14.3 ms | 35792.9 samples/s
  step   800/1756 | loss 0.1410 | data 0.1 ms | step 14.3 ms | 35878.2 samples/s
  step   850/1756 | loss 0.1256 | data 0.1 ms | step 14.3 ms | 35903.0 samples/s
  step   900/1756 | loss 0.1169 | data 0.1 ms | step 14.3 ms | 35817.8 samples/s
  step   950/1756 | loss 0.1361 | data 0.1 ms | step 14.3 ms | 35876.9 samples/s
  step  1000/1756 | loss 0.1415 | data 0.1 ms | step 14.2 ms | 35945.7 samples/s
  step  1050/1756 | loss 0.1400 | data 0.1 ms | step 14.3 ms | 35691.3 samples/s
  step  1100/1756 | loss 0.1246 | data 0.1 ms | step 14.3 ms | 35829.4 samples/s
  step  1150/1756 | loss 0.1319 | data 0.1 ms | step 14.4 ms | 35538.7 samples/s
  step  1200/1756 | loss 0.1418 | data 0.1 ms | step 14.3 ms | 35910.0 samples/s
  step  1250/1756 | loss 0.1356 | data 0.1 ms | step 14.3 ms | 35900.9 samples/s
  step  1300/1756 | loss 0.1455 | data 0.1 ms | step 14.3 ms | 35918.9 samples/s
  step  1350/1756 | loss 0.1427 | data 0.1 ms | step 14.3 ms | 35844.2 samples/s
  step  1400/1756 | loss 0.1239 | data 0.1 ms | step 14.3 ms | 35847.0 samples/s
  step  1450/1756 | loss 0.1360 | data 0.1 ms | step 14.3 ms | 35902.0 samples/s
  step  1500/1756 | loss 0.1402 | data 0.2 ms | step 12.8 ms | 39940.4 samples/s
  step  1550/1756 | loss 0.1259 | data 0.1 ms | step 13.4 ms | 38226.4 samples/s
  step  1600/1756 | loss 0.1209 | data 0.1 ms | step 14.3 ms | 35780.6 samples/s
  step  1650/1756 | loss 0.1297 | data 0.1 ms | step 14.3 ms | 35884.0 samples/s
  step  1700/1756 | loss 0.1251 | data 0.1 ms | step 14.3 ms | 35777.6 samples/s
  step  1750/1756 | loss 0.1330 | data 0.7 ms | step 14.4 ms | 35577.1 samples/s
Training Loss: 0.133601 | 36154.2 samples/s
Peak GPU memory: 927.9 MB
Validation Loss: 0.134868 | 96243.7 samples/s

Epoch 74/100
----------------------------------------
Learning Rate: 0.000048
  step    50/1756 | loss 0.1296 | data 0.7 ms | step 14.3 ms | 35797.9 samples/s
  step   100/1756 | loss 0.1491 | data 0.1 ms | step 14.3 ms | 35710.6 samples/s
  step   150/1756 | loss 0.1255 | data 0.1 ms | step 14.3 ms | 35856.5 samples/s
  step   200/1756 | loss 0.1329 | data 0.1 ms | step 14.3 ms | 35816.2 samples/s
  step   250/1756 | loss 0.1364 | data 0.1 ms | step 14.3 ms | 35786.0 samples/s
  step   300/1756 | loss 0.1171 | data 0.1 ms | step 14.3 ms | 35813.8 samples/s
  step   350/1756 | loss 0.1218 | data 0.1 ms | step 14.3 ms | 35835.2 samples/s
  step   400/1756 | loss 0.1518 | data 0.1 ms | step 14.3 ms | 35887.1 samples/s
  step   450/1756 | loss 0.1388 | data 0.1 ms | step 14.3 ms | 35845.2 samples/s
  step   500/1756 | loss 0.1483 | data 0.1 ms | step 13.9 ms | 36852.0 samples/s
  step   550/1756 | loss 0.1326 | data 0.2 ms | step 12.5 ms | 40889.5 samples/s
  step   600/1756 | loss 0.1458 | data 0.1 ms | step 14.1 ms | 36237.7 samples/s
  step   650/1756 | loss 0.1279 | data 0.1 ms | step 14.3 ms | 35853.0 samples/s
  step   700/1756 | loss 0.1424 | data 0.1 ms | step 14.3 ms | 35859.8 samples/s
  step   750/1756 | loss 0.1279 | data 0.1 ms | step 14.3 ms | 35794.2 samples/s
  step   800/1756 | loss 0.1228 | data 0.1 ms | step 14.3 ms | 35815.5 samples/s
  step   850/1756 | loss 0.1397 | data 0.1 ms | step 14.3 ms | 35764.8 samples/s
  step   900/1756 | loss 0.1481 | data 0.1 ms | step 14.3 ms | 35795.6 samples/s
  step   950/1756 | loss 0.1398 | data 0.2 ms | step 14.3 ms | 35858.9 samples/s
  step  1000/1756 | loss 0.1137 | data 0.1 ms | step 14.3 ms | 35925.4 samples/s
  step  1050/1756 | loss 0.1291 | data 0.1 ms | step 14.3 ms | 35848.7 samples/s
  step  1100/1756 | loss 0.1374 | data 0.1 ms | step 14.3 ms | 35904.9 samples/s
  step  1150/1756 | loss 0.1274 | data 0.1 ms | step 14.3 ms | 35810.1 samples/s
  step  1200/1756 | loss 0.1314 | data 0.1 ms | step 14.3 ms | 35855.8 samples/s
  step  1250/1756 | loss 0.1288 | data 0.2 ms | step 14.3 ms | 35696.0 samples/s
  step  1300/1756 | loss 0.1308 | data 0.2 ms | step 14.4 ms | 35493.0 samples/s
  step  1350/1756 | loss 0.1359 | data 0.1 ms | step 14.3 ms | 35891.9 samples/s
  step  1400/1756 | loss 0.1431 | data 0.1 ms | step 14.3 ms | 35761.2 samples/s
  step  1450/1756 | loss 0.1364 | data 0.1 ms | step 14.3 ms | 35760.9 samples/s
  step  1500/1756 | loss 0.1258 | data 0.1 ms | step 14.3 ms | 35843.8 samples/s
  step  1550/1756 | loss 0.1371 | data 0.2 ms | step 12.9 ms | 39828.4 samples/s
  step  1600/1756 | loss 0.1281 | data 0.2 ms | step 13.2 ms | 38693.9 samples/s
  step  1650/1756 | loss 0.1275 | data 0.1 ms | step 14.4 ms | 35586.3 samples/s
  step  1700/1756 | loss 0.1212 | data 0.1 ms | step 14.3 ms | 35898.1 samples/s
  step  1750/1756 | loss 0.1177 | data 0.6 ms | step 14.4 ms | 35605.5 samples/s
Training Loss: 0.132680 | 36140.1 samples/s
Peak GPU memory: 927.9 MB
Validation Loss: 0.133443 | 96448.0 samples/s

Epoch 75/100
----------------------------------------
Learning Rate: 0.000048
  step    50/1756 | loss 0.1278 | data 0.7 ms | step 14.5 ms | 35342.2 samples/s
  step   100/1756 | loss 0.1185 | data 0.1 ms | step 14.3 ms | 35744.1 samples/s
  step   150/1756 | loss 0.1316 | data 0.1 ms | step 14.3 ms | 35870.7 samples/s
  step   200/1756 | loss 0.1325 | data 0.1 ms | step 14.3 ms | 35761.0 samples/s
  step   250/1756 | loss 0.1391 | data 0.1 ms | step 14.3 ms | 35803.5 samples/s
  step   300/1756 | loss 0.1235 | data 0.1 ms | step 14.3 ms | 35759.1 samples/s
  step   350/1756 | loss 0.1393 | data 0.1 ms | step 14.3 ms | 35765.1 samples/s
  step   400/1756 | loss 0.1310 | data 0.1 ms | step 14.3 ms | 35814.4 samples/s
  step   450/1756 | loss 0.1305 | data 0.1 ms | step 14.3 ms | 35891.6 samples/s
  step   500/1756 | loss 0.1277 | data 0.1 ms | step 14.3 ms | 35825.9 samples/s
  step   550/1756 | loss 0.1253 | data 0.1 ms | step 14.2 ms | 36092.6 samples/s
  step   600/1756 | loss 0.1376 | data 0.2 ms | step 12.5 ms | 40926.8 samples/s
  step   650/1756 | loss 0.1245 | data 0.2 ms | step 13.8 ms | 37119.5 samples/s
  step   700/1756 | loss 0.1361 | data 0.1 ms | step 14.3 ms | 35838.4 samples/s
  step   750/1756 | loss 0.1223 | data 0.1 ms | step 14.3 ms | 35909.7 samples/s
  step   800/1756 | loss 0.1296 | data 0.1 ms | step 14.2 ms | 35971.4 samples/s
  step   850/1756 | loss 0.1354 | data 0.1 ms | step 14.3 ms | 35821.6 samples/s
  step   900/1756 | loss 0.1325 | data 0.1 ms | step 14.3 ms | 35778.3 samples/s
  step   950/1756 | loss 0.1174 | data 0.1 ms | step 14.3 ms | 35825.3 samples/s
  step  1000/1756 | loss 0.1396 | data 0.1 ms | step 14.2 ms | 35931.6 samples/s
  step  1050/1756 | loss 0.1356 | data 0.1 ms | step 14.3 ms | 35903.8 samples/s
  step  1100/1756 | loss 0.1339 | data 0.1 ms | step 14.2 ms | 35948.7 samples/s
  step  1150/1756 | loss 0.1340 | data 0.1 ms | step 14.3 ms | 35790.8 samples/s
  step  1200/1756 | loss 0.1523 | data 0.1 ms | step 14.3 ms | 35833.2 samples/s
  step  1250/1756 | loss 0.1366 | data 0.1 ms | step 14.3 ms | 35774.3 samples/s
  step  1300/1756 | loss 0.1359 | data 0.1 ms | step 14.3 ms | 35855.9 samples/s
  step  1350/1756 | loss 0.1352 | data 0.1 ms | step 14.3 ms | 35923.2 samples/s
  step  1400/1756 | loss 0.1381 | data 0.1 ms | step 14.3 ms | 35850.5 samples/s
  step  1450/1756 | loss 0.1298 | data 0.1 ms | step 14.3 ms | 35721.0 samples/s
  step  1500/1756 | loss 0.1208 | data 0.1 ms | step 14.3 ms | 35778.1 samples/s
  step  1550/1756 | loss 0.1291 | data 0.1 ms | step 14.3 ms | 35852.0 samples/s
  step  1600/1756 | loss 0.1247 | data 0.1 ms | step 13.2 ms | 38901.2 samples/s
  step  1650/1756 | loss 0.1323 | data 0.2 ms | step 13.0 ms | 39294.4 samples/s
  step  1700/1756 | loss 0.1410 | data 0.1 ms | step 14.3 ms | 35816.7 samples/s
  step  1750/1756 | loss 0.1374 | data 0.6 ms | step 14.4 ms | 35526.0 samples/s
Training Loss: 0.131918 | 36147.3 samples/s
Peak GPU memory: 927.9 MB
Validation Loss: 0.136391 | 96349.9 samples/s

Epoch 76/100
----------------------------------------
Learning Rate: 0.000048
  step    50/1756 | loss 0.1352 | data 0.7 ms | step 14.4 ms | 35634.6 samples/s
  step   100/1756 | loss 0.1306 | data 0.1 ms | step 14.3 ms | 35847.1 samples/s
  step   150/1756 | loss 0.1315 | data 0.1 ms | step 14.3 ms | 35866.0 samples/s
  step   200/1756 | loss 0.1253 | data 0.1 ms | step 14.3 ms | 35817.1 samples/s
  step   250/1756 | loss 0.1206 | data 0.1 ms | step 14.3 ms | 35880.4 samples/s
  step   300/1756 | loss 0.1395 | data 0.1 ms | step 14.3 ms | 35849.9 samples/s
  step   350/1756 | loss 0.1329 | data 0.1 ms | step 14.3 ms | 35842.7 samples/s
  step   400/1756 | loss 0.1226 | data 0.1 ms | step 14.2 ms | 36010.3 samples/s
  step   450/1756 | loss 0.1378 | data 0.1 ms | step 14.3 ms | 35865.6 samples/s
  step   500/1756 | loss 0.1423 | data 0.1 ms | step 14.4 ms | 35536.7 samples/s
  step   550/1756 | loss 0.1477 | data 0.1 ms | step 14.3 ms | 35872.1 samples/s
  step   600/1756 | loss 0.1442 | data 0.1 ms | step 14.3 ms | 35897.7 samples/s
  step   650/1756 | loss 0.1498 | data 0.2 ms | step 12.7 ms | 40374.2 samples/s
  step   700/1756 | loss 0.1403 | data 0.2 ms | step 13.5 ms | 38042.4 samples/s
  step   750/1756 | loss 0.1329 | data 0.1 ms | step 14.3 ms | 35845.5 samples/s
  step   800/1756 | loss 0.1366 | data 0.1 ms | step 14.2 ms | 35934.1 samples/s
  step   850/1756 | loss 0.1261 | data 0.1 ms | step 14.3 ms | 35854.3 samples/s
  step   900/1756 | loss 0.1289 | data 0.1 ms | step 14.3 ms | 35796.7 samples/s
  step   950/1756 | loss 0.1268 | data 0.1 ms | step 14.3 ms | 35886.3 samples/s
  step  1000/1756 | loss 0.1343 | data 0.1 ms | step 14.3 ms | 35925.3 samples/s
  step  1050/1756 | loss 0.1374 | data 0.1 ms | step 14.3 ms | 35791.7 samples/s
  step  1100/1756 | loss 0.1265 | data 0.1 ms | step 14.3 ms | 35900.6 samples/s
  step  1150/1756 | loss 0.1228 | data 0.1 ms | step 14.3 ms | 35794.5 samples/s
  step  1200/1756 | loss 0.1351 | data 0.1 ms | step 14.3 ms | 35848.7 samples/s
  step  1250/1756 | loss 0.1249 | data 0.1 ms | step 14.3 ms | 35876.7 samples/s
  step  1300/1756 | loss 0.1318 | data 0.2 ms | step 14.4 ms | 35584.8 samples/s
  step  1350/1756 | loss 0.1331 | data 0.1 ms | step 14.3 ms | 35742.3 samples/s
  step  1400/1756 | loss 0.1250 | data 0.1 ms | step 14.3 ms | 35879.8 samples/s
  step  1450/1756 | loss 0.1290 | data 0.1 ms | step 14.2 ms | 35931.9 samples/s
  step  1500/1756 | loss 0.1246 | data 0.1 ms | step 14.4 ms | 35514.8 samples/s
  step  1550/1756 | loss 0.1265 | data 0.1 ms | step 14.3 ms | 35797.6 samples/s
  step  1600/1756 | loss 0.1335 | data 0.1 ms | step 14.3 ms | 35807.9 samples/s
  step  1650/1756 | loss 0.1486 | data 0.1 ms | step 13.5 ms | 37968.0 samples/s
  step  1700/1756 | loss 0.1340 | data 0.2 ms | step 12.7 ms | 40175.6 samples/s
  step  1750/1756 | loss 0.1334 | data 0.7 ms | step 14.3 ms | 35861.0 samples/s
Training Loss: 0.132821 | 36159.8 samples/s
Peak GPU memory: 927.9 MB
Validation Loss: 0.134802 | 96809.6 samples/s

Epoch 77/100
----------------------------------------
Learning Rate: 0.000048
  step    50/1756 | loss 0.1192 | data 0.6 ms | step 14.3 ms | 35723.0 samples/s
  step   100/1756 | loss 0.1186 | data 0.1 ms | step 14.3 ms | 35717.4 samples/s
  step   150/1756 | loss 0.1240 | data 0.1 ms | step 14.3 ms | 35843.5 samples/s
  step   200/1756 | loss 0.1388 | data 0.1 ms | step 14.3 ms | 35741.7 samples/s
  step   250/1756 | loss 0.1276 | data 0.1 ms | step 14.3 ms | 35800.3 samples/s
  step   300/1756 | loss 0.1376 | data 0.1 ms | step 14.5 ms | 35390.0 samples/s
  step   350/1756 | loss 0.1262 | data 0.1 ms | step 14.3 ms | 35870.5 samples/s
  step   400/1756 | loss 0.1424 | data 0.1 ms | step 14.3 ms | 35834.3 samples/s
  step   450/1756 | loss 0.1411 | data 0.1 ms | step 14.3 ms | 35886.3 samples/s
  step   500/1756 | loss 0.1338 | data 0.1 ms | step 14.3 ms | 35864.0 samples/s
  step   550/1756 | loss 0.1361 | data 0.1 ms | step 14.3 ms | 35824.5 samples/s
  step   600/1756 | loss 0.1323 | data 0.1 ms | step 14.3 ms | 35805.6 samples/s
  step   650/1756 | loss 0.1321 | data 0.1 ms | step 14.3 ms | 35724.0 samples/s
  step   700/1756 | loss 0.1218 | data 0.1 ms | step 13.1 ms | 39117.5 samples/s
  step   750/1756 | loss 0.1335 | data 0.1 ms | step 13.0 ms | 39394.9 samples/s
  step   800/1756 | loss 0.1287 | data 0.1 ms | step 14.3 ms | 35756.4 samples/s
  step   850/1756 | loss 0.1255 | data 0.2 ms | step 14.3 ms | 35803.6 samples/s
  step   900/1756 | loss 0.1372 | data 0.1 ms | step 14.3 ms | 35916.7 samples/s
  step   950/1756 | loss 0.1324 | data 0.1 ms | step 14.5 ms | 35305.9 samples/s
  step  1000/1756 | loss 0.1281 | data 0.1 ms | step 14.5 ms | 35255.0 samples/s
  step  1050/1756 | loss 0.1192 | data 0.1 ms | step 14.3 ms | 35819.3 samples/s
  step  1100/1756 | loss 0.1231 | data 0.1 ms | step 14.3 ms | 35873.7 samples/s
  step  1150/1756 | loss 0.1262 | data 0.1 ms | step 14.3 ms | 35760.5 samples/s
  step  1200/1756 | loss 0.1370 | data 0.1 ms | step 14.3 ms | 35801.6 samples/s
  step  1250/1756 | loss 0.1278 | data 0.1 ms | step 14.3 ms | 35885.1 samples/s
  step  1300/1756 | loss 0.1439 | data 0.1 ms | step 14.3 ms | 35738.4 samples/s
  step  1350/1756 | loss 0.1294 | data 0.1 ms | step 15.1 ms | 33985.6 samples/s
  step  1400/1756 | loss 0.1374 | data 0.2 ms | step 14.3 ms | 35901.6 samples/s
  step  1450/1756 | loss 0.1374 | data 0.1 ms | step 14.3 ms | 35830.9 samples/s
  step  1500/1756 | loss 0.1221 | data 0.1 ms | step 14.3 ms | 35835.5 samples/s
  step  1550/1756 | loss 0.1346 | data 0.1 ms | step 14.3 ms | 35904.4 samples/s
  step  1600/1756 | loss 0.1314 | data 0.1 ms | step 14.3 ms | 35805.1 samples/s
  step  1650/1756 | loss 0.1400 | data 0.1 ms | step 14.4 ms | 35599.2 samples/s
  step  1700/1756 | loss 0.1291 | data 0.1 ms | step 13.5 ms | 37867.3 samples/s
  step  1750/1756 | loss 0.1348 | data 0.7 ms | step 12.8 ms | 40108.0 samples/s
Training Loss: 0.130977 | 36048.4 samples/s
Peak GPU memory: 927.9 MB
Validation Loss: 0.135066 | 96477.2 samples/s

Epoch 78/100
----------------------------------------
Learning Rate: 0.000048
  step    50/1756 | loss 0.1184 | data 0.7 ms | step 14.4 ms | 35647.4 samples/s
  step   100/1756 | loss 0.1366 | data 0.1 ms | step 14.3 ms | 35793.9 samples/s
  step   150/1756 | loss 0.1225 | data 0.1 ms | step 14.3 ms | 35866.3 samples/s
  step   200/1756 | loss 0.1447 | data 0.1 ms | step 14.3 ms | 35796.5 samples/s
  step   250/1756 | loss 0.1288 | data 0.1 ms | step 14.3 ms | 35840.0 samples/s
  step   300/1756 | loss 0.1313 | data 0.1 ms | step 14.3 ms | 35883.9 samples/s
  step   350/1756 | loss 0.1238 | data 0.1 ms | step 14.3 ms | 35766.4 samples/s
  step   400/1756 | loss 0.1321 | data 0.1 ms | step 14.3 ms | 35870.2 samples/s
  step   450/1756 | loss 0.1210 | data 0.1 ms | step 14.3 ms | 35915.6 samples/s
  step   500/1756 | loss 0.1331 | data 0.1 ms | step 14.3 ms | 35919.0 samples/s
  step   550/1756 | loss 0.1336 | data 0.1 ms | step 14.2 ms | 35959.0 samples/s
  step   600/1756 | loss 0.1261 | data 0.1 ms | step 14.3 ms | 35864.8 samples/s
  step   650/1756 | loss 0.1260 | data 0.1 ms | step 14.3 ms | 35766.5 samples/s
  step   700/1756 | loss 0.1331 | data 0.1 ms | step 14.3 ms | 35772.8 samples/s
  step   750/1756 | loss 0.1405 | data 0.1 ms | step 13.1 ms | 38952.9 samples/s
  step   800/1756 | loss 0.1268 | data 0.2 ms | step 13.1 ms | 39198.0 samples/s
  step   850/1756 | loss 0.1370 | data 0.1 ms | step 14.3 ms | 35877.7 samples/s
  step   900/1756 | loss 0.1317 | data 0.1 ms | step 14.3 ms | 35839.8 samples/s
  step   950/1756 | loss 0.1284 | data 0.1 ms | step 14.3 ms | 35752.0 samples/s
  step  1000/1756 | loss 0.1206 | data 0.1 ms | step 14.3 ms | 35844.7 samples/s
  step  1050/1756 | loss 0.1234 | data 0.1 ms | step 14.3 ms | 35774.6 samples/s
  step  1100/1756 | loss 0.1386 | data 0.1 ms | step 14.3 ms | 35855.7 samples/s
  step  1150/1756 | loss 0.1352 | data 0.1 ms | step 14.3 ms | 35769.1 samples/s
  step  1200/1756 | loss 0.1315 | data 0.2 ms | step 14.3 ms | 35737.4 samples/s
  step  1250/1756 | loss 0.1220 | data 0.1 ms | step 14.3 ms | 35926.5 samples/s
  step  1300/1756 | loss 0.1353 | data 0.2 ms | step 14.4 ms | 35646.3 samples/s
  step  1350/1756 | loss 0.1417 | data 0.1 ms | step 14.5 ms | 35318.7 samples/s
  step  1400/1756 | loss 0.1284 | data 0.1 ms | step 14.4 ms | 35495.2 samples/s
  step  1450/1756 | loss 0.1360 | data 0.1 ms | step 14.3 ms | 35781.2 samples/s
  step  1500/1756 | loss 0.1401 | data 0.1 ms | step 14.3 ms | 35826.5 samples/s
  step  1550/1756 | loss 0.1360 | data 0.1 ms | step 14.3 ms | 35873.7 samples/s
  step  1600/1756 | loss 0.1429 | data 0.1 ms | step 14.3 ms | 35872.5 samples/s
  step  1650/1756 | loss 0.1269 | data 0.1 ms | step 14.3 ms | 35801.1 samples/s
  step  1700/1756 | loss 0.1226 | data 0.1 ms | step 14.3 ms | 35807.2 samples/s
  step  1750/1756 | loss 0.1469 | data 0.6 ms | step 13.9 ms | 36724.2 samples/s
Training Loss: 0.131445 | 35998.3 samples/s
Peak GPU memory: 927.9 MB
Validation Loss: 0.130747 | 111959.5 samples/s

Epoch 79/100
----------------------------------------
Learning Rate: 0.000048
  step    50/1756 | loss 0.1252 | data 0.7 ms | step 14.4 ms | 35572.1 samples/s
  step   100/1756 | loss 0.1302 | data 0.1 ms | step 14.3 ms | 35853.3 samples/s
  step   150/1756 | loss 0.1430 | data 0.1 ms | step 14.3 ms | 35781.3 samples/s
  step   200/1756 | loss 0.1236 | data 0.1 ms | step 14.3 ms | 35870.2 samples/s
  step   250/1756 | loss 0.1318 | data 0.2 ms | step 14.3 ms | 35871.8 samples/s
  step   300/1756 | loss 0.1286 | data 0.1 ms | step 14.3 ms | 35896.3 samples/s
  step   350/1756 | loss 0.1467 | data 0.1 ms | step 14.3 ms | 35840.4 samples/s
  step   400/1756 | loss 0.1185 | data 0.1 ms | step 14.4 ms | 35453.2 samples/s
  step   450/1756 | loss 0.1210 | data 0.2 ms | step 14.3 ms | 35772.9 samples/s
  step   500/1756 | loss 0.1230 | data 0.1 ms | step 14.3 ms | 35851.5 samples/s
  step   550/1756 | loss 0.1383 | data 0.1 ms | step 14.4 ms | 35580.3 samples/s
  step   600/1756 | loss 0.1393 | data 0.1 ms | step 14.4 ms | 35545.1 samples/s
  step   650/1756 | loss 0.1407 | data 0.1 ms | step 14.3 ms | 35854.4 samples/s
  step   700/1756 | loss 0.1229 | data 0.1 ms | step 14.3 ms | 35815.9 samples/s
  step   750/1756 | loss 0.1178 | data 0.1 ms | step 14.4 ms | 35489.1 samples/s
  step   800/1756 | loss 0.1293 | data 0.1 ms | step 14.3 ms | 35843.0 samples/s
  step   850/1756 | loss 0.1242 | data 0.2 ms | step 13.0 ms | 39443.2 samples/s
  step   900/1756 | loss 0.1295 | data 0.2 ms | step 13.2 ms | 38760.3 samples/s
  step   950/1756 | loss 0.1180 | data 0.1 ms | step 14.3 ms | 35901.2 samples/s
  step  1000/1756 | loss 0.1342 | data 0.1 ms | step 14.3 ms | 35855.5 samples/s
  step  1050/1756 | loss 0.1278 | data 0.1 ms | step 14.3 ms | 35868.6 samples/s
  step  1100/1756 | loss 0.1374 | data 0.1 ms | step 14.3 ms | 35859.1 samples/s
  step  1150/1756 | loss 0.1331 | data 0.1 ms | step 14.3 ms | 35926.0 samples/s
  step  1200/1756 | loss 0.1199 | data 0.1 ms | step 14.3 ms | 35832.8 samples/s
  step  1250/1756 | loss 0.1225 | data 0.1 ms | step 14.3 ms | 35805.8 samples/s
  step  1300/1756 | loss 0.1204 | data 0.1 ms | step 14.5 ms | 35354.7 samples/s
  step  1350/1756 | loss 0.1368 | data 0.1 ms | step 14.4 ms | 35466.5 samples/s
  step  1400/1756 | loss 0.1277 | data 0.1 ms | step 14.4 ms | 35534.8 samples/s
  step  1450/1756 | loss 0.1232 | data 0.1 ms | step 14.3 ms | 35786.0 samples/s
  step  1500/1756 | loss 0.1471 | data 0.1 ms | step 14.3 ms | 35914.8 samples/s
  step  1550/1756 | loss 0.1285 | data 0.1 ms | step 14.3 ms | 35810.5 samples/s
  step  1600/1756 | loss 0.1271 | data 0.1 ms | step 14.3 ms | 35708.4 samples/s
  step  1650/1756 | loss 0.1188 | data 0.1 ms | step 14.3 ms | 35794.4 samples/s
  step  1700/1756 | loss 0.1375 | data 0.1 ms | step 14.3 ms | 35887.2 samples/s
  step  1750/1756 | loss 0.1178 | data 0.7 ms | step 14.4 ms | 35594.3 samples/s
Training Loss: 0.128972 | 35916.6 samples/s
Peak GPU memory: 927.9 MB
Validation Loss: 0.129967 | 121161.7 samples/s

Epoch 80/100
----------------------------------------
Learning Rate: 0.000048
  step    50/1756 | loss 0.1343 | data 0.8 ms | step 14.3 ms | 35730.3 samples/s
  step   100/1756 | loss 0.1328 | data 0.1 ms | step 14.3 ms | 35783.6 samples/s
  step   150/1756 | loss 0.1336 | data 0.1 ms | step 14.3 ms | 35878.8 samples/s
  step   200/1756 | loss 0.1237 | data 0.1 ms | step 14.3 ms | 35881.4 samples/s
  step   250/1756 | loss 0.1362 | data 0.1 ms | step 14.3 ms | 35823.8 samples/s
  step   300/1756 | loss 0.1267 | data 0.1 ms | step 14.3 ms | 35830.9 samples/s
  step   350/1756 | loss 0.1286 | data 0.1 ms | step 14.3 ms | 35808.3 samples/s
  step   400/1756 | loss 0.1369 | data 0.1 ms | step 14.3 ms | 35783.8 samples/s
  step   450/1756 | loss 0.1391 | data 0.1 ms | step 14.3 ms | 35876.9 samples/s
  step   500/1756 | loss 0.1327 | data 0.2 ms | step 14.2 ms | 35950.2 samples/s
  step   550/1756 | loss 0.1207 | data 0.1 ms | step 14.3 ms | 35842.7 samples/s
  step   600/1756 | loss 0.1146 | data 0.2 ms | step 14.2 ms | 35952.0 samples/s
  step   650/1756 | loss 0.1178 | data 0.1 ms | step 14.3 ms | 35859.2 samples/s
  step   700/1756 | loss 0.1326 | data 0.1 ms | step 14.3 ms | 35783.1 samples/s
  step   750/1756 | loss 0.1302 | data 0.1 ms | step 14.3 ms | 35748.9 samples/s
  step   800/1756 | loss 0.1273 | data 0.1 ms | step 14.3 ms | 35729.4 samples/s
  step   850/1756 | loss 0.1389 | data 0.1 ms | step 14.3 ms | 35784.2 samples/s
  step   900/1756 | loss 0.1427 | data 0.1 ms | step 14.2 ms | 35998.6 samples/s
  step   950/1756 | loss 0.1389 | data 0.1 ms | step 13.5 ms | 37830.0 samples/s
  step  1000/1756 | loss 0.1302 | data 0.2 ms | step 12.7 ms | 40441.8 samples/s
  step  1050/1756 | loss 0.1409 | data 0.1 ms | step 14.3 ms | 35831.9 samples/s
  step  1100/1756 | loss 0.1231 | data 0.1 ms | step 14.3 ms | 35840.1 samples/s
  step  1150/1756 | loss 0.1322 | data 0.1 ms | step 14.3 ms | 35811.6 samples/s
  step  1200/1756 | loss 0.1317 | data 0.1 ms | step 14.3 ms | 35836.2 samples/s
  step  1250/1756 | loss 0.1341 | data 0.1 ms | step 14.3 ms | 35855.3 samples/s
  step  1300/1756 | loss 0.1366 | data 0.1 ms | step 14.3 ms | 35749.0 samples/s
  step  1350/1756 | loss 0.1275 | data 0.1 ms | step 14.3 ms | 35730.3 samples/s
  step  1400/1756 | loss 0.1375 | data 0.1 ms | step 14.3 ms | 35842.9 samples/s
  step  1450/1756 | loss 0.1287 | data 0.1 ms | step 14.3 ms | 35927.5 samples/s
  step  1500/1756 | loss 0.1364 | data 0.1 ms | step 14.2 ms | 35933.0 samples/s
  step  1550/1756 | loss 0.1269 | data 0.1 ms | step 14.2 ms | 35941.3 samples/s
  step  1600/1756 | loss 0.1330 | data 0.1 ms | step 14.3 ms | 35768.3 samples/s
  step  1650/1756 | loss 0.1321 | data 0.2 ms | step 14.4 ms | 35482.2 samples/s
  step  1700/1756 | loss 0.1405 | data 0.1 ms | step 14.4 ms | 35646.2 samples/s
  step  1750/1756 | loss 0.1362 | data 0.7 ms | step 14.4 ms | 35641.9 samples/s
Training Loss: 0.131938 | 35978.1 samples/s
Peak GPU memory: 927.9 MB
Validation Loss: 0.140507 | 100919.8 samples/s

Epoch 81/100
----------------------------------------
Learning Rate: 0.000043
  step    50/1756 | loss 0.1351 | data 0.8 ms | step 12.6 ms | 40549.5 samples/s
  step   100/1756 | loss 0.1249 | data 0.1 ms | step 14.3 ms | 35876.8 samples/s
  step   150/1756 | loss 0.1327 | data 0.1 ms | step 14.3 ms | 35848.5 samples/s
  step   200/1756 | loss 0.1295 | data 0.1 ms | step 14.3 ms | 35729.5 samples/s
  step   250/1756 | loss 0.1235 | data 0.1 ms | step 14.3 ms | 35716.1 samples/s
  step   300/1756 | loss 0.1367 | data 0.1 ms | step 14.3 ms | 35835.7 samples/s
  step   350/1756 | loss 0.1261 | data 0.1 ms | step 14.3 ms | 35834.3 samples/s
  step   400/1756 | loss 0.1297 | data 0.1 ms | step 14.3 ms | 35778.1 samples/s
  step   450/1756 | loss 0.1296 | data 0.1 ms | step 14.3 ms | 35721.5 samples/s
  step   500/1756 | loss 0.1340 | data 0.1 ms | step 14.3 ms | 35817.7 samples/s
  step   550/1756 | loss 0.1381 | data 0.1 ms | step 14.4 ms | 35441.0 samples/s
  step   600/1756 | loss 0.1466 | data 0.1 ms | step 14.3 ms | 35742.4 samples/s
  step   650/1756 | loss 0.1262 | data 0.1 ms | step 14.3 ms | 35826.5 samples/s
  step   700/1756 | loss 0.1310 | data 0.1 ms | step 14.3 ms | 35799.0 samples/s
  step   750/1756 | loss 0.1200 | data 0.1 ms | step 14.9 ms | 34398.2 samples/s
  step   800/1756 | loss 0.1340 | data 0.1 ms | step 14.4 ms | 35590.5 samples/s
  step   850/1756 | loss 0.1322 | data 0.1 ms | step 14.4 ms | 35608.9 samples/s
  step   900/1756 | loss 0.1415 | data 0.1 ms | step 14.7 ms | 34938.2 samples/s
  step   950/1756 | loss 0.1368 | data 0.1 ms | step 14.4 ms | 35600.7 samples/s
  step  1000/1756 | loss 0.1213 | data 0.1 ms | step 14.2 ms | 35997.0 samples/s
  step  1050/1756 | loss 0.1316 | data 0.2 ms | step 12.6 ms | 40488.8 samples/s
  step  1100/1756 | loss 0.1398 | data 0.1 ms | step 13.9 ms | 36845.3 samples/s
  step  1150/1756 | loss 0.1119 | data 0.1 ms | step 14.5 ms | 35224.9 samples/s
  step  1200/1756 | loss 0.1464 | data 0.1 ms | step 14.4 ms | 35650.1 samples/s
  step  1250/1756 | loss 0.1218 | data 0.1 ms | step 14.3 ms | 35752.4 samples/s
  step  1300/1756 | loss 0.1271 | data 0.1 ms | step 14.4 ms | 35662.7 samples/s
  step  1350/1756 | loss 0.1285 | data 0.1 ms | step 14.3 ms | 35769.3 samples/s
  step  1400/1756 | loss 0.1288 | data 0.1 ms | step 14.3 ms | 35737.6 samples/s
  step  1450/1756 | loss 0.1119 | data 0.2 ms | step 15.2 ms | 33597.8 samples/s
  step  1500/1756 | loss 0.1383 | data 0.1 ms | step 14.4 ms | 35603.2 samples/s
  step  1550/1756 | loss 0.1330 | data 0.2 ms | step 14.5 ms | 35223.3 samples/s
  step  1600/1756 | loss 0.1391 | data 0.1 ms | step 14.3 ms | 35750.0 samples/s
  step  1650/1756 | loss 0.1238 | data 0.1 ms | step 14.3 ms | 35793.2 samples/s
  step  1700/1756 | loss 0.1191 | data 0.1 ms | step 14.3 ms | 35793.8 samples/s
  step  1750/1756 | loss 0.1210 | data 0.6 ms | step 14.6 ms | 35154.1 samples/s
Training Loss: 0.130040 | 35820.6 samples/s
Peak GPU memory: 927.9 MB
Validation Loss: 0.135286 | 94699.6 samples/s

Epoch 82/100
----------------------------------------
Learning Rate: 0.000043
  step    50/1756 | loss 0.1388 | data 0.7 ms | step 13.5 ms | 37868.1 samples/s
  step   100/1756 | loss 0.1312 | data 0.2 ms | step 13.3 ms | 38620.3 samples/s
  step   150/1756 | loss 0.1275 | data 0.1 ms | step 16.0 ms | 32004.6 samples/s
  step   200/1756 | loss 0.1328 | data 0.1 ms | step 16.0 ms | 32068.1 samples/s
  step   250/1756 | loss 0.1423 | data 0.1 ms | step 15.1 ms | 33945.4 samples/s
  step   300/1756 | loss 0.1280 | data 0.1 ms | step 14.4 ms | 35463.1 samples/s
  step   350/1756 | loss 0.1191 | data 0.1 ms | step 14.7 ms | 34887.1 samples/s
  step   400/1756 | loss 0.1351 | data 0.1 ms | step 14.4 ms | 35465.8 samples/s
  step   450/1756 | loss 0.1384 | data 0.1 ms | step 14.3 ms | 35800.4 samples/s
  step   500/1756 | loss 0.1337 | data 0.1 ms | step 14.3 ms | 35815.8 samples/s
  step   550/1756 | loss 0.1306 | data 0.1 ms | step 14.3 ms | 35849.0 samples/s
  step   600/1756 | loss 0.1289 | data 0.1 ms | step 14.3 ms | 35859.1 samples/s
  step   650/1756 | loss 0.1370 | data 0.1 ms | step 14.3 ms | 35832.4 samples/s
  step   700/1756 | loss 0.1312 | data 0.1 ms | step 14.3 ms | 35767.2 samples/s
  step   750/1756 | loss 0.1288 | data 0.1 ms | step 14.3 ms | 35846.0 samples/s
  step   800/1756 | loss 0.1331 | data 0.1 ms | step 14.3 ms | 35851.3 samples/s
  step   850/1756 | loss 0.1227 | data 0.1 ms | step 14.3 ms | 35799.5 samples/s
  step   900/1756 | loss 0.1245 | data 0.1 ms | step 14.3 ms | 35797.8 samples/s
  step   950/1756 | loss 0.1259 | data 0.1 ms | step 14.3 ms | 35829.8 samples/s
  step  1000/1756 | loss 0.1330 | data 0.1 ms | step 14.3 ms | 35844.7 samples/s
  step  1050/1756 | loss 0.1358 | data 0.1 ms | step 13.4 ms | 38292.5 samples/s
  step  1100/1756 | loss 0.1256 | data 0.2 ms | step 12.9 ms | 39668.6 samples/s
  step  1150/1756 | loss 0.1301 | data 0.2 ms | step 14.5 ms | 35337.9 samples/s
  step  1200/1756 | loss 0.1214 | data 0.1 ms | step 14.4 ms | 35463.7 samples/s
  step  1250/1756 | loss 0.1288 | data 0.2 ms | step 14.4 ms | 35484.3 samples/s
  step  1300/1756 | loss 0.1354 | data 0.1 ms | step 14.4 ms | 35527.6 samples/s
  step  1350/1756 | loss 0.1348 | data 0.1 ms | step 14.3 ms | 35793.5 samples/s
  step  1400/1756 | loss 0.1423 | data 0.1 ms | step 14.2 ms | 35965.9 samples/s
  step  1450/1756 | loss 0.1376 | data 0.1 ms | step 14.3 ms | 35691.7 samples/s
  step  1500/1756 | loss 0.1351 | data 0.1 ms | step 14.3 ms | 35727.6 samples/s
  step  1550/1756 | loss 0.1190 | data 0.1 ms | step 14.3 ms | 35761.6 samples/s
  step  1600/1756 | loss 0.1160 | data 0.1 ms | step 14.3 ms | 35764.7 samples/s
  step  1650/1756 | loss 0.1400 | data 0.1 ms | step 14.3 ms | 35877.5 samples/s
  step  1700/1756 | loss 0.1225 | data 0.1 ms | step 14.3 ms | 35822.6 samples/s
  step  1750/1756 | loss 0.1399 | data 0.7 ms | step 14.3 ms | 35687.0 samples/s
Training Loss: 0.130953 | 35713.3 samples/s
Peak GPU memory: 927.9 MB
Validation Loss: 0.133293 | 94718.7 samples/s

Epoch 83/100
----------------------------------------
Learning Rate: 0.000043
  step    50/1756 | loss 0.1373 | data 0.7 ms | step 14.6 ms | 35055.7 samples/s
  step   100/1756 | loss 0.1303 | data 0.2 ms | step 12.8 ms | 40020.3 samples/s
  step   150/1756 | loss 0.1325 | data 0.1 ms | step 14.7 ms | 34718.0 samples/s
  step   200/1756 | loss 0.1206 | data 0.1 ms | step 15.5 ms | 32955.7 samples/s
  step   250/1756 | loss 0.1222 | data 0.1 ms | step 14.7 ms | 34910.9 samples/s
  step   300/1756 | loss 0.1392 | data 0.1 ms | step 14.3 ms | 35803.9 samples/s
  step   350/1756 | loss 0.1317 | data 0.1 ms | step 14.5 ms | 35304.7 samples/s
  step   400/1756 | loss 0.1164 | data 0.1 ms | step 14.3 ms | 35910.5 samples/s
  step   450/1756 | loss 0.1230 | data 0.1 ms | step 14.3 ms | 35823.5 samples/s
  step   500/1756 | loss 0.1206 | data 0.1 ms | step 14.3 ms | 35891.4 samples/s
  step   550/1756 | loss 0.1369 | data 0.1 ms | step 14.3 ms | 35869.1 samples/s
  step   600/1756 | loss 0.1344 | data 0.1 ms | step 14.3 ms | 35818.1 samples/s
  step   650/1756 | loss 0.1381 | data 0.1 ms | step 14.3 ms | 35837.6 samples/s
  step   700/1756 | loss 0.1210 | data 0.1 ms | step 14.3 ms | 35731.5 samples/s
  step   750/1756 | loss 0.1313 | data 0.1 ms | step 14.3 ms | 35857.1 samples/s
  step   800/1756 | loss 0.1402 | data 0.1 ms | step 14.3 ms | 35892.6 samples/s
  step   850/1756 | loss 0.1187 | data 0.1 ms | step 14.3 ms | 35822.6 samples/s
  step   900/1756 | loss 0.1208 | data 0.1 ms | step 14.3 ms | 35774.2 samples/s
  step   950/1756 | loss 0.1402 | data 0.1 ms | step 14.2 ms | 35954.3 samples/s
  step  1000/1756 | loss 0.1301 | data 0.1 ms | step 14.3 ms | 35904.4 samples/s
  step  1050/1756 | loss 0.1355 | data 0.1 ms | step 14.3 ms | 35914.2 samples/s
  step  1100/1756 | loss 0.1273 | data 0.2 ms | step 13.0 ms | 39376.8 samples/s
  step  1150/1756 | loss 0.1322 | data 0.2 ms | step 13.2 ms | 38655.2 samples/s
  step  1200/1756 | loss 0.1234 | data 0.1 ms | step 14.3 ms | 35876.1 samples/s
  step  1250/1756 | loss 0.1282 | data 0.1 ms | step 14.3 ms | 35836.2 samples/s
  step  1300/1756 | loss 0.1299 | data 0.1 ms | step 14.3 ms | 35881.7 samples/s
  step  1350/1756 | loss 0.1299 | data 0.1 ms | step 14.3 ms | 35782.5 samples/s
  step  1400/1756 | loss 0.1285 | data 0.1 ms | step 14.3 ms | 35839.7 samples/s
  step  1450/1756 | loss 0.1378 | data 0.1 ms | step 14.2 ms | 35953.3 samples/s
  step  1500/1756 | loss 0.1254 | data 0.1 ms | step 14.3 ms | 35880.1 samples/s
  step  1550/1756 | loss 0.1267 | data 0.1 ms | step 14.3 ms | 35860.5 samples/s
  step  1600/1756 | loss 0.1271 | data 0.1 ms | step 14.3 ms | 35883.1 samples/s
  step  1650/1756 | loss 0.1374 | data 0.1 ms | step 14.3 ms | 35697.9 samples/s
  step  1700/1756 | loss 0.1332 | data 0.2 ms | step 14.5 ms | 35359.3 samples/s
  step  1750/1756 | loss 0.1349 | data 0.7 ms | step 14.4 ms | 35589.1 samples/s
Training Loss: 0.129745 | 35895.7 samples/s
Peak GPU memory: 927.9 MB
Validation Loss: 0.130523 | 94630.2 samples/s

Epoch 84/100
----------------------------------------
Learning Rate: 0.000043
  step    50/1756 | loss 0.1284 | data 0.7 ms | step 14.3 ms | 35685.3 samples/s
  step   100/1756 | loss 0.1225 | data 0.1 ms | step 14.5 ms | 35374.6 samples/s
  step   150/1756 | loss 0.1295 | data 0.2 ms | step 12.6 ms | 40585.6 samples/s
  step   200/1756 | loss 0.1276 | data 0.1 ms | step 14.0 ms | 36667.0 samples/s
  step   250/1756 | loss 0.1193 | data 0.1 ms | step 14.3 ms | 35790.2 samples/s
  step   300/1756 | loss 0.1351 | data 0.1 ms | step 14.3 ms | 35713.3 samples/s
  step   350/1756 | loss 0.1269 | data 0.1 ms | step 14.3 ms | 35908.3 samples/s
  step   400/1756 | loss 0.1262 | data 0.1 ms | step 14.3 ms | 35804.0 samples/s
  step   450/1756 | loss 0.1219 | data 0.1 ms | step 14.3 ms | 35764.1 samples/s
  step   500/1756 | loss 0.1261 | data 0.1 ms | step 14.3 ms | 35848.9 samples/s
  step   550/1756 | loss 0.1273 | data 0.1 ms | step 14.3 ms | 35876.2 samples/s
  step   600/1756 | loss 0.1286 | data 0.1 ms | step 14.3 ms | 35760.8 samples/s
  step   650/1756 | loss 0.1186 | data 0.1 ms | step 14.3 ms | 35872.9 samples/s
  step   700/1756 | loss 0.1123 | data 0.1 ms | step 14.3 ms | 35746.6 samples/s
  step   750/1756 | loss 0.1251 | data 0.1 ms | step 14.3 ms | 35791.4 samples/s
  step   800/1756 | loss 0.1340 | data 0.1 ms | step 14.3 ms | 35764.1 samples/s
  step   850/1756 | loss 0.1325 | data 0.1 ms | step 14.3 ms | 35797.1 samples/s
  step   900/1756 | loss 0.1297 | data 0.1 ms | step 14.3 ms | 35797.2 samples/s
  step   950/1756 | loss 0.1296 | data 0.1 ms | step 14.3 ms | 35767.3 samples/s
  step  1000/1756 | loss 0.1378 | data 0.1 ms | step 14.3 ms | 35912.3 samples/s
  step  1050/1756 | loss 0.1345 | data 0.1 ms | step 14.6 ms | 34966.0 samples/s
  step  1100/1756 | loss 0.1236 | data 0.1 ms | step 14.3 ms | 35750.5 samples/s
  step  1150/1756 | loss 0.1151 | data 0.2 ms | step 13.2 ms | 38826.0 samples/s
  step  1200/1756 | loss 0.1339 | data 0.2 ms | step 13.0 ms | 39247.3 samples/s
  step  1250/1756 | loss 0.1273 | data 0.2 ms | step 14.4 ms | 35569.5 samples/s
  step  1300/1756 | loss 0.1387 | data 0.1 ms | step 14.5 ms | 35283.9 samples/s
  step  1350/1756 | loss 0.1327 | data 0.2 ms | step 14.5 ms | 35382.9 samples/s
  step  1400/1756 | loss 0.1310 | data 0.1 ms | step 14.3 ms | 35780.0 samples/s
  step  1450/1756 | loss 0.1205 | data 0.1 ms | step 14.3 ms | 35818.9 samples/s
  step  1500/1756 | loss 0.1301 | data 0.1 ms | step 14.4 ms | 35538.1 samples/s
  step  1550/1756 | loss 0.1257 | data 0.1 ms | step 14.3 ms | 35825.8 samples/s
  step  1600/1756 | loss 0.1298 | data 0.1 ms | step 14.3 ms | 35810.1 samples/s
  step  1650/1756 | loss 0.1317 | data 0.1 ms | step 14.3 ms | 35850.4 samples/s
  step  1700/1756 | loss 0.1420 | data 0.1 ms | step 14.3 ms | 35813.8 samples/s
  step  1750/1756 | loss 0.1260 | data 0.7 ms | step 14.4 ms | 35526.0 samples/s
Training Loss: 0.127963 | 36021.9 samples/s
Peak GPU memory: 927.9 MB
Validation Loss: 0.127640 | 93506.4 samples/s

Epoch 85/100
----------------------------------------
Learning Rate: 0.000043
  step    50/1756 | loss 0.1441 | data 0.8 ms | step 16.1 ms | 31744.2 samples/s
  step   100/1756 | loss 0.1281 | data 0.2 ms | step 15.4 ms | 33164.1 samples/s
  step   150/1756 | loss 0.1280 | data 0.1 ms | step 13.7 ms | 37317.3 samples/s
  step   200/1756 | loss 0.1397 | data 0.2 ms | step 13.7 ms | 37456.0 samples/s
  step   250/1756 | loss 0.1360 | data 0.2 ms | step 15.6 ms | 32722.7 samples/s
  step   300/1756 | loss 0.1203 | data 0.1 ms | step 14.8 ms | 34482.2 samples/s
  step   350/1756 | loss 0.1247 | data 0.1 ms | step 14.3 ms | 35691.6 samples/s
  step   400/1756 | loss 0.1316 | data 0.2 ms | step 14.2 ms | 35972.5 samples/s
  step   450/1756 | loss 0.1339 | data 0.2 ms | step 14.3 ms | 35767.5 samples/s
  step   500/1756 | loss 0.1243 | data 0.1 ms | step 14.3 ms | 35835.4 samples/s
  step   550/1756 | loss 0.1246 | data 0.1 ms | step 14.3 ms | 35770.0 samples/s
  step   600/1756 | loss 0.1280 | data 0.1 ms | step 14.3 ms | 35823.0 samples/s
  step   650/1756 | loss 0.1188 | data 0.1 ms | step 14.3 ms | 35742.5 samples/s
  step   700/1756 | loss 0.1191 | data 0.1 ms | step 14.3 ms | 35798.0 samples/s
  step   750/1756 | loss 0.1285 | data 0.1 ms | step 14.3 ms | 35788.6 samples/s
  step   800/1756 | loss 0.1306 | data 0.1 ms | step 14.3 ms | 35790.1 samples/s
  step   850/1756 | loss 0.1356 | data 0.1 ms | step 14.3 ms | 35699.1 samples/s
  step   900/1756 | loss 0.1253 | data 0.1 ms | step 14.3 ms | 35759.9 samples/s
  step   950/1756 | loss 0.1272 | data 0.2 ms | step 14.3 ms | 35885.7 samples/s
  step  1000/1756 | loss 0.1306 | data 0.1 ms | step 14.3 ms | 35778.1 samples/s
  step  1050/1756 | loss 0.1376 | data 0.1 ms | step 14.3 ms | 35770.5 samples/s
  step  1100/1756 | loss 0.1190 | data 0.1 ms | step 14.3 ms | 35692.9 samples/s
  step  1150/1756 | loss 0.1257 | data 0.1 ms | step 13.7 ms | 37247.1 samples/s
  step  1200/1756 | loss 0.1378 | data 0.2 ms | step 12.4 ms | 41158.6 samples/s
  step  1250/1756 | loss 0.1187 | data 0.1 ms | step 14.4 ms | 35616.4 samples/s
  step  1300/1756 | loss 0.1354 | data 0.1 ms | step 14.3 ms | 35915.3 samples/s
  step  1350/1756 | loss 0.1352 | data 0.1 ms | step 14.3 ms | 35887.7 samples/s
  step  1400/1756 | loss 0.1283 | data 0.2 ms | step 14.3 ms | 35830.9 samples/s
  step  1450/1756 | loss 0.1259 | data 0.1 ms | step 14.3 ms | 35824.1 samples/s
  step  1500/1756 | loss 0.1197 | data 0.1 ms | step 14.3 ms | 35815.8 samples/s
  step  1550/1756 | loss 0.1246 | data 0.1 ms | step 14.3 ms | 35737.4 samples/s
  step  1600/1756 | loss 0.1268 | data 0.1 ms | step 14.3 ms | 35793.0 samples/s
  step  1650/1756 | loss 0.1466 | data 0.1 ms | step 14.3 ms | 35773.1 samples/s
  step  1700/1756 | loss 0.1376 | data 0.1 ms | step 14.3 ms | 35767.9 samples/s
  step  1750/1756 | loss 0.1424 | data 0.7 ms | step 14.4 ms | 35503.4 samples/s
Training Loss: 0.129718 | 35691.1 samples/s
Peak GPU memory: 927.9 MB
Validation Loss: 0.134031 | 94952.7 samples/s

Epoch 86/100
----------------------------------------
Learning Rate: 0.000043
  step    50/1756 | loss 0.1247 | data 0.7 ms | step 15.5 ms | 32987.7 samples/s
  step   100/1756 | loss 0.1292 | data 0.1 ms | step 14.7 ms | 34926.9 samples/s
  step   150/1756 | loss 0.1263 | data 0.1 ms | step 14.2 ms | 35959.6 samples/s
  step   200/1756 | loss 0.1369 | data 0.2 ms | step 13.0 ms | 39420.2 samples/s
  step   250/1756 | loss 0.1325 | data 0.2 ms | step 13.6 ms | 37741.3 samples/s
  step   300/1756 | loss 0.1219 | data 0.1 ms | step 14.6 ms | 34965.5 samples/s
  step   350/1756 | loss 0.1237 | data 0.1 ms | step 14.3 ms | 35716.2 samples/s
  step   400/1756 | loss 0.1352 | data 0.1 ms | step 14.3 ms | 35821.1 samples/s
  step   450/1756 | loss 0.1376 | data 0.1 ms | step 14.3 ms | 35863.5 samples/s
  step   500/1756 | loss 0.1298 | data 0.1 ms | step 14.3 ms | 35888.4 samples/s
  step   550/1756 | loss 0.1262 | data 0.1 ms | step 14.3 ms | 35876.8 samples/s
  step   600/1756 | loss 0.1363 | data 0.1 ms | step 14.3 ms | 35725.3 samples/s
  step   650/1756 | loss 0.1566 | data 0.1 ms | step 14.3 ms | 35907.2 samples/s
  step   700/1756 | loss 0.1265 | data 0.2 ms | step 14.3 ms | 35922.5 samples/s
  step   750/1756 | loss 0.1369 | data 0.1 ms | step 14.3 ms | 35807.9 samples/s
  step   800/1756 | loss 0.1247 | data 0.1 ms | step 14.3 ms | 35864.0 samples/s
  step   850/1756 | loss 0.1359 | data 0.1 ms | step 14.3 ms | 35820.6 samples/s
  step   900/1756 | loss 0.1335 | data 0.1 ms | step 14.3 ms | 35790.9 samples/s
  step   950/1756 | loss 0.1332 | data 0.2 ms | step 14.3 ms | 35928.1 samples/s
  step  1000/1756 | loss 0.1406 | data 0.1 ms | step 14.3 ms | 35925.4 samples/s
  step  1050/1756 | loss 0.1360 | data 0.1 ms | step 14.3 ms | 35851.4 samples/s
  step  1100/1756 | loss 0.1434 | data 0.1 ms | step 14.3 ms | 35743.2 samples/s
  step  1150/1756 | loss 0.1287 | data 0.2 ms | step 14.3 ms | 35843.7 samples/s
  step  1200/1756 | loss 0.1273 | data 0.1 ms | step 13.7 ms | 37339.3 samples/s
  step  1250/1756 | loss 0.1238 | data 0.1 ms | step 12.4 ms | 41193.8 samples/s
  step  1300/1756 | loss 0.1341 | data 0.1 ms | step 14.4 ms | 35437.2 samples/s
  step  1350/1756 | loss 0.1288 | data 0.1 ms | step 14.3 ms | 35830.1 samples/s
  step  1400/1756 | loss 0.1469 | data 0.1 ms | step 14.3 ms | 35921.9 samples/s
  step  1450/1756 | loss 0.1280 | data 0.1 ms | step 14.3 ms | 35890.0 samples/s
  step  1500/1756 | loss 0.1245 | data 0.1 ms | step 14.2 ms | 35956.0 samples/s
  step  1550/1756 | loss 0.1290 | data 0.1 ms | step 14.2 ms | 36001.7 samples/s
  step  1600/1756 | loss 0.1283 | data 0.1 ms | step 14.2 ms | 35959.6 samples/s
  step  1650/1756 | loss 0.1358 | data 0.1 ms | step 14.3 ms | 35906.5 samples/s
  step  1700/1756 | loss 0.1237 | data 0.1 ms | step 14.2 ms | 35938.7 samples/s
  step  1750/1756 | loss 0.1252 | data 0.7 ms | step 14.4 ms | 35567.5 samples/s
Training Loss: 0.131631 | 36012.2 samples/s
Peak GPU memory: 927.9 MB
Validation Loss: 0.130939 | 93643.9 samples/s

Epoch 87/100
----------------------------------------
Learning Rate: 0.000043
  step    50/1756 | loss 0.1391 | data 0.7 ms | step 14.7 ms | 34853.2 samples/s
  step   100/1756 | loss 0.1328 | data 0.2 ms | step 14.3 ms | 35798.0 samples/s
  step   150/1756 | loss 0.1383 | data 0.2 ms | step 14.3 ms | 35853.2 samples/s
  step   200/1756 | loss 0.1376 | data 0.2 ms | step 14.2 ms | 35976.7 samples/s
  step   250/1756 | loss 0.1312 | data 0.1 ms | step 13.1 ms | 39027.7 samples/s
  step   300/1756 | loss 0.1399 | data 0.1 ms | step 13.8 ms | 37043.0 samples/s
  step   350/1756 | loss 0.1308 | data 0.1 ms | step 14.7 ms | 34769.9 samples/s
  step   400/1756 | loss 0.1463 | data 0.1 ms | step 14.6 ms | 34955.4 samples/s
  step   450/1756 | loss 0.1236 | data 0.1 ms | step 14.3 ms | 35809.6 samples/s
  step   500/1756 | loss 0.1216 | data 0.1 ms | step 14.3 ms | 35833.8 samples/s
  step   550/1756 | loss 0.1415 | data 0.1 ms | step 14.2 ms | 35956.6 samples/s
  step   600/1756 | loss 0.1291 | data 0.1 ms | step 14.2 ms | 35977.8 samples/s
  step   650/1756 | loss 0.1292 | data 0.1 ms | step 14.3 ms | 35828.5 samples/s
  step   700/1756 | loss 0.1173 | data 0.1 ms | step 14.3 ms | 35847.7 samples/s
  step   750/1756 | loss 0.1266 | data 0.1 ms | step 14.3 ms | 35830.1 samples/s
  step   800/1756 | loss 0.1273 | data 0.1 ms | step 14.2 ms | 35946.4 samples/s
  step   850/1756 | loss 0.1272 | data 0.2 ms | step 14.3 ms | 35888.9 samples/s
  step   900/1756 | loss 0.1173 | data 0.1 ms | step 14.3 ms | 35850.8 samples/s
  step   950/1756 | loss 0.1343 | data 0.2 ms | step 14.3 ms | 35780.8 samples/s
  step  1000/1756 | loss 0.1241 | data 0.2 ms | step 14.3 ms | 35901.3 samples/s
  step  1050/1756 | loss 0.1304 | data 0.1 ms | step 14.3 ms | 35872.8 samples/s
  step  1100/1756 | loss 0.1176 | data 0.1 ms | step 14.3 ms | 35886.8 samples/s
  step  1150/1756 | loss 0.1441 | data 0.1 ms | step 14.3 ms | 35759.6 samples/s
  step  1200/1756 | loss 0.1324 | data 0.1 ms | step 14.3 ms | 35894.2 samples/s
  step  1250/1756 | loss 0.1281 | data 0.2 ms | step 13.3 ms | 38485.3 samples/s
  step  1300/1756 | loss 0.1279 | data 0.2 ms | step 12.9 ms | 39729.1 samples/s
  step  1350/1756 | loss 0.1192 | data 0.1 ms | step 14.3 ms | 35783.7 samples/s
  step  1400/1756 | loss 0.1233 | data 0.1 ms | step 14.3 ms | 35714.3 samples/s
  step  1450/1756 | loss 0.1263 | data 0.1 ms | step 14.3 ms | 35838.7 samples/s
  step  1500/1756 | loss 0.1224 | data 0.1 ms | step 14.3 ms | 35711.2 samples/s
  step  1550/1756 | loss 0.1351 | data 0.1 ms | step 14.3 ms | 35809.7 samples/s
  step  1600/1756 | loss 0.1317 | data 0.1 ms | step 14.3 ms | 35874.0 samples/s
  step  1650/1756 | loss 0.1223 | data 0.1 ms | step 14.3 ms | 35772.7 samples/s
  step  1700/1756 | loss 0.1378 | data 0.1 ms | step 14.3 ms | 35787.9 samples/s
  step  1750/1756 | loss 0.1301 | data 0.6 ms | step 14.4 ms | 35476.4 samples/s
Training Loss: 0.129802 | 36026.3 samples/s
Peak GPU memory: 927.9 MB
Validation Loss: 0.133823 | 94519.9 samples/s

Epoch 88/100
----------------------------------------
Learning Rate: 0.000043
  step    50/1756 | loss 0.1381 | data 0.7 ms | step 14.3 ms | 35760.3 samples/s
  step   100/1756 | loss 0.1457 | data 0.1 ms | step 14.3 ms | 35914.7 samples/s
  step   150/1756 | loss 0.1319 | data 0.1 ms | step 14.4 ms | 35469.8 samples/s
  step   200/1756 | loss 0.1260 | data 0.1 ms | step 14.3 ms | 35807.6 samples/s
  step   250/1756 | loss 0.1363 | data 0.1 ms | step 14.3 ms | 35848.3 samples/s
  step   300/1756 | loss 0.1284 | data 0.1 ms | step 12.9 ms | 39678.1 samples/s
  step   350/1756 | loss 0.1362 | data 0.2 ms | step 13.3 ms | 38382.7 samples/s
  step   400/1756 | loss 0.1250 | data 0.1 ms | step 14.3 ms | 35793.8 samples/s
  step   450/1756 | loss 0.1402 | data 0.1 ms | step 14.3 ms | 35827.9 samples/s
  step   500/1756 | loss 0.1271 | data 0.1 ms | step 14.3 ms | 35840.0 samples/s
  step   550/1756 | loss 0.1303 | data 0.1 ms | step 14.3 ms | 35890.0 samples/s
  step   600/1756 | loss 0.1242 | data 0.1 ms | step 14.3 ms | 35792.6 samples/s
  step   650/1756 | loss 0.1224 | data 0.1 ms | step 14.3 ms | 35832.0 samples/s
  step   700/1756 | loss 0.1232 | data 0.1 ms | step 14.3 ms | 35834.2 samples/s
  step   750/1756 | loss 0.1276 | data 0.1 ms | step 14.5 ms | 35406.9 samples/s
  step   800/1756 | loss 0.1303 | data 0.1 ms | step 14.3 ms | 35792.6 samples/s
  step   850/1756 | loss 0.1247 | data 0.2 ms | step 14.5 ms | 35413.4 samples/s
  step   900/1756 | loss 0.1268 | data 0.2 ms | step 14.3 ms | 35795.5 samples/s
  step   950/1756 | loss 0.1211 | data 0.1 ms | step 14.3 ms | 35834.7 samples/s
  step  1000/1756 | loss 0.1222 | data 0.1 ms | step 14.4 ms | 35607.3 samples/s
  step  1050/1756 | loss 0.1141 | data 0.1 ms | step 14.3 ms | 35862.9 samples/s
  step  1100/1756 | loss 0.1220 | data 0.1 ms | step 14.3 ms | 35893.3 samples/s
  step  1150/1756 | loss 0.1269 | data 0.1 ms | step 14.3 ms | 35836.6 samples/s
  step  1200/1756 | loss 0.1161 | data 0.1 ms | step 14.3 ms | 35697.3 samples/s
  step  1250/1756 | loss 0.1308 | data 0.1 ms | step 14.5 ms | 35387.5 samples/s
  step  1300/1756 | loss 0.1338 | data 0.1 ms | step 13.6 ms | 37690.2 samples/s
  step  1350/1756 | loss 0.1194 | data 0.1 ms | step 12.7 ms | 40241.2 samples/s
  step  1400/1756 | loss 0.1257 | data 0.1 ms | step 14.5 ms | 35311.0 samples/s
  step  1450/1756 | loss 0.1342 | data 0.1 ms | step 14.3 ms | 35790.4 samples/s
  step  1500/1756 | loss 0.1354 | data 0.1 ms | step 14.3 ms | 35749.3 samples/s
  step  1550/1756 | loss 0.1338 | data 0.1 ms | step 14.2 ms | 35934.7 samples/s
  step  1600/1756 | loss 0.1202 | data 0.1 ms | step 14.3 ms | 35804.5 samples/s
  step  1650/1756 | loss 0.1227 | data 0.1 ms | step 14.3 ms | 35916.5 samples/s
  step  1700/1756 | loss 0.1373 | data 0.1 ms | step 14.4 ms | 35548.1 samples/s
  step  1750/1756 | loss 0.1326 | data 0.7 ms | step 14.4 ms | 35658.0 samples/s
Training Loss: 0.128200 | 36062.4 samples/s
Peak GPU memory: 927.9 MB
Validation Loss: 0.128362 | 94582.4 samples/s

Epoch 89/100
----------------------------------------
Learning Rate: 0.000043
  step    50/1756 | loss 0.1281 | data 0.7 ms | step 14.2 ms | 35944.5 samples/s
  step   100/1756 | loss 0.1295 | data 0.1 ms | step 14.6 ms | 35081.2 samples/s
  step   150/1756 | loss 0.1285 | data 0.1 ms | step 14.4 ms | 35646.1 samples/s
  step   200/1756 | loss 0.1280 | data 0.1 ms | step 14.3 ms | 35724.8 samples/s
  step   250/1756 | loss 0.1366 | data 0.1 ms | step 14.3 ms | 35733.0 samples/s
  step   300/1756 | loss 0.1149 | data 0.1 ms | step 14.3 ms | 35778.9 samples/s
  step   350/1756 | loss 0.1223 | data 0.1 ms | step 13.0 ms | 39472.8 samples/s
  step   400/1756 | loss 0.1331 | data 0.1 ms | step 13.4 ms | 38319.1 samples/s
  step   450/1756 | loss 0.1174 | data 0.1 ms | step 14.3 ms | 35724.7 samples/s
  step   500/1756 | loss 0.1105 | data 0.1 ms | step 14.4 ms | 35619.2 samples/s
  step   550/1756 | loss 0.1204 | data 0.1 ms | step 14.3 ms | 35842.8 samples/s
  step   600/1756 | loss 0.1090 | data 0.1 ms | step 14.3 ms | 35791.4 samples/s
  step   650/1756 | loss 0.1248 | data 0.1 ms | step 14.3 ms | 35739.4 samples/s
  step   700/1756 | loss 0.1293 | data 0.1 ms | step 14.3 ms | 35836.5 samples/s
  step   750/1756 | loss 0.1337 | data 0.1 ms | step 14.3 ms | 35750.2 samples/s
  step   800/1756 | loss 0.1357 | data 0.1 ms | step 14.3 ms | 35842.5 samples/s
  step   850/1756 | loss 0.1300 | data 0.1 ms | step 14.3 ms | 35927.9 samples/s
  step   900/1756 | loss 0.1250 | data 0.1 ms | step 14.3 ms | 35823.1 samples/s
  step   950/1756 | loss 0.1297 | data 0.1 ms | step 14.3 ms | 35780.0 samples/s
  step  1000/1756 | loss 0.1258 | data 0.1 ms | step 14.3 ms | 35856.8 samples/s
  step  1050/1756 | loss 0.1250 | data 0.1 ms | step 14.3 ms | 35846.3 samples/s
  step  1100/1756 | loss 0.1192 | data 0.1 ms | step 14.3 ms | 35883.4 samples/s
  step  1150/1756 | loss 0.1301 | data 0.2 ms | step 14.2 ms | 36002.0 samples/s
  step  1200/1756 | loss 0.1360 | data 0.1 ms | step 14.3 ms | 35892.7 samples/s
  step  1250/1756 | loss 0.1279 | data 0.1 ms | step 14.3 ms | 35908.3 samples/s
  step  1300/1756 | loss 0.1252 | data 0.1 ms | step 14.3 ms | 35834.9 samples/s
  step  1350/1756 | loss 0.1412 | data 0.1 ms | step 13.7 ms | 37357.1 samples/s
  step  1400/1756 | loss 0.1178 | data 0.2 ms | step 12.5 ms | 40936.8 samples/s
  step  1450/1756 | loss 0.1234 | data 0.1 ms | step 14.4 ms | 35640.4 samples/s
  step  1500/1756 | loss 0.1315 | data 0.1 ms | step 14.3 ms | 35777.6 samples/s
  step  1550/1756 | loss 0.1268 | data 0.1 ms | step 14.3 ms | 35867.2 samples/s
  step  1600/1756 | loss 0.1162 | data 0.1 ms | step 14.3 ms | 35856.7 samples/s
  step  1650/1756 | loss 0.1351 | data 0.1 ms | step 14.3 ms | 35854.2 samples/s
  step  1700/1756 | loss 0.1251 | data 0.1 ms | step 14.3 ms | 35854.9 samples/s
  step  1750/1756 | loss 0.1348 | data 0.6 ms | step 14.5 ms | 35345.3 samples/s
Training Loss: 0.126414 | 36102.1 samples/s
Peak GPU memory: 927.9 MB
Validation Loss: 0.127869 | 94708.7 samples/s

Epoch 90/100
----------------------------------------
Learning Rate: 0.000043
  step    50/1756 | loss 0.1224 | data 0.8 ms | step 14.4 ms | 35669.0 samples/s
  step   100/1756 | loss 0.1369 | data 0.1 ms | step 14.3 ms | 35869.1 samples/s
  step   150/1756 | loss 0.1254 | data 0.1 ms | step 14.3 ms | 35867.3 samples/s
  step   200/1756 | loss 0.1276 | data 0.1 ms | step 14.3 ms | 35826.4 samples/s
  step   250/1756 | loss 0.1216 | data 0.1 ms | step 14.3 ms | 35868.1 samples/s
  step   300/1756 | loss 0.1285 | data 0.1 ms | step 14.3 ms | 35891.8 samples/s
  step   350/1756 | loss 0.1233 | data 0.1 ms | step 14.3 ms | 35808.0 samples/s
  step   400/1756 | loss 0.1204 | data 0.1 ms | step 13.3 ms | 38626.2 samples/s
  step   450/1756 | loss 0.1247 | data 0.2 ms | step 13.0 ms | 39372.1 samples/s
  step   500/1756 | loss 0.1224 | data 0.1 ms | step 14.3 ms | 35837.9 samples/s
  step   550/1756 | loss 0.1235 | data 0.1 ms | step 14.2 ms | 35978.6 samples/s
  step   600/1756 | loss 0.1282 | data 0.1 ms | step 14.3 ms | 35875.5 samples/s
  step   650/1756 | loss 0.1158 | data 0.1 ms | step 14.3 ms | 35879.6 samples/s
  step   700/1756 | loss 0.1272 | data 0.1 ms | step 14.3 ms | 35769.7 samples/s
  step   750/1756 | loss 0.1273 | data 0.1 ms | step 14.3 ms | 35763.5 samples/s
  step   800/1756 | loss 0.1199 | data 0.1 ms | step 14.3 ms | 35843.7 samples/s
  step   850/1756 | loss 0.1233 | data 0.1 ms | step 14.4 ms | 35516.0 samples/s
  step   900/1756 | loss 0.1345 | data 0.1 ms | step 14.3 ms | 35777.7 samples/s
  step   950/1756 | loss 0.1266 | data 0.1 ms | step 14.3 ms | 35808.5 samples/s
  step  1000/1756 | loss 0.1241 | data 0.1 ms | step 14.3 ms | 35879.9 samples/s
  step  1050/1756 | loss 0.1265 | data 0.1 ms | step 14.3 ms | 35835.7 samples/s
  step  1100/1756 | loss 0.1468 | data 0.1 ms | step 14.3 ms | 35831.1 samples/s
  step  1150/1756 | loss 0.1267 | data 0.1 ms | step 14.3 ms | 35819.6 samples/s
  step  1200/1756 | loss 0.1200 | data 0.1 ms | step 14.4 ms | 35561.7 samples/s
  step  1250/1756 | loss 0.1320 | data 0.2 ms | step 14.4 ms | 35499.4 samples/s
  step  1300/1756 | loss 0.1144 | data 0.1 ms | step 14.3 ms | 35754.5 samples/s
  step  1350/1756 | loss 0.1316 | data 0.1 ms | step 14.3 ms | 35726.1 samples/s
  step  1400/1756 | loss 0.1329 | data 0.1 ms | step 13.9 ms | 36731.8 samples/s
  step  1450/1756 | loss 0.1244 | data 0.2 ms | step 12.5 ms | 40822.3 samples/s
  step  1500/1756 | loss 0.1285 | data 0.1 ms | step 14.1 ms | 36301.7 samples/s
  step  1550/1756 | loss 0.1278 | data 0.1 ms | step 14.3 ms | 35866.4 samples/s
  step  1600/1756 | loss 0.1163 | data 0.1 ms | step 14.3 ms | 35795.3 samples/s
  step  1650/1756 | loss 0.1158 | data 0.1 ms | step 14.3 ms | 35764.9 samples/s
  step  1700/1756 | loss 0.1137 | data 0.1 ms | step 14.3 ms | 35756.2 samples/s
  step  1750/1756 | loss 0.1189 | data 0.7 ms | step 14.4 ms | 35550.1 samples/s
Training Loss: 0.125050 | 36103.5 samples/s
Peak GPU memory: 927.9 MB
Validation Loss: 0.127318 | 94078.2 samples/s

Epoch 91/100
----------------------------------------
Learning Rate: 0.000039
  step    50/1756 | loss 0.1271 | data 0.8 ms | step 14.5 ms | 35380.2 samples/s
  step   100/1756 | loss 0.1262 | data 0.1 ms | step 14.3 ms | 35695.6 samples/s
  step   150/1756 | loss 0.1222 | data 0.1 ms | step 14.3 ms | 35860.7 samples/s
  step   200/1756 | loss 0.1225 | data 0.1 ms | step 14.4 ms | 35451.6 samples/s
  step   250/1756 | loss 0.1461 | data 0.1 ms | step 14.3 ms | 35794.6 samples/s
  step   300/1756 | loss 0.1161 | data 0.1 ms | step 14.3 ms | 35808.1 samples/s
  step   350/1756 | loss 0.1183 | data 0.1 ms | step 14.3 ms | 35814.2 samples/s
  step   400/1756 | loss 0.1300 | data 0.1 ms | step 14.3 ms | 35750.8 samples/s
  step   450/1756 | loss 0.1179 | data 0.1 ms | step 13.3 ms | 38356.4 samples/s
  step   500/1756 | loss 0.1298 | data 0.2 ms | step 12.9 ms | 39774.3 samples/s
  step   550/1756 | loss 0.1291 | data 0.1 ms | step 14.3 ms | 35745.0 samples/s
  step   600/1756 | loss 0.1251 | data 0.1 ms | step 14.3 ms | 35707.9 samples/s
  step   650/1756 | loss 0.1134 | data 0.1 ms | step 14.3 ms | 35791.9 samples/s
  step   700/1756 | loss 0.1259 | data 0.1 ms | step 14.3 ms | 35749.5 samples/s
  step   750/1756 | loss 0.1209 | data 0.1 ms | step 14.3 ms | 35832.0 samples/s
  step   800/1756 | loss 0.1179 | data 0.1 ms | step 14.3 ms | 35821.4 samples/s
  step   850/1756 | loss 0.1300 | data 0.1 ms | step 14.3 ms | 35810.6 samples/s
  step   900/1756 | loss 0.1232 | data 0.1 ms | step 14.3 ms | 35800.8 samples/s
  step   950/1756 | loss 0.1502 | data 0.1 ms | step 14.3 ms | 35756.1 samples/s
  step  1000/1756 | loss 0.1236 | data 0.1 ms | step 14.3 ms | 35778.0 samples/s
  step  1050/1756 | loss 0.1258 | data 0.1 ms | step 14.3 ms | 35708.7 samples/s
  step  1100/1756 | loss 0.1332 | data 0.1 ms | step 14.3 ms | 35689.8 samples/s
  step  1150/1756 | loss 0.1322 | data 0.1 ms | step 14.3 ms | 35852.1 samples/s
  step  1200/1756 | loss 0.1308 | data 0.1 ms | step 14.5 ms | 35408.6 samples/s
  step  1250/1756 | loss 0.1285 | data 0.2 ms | step 14.4 ms | 35609.6 samples/s
  step  1300/1756 | loss 0.1287 | data 0.1 ms | step 14.2 ms | 35954.1 samples/s
  step  1350/1756 | loss 0.1357 | data 0.1 ms | step 14.4 ms | 35557.5 samples/s
  step  1400/1756 | loss 0.1113 | data 0.1 ms | step 14.3 ms | 35799.6 samples/s
  step  1450/1756 | loss 0.1343 | data 0.1 ms | step 14.3 ms | 35839.7 samples/s
  step  1500/1756 | loss 0.1268 | data 0.2 ms | step 12.5 ms | 40891.2 samples/s
  step  1550/1756 | loss 0.1320 | data 0.1 ms | step 14.0 ms | 36495.2 samples/s
  step  1600/1756 | loss 0.1251 | data 0.1 ms | step 14.3 ms | 35732.8 samples/s
  step  1650/1756 | loss 0.1407 | data 0.1 ms | step 14.4 ms | 35656.0 samples/s
  step  1700/1756 | loss 0.1200 | data 0.1 ms | step 14.3 ms | 35818.8 samples/s
  step  1750/1756 | loss 0.1328 | data 0.7 ms | step 14.4 ms | 35650.0 samples/s
Training Loss: 0.127115 | 36040.6 samples/s
Peak GPU memory: 927.9 MB
Validation Loss: 0.132915 | 95098.4 samples/s

Epoch 92/100
----------------------------------------
Learning Rate: 0.000039
  step    50/1756 | loss 0.1124 | data 0.8 ms | step 14.3 ms | 35707.5 samples/s
  step   100/1756 | loss 0.1197 | data 0.1 ms | step 14.2 ms | 35968.7 samples/s
  step   150/1756 | loss 0.1265 | data 0.1 ms | step 14.3 ms | 35758.8 samples/s
  step   200/1756 | loss 0.1282 | data 0.1 ms | step 14.3 ms | 35801.1 samples/s
  step   250/1756 | loss 0.1259 | data 0.1 ms | step 14.3 ms | 35845.1 samples/s
  step   300/1756 | loss 0.1350 | data 0.1 ms | step 14.3 ms | 35779.1 samples/s
  step   350/1756 | loss 0.1115 | data 0.1 ms | step 14.3 ms | 35847.5 samples/s
  step   400/1756 | loss 0.1150 | data 0.1 ms | step 14.4 ms | 35591.3 samples/s
  step   450/1756 | loss 0.1266 | data 0.1 ms | step 14.3 ms | 35723.4 samples/s
  step   500/1756 | loss 0.1202 | data 0.1 ms | step 13.6 ms | 37652.0 samples/s
  step   550/1756 | loss 0.1370 | data 0.2 ms | step 12.6 ms | 40496.4 samples/s
  step   600/1756 | loss 0.1225 | data 0.1 ms | step 14.3 ms | 35848.1 samples/s
  step   650/1756 | loss 0.1289 | data 0.1 ms | step 14.3 ms | 35869.4 samples/s
  step   700/1756 | loss 0.1112 | data 0.1 ms | step 14.5 ms | 35219.9 samples/s
  step   750/1756 | loss 0.1202 | data 0.1 ms | step 14.3 ms | 35892.3 samples/s
  step   800/1756 | loss 0.1070 | data 0.1 ms | step 14.3 ms | 35793.4 samples/s
  step   850/1756 | loss 0.1481 | data 0.1 ms | step 14.5 ms | 35240.9 samples/s
  step   900/1756 | loss 0.1261 | data 0.1 ms | step 14.4 ms | 35554.6 samples/s
  step   950/1756 | loss 0.1143 | data 0.1 ms | step 14.4 ms | 35564.7 samples/s
  step  1000/1756 | loss 0.1266 | data 0.1 ms | step 14.3 ms | 35791.0 samples/s
  step  1050/1756 | loss 0.1228 | data 0.1 ms | step 14.3 ms | 35918.5 samples/s
  step  1100/1756 | loss 0.1133 | data 0.1 ms | step 14.4 ms | 35511.3 samples/s
  step  1150/1756 | loss 0.1355 | data 0.1 ms | step 14.3 ms | 35861.9 samples/s
  step  1200/1756 | loss 0.1344 | data 0.1 ms | step 14.3 ms | 35891.6 samples/s
  step  1250/1756 | loss 0.1224 | data 0.1 ms | step 14.3 ms | 35871.0 samples/s
  step  1300/1756 | loss 0.1260 | data 0.1 ms | step 14.3 ms | 35853.0 samples/s
  step  1350/1756 | loss 0.1294 | data 0.1 ms | step 14.2 ms | 35944.7 samples/s
  step  1400/1756 | loss 0.1252 | data 0.1 ms | step 14.3 ms | 35841.4 samples/s
  step  1450/1756 | loss 0.1158 | data 0.1 ms | step 14.3 ms | 35693.1 samples/s
  step  1500/1756 | loss 0.1221 | data 0.1 ms | step 14.1 ms | 36339.5 samples/s
  step  1550/1756 | loss 0.1317 | data 0.2 ms | step 12.5 ms | 41065.2 samples/s
  step  1600/1756 | loss 0.1190 | data 0.2 ms | step 14.2 ms | 36159.7 samples/s
  step  1650/1756 | loss 0.1328 | data 0.1 ms | step 14.2 ms | 35980.0 samples/s
  step  1700/1756 | loss 0.1280 | data 0.1 ms | step 14.4 ms | 35457.4 samples/s
  step  1750/1756 | loss 0.1248 | data 0.6 ms | step 14.5 ms | 35329.5 samples/s
Training Loss: 0.124248 | 36060.1 samples/s
Peak GPU memory: 927.9 MB
Validation Loss: 0.132911 | 94503.2 samples/s

Epoch 93/100
----------------------------------------
Learning Rate: 0.000039
  step    50/1756 | loss 0.1360 | data 0.8 ms | step 14.5 ms | 35319.5 samples/s
  step   100/1756 | loss 0.1248 | data 0.1 ms | step 14.4 ms | 35606.7 samples/s
  step   150/1756 | loss 0.1164 | data 0.1 ms | step 14.2 ms | 35931.5 samples/s
  step   200/1756 | loss 0.1250 | data 0.1 ms | step 14.3 ms | 35827.2 samples/s
  step   250/1756 | loss 0.1365 | data 0.1 ms | step 14.3 ms | 35855.6 samples/s
  step   300/1756 | loss 0.1459 | data 0.1 ms | step 14.3 ms | 35901.5 samples/s
  step   350/1756 | loss 0.1207 | data 0.1 ms | step 14.3 ms | 35913.9 samples/s
  step   400/1756 | loss 0.1315 | data 0.1 ms | step 14.2 ms | 35964.8 samples/s
  step   450/1756 | loss 0.1250 | data 0.1 ms | step 14.3 ms | 35826.7 samples/s
  step   500/1756 | loss 0.1261 | data 0.1 ms | step 14.3 ms | 35841.6 samples/s
  step   550/1756 | loss 0.1254 | data 0.1 ms | step 13.4 ms | 38085.7 samples/s
  step   600/1756 | loss 0.1288 | data 0.2 ms | step 12.8 ms | 40055.5 samples/s
  step   650/1756 | loss 0.1265 | data 0.1 ms | step 14.3 ms | 35878.3 samples/s
  step   700/1756 | loss 0.1199 | data 0.1 ms | step 14.3 ms | 35794.0 samples/s
  step   750/1756 | loss 0.1320 | data 0.1 ms | step 14.3 ms | 35726.1 samples/s
  step   800/1756 | loss 0.1180 | data 0.1 ms | step 14.3 ms | 35780.0 samples/s
  step   850/1756 | loss 0.1316 | data 0.1 ms | step 14.3 ms | 35802.3 samples/s
  step   900/1756 | loss 0.1251 | data 0.2 ms | step 14.4 ms | 35617.8 samples/s
  step   950/1756 | loss 0.1256 | data 0.1 ms | step 14.3 ms | 35909.3 samples/s
  step  1000/1756 | loss 0.1292 | data 0.1 ms | step 14.3 ms | 35791.8 samples/s
  step  1050/1756 | loss 0.1129 | data 0.1 ms | step 14.3 ms | 35811.2 samples/s
  step  1100/1756 | loss 0.1310 | data 0.1 ms | step 14.3 ms | 35838.1 samples/s
  step  1150/1756 | loss 0.1359 | data 0.1 ms | step 14.3 ms | 35917.3 samples/s
  step  1200/1756 | loss 0.1348 | data 0.1 ms | step 14.3 ms | 35794.7 samples/s
  step  1250/1756 | loss 0.1365 | data 0.1 ms | step 14.3 ms | 35844.5 samples/s
  step  1300/1756 | loss 0.1278 | data 0.1 ms | step 14.5 ms | 35282.1 samples/s
  step  1350/1756 | loss 0.1304 | data 0.1 ms | step 14.3 ms | 35768.7 samples/s
  step  1400/1756 | loss 0.1269 | data 0.1 ms | step 14.3 ms | 35681.2 samples/s
  step  1450/1756 | loss 0.1312 | data 0.1 ms | step 14.3 ms | 35802.5 samples/s
  step  1500/1756 | loss 0.1218 | data 0.1 ms | step 14.3 ms | 35773.8 samples/s
  step  1550/1756 | loss 0.1194 | data 0.1 ms | step 14.2 ms | 36113.6 samples/s
  step  1600/1756 | loss 0.1208 | data 0.2 ms | step 12.5 ms | 40945.2 samples/s
  step  1650/1756 | loss 0.1212 | data 0.1 ms | step 14.0 ms | 36473.5 samples/s
  step  1700/1756 | loss 0.1299 | data 0.1 ms | step 14.4 ms | 35665.2 samples/s
  step  1750/1756 | loss 0.1223 | data 0.7 ms | step 14.6 ms | 35185.8 samples/s
Training Loss: 0.127311 | 36076.0 samples/s
Peak GPU memory: 927.9 MB
Validation Loss: 0.127137 | 87568.3 samples/s

Epoch 94/100
----------------------------------------
Learning Rate: 0.000039
  step    50/1756 | loss 0.1301 | data 0.7 ms | step 15.1 ms | 33982.5 samples/s
  step   100/1756 | loss 0.1259 | data 0.1 ms | step 14.7 ms | 34926.1 samples/s
  step   150/1756 | loss 0.1250 | data 0.1 ms | step 14.4 ms | 35591.6 samples/s
  step   200/1756 | loss 0.1159 | data 0.1 ms | step 14.3 ms | 35707.1 samples/s
  step   250/1756 | loss 0.1326 | data 0.1 ms | step 14.3 ms | 35749.2 samples/s
  step   300/1756 | loss 0.1204 | data 0.1 ms | step 14.3 ms | 35803.3 samples/s
  step   350/1756 | loss 0.1224 | data 0.1 ms | step 14.3 ms | 35820.9 samples/s
  step   400/1756 | loss 0.1150 | data 0.1 ms | step 14.3 ms | 35809.1 samples/s
  step   450/1756 | loss 0.1176 | data 0.1 ms | step 14.3 ms | 35823.8 samples/s
  step   500/1756 | loss 0.1194 | data 0.1 ms | step 14.3 ms | 35848.7 samples/s
  step   550/1756 | loss 0.1319 | data 0.1 ms | step 14.3 ms | 35796.8 samples/s
  step   600/1756 | loss 0.1279 | data 0.1 ms | step 12.9 ms | 39805.9 samples/s
  step   650/1756 | loss 0.1397 | data 0.1 ms | step 13.1 ms | 38974.8 samples/s
  step   700/1756 | loss 0.1372 | data 0.1 ms | step 14.3 ms | 35840.8 samples/s
  step   750/1756 | loss 0.1234 | data 0.1 ms | step 14.3 ms | 35737.4 samples/s
  step   800/1756 | loss 0.1310 | data 0.1 ms | step 14.3 ms | 35861.3 samples/s
  step   850/1756 | loss 0.1171 | data 0.1 ms | step 14.3 ms | 35794.4 samples/s
  step   900/1756 | loss 0.1167 | data 0.1 ms | step 14.3 ms | 35798.0 samples/s
  step   950/1756 | loss 0.1222 | data 0.1 ms | step 14.3 ms | 35800.8 samples/s
  step  1000/1756 | loss 0.1312 | data 0.1 ms | step 14.3 ms | 35825.4 samples/s
  step  1050/1756 | loss 0.1327 | data 0.1 ms | step 14.3 ms | 35812.1 samples/s
  step  1100/1756 | loss 0.1117 | data 0.1 ms | step 14.3 ms | 35821.3 samples/s
  step  1150/1756 | loss 0.1186 | data 0.1 ms | step 14.3 ms | 35816.8 samples/s
  step  1200/1756 | loss 0.1110 | data 0.1 ms | step 14.3 ms | 35783.5 samples/s
  step  1250/1756 | loss 0.1196 | data 0.1 ms | step 14.3 ms | 35847.8 samples/s
  step  1300/1756 | loss 0.1219 | data 0.1 ms | step 14.3 ms | 35809.9 samples/s
  step  1350/1756 | loss 0.1221 | data 0.1 ms | step 14.3 ms | 35928.2 samples/s
  step  1400/1756 | loss 0.1301 | data 0.1 ms | step 14.3 ms | 35794.7 samples/s
  step  1450/1756 | loss 0.1320 | data 0.1 ms | step 14.3 ms | 35716.6 samples/s
  step  1500/1756 | loss 0.1276 | data 0.1 ms | step 14.3 ms | 35814.5 samples/s
  step  1550/1756 | loss 0.1232 | data 0.1 ms | step 14.3 ms | 35702.3 samples/s
  step  1600/1756 | loss 0.1318 | data 0.1 ms | step 13.8 ms | 37094.3 samples/s
  step  1650/1756 | loss 0.1239 | data 0.2 ms | step 12.5 ms | 40825.7 samples/s
  step  1700/1756 | loss 0.1211 | data 0.1 ms | step 14.2 ms | 36017.0 samples/s
  step  1750/1756 | loss 0.1149 | data 0.6 ms | step 14.3 ms | 35892.8 samples/s
Training Loss: 0.124030 | 36063.9 samples/s
Peak GPU memory: 927.9 MB
Validation Loss: 0.127762 | 93219.0 samples/s

Epoch 95/100
----------------------------------------
Learning Rate: 0.000039
  step    50/1756 | loss 0.1248 | data 0.8 ms | step 14.7 ms | 34786.7 samples/s
  step   100/1756 | loss 0.1259 | data 0.1 ms | step 14.3 ms | 35773.8 samples/s
  step   150/1756 | loss 0.1128 | data 0.1 ms | step 14.3 ms | 35799.4 samples/s
  step   200/1756 | loss 0.1264 | data 0.1 ms | step 14.3 ms | 35823.0 samples/s
  step   250/1756 | loss 0.1257 | data 0.1 ms | step 14.3 ms | 35839.1 samples/s
  step   300/1756 | loss 0.1235 | data 0.2 ms | step 14.2 ms | 35999.5 samples/s
  step   350/1756 | loss 0.1399 | data 0.2 ms | step 14.3 ms | 35805.1 samples/s
  step   400/1756 | loss 0.1321 | data 0.1 ms | step 14.3 ms | 35863.0 samples/s
  step   450/1756 | loss 0.1070 | data 0.1 ms | step 14.3 ms | 35794.7 samples/s
  step   500/1756 | loss 0.1204 | data 0.1 ms | step 14.3 ms | 35710.8 samples/s
  step   550/1756 | loss 0.1293 | data 0.1 ms | step 14.3 ms | 35850.3 samples/s
  step   600/1756 | loss 0.1396 | data 0.1 ms | step 14.3 ms | 35895.1 samples/s
  step   650/1756 | loss 0.1158 | data 0.1 ms | step 13.3 ms | 38471.7 samples/s
  step   700/1756 | loss 0.1320 | data 0.1 ms | step 13.1 ms | 39190.9 samples/s
  step   750/1756 | loss 0.1323 | data 0.1 ms | step 14.3 ms | 35707.6 samples/s
  step   800/1756 | loss 0.1299 | data 0.1 ms | step 14.3 ms | 35910.6 samples/s
  step   850/1756 | loss 0.1320 | data 0.1 ms | step 14.3 ms | 35896.1 samples/s
  step   900/1756 | loss 0.1222 | data 0.1 ms | step 14.3 ms | 35775.0 samples/s
  step   950/1756 | loss 0.1198 | data 0.1 ms | step 14.3 ms | 35773.0 samples/s
  step  1000/1756 | loss 0.1265 | data 0.1 ms | step 14.3 ms | 35831.2 samples/s
  step  1050/1756 | loss 0.1191 | data 0.1 ms | step 14.3 ms | 35886.7 samples/s
  step  1100/1756 | loss 0.1232 | data 0.1 ms | step 14.3 ms | 35801.7 samples/s
  step  1150/1756 | loss 0.1137 | data 0.1 ms | step 14.3 ms | 35834.2 samples/s
  step  1200/1756 | loss 0.1110 | data 0.1 ms | step 14.3 ms | 35807.0 samples/s
  step  1250/1756 | loss 0.1369 | data 0.1 ms | step 14.3 ms | 35782.5 samples/s
  step  1300/1756 | loss 0.1220 | data 0.1 ms | step 14.3 ms | 35880.6 samples/s
  step  1350/1756 | loss 0.1271 | data 0.2 ms | step 14.5 ms | 35392.2 samples/s
  step  1400/1756 | loss 0.1239 | data 0.1 ms | step 14.3 ms | 35788.4 samples/s
  step  1450/1756 | loss 0.1365 | data 0.1 ms | step 14.3 ms | 35765.1 samples/s
  step  1500/1756 | loss 0.1352 | data 0.1 ms | step 14.3 ms | 35690.7 samples/s
  step  1550/1756 | loss 0.1370 | data 0.1 ms | step 14.3 ms | 35830.7 samples/s
  step  1600/1756 | loss 0.1187 | data 0.1 ms | step 14.3 ms | 35729.4 samples/s
  step  1650/1756 | loss 0.1288 | data 0.1 ms | step 14.1 ms | 36333.0 samples/s
  step  1700/1756 | loss 0.1164 | data 0.2 ms | step 12.5 ms | 40912.3 samples/s
  step  1750/1756 | loss 0.1281 | data 0.7 ms | step 14.3 ms | 35854.5 samples/s
Training Loss: 0.125469 | 36056.2 samples/s
Peak GPU memory: 927.9 MB
Validation Loss: 0.128473 | 75140.2 samples/s

Epoch 96/100
----------------------------------------
Learning Rate: 0.000039
  step    50/1756 | loss 0.1323 | data 0.7 ms | step 15.8 ms | 32477.7 samples/s
  step   100/1756 | loss 0.1283 | data 0.1 ms | step 15.5 ms | 32938.2 samples/s
  step   150/1756 | loss 0.1281 | data 0.1 ms | step 14.4 ms | 35633.0 samples/s
  step   200/1756 | loss 0.1212 | data 0.1 ms | step 14.3 ms | 35844.9 samples/s
  step   250/1756 | loss 0.1364 | data 0.1 ms | step 14.3 ms | 35706.4 samples/s
  step   300/1756 | loss 0.1337 | data 0.2 ms | step 14.3 ms | 35910.9 samples/s
  step   350/1756 | loss 0.1162 | data 0.1 ms | step 14.4 ms | 35603.0 samples/s
  step   400/1756 | loss 0.1263 | data 0.1 ms | step 14.7 ms | 34947.9 samples/s
  step   450/1756 | loss 0.1195 | data 0.1 ms | step 14.5 ms | 35264.3 samples/s
  step   500/1756 | loss 0.1490 | data 0.1 ms | step 14.3 ms | 35826.7 samples/s
  step   550/1756 | loss 0.1198 | data 0.1 ms | step 14.3 ms | 35827.0 samples/s
  step   600/1756 | loss 0.1364 | data 0.1 ms | step 14.3 ms | 35838.2 samples/s
  step   650/1756 | loss 0.1319 | data 0.2 ms | step 12.5 ms | 40865.5 samples/s
  step   700/1756 | loss 0.1209 | data 0.1 ms | step 13.7 ms | 37318.0 samples/s
  step   750/1756 | loss 0.1290 | data 0.1 ms | step 14.4 ms | 35530.6 samples/s
  step   800/1756 | loss 0.1258 | data 0.1 ms | step 14.4 ms | 35483.8 samples/s
  step   850/1756 | loss 0.1203 | data 0.1 ms | step 14.3 ms | 35809.6 samples/s
  step   900/1756 | loss 0.1145 | data 0.1 ms | step 14.3 ms | 35844.4 samples/s
  step   950/1756 | loss 0.1229 | data 0.1 ms | step 14.3 ms | 35840.7 samples/s
  step  1000/1756 | loss 0.1230 | data 0.1 ms | step 14.3 ms | 35753.1 samples/s
  step  1050/1756 | loss 0.1224 | data 0.1 ms | step 14.3 ms | 35733.6 samples/s
  step  1100/1756 | loss 0.1232 | data 0.1 ms | step 14.3 ms | 35728.9 samples/s
  step  1150/1756 | loss 0.1250 | data 0.1 ms | step 14.3 ms | 35908.4 samples/s
  step  1200/1756 | loss 0.1293 | data 0.1 ms | step 14.3 ms | 35685.3 samples/s
  step  1250/1756 | loss 0.1368 | data 0.1 ms | step 14.3 ms | 35771.7 samples/s
  step  1300/1756 | loss 0.1301 | data 0.1 ms | step 14.3 ms | 35780.5 samples/s
  step  1350/1756 | loss 0.1298 | data 0.1 ms | step 14.3 ms | 35824.1 samples/s
  step  1400/1756 | loss 0.1204 | data 0.1 ms | step 14.3 ms | 35800.8 samples/s
  step  1450/1756 | loss 0.1257 | data 0.1 ms | step 14.3 ms | 35795.2 samples/s
  step  1500/1756 | loss 0.1212 | data 0.1 ms | step 14.2 ms | 35956.4 samples/s
  step  1550/1756 | loss 0.1107 | data 0.1 ms | step 14.2 ms | 35958.2 samples/s
  step  1600/1756 | loss 0.1392 | data 0.1 ms | step 14.3 ms | 35883.3 samples/s
  step  1650/1756 | loss 0.1363 | data 0.2 ms | step 13.2 ms | 38648.1 samples/s
  step  1700/1756 | loss 0.1235 | data 0.1 ms | step 13.0 ms | 39365.0 samples/s
  step  1750/1756 | loss 0.1175 | data 0.7 ms | step 14.6 ms | 35071.5 samples/s
Training Loss: 0.126418 | 35855.7 samples/s
Peak GPU memory: 927.9 MB
Validation Loss: 0.126575 | 91390.7 samples/s

Epoch 97/100
----------------------------------------
Learning Rate: 0.000039
  step    50/1756 | loss 0.1200 | data 0.8 ms | step 15.8 ms | 32346.1 samples/s
  step   100/1756 | loss 0.1342 | data 0.1 ms | step 15.7 ms | 32691.1 samples/s
  step   150/1756 | loss 0.1309 | data 0.1 ms | step 14.4 ms | 35539.2 samples/s
  step   200/1756 | loss 0.1239 | data 0.1 ms | step 14.3 ms | 35818.2 samples/s
  step   250/1756 | loss 0.1310 | data 0.1 ms | step 14.3 ms | 35815.0 samples/s
  step   300/1756 | loss 0.1256 | data 0.1 ms | step 14.3 ms | 35874.4 samples/s
  step   350/1756 | loss 0.1313 | data 0.1 ms | step 14.3 ms | 35880.3 samples/s
  step   400/1756 | loss 0.1364 | data 0.1 ms | step 14.3 ms | 35811.9 samples/s
  step   450/1756 | loss 0.1308 | data 0.1 ms | step 14.3 ms | 35793.6 samples/s
  step   500/1756 | loss 0.1106 | data 0.1 ms | step 14.3 ms | 35755.6 samples/s
  step   550/1756 | loss 0.1325 | data 0.1 ms | step 14.3 ms | 35792.3 samples/s
  step   600/1756 | loss 0.1322 | data 0.1 ms | step 14.3 ms | 35769.2 samples/s
  step   650/1756 | loss 0.1277 | data 0.1 ms | step 13.8 ms | 37159.6 samples/s
  step   700/1756 | loss 0.1262 | data 0.2 ms | step 12.4 ms | 41136.6 samples/s
  step   750/1756 | loss 0.1189 | data 0.1 ms | step 14.3 ms | 35763.0 samples/s
  step   800/1756 | loss 0.1127 | data 0.1 ms | step 14.3 ms | 35739.6 samples/s
  step   850/1756 | loss 0.1211 | data 0.1 ms | step 14.3 ms | 35842.8 samples/s
  step   900/1756 | loss 0.1306 | data 0.1 ms | step 14.3 ms | 35831.2 samples/s
  step   950/1756 | loss 0.1175 | data 0.1 ms | step 14.3 ms | 35828.4 samples/s
  step  1000/1756 | loss 0.1246 | data 0.2 ms | step 14.4 ms | 35461.7 samples/s
  step  1050/1756 | loss 0.1448 | data 0.1 ms | step 14.3 ms | 35919.3 samples/s
  step  1100/1756 | loss 0.1234 | data 0.1 ms | step 14.3 ms | 35763.5 samples/s
  step  1150/1756 | loss 0.1248 | data 0.1 ms | step 14.3 ms | 35780.9 samples/s
  step  1200/1756 | loss 0.1195 | data 0.1 ms | step 14.3 ms | 35795.6 samples/s
  step  1250/1756 | loss 0.1365 | data 0.1 ms | step 14.3 ms | 35917.2 samples/s
  step  1300/1756 | loss 0.1315 | data 0.1 ms | step 14.3 ms | 35835.9 samples/s
  step  1350/1756 | loss 0.1308 | data 0.1 ms | step 14.3 ms | 35899.3 samples/s
  step  1400/1756 | loss 0.1285 | data 0.1 ms | step 14.3 ms | 35872.3 samples/s
  step  1450/1756 | loss 0.1245 | data 0.2 ms | step 14.4 ms | 35481.3 samples/s
  step  1500/1756 | loss 0.1324 | data 0.1 ms | step 14.3 ms | 35768.9 samples/s
  step  1550/1756 | loss 0.1333 | data 0.1 ms | step 14.3 ms | 35833.6 samples/s
  step  1600/1756 | loss 0.1266 | data 0.1 ms | step 14.3 ms | 35813.6 samples/s
  step  1650/1756 | loss 0.1242 | data 0.1 ms | step 14.3 ms | 35819.5 samples/s
  step  1700/1756 | loss 0.1152 | data 0.1 ms | step 12.7 ms | 40252.9 samples/s
  step  1750/1756 | loss 0.1294 | data 0.7 ms | step 13.9 ms | 36803.9 samples/s
Training Loss: 0.126869 | 35877.8 samples/s
Peak GPU memory: 927.9 MB
Validation Loss: 0.125069 | 77776.0 samples/s

Epoch 98/100
----------------------------------------
Learning Rate: 0.000039
  step    50/1756 | loss 0.1166 | data 0.8 ms | step 15.9 ms | 32159.5 samples/s
  step   100/1756 | loss 0.1193 | data 0.2 ms | step 15.9 ms | 32218.9 samples/s
  step   150/1756 | loss 0.1316 | data 0.1 ms | step 14.8 ms | 34558.4 samples/s
  step   200/1756 | loss 0.1321 | data 0.1 ms | step 14.3 ms | 35789.3 samples/s
  step   250/1756 | loss 0.1273 | data 0.1 ms | step 14.3 ms | 35849.0 samples/s
  step   300/1756 | loss 0.1237 | data 0.1 ms | step 14.4 ms | 35464.1 samples/s
  step   350/1756 | loss 0.1339 | data 0.1 ms | step 14.3 ms | 35835.7 samples/s
  step   400/1756 | loss 0.1375 | data 0.1 ms | step 14.3 ms | 35750.6 samples/s
  step   450/1756 | loss 0.1287 | data 0.1 ms | step 14.3 ms | 35801.3 samples/s
  step   500/1756 | loss 0.1229 | data 0.1 ms | step 14.3 ms | 35863.0 samples/s
  step   550/1756 | loss 0.1229 | data 0.1 ms | step 14.3 ms | 35884.8 samples/s
  step   600/1756 | loss 0.1203 | data 0.1 ms | step 14.3 ms | 35772.2 samples/s
  step   650/1756 | loss 0.1356 | data 0.1 ms | step 13.6 ms | 37685.9 samples/s
  step   700/1756 | loss 0.1198 | data 0.1 ms | step 12.7 ms | 40456.9 samples/s
  step   750/1756 | loss 0.1290 | data 0.1 ms | step 14.6 ms | 35029.1 samples/s
  step   800/1756 | loss 0.1231 | data 0.1 ms | step 14.3 ms | 35839.2 samples/s
  step   850/1756 | loss 0.1266 | data 0.1 ms | step 14.3 ms | 35913.1 samples/s
  step   900/1756 | loss 0.1258 | data 0.1 ms | step 14.3 ms | 35763.3 samples/s
  step   950/1756 | loss 0.1173 | data 0.1 ms | step 14.3 ms | 35804.4 samples/s
  step  1000/1756 | loss 0.1178 | data 0.1 ms | step 14.3 ms | 35813.6 samples/s
  step  1050/1756 | loss 0.1217 | data 0.1 ms | step 14.3 ms | 35792.3 samples/s
  step  1100/1756 | loss 0.1340 | data 0.1 ms | step 14.3 ms | 35779.0 samples/s
  step  1150/1756 | loss 0.1361 | data 0.1 ms | step 14.3 ms | 35856.5 samples/s
  step  1200/1756 | loss 0.1292 | data 0.1 ms | step 14.3 ms | 35854.4 samples/s
  step  1250/1756 | loss 0.1163 | data 0.1 ms | step 14.2 ms | 35939.9 samples/s
  step  1300/1756 | loss 0.1229 | data 0.1 ms | step 14.3 ms | 35743.4 samples/s
  step  1350/1756 | loss 0.1227 | data 0.1 ms | step 14.3 ms | 35797.3 samples/s
  step  1400/1756 | loss 0.1161 | data 0.1 ms | step 14.3 ms | 35879.4 samples/s
  step  1450/1756 | loss 0.1269 | data 0.1 ms | step 14.3 ms | 35813.8 samples/s
  step  1500/1756 | loss 0.1357 | data 0.1 ms | step 14.3 ms | 35807.6 samples/s
  step  1550/1756 | loss 0.1251 | data 0.1 ms | step 14.3 ms | 35783.2 samples/s
  step  1600/1756 | loss 0.1117 | data 0.1 ms | step 14.3 ms | 35779.0 samples/s
  step  1650/1756 | loss 0.1136 | data 0.1 ms | step 14.3 ms | 35791.5 samples/s
  step  1700/1756 | loss 0.1362 | data 0.2 ms | step 12.4 ms | 41271.4 samples/s
  step  1750/1756 | loss 0.1278 | data 0.7 ms | step 13.8 ms | 37118.0 samples/s
Training Loss: 0.125377 | 35836.0 samples/s
Peak GPU memory: 927.9 MB
Validation Loss: 0.132065 | 76242.4 samples/s

Epoch 99/100
----------------------------------------
Learning Rate: 0.000039
  step    50/1756 | loss 0.1365 | data 0.7 ms | step 15.9 ms | 32244.6 samples/s
  step   100/1756 | loss 0.1271 | data 0.1 ms | step 16.0 ms | 32066.8 samples/s
  step   150/1756 | loss 0.1148 | data 0.1 ms | step 15.5 ms | 32993.9 samples/s
  step   200/1756 | loss 0.1176 | data 0.1 ms | step 14.5 ms | 35288.2 samples/s
  step   250/1756 | loss 0.1204 | data 0.1 ms | step 14.4 ms | 35567.5 samples/s
  step   300/1756 | loss 0.1253 | data 0.1 ms | step 14.5 ms | 35190.5 samples/s
  step   350/1756 | loss 0.1202 | data 0.1 ms | step 14.3 ms | 35905.7 samples/s
  step   400/1756 | loss 0.1263 | data 0.1 ms | step 14.3 ms | 35826.3 samples/s
  step   450/1756 | loss 0.1284 | data 0.2 ms | step 14.3 ms | 35903.8 samples/s
  step   500/1756 | loss 0.1145 | data 0.1 ms | step 14.3 ms | 35815.1 samples/s
  step   550/1756 | loss 0.1202 | data 0.1 ms | step 14.3 ms | 35900.2 samples/s
  step   600/1756 | loss 0.1264 | data 0.1 ms | step 14.3 ms | 35857.6 samples/s
  step   650/1756 | loss 0.1332 | data 0.2 ms | step 13.0 ms | 39327.6 samples/s
  step   700/1756 | loss 0.1396 | data 0.2 ms | step 13.2 ms | 38902.4 samples/s
  step   750/1756 | loss 0.1338 | data 0.1 ms | step 14.3 ms | 35805.7 samples/s
  step   800/1756 | loss 0.1228 | data 0.1 ms | step 14.3 ms | 35872.0 samples/s
  step   850/1756 | loss 0.1480 | data 0.1 ms | step 14.3 ms | 35777.3 samples/s
  step   900/1756 | loss 0.1194 | data 0.1 ms | step 14.3 ms | 35820.6 samples/s
  step   950/1756 | loss 0.1329 | data 0.1 ms | step 14.3 ms | 35922.8 samples/s
  step  1000/1756 | loss 0.1344 | data 0.1 ms | step 14.3 ms | 35841.9 samples/s
  step  1050/1756 | loss 0.1452 | data 0.1 ms | step 14.2 ms | 35935.0 samples/s
  step  1100/1756 | loss 0.1236 | data 0.1 ms | step 14.2 ms | 35955.4 samples/s
  step  1150/1756 | loss 0.1283 | data 0.1 ms | step 14.3 ms | 35920.2 samples/s
  step  1200/1756 | loss 0.1336 | data 0.1 ms | step 14.3 ms | 35885.2 samples/s
  step  1250/1756 | loss 0.1229 | data 0.1 ms | step 14.3 ms | 35865.5 samples/s
  step  1300/1756 | loss 0.1293 | data 0.1 ms | step 14.3 ms | 35803.5 samples/s
  step  1350/1756 | loss 0.1093 | data 0.1 ms | step 14.3 ms | 35862.6 samples/s
  step  1400/1756 | loss 0.1160 | data 0.1 ms | step 14.3 ms | 35813.5 samples/s
  step  1450/1756 | loss 0.1217 | data 0.1 ms | step 14.3 ms | 35812.8 samples/s
  step  1500/1756 | loss 0.1306 | data 0.1 ms | step 14.3 ms | 35906.3 samples/s
  step  1550/1756 | loss 0.1176 | data 0.1 ms | step 14.2 ms | 35954.7 samples/s
  step  1600/1756 | loss 0.1224 | data 0.1 ms | step 14.3 ms | 35681.4 samples/s
  step  1650/1756 | loss 0.1184 | data 0.1 ms | step 13.8 ms | 37085.6 samples/s
  step  1700/1756 | loss 0.1329 | data 0.2 ms | step 12.5 ms | 40927.5 samples/s
  step  1750/1756 | loss 0.1289 | data 0.7 ms | step 14.4 ms | 35506.8 samples/s
Training Loss: 0.126265 | 35797.0 samples/s
Peak GPU memory: 927.9 MB
Validation Loss: 0.126930 | 76433.8 samples/s

Epoch 100/100
----------------------------------------
Learning Rate: 0.000039
  step    50/1756 | loss 0.1255 | data 0.8 ms | step 15.8 ms | 32357.7 samples/s
  step   100/1756 | loss 0.1269 | data 0.1 ms | step 15.7 ms | 32670.4 samples/s
  step   150/1756 | loss 0.1115 | data 0.1 ms | step 14.9 ms | 34323.9 samples/s
  step   200/1756 | loss 0.1236 | data 0.1 ms | step 14.3 ms | 35832.4 samples/s
  step   250/1756 | loss 0.1235 | data 0.1 ms | step 14.3 ms | 35690.2 samples/s
  step   300/1756 | loss 0.1260 | data 0.1 ms | step 14.4 ms | 35460.6 samples/s
  step   350/1756 | loss 0.1217 | data 0.1 ms | step 14.3 ms | 35880.1 samples/s
  step   400/1756 | loss 0.1209 | data 0.1 ms | step 14.3 ms | 35888.3 samples/s
  step   450/1756 | loss 0.1275 | data 0.1 ms | step 14.2 ms | 35943.8 samples/s
  step   500/1756 | loss 0.1358 | data 0.1 ms | step 14.3 ms | 35783.6 samples/s
  step   550/1756 | loss 0.1192 | data 0.1 ms | step 14.3 ms | 35836.8 samples/s
  step   600/1756 | loss 0.1384 | data 0.1 ms | step 14.3 ms | 35900.7 samples/s
  step   650/1756 | loss 0.1176 | data 0.1 ms | step 13.0 ms | 39422.9 samples/s
  step   700/1756 | loss 0.1280 | data 0.1 ms | step 13.3 ms | 38554.9 samples/s
  step   750/1756 | loss 0.1294 | data 0.1 ms | step 14.3 ms | 35717.7 samples/s
  step   800/1756 | loss 0.1220 | data 0.1 ms | step 14.3 ms | 35870.5 samples/s
  step   850/1756 | loss 0.1352 | data 0.1 ms | step 14.3 ms | 35743.5 samples/s
  step   900/1756 | loss 0.1299 | data 0.1 ms | step 14.3 ms | 35816.2 samples/s
  step   950/1756 | loss 0.1167 | data 0.1 ms | step 14.3 ms | 35717.3 samples/s
  step  1000/1756 | loss 0.1234 | data 0.1 ms | step 14.4 ms | 35647.6 samples/s
  step  1050/1756 | loss 0.1295 | data 0.1 ms | step 14.3 ms | 35779.7 samples/s
  step  1100/1756 | loss 0.1300 | data 0.1 ms | step 14.3 ms | 35740.1 samples/s
  step  1150/1756 | loss 0.1229 | data 0.1 ms | step 14.3 ms | 35792.7 samples/s
  step  1200/1756 | loss 0.1307 | data 0.1 ms | step 14.3 ms | 35775.7 samples/s
  step  1250/1756 | loss 0.1283 | data 0.1 ms | step 14.3 ms | 35793.1 samples/s
  step  1300/1756 | loss 0.1171 | data 0.1 ms | step 14.3 ms | 35833.7 samples/s
  step  1350/1756 | loss 0.1330 | data 0.1 ms | step 14.3 ms | 35763.5 samples/s
  step  1400/1756 | loss 0.1289 | data 0.1 ms | step 14.3 ms | 35809.1 samples/s
  step  1450/1756 | loss 0.1333 | data 0.1 ms | step 14.3 ms | 35779.3 samples/s
  step  1500/1756 | loss 0.1378 | data 0.1 ms | step 14.3 ms | 35765.2 samples/s
  step  1550/1756 | loss 0.1192 | data 0.1 ms | step 14.3 ms | 35900.3 samples/s
  step  1600/1756 | loss 0.1324 | data 0.1 ms | step 14.3 ms | 35832.8 samples/s
  step  1650/1756 | loss 0.1109 | data 0.1 ms | step 13.8 ms | 37079.5 samples/s
  step  1700/1756 | loss 0.1259 | data 0.2 ms | step 12.5 ms | 41014.4 samples/s
  step  1750/1756 | loss 0.1273 | data 0.6 ms | step 14.6 ms | 34952.6 samples/s
Training Loss: 0.125895 | 35826.7 samples/s
Peak GPU memory: 927.9 MB
Validation Loss: 0.128640 | 81968.9 samples/s

Test Loss: 0.035219 | 11.7 samples/s

Final model saved to: mat_pseudo_lwm_ca/512_100mat_pseudo_lwm_ca_weights.pth
