============================================================
MAT-ViT-LWM (Method 1: 32×32 ViT) — Pre-training
============================================================
Log file    : mask_aware_tf/mat_vit_lwm_weights.log
Device      : cuda
Scenarios   : ['O1_3p5_v1', 'O1_3p5_v2', 'Boston5G_3p5', 'asu_campus1']
Num workers : 8 | Pin memory: True
AMP         : disabled
Epochs      : 100
Batch size  : 512
LR          : 0.0001 | Weight decay: 1e-05
Scheduler   : StepLR(step=10, gamma=0.9)
Scheduler per batch: False
Seed        : 0
SNR (dB)    : None
Mask ratio  : 0.15
Save path   : mask_aware_tf/mat_vit_lwm_weights.pth
------------------------------------------------------------
Dataset sizes — train: 898605, val: 224651, test: 1
Batches per epoch — train: 1756, val: 439, test: 1
============================================================

Epoch 1/100
----------------------------------------
Learning Rate: 0.000100
Batch Size   : 512
  step    50/1756 | loss 58.6426 | data 3.0 ms | step 1934.9 ms | 264.6 samples/s
  step   100/1756 | loss 8.8617 | data 0.2 ms | step 1836.5 ms | 278.8 samples/s
  step   150/1756 | loss 7.0774 | data 0.2 ms | step 1880.2 ms | 272.3 samples/s
  step   200/1756 | loss 5.9951 | data 0.2 ms | step 1883.7 ms | 271.8 samples/s
  step   250/1756 | loss 5.3282 | data 0.2 ms | step 1880.5 ms | 272.3 samples/s
  step   300/1756 | loss 4.3988 | data 0.2 ms | step 1864.9 ms | 274.5 samples/s
  step   350/1756 | loss 3.7554 | data 0.2 ms | step 1879.3 ms | 272.4 samples/s
  step   400/1756 | loss 3.0110 | data 0.2 ms | step 1876.6 ms | 272.8 samples/s
  step   450/1756 | loss 2.4931 | data 0.2 ms | step 1893.0 ms | 270.5 samples/s
  step   500/1756 | loss 2.1858 | data 0.2 ms | step 1839.2 ms | 278.4 samples/s
  step   550/1756 | loss 2.0319 | data 0.2 ms | step 1887.5 ms | 271.3 samples/s
  step   600/1756 | loss 1.7744 | data 0.2 ms | step 1877.5 ms | 272.7 samples/s
  step   650/1756 | loss 1.5845 | data 0.2 ms | step 1872.2 ms | 273.5 samples/s
  step   700/1756 | loss 1.6232 | data 0.2 ms | step 1865.2 ms | 274.5 samples/s
  step   750/1756 | loss 1.4895 | data 0.2 ms | step 1877.6 ms | 272.7 samples/s
  step   800/1756 | loss 1.3846 | data 0.2 ms | step 1892.0 ms | 270.6 samples/s
  step   850/1756 | loss 1.4903 | data 0.2 ms | step 1881.7 ms | 272.1 samples/s
  step   900/1756 | loss 1.4792 | data 0.2 ms | step 1852.6 ms | 276.4 samples/s
  step   950/1756 | loss 1.3775 | data 0.2 ms | step 1889.0 ms | 271.0 samples/s
  step  1000/1756 | loss 1.3256 | data 0.2 ms | step 1870.1 ms | 273.8 samples/s
  step  1050/1756 | loss 1.2440 | data 0.2 ms | step 1891.0 ms | 270.8 samples/s
  step  1100/1756 | loss 1.1541 | data 0.2 ms | step 1858.5 ms | 275.5 samples/s
  step  1150/1756 | loss 1.5821 | data 0.2 ms | step 1880.6 ms | 272.3 samples/s
  step  1200/1756 | loss 1.3210 | data 0.2 ms | step 1892.8 ms | 270.5 samples/s
  step  1250/1756 | loss 1.4456 | data 0.2 ms | step 1881.8 ms | 272.1 samples/s
  step  1300/1756 | loss 1.3837 | data 0.2 ms | step 1857.4 ms | 275.6 samples/s
  step  1350/1756 | loss 1.7415 | data 0.2 ms | step 1893.5 ms | 270.4 samples/s
  step  1400/1756 | loss 1.7567 | data 0.2 ms | step 1878.6 ms | 272.5 samples/s
  step  1450/1756 | loss 1.4653 | data 0.2 ms | step 1888.5 ms | 271.1 samples/s
  step  1500/1756 | loss 1.3924 | data 0.2 ms | step 1228.4 ms | 416.8 samples/s
  step  1550/1756 | loss 1.5767 | data 0.2 ms | step 746.0 ms | 686.3 samples/s
  step  1600/1756 | loss 1.2774 | data 0.1 ms | step 767.1 ms | 667.4 samples/s
  step  1650/1756 | loss 1.4420 | data 0.2 ms | step 771.6 ms | 663.6 samples/s
  step  1700/1756 | loss 1.2132 | data 0.2 ms | step 776.0 ms | 659.8 samples/s
  step  1750/1756 | loss 1.2967 | data 0.7 ms | step 800.1 ms | 639.9 samples/s
Training Loss: 3.951485 | data 0.3 ms | step 1697.3 ms | 301.5 samples/s
Peak GPU memory: 8144.5 MB
Validation Loss: 1.169559 | data 0.6 ms | step 687.6 ms | 744.2 samples/s

Epoch 2/100
----------------------------------------
Learning Rate: 0.000100
Batch Size   : 512
  step    50/1756 | loss 1.1052 | data 0.9 ms | step 772.9 ms | 662.4 samples/s
  step   100/1756 | loss 1.1003 | data 0.1 ms | step 768.3 ms | 666.4 samples/s
  step   150/1756 | loss 1.0364 | data 0.2 ms | step 775.8 ms | 659.9 samples/s
  step   200/1756 | loss 1.1374 | data 0.1 ms | step 794.2 ms | 644.7 samples/s
  step   250/1756 | loss 1.3030 | data 0.1 ms | step 791.5 ms | 646.9 samples/s
  step   300/1756 | loss 1.3285 | data 0.2 ms | step 775.9 ms | 659.9 samples/s
  step   350/1756 | loss 1.2207 | data 0.1 ms | step 771.0 ms | 664.1 samples/s
  step   400/1756 | loss 1.2304 | data 0.2 ms | step 773.6 ms | 661.9 samples/s
  step   450/1756 | loss 1.0672 | data 0.2 ms | step 761.7 ms | 672.2 samples/s
  step   500/1756 | loss 1.0290 | data 0.1 ms | step 814.1 ms | 628.9 samples/s
  step   550/1756 | loss 1.0095 | data 0.1 ms | step 757.6 ms | 675.8 samples/s
  step   600/1756 | loss 1.0029 | data 0.1 ms | step 770.7 ms | 664.3 samples/s
  step   650/1756 | loss 0.9777 | data 0.2 ms | step 775.8 ms | 660.0 samples/s
  step   700/1756 | loss 1.0134 | data 0.2 ms | step 745.9 ms | 686.4 samples/s
  step   750/1756 | loss 0.9517 | data 0.2 ms | step 808.0 ms | 633.6 samples/s
  step   800/1756 | loss 0.9427 | data 0.1 ms | step 773.1 ms | 662.3 samples/s
  step   850/1756 | loss 0.9499 | data 0.2 ms | step 768.8 ms | 666.0 samples/s
  step   900/1756 | loss 0.9782 | data 0.1 ms | step 767.0 ms | 667.5 samples/s
  step   950/1756 | loss 1.0803 | data 0.2 ms | step 748.3 ms | 684.3 samples/s
  step  1000/1756 | loss 1.0011 | data 0.2 ms | step 774.7 ms | 660.9 samples/s
  step  1050/1756 | loss 0.9662 | data 0.2 ms | step 767.9 ms | 666.7 samples/s
  step  1100/1756 | loss 0.9412 | data 0.1 ms | step 764.9 ms | 669.3 samples/s
  step  1150/1756 | loss 0.9108 | data 0.1 ms | step 760.7 ms | 673.1 samples/s
  step  1200/1756 | loss 0.8989 | data 0.1 ms | step 748.8 ms | 683.8 samples/s
  step  1250/1756 | loss 0.8778 | data 0.1 ms | step 795.1 ms | 643.9 samples/s
  step  1300/1756 | loss 0.8315 | data 0.2 ms | step 776.5 ms | 659.3 samples/s
  step  1350/1756 | loss 0.8640 | data 0.1 ms | step 771.7 ms | 663.5 samples/s
  step  1400/1756 | loss 0.8882 | data 0.1 ms | step 756.8 ms | 676.6 samples/s
  step  1450/1756 | loss 1.0616 | data 0.1 ms | step 751.2 ms | 681.5 samples/s
  step  1500/1756 | loss 0.9908 | data 0.2 ms | step 765.2 ms | 669.1 samples/s
  step  1550/1756 | loss 0.8973 | data 0.2 ms | step 772.8 ms | 662.5 samples/s
  step  1600/1756 | loss 0.8694 | data 0.1 ms | step 742.5 ms | 689.6 samples/s
  step  1650/1756 | loss 0.7867 | data 0.2 ms | step 759.9 ms | 673.8 samples/s
  step  1700/1756 | loss 0.7888 | data 0.1 ms | step 750.0 ms | 682.6 samples/s
  step  1750/1756 | loss 0.7556 | data 0.7 ms | step 783.7 ms | 653.3 samples/s
Training Loss: 0.993060 | data 0.2 ms | step 769.3 ms | 665.2 samples/s
Peak GPU memory: 7324.6 MB
Validation Loss: 0.756553 | data 0.2 ms | step 671.7 ms | 761.8 samples/s

Epoch 3/100
----------------------------------------
Learning Rate: 0.000100
Batch Size   : 512
  step    50/1756 | loss 0.7743 | data 0.8 ms | step 745.3 ms | 687.0 samples/s
  step   100/1756 | loss 0.7659 | data 0.2 ms | step 760.0 ms | 673.7 samples/s
  step   150/1756 | loss 0.8186 | data 0.2 ms | step 774.8 ms | 660.9 samples/s
  step   200/1756 | loss 0.7839 | data 0.1 ms | step 771.9 ms | 663.3 samples/s
  step   250/1756 | loss 0.6965 | data 0.2 ms | step 760.0 ms | 673.7 samples/s
  step   300/1756 | loss 0.6847 | data 0.2 ms | step 768.6 ms | 666.1 samples/s
  step   350/1756 | loss 0.7442 | data 0.1 ms | step 760.7 ms | 673.1 samples/s
  step   400/1756 | loss 0.7011 | data 0.1 ms | step 770.7 ms | 664.4 samples/s
  step   450/1756 | loss 0.7376 | data 0.1 ms | step 776.5 ms | 659.3 samples/s
  step   500/1756 | loss 0.8180 | data 0.1 ms | step 710.8 ms | 720.3 samples/s
  step   550/1756 | loss 0.7360 | data 0.2 ms | step 752.1 ms | 680.7 samples/s
  step   600/1756 | loss 0.9705 | data 0.1 ms | step 752.5 ms | 680.4 samples/s
  step   650/1756 | loss 0.8264 | data 0.1 ms | step 792.1 ms | 646.4 samples/s
  step   700/1756 | loss 0.7714 | data 0.1 ms | step 756.4 ms | 676.9 samples/s
  step   750/1756 | loss 0.8560 | data 0.1 ms | step 763.4 ms | 670.7 samples/s
  step   800/1756 | loss 0.7412 | data 0.1 ms | step 768.5 ms | 666.2 samples/s
  step   850/1756 | loss 0.7456 | data 0.1 ms | step 758.8 ms | 674.8 samples/s
  step   900/1756 | loss 0.7832 | data 0.1 ms | step 793.1 ms | 645.6 samples/s
  step   950/1756 | loss 0.8254 | data 0.1 ms | step 155.7 ms | 3288.3 samples/s
  step  1000/1756 | loss 0.7479 | data 0.1 ms | step 88.2 ms | 5804.7 samples/s
  step  1050/1756 | loss 0.6995 | data 0.1 ms | step 88.2 ms | 5804.1 samples/s
  step  1100/1756 | loss 0.6969 | data 0.1 ms | step 88.2 ms | 5804.8 samples/s
  step  1150/1756 | loss 0.6883 | data 0.1 ms | step 88.1 ms | 5809.2 samples/s
  step  1200/1756 | loss 0.6491 | data 0.1 ms | step 88.1 ms | 5809.0 samples/s
  step  1250/1756 | loss 0.6831 | data 0.1 ms | step 88.2 ms | 5807.6 samples/s
  step  1300/1756 | loss 0.5908 | data 0.1 ms | step 88.1 ms | 5814.8 samples/s
  step  1350/1756 | loss 0.6458 | data 0.1 ms | step 88.2 ms | 5805.9 samples/s
  step  1400/1756 | loss 0.6942 | data 0.1 ms | step 88.2 ms | 5808.2 samples/s
  step  1450/1756 | loss 0.5917 | data 0.1 ms | step 88.1 ms | 5814.7 samples/s
  step  1500/1756 | loss 0.6275 | data 0.1 ms | step 88.0 ms | 5815.8 samples/s
  step  1550/1756 | loss 0.8145 | data 0.1 ms | step 88.0 ms | 5821.2 samples/s
  step  1600/1756 | loss 0.7173 | data 0.1 ms | step 88.1 ms | 5811.2 samples/s
  step  1650/1756 | loss 0.6558 | data 0.1 ms | step 88.0 ms | 5816.4 samples/s
  step  1700/1756 | loss 0.5595 | data 0.1 ms | step 88.1 ms | 5814.1 samples/s
  step  1750/1756 | loss 0.5484 | data 0.6 ms | step 88.0 ms | 5815.0 samples/s
Training Loss: 0.724598 | data 0.1 ms | step 435.9 ms | 1173.8 samples/s
Peak GPU memory: 7324.6 MB
Validation Loss: 0.562350 | data 0.1 ms | step 44.6 ms | 11479.0 samples/s

Epoch 4/100
----------------------------------------
Learning Rate: 0.000100
Batch Size   : 512
  step    50/1756 | loss 0.5618 | data 0.7 ms | step 88.3 ms | 5796.2 samples/s
  step   100/1756 | loss 0.5217 | data 0.1 ms | step 88.2 ms | 5802.1 samples/s
  step   150/1756 | loss 0.5268 | data 0.1 ms | step 88.2 ms | 5805.3 samples/s
  step   200/1756 | loss 0.5319 | data 0.1 ms | step 88.2 ms | 5802.4 samples/s
  step   250/1756 | loss 0.7921 | data 0.1 ms | step 88.1 ms | 5810.1 samples/s
  step   300/1756 | loss 0.6000 | data 0.1 ms | step 88.2 ms | 5807.1 samples/s
  step   350/1756 | loss 0.5420 | data 0.1 ms | step 88.2 ms | 5807.8 samples/s
  step   400/1756 | loss 0.5234 | data 0.1 ms | step 88.1 ms | 5811.9 samples/s
  step   450/1756 | loss 0.5141 | data 0.1 ms | step 88.1 ms | 5808.5 samples/s
  step   500/1756 | loss 0.4762 | data 0.1 ms | step 88.3 ms | 5800.9 samples/s
  step   550/1756 | loss 0.4625 | data 0.1 ms | step 88.2 ms | 5804.8 samples/s
  step   600/1756 | loss 0.4540 | data 0.1 ms | step 88.1 ms | 5810.0 samples/s
  step   650/1756 | loss 0.4957 | data 0.1 ms | step 88.2 ms | 5807.1 samples/s
  step   700/1756 | loss 0.4311 | data 0.1 ms | step 88.1 ms | 5812.0 samples/s
  step   750/1756 | loss 0.4439 | data 0.1 ms | step 88.1 ms | 5809.5 samples/s
  step   800/1756 | loss 0.4608 | data 0.1 ms | step 88.2 ms | 5807.3 samples/s
  step   850/1756 | loss 0.4536 | data 0.1 ms | step 88.1 ms | 5810.9 samples/s
  step   900/1756 | loss 0.4593 | data 0.1 ms | step 88.2 ms | 5804.4 samples/s
  step   950/1756 | loss 0.4888 | data 0.1 ms | step 88.2 ms | 5806.1 samples/s
  step  1000/1756 | loss 0.4443 | data 0.1 ms | step 88.2 ms | 5804.0 samples/s
  step  1050/1756 | loss 0.4238 | data 0.1 ms | step 88.1 ms | 5808.4 samples/s
  step  1100/1756 | loss 0.4463 | data 0.1 ms | step 88.1 ms | 5809.1 samples/s
  step  1150/1756 | loss 0.4327 | data 0.1 ms | step 88.1 ms | 5811.9 samples/s
  step  1200/1756 | loss 0.4193 | data 0.1 ms | step 88.2 ms | 5807.6 samples/s
  step  1250/1756 | loss 0.4090 | data 0.1 ms | step 88.2 ms | 5803.4 samples/s
  step  1300/1756 | loss 0.4069 | data 0.1 ms | step 88.3 ms | 5798.0 samples/s
  step  1350/1756 | loss 0.4185 | data 0.1 ms | step 88.2 ms | 5803.4 samples/s
  step  1400/1756 | loss 0.4083 | data 0.1 ms | step 88.1 ms | 5809.3 samples/s
  step  1450/1756 | loss 0.4627 | data 0.1 ms | step 88.1 ms | 5809.8 samples/s
  step  1500/1756 | loss 0.5076 | data 0.1 ms | step 88.1 ms | 5811.8 samples/s
  step  1550/1756 | loss 0.4618 | data 0.1 ms | step 88.3 ms | 5800.3 samples/s
  step  1600/1756 | loss 0.4627 | data 0.1 ms | step 88.1 ms | 5812.1 samples/s
  step  1650/1756 | loss 0.5007 | data 0.1 ms | step 87.9 ms | 5821.8 samples/s
  step  1700/1756 | loss 0.5190 | data 0.1 ms | step 88.0 ms | 5820.9 samples/s
  step  1750/1756 | loss 0.4827 | data 0.5 ms | step 88.1 ms | 5814.2 samples/s
Training Loss: 0.485174 | data 0.1 ms | step 88.1 ms | 5807.7 samples/s
Peak GPU memory: 7324.6 MB
Validation Loss: 0.567264 | data 0.1 ms | step 44.6 ms | 11465.4 samples/s

Epoch 5/100
----------------------------------------
Learning Rate: 0.000100
Batch Size   : 512
  step    50/1756 | loss 0.4835 | data 0.6 ms | step 88.3 ms | 5798.9 samples/s
  step   100/1756 | loss 0.4263 | data 0.1 ms | step 88.2 ms | 5803.9 samples/s
  step   150/1756 | loss 0.4243 | data 0.1 ms | step 88.3 ms | 5796.6 samples/s
  step   200/1756 | loss 0.3620 | data 0.1 ms | step 88.3 ms | 5798.3 samples/s
  step   250/1756 | loss 0.3951 | data 0.1 ms | step 88.2 ms | 5807.2 samples/s
  step   300/1756 | loss 0.3787 | data 0.1 ms | step 88.2 ms | 5805.3 samples/s
  step   350/1756 | loss 0.3688 | data 0.1 ms | step 88.1 ms | 5808.5 samples/s
  step   400/1756 | loss 0.4053 | data 0.1 ms | step 88.1 ms | 5814.1 samples/s
  step   450/1756 | loss 0.4295 | data 0.1 ms | step 88.0 ms | 5815.2 samples/s
  step   500/1756 | loss 0.4244 | data 0.1 ms | step 88.0 ms | 5815.4 samples/s
  step   550/1756 | loss 0.3769 | data 0.1 ms | step 88.0 ms | 5815.2 samples/s
  step   600/1756 | loss 0.3573 | data 0.1 ms | step 88.0 ms | 5815.4 samples/s
  step   650/1756 | loss 0.4118 | data 0.1 ms | step 88.1 ms | 5808.9 samples/s
  step   700/1756 | loss 0.3895 | data 0.1 ms | step 88.1 ms | 5811.7 samples/s
  step   750/1756 | loss 0.3810 | data 0.1 ms | step 88.1 ms | 5812.6 samples/s
  step   800/1756 | loss 0.3888 | data 0.1 ms | step 88.2 ms | 5805.3 samples/s
  step   850/1756 | loss 0.3534 | data 0.1 ms | step 88.3 ms | 5799.8 samples/s
  step   900/1756 | loss 0.3806 | data 0.1 ms | step 88.3 ms | 5798.4 samples/s
  step   950/1756 | loss 0.3879 | data 0.1 ms | step 88.3 ms | 5798.9 samples/s
  step  1000/1756 | loss 0.3934 | data 0.1 ms | step 88.3 ms | 5800.6 samples/s
  step  1050/1756 | loss 0.3517 | data 0.1 ms | step 88.3 ms | 5799.0 samples/s
  step  1100/1756 | loss 0.3592 | data 0.1 ms | step 88.1 ms | 5813.5 samples/s
  step  1150/1756 | loss 0.3311 | data 0.1 ms | step 88.0 ms | 5815.4 samples/s
  step  1200/1756 | loss 0.3408 | data 0.1 ms | step 88.3 ms | 5799.7 samples/s
  step  1250/1756 | loss 0.3342 | data 0.1 ms | step 88.2 ms | 5806.3 samples/s
  step  1300/1756 | loss 0.3497 | data 0.1 ms | step 88.2 ms | 5807.0 samples/s
  step  1350/1756 | loss 0.3122 | data 0.1 ms | step 88.1 ms | 5809.1 samples/s
  step  1400/1756 | loss 0.3324 | data 0.1 ms | step 88.2 ms | 5804.7 samples/s
  step  1450/1756 | loss 0.3456 | data 0.1 ms | step 88.1 ms | 5811.4 samples/s
  step  1500/1756 | loss 0.3180 | data 0.1 ms | step 88.0 ms | 5819.8 samples/s
  step  1550/1756 | loss 0.3175 | data 0.1 ms | step 88.0 ms | 5820.5 samples/s
  step  1600/1756 | loss 0.3455 | data 0.1 ms | step 88.0 ms | 5816.3 samples/s
  step  1650/1756 | loss 0.3355 | data 0.1 ms | step 87.9 ms | 5825.6 samples/s
  step  1700/1756 | loss 0.3307 | data 0.1 ms | step 88.0 ms | 5819.8 samples/s
  step  1750/1756 | loss 0.3141 | data 0.5 ms | step 88.1 ms | 5809.1 samples/s
Training Loss: 0.369370 | data 0.1 ms | step 88.1 ms | 5808.8 samples/s
Peak GPU memory: 7324.6 MB
Validation Loss: 0.345456 | data 0.1 ms | step 44.6 ms | 11464.3 samples/s

Epoch 6/100
----------------------------------------
Learning Rate: 0.000100
Batch Size   : 512
  step    50/1756 | loss 0.3145 | data 0.8 ms | step 88.2 ms | 5806.8 samples/s
  step   100/1756 | loss 0.3275 | data 0.1 ms | step 88.0 ms | 5818.4 samples/s
  step   150/1756 | loss 0.3136 | data 0.1 ms | step 88.0 ms | 5815.0 samples/s
  step   200/1756 | loss 0.3510 | data 0.1 ms | step 87.9 ms | 5822.8 samples/s
  step   250/1756 | loss 0.2929 | data 0.1 ms | step 88.0 ms | 5820.6 samples/s
  step   300/1756 | loss 0.3024 | data 0.1 ms | step 88.0 ms | 5818.1 samples/s
  step   350/1756 | loss 0.2989 | data 0.1 ms | step 88.2 ms | 5806.1 samples/s
  step   400/1756 | loss 0.2952 | data 0.1 ms | step 88.0 ms | 5820.7 samples/s
  step   450/1756 | loss 0.2906 | data 0.1 ms | step 88.0 ms | 5816.7 samples/s
  step   500/1756 | loss 0.2739 | data 0.1 ms | step 88.1 ms | 5809.4 samples/s
  step   550/1756 | loss 0.2836 | data 0.1 ms | step 87.9 ms | 5821.6 samples/s
  step   600/1756 | loss 0.2782 | data 0.1 ms | step 88.0 ms | 5818.8 samples/s
  step   650/1756 | loss 0.2898 | data 0.1 ms | step 88.0 ms | 5814.9 samples/s
  step   700/1756 | loss 0.2794 | data 0.1 ms | step 88.1 ms | 5811.1 samples/s
  step   750/1756 | loss 0.3136 | data 0.1 ms | step 88.2 ms | 5807.8 samples/s
  step   800/1756 | loss 0.2834 | data 0.1 ms | step 88.0 ms | 5817.9 samples/s
  step   850/1756 | loss 0.2756 | data 0.1 ms | step 88.1 ms | 5813.9 samples/s
  step   900/1756 | loss 0.2853 | data 0.1 ms | step 88.2 ms | 5807.8 samples/s
  step   950/1756 | loss 0.2618 | data 0.1 ms | step 88.1 ms | 5810.9 samples/s
  step  1000/1756 | loss 0.2789 | data 0.1 ms | step 88.1 ms | 5808.8 samples/s
  step  1050/1756 | loss 0.4082 | data 0.1 ms | step 88.2 ms | 5806.6 samples/s
  step  1100/1756 | loss 0.3930 | data 0.1 ms | step 88.2 ms | 5808.1 samples/s
  step  1150/1756 | loss 0.3790 | data 0.1 ms | step 88.2 ms | 5805.4 samples/s
  step  1200/1756 | loss 0.3302 | data 0.1 ms | step 88.1 ms | 5813.6 samples/s
  step  1250/1756 | loss 0.3192 | data 0.1 ms | step 88.1 ms | 5811.0 samples/s
  step  1300/1756 | loss 0.3087 | data 0.1 ms | step 88.2 ms | 5804.4 samples/s
  step  1350/1756 | loss 0.3093 | data 0.1 ms | step 88.2 ms | 5805.2 samples/s
  step  1400/1756 | loss 0.2764 | data 0.1 ms | step 88.2 ms | 5807.0 samples/s
  step  1450/1756 | loss 0.3103 | data 0.1 ms | step 88.2 ms | 5806.6 samples/s
  step  1500/1756 | loss 0.3752 | data 0.1 ms | step 88.3 ms | 5797.9 samples/s
  step  1550/1756 | loss 0.3362 | data 0.1 ms | step 88.1 ms | 5809.4 samples/s
  step  1600/1756 | loss 0.3282 | data 0.1 ms | step 88.2 ms | 5804.6 samples/s
  step  1650/1756 | loss 0.2872 | data 0.1 ms | step 88.1 ms | 5809.2 samples/s
  step  1700/1756 | loss 0.4858 | data 0.1 ms | step 88.3 ms | 5799.5 samples/s
  step  1750/1756 | loss 0.3519 | data 0.5 ms | step 88.2 ms | 5804.7 samples/s
Training Loss: 0.317495 | data 0.1 ms | step 88.1 ms | 5810.9 samples/s
Peak GPU memory: 7324.6 MB
Validation Loss: 0.367142 | data 0.1 ms | step 44.6 ms | 11463.1 samples/s

Epoch 7/100
----------------------------------------
Learning Rate: 0.000100
Batch Size   : 512
  step    50/1756 | loss 0.3301 | data 0.7 ms | step 88.4 ms | 5789.7 samples/s
  step   100/1756 | loss 0.3264 | data 0.1 ms | step 88.2 ms | 5804.0 samples/s
  step   150/1756 | loss 0.2858 | data 0.1 ms | step 88.4 ms | 5793.8 samples/s
  step   200/1756 | loss 0.3399 | data 0.1 ms | step 88.2 ms | 5804.6 samples/s
  step   250/1756 | loss 0.3058 | data 0.1 ms | step 88.3 ms | 5798.2 samples/s
  step   300/1756 | loss 0.2949 | data 0.1 ms | step 88.1 ms | 5809.5 samples/s
  step   350/1756 | loss 0.3067 | data 0.1 ms | step 88.2 ms | 5804.6 samples/s
  step   400/1756 | loss 0.4070 | data 0.1 ms | step 88.1 ms | 5808.8 samples/s
  step   450/1756 | loss 0.3561 | data 0.1 ms | step 88.3 ms | 5800.9 samples/s
  step   500/1756 | loss 0.3588 | data 0.1 ms | step 88.1 ms | 5810.8 samples/s
  step   550/1756 | loss 0.3255 | data 0.1 ms | step 88.0 ms | 5816.5 samples/s
  step   600/1756 | loss 0.2826 | data 0.1 ms | step 88.1 ms | 5812.9 samples/s
  step   650/1756 | loss 0.2931 | data 0.1 ms | step 88.2 ms | 5806.3 samples/s
  step   700/1756 | loss 0.3120 | data 0.1 ms | step 88.1 ms | 5811.7 samples/s
  step   750/1756 | loss 0.2888 | data 0.1 ms | step 88.1 ms | 5808.4 samples/s
  step   800/1756 | loss 0.2742 | data 0.1 ms | step 88.1 ms | 5813.6 samples/s
  step   850/1756 | loss 0.2794 | data 0.1 ms | step 88.0 ms | 5816.5 samples/s
  step   900/1756 | loss 0.2671 | data 0.1 ms | step 88.1 ms | 5809.3 samples/s
  step   950/1756 | loss 0.2707 | data 0.1 ms | step 88.3 ms | 5801.4 samples/s
  step  1000/1756 | loss 0.2889 | data 0.1 ms | step 88.2 ms | 5807.7 samples/s
  step  1050/1756 | loss 0.2827 | data 0.1 ms | step 88.2 ms | 5803.8 samples/s
  step  1100/1756 | loss 0.2539 | data 0.1 ms | step 88.2 ms | 5806.4 samples/s
  step  1150/1756 | loss 0.3006 | data 0.1 ms | step 88.2 ms | 5804.6 samples/s
  step  1200/1756 | loss 0.3665 | data 0.1 ms | step 88.1 ms | 5813.6 samples/s
  step  1250/1756 | loss 0.3207 | data 0.1 ms | step 88.0 ms | 5815.4 samples/s
  step  1300/1756 | loss 0.4290 | data 0.1 ms | step 88.1 ms | 5812.4 samples/s
  step  1350/1756 | loss 0.3785 | data 0.1 ms | step 88.1 ms | 5811.7 samples/s
  step  1400/1756 | loss 0.3100 | data 0.1 ms | step 88.3 ms | 5798.6 samples/s
  step  1450/1756 | loss 0.3033 | data 0.1 ms | step 88.1 ms | 5811.1 samples/s
  step  1500/1756 | loss 0.2799 | data 0.1 ms | step 88.0 ms | 5821.5 samples/s
  step  1550/1756 | loss 0.2782 | data 0.1 ms | step 88.0 ms | 5817.6 samples/s
  step  1600/1756 | loss 0.2705 | data 0.1 ms | step 88.0 ms | 5815.7 samples/s
  step  1650/1756 | loss 0.2347 | data 0.1 ms | step 88.1 ms | 5812.6 samples/s
  step  1700/1756 | loss 0.2356 | data 0.1 ms | step 88.1 ms | 5811.8 samples/s
  step  1750/1756 | loss 0.2338 | data 0.6 ms | step 88.2 ms | 5805.6 samples/s
Training Loss: 0.304606 | data 0.1 ms | step 88.1 ms | 5808.3 samples/s
Peak GPU memory: 7324.6 MB
Validation Loss: 0.236147 | data 0.1 ms | step 44.7 ms | 11447.3 samples/s

Epoch 8/100
----------------------------------------
Learning Rate: 0.000100
Batch Size   : 512
  step    50/1756 | loss 0.2374 | data 0.6 ms | step 88.2 ms | 5805.2 samples/s
  step   100/1756 | loss 0.2271 | data 0.1 ms | step 88.3 ms | 5798.7 samples/s
  step   150/1756 | loss 0.2828 | data 0.1 ms | step 88.1 ms | 5812.7 samples/s
  step   200/1756 | loss 0.2408 | data 0.1 ms | step 88.1 ms | 5813.6 samples/s
  step   250/1756 | loss 0.2330 | data 0.1 ms | step 88.2 ms | 5807.8 samples/s
  step   300/1756 | loss 0.2409 | data 0.1 ms | step 88.1 ms | 5814.3 samples/s
  step   350/1756 | loss 0.3559 | data 0.1 ms | step 88.1 ms | 5814.4 samples/s
  step   400/1756 | loss 0.3160 | data 0.1 ms | step 88.0 ms | 5821.3 samples/s
  step   450/1756 | loss 0.2963 | data 0.1 ms | step 87.9 ms | 5822.6 samples/s
  step   500/1756 | loss 0.2816 | data 0.1 ms | step 87.9 ms | 5827.0 samples/s
  step   550/1756 | loss 0.2722 | data 0.1 ms | step 88.2 ms | 5806.0 samples/s
  step   600/1756 | loss 0.2645 | data 0.1 ms | step 88.1 ms | 5810.4 samples/s
  step   650/1756 | loss 0.2371 | data 0.1 ms | step 88.2 ms | 5803.6 samples/s
  step   700/1756 | loss 0.2361 | data 0.1 ms | step 88.1 ms | 5809.6 samples/s
  step   750/1756 | loss 0.2768 | data 0.1 ms | step 88.1 ms | 5812.6 samples/s
  step   800/1756 | loss 0.2557 | data 0.1 ms | step 88.0 ms | 5815.0 samples/s
  step   850/1756 | loss 0.2417 | data 0.1 ms | step 88.3 ms | 5801.0 samples/s
  step   900/1756 | loss 0.2299 | data 0.1 ms | step 88.2 ms | 5805.9 samples/s
  step   950/1756 | loss 0.2138 | data 0.1 ms | step 88.1 ms | 5808.6 samples/s
  step  1000/1756 | loss 0.2138 | data 0.1 ms | step 88.2 ms | 5808.0 samples/s
  step  1050/1756 | loss 0.2149 | data 0.1 ms | step 88.2 ms | 5807.8 samples/s
  step  1100/1756 | loss 0.2016 | data 0.1 ms | step 88.2 ms | 5807.7 samples/s
  step  1150/1756 | loss 0.1989 | data 0.1 ms | step 88.1 ms | 5809.0 samples/s
  step  1200/1756 | loss 0.1908 | data 0.1 ms | step 88.1 ms | 5813.8 samples/s
  step  1250/1756 | loss 0.1935 | data 0.1 ms | step 88.1 ms | 5813.4 samples/s
  step  1300/1756 | loss 0.2329 | data 0.1 ms | step 88.1 ms | 5809.3 samples/s
  step  1350/1756 | loss 0.7618 | data 0.1 ms | step 88.0 ms | 5815.1 samples/s
  step  1400/1756 | loss 0.4096 | data 0.1 ms | step 88.1 ms | 5811.2 samples/s
  step  1450/1756 | loss 0.3681 | data 0.1 ms | step 88.2 ms | 5805.9 samples/s
  step  1500/1756 | loss 0.3223 | data 0.1 ms | step 88.0 ms | 5818.2 samples/s
  step  1550/1756 | loss 0.2940 | data 0.1 ms | step 88.1 ms | 5812.4 samples/s
  step  1600/1756 | loss 0.2886 | data 0.1 ms | step 88.1 ms | 5814.6 samples/s
  step  1650/1756 | loss 0.2953 | data 0.1 ms | step 88.0 ms | 5818.4 samples/s
  step  1700/1756 | loss 0.2730 | data 0.1 ms | step 88.0 ms | 5821.3 samples/s
  step  1750/1756 | loss 0.2977 | data 0.5 ms | step 88.1 ms | 5814.0 samples/s
Training Loss: 0.276906 | data 0.1 ms | step 88.1 ms | 5811.7 samples/s
Peak GPU memory: 7324.6 MB
Validation Loss: 0.267379 | data 0.1 ms | step 44.6 ms | 11471.3 samples/s

Epoch 9/100
----------------------------------------
Learning Rate: 0.000100
Batch Size   : 512
  step    50/1756 | loss 0.2440 | data 0.6 ms | step 88.3 ms | 5798.5 samples/s
  step   100/1756 | loss 0.2337 | data 0.1 ms | step 88.2 ms | 5807.6 samples/s
  step   150/1756 | loss 0.2520 | data 0.1 ms | step 88.2 ms | 5801.7 samples/s
  step   200/1756 | loss 0.2481 | data 0.1 ms | step 88.2 ms | 5803.4 samples/s
  step   250/1756 | loss 0.2492 | data 0.1 ms | step 88.2 ms | 5805.5 samples/s
  step   300/1756 | loss 0.2410 | data 0.1 ms | step 88.1 ms | 5809.1 samples/s
  step   350/1756 | loss 0.2246 | data 0.1 ms | step 88.1 ms | 5809.6 samples/s
  step   400/1756 | loss 0.2302 | data 0.1 ms | step 88.1 ms | 5810.7 samples/s
  step   450/1756 | loss 0.2242 | data 0.1 ms | step 88.1 ms | 5808.7 samples/s
  step   500/1756 | loss 0.2253 | data 0.1 ms | step 88.3 ms | 5801.0 samples/s
  step   550/1756 | loss 0.2336 | data 0.1 ms | step 88.2 ms | 5805.8 samples/s
  step   600/1756 | loss 0.2292 | data 0.1 ms | step 88.2 ms | 5802.2 samples/s
  step   650/1756 | loss 0.2258 | data 0.1 ms | step 88.2 ms | 5805.8 samples/s
  step   700/1756 | loss 0.2140 | data 0.1 ms | step 88.2 ms | 5805.7 samples/s
  step   750/1756 | loss 0.2073 | data 0.1 ms | step 88.2 ms | 5808.1 samples/s
  step   800/1756 | loss 0.2191 | data 0.1 ms | step 88.1 ms | 5812.3 samples/s
  step   850/1756 | loss 0.2221 | data 0.1 ms | step 87.9 ms | 5823.6 samples/s
  step   900/1756 | loss 0.2144 | data 0.1 ms | step 88.0 ms | 5816.4 samples/s
  step   950/1756 | loss 0.2161 | data 0.1 ms | step 88.1 ms | 5809.8 samples/s
  step  1000/1756 | loss 0.2080 | data 0.1 ms | step 88.1 ms | 5810.6 samples/s
  step  1050/1756 | loss 0.2172 | data 0.1 ms | step 88.1 ms | 5813.8 samples/s
  step  1100/1756 | loss 0.2506 | data 0.1 ms | step 88.1 ms | 5813.5 samples/s
  step  1150/1756 | loss 0.2629 | data 0.1 ms | step 88.0 ms | 5816.8 samples/s
  step  1200/1756 | loss 0.2272 | data 0.1 ms | step 88.1 ms | 5814.5 samples/s
  step  1250/1756 | loss 0.1961 | data 0.1 ms | step 88.1 ms | 5812.0 samples/s
  step  1300/1756 | loss 0.2078 | data 0.1 ms | step 88.3 ms | 5800.7 samples/s
  step  1350/1756 | loss 0.1846 | data 0.1 ms | step 88.3 ms | 5799.2 samples/s
  step  1400/1756 | loss 0.1877 | data 0.1 ms | step 88.2 ms | 5804.8 samples/s
  step  1450/1756 | loss 0.1791 | data 0.1 ms | step 88.1 ms | 5811.3 samples/s
  step  1500/1756 | loss 0.1834 | data 0.1 ms | step 88.0 ms | 5817.8 samples/s
  step  1550/1756 | loss 0.1853 | data 0.1 ms | step 88.1 ms | 5812.7 samples/s
  step  1600/1756 | loss 0.2072 | data 0.1 ms | step 88.1 ms | 5813.3 samples/s
  step  1650/1756 | loss 0.1920 | data 0.1 ms | step 87.9 ms | 5822.2 samples/s
  step  1700/1756 | loss 0.3153 | data 0.1 ms | step 88.0 ms | 5816.2 samples/s
  step  1750/1756 | loss 0.2255 | data 0.6 ms | step 88.1 ms | 5812.3 samples/s
Training Loss: 0.222245 | data 0.1 ms | step 88.1 ms | 5809.6 samples/s
Peak GPU memory: 7324.6 MB
Validation Loss: 0.208485 | data 0.1 ms | step 44.7 ms | 11452.2 samples/s

Epoch 10/100
----------------------------------------
Learning Rate: 0.000100
Batch Size   : 512
  step    50/1756 | loss 0.2148 | data 0.7 ms | step 88.3 ms | 5796.6 samples/s
  step   100/1756 | loss 0.2483 | data 0.1 ms | step 88.2 ms | 5806.1 samples/s
  step   150/1756 | loss 0.2086 | data 0.1 ms | step 88.1 ms | 5811.0 samples/s
  step   200/1756 | loss 0.2043 | data 0.1 ms | step 88.2 ms | 5807.3 samples/s
  step   250/1756 | loss 0.1984 | data 0.1 ms | step 88.1 ms | 5808.8 samples/s
  step   300/1756 | loss 0.2116 | data 0.1 ms | step 88.1 ms | 5811.9 samples/s
  step   350/1756 | loss 0.1970 | data 0.1 ms | step 88.1 ms | 5812.9 samples/s
  step   400/1756 | loss 0.1870 | data 0.1 ms | step 88.0 ms | 5815.7 samples/s
  step   450/1756 | loss 0.2334 | data 0.1 ms | step 88.3 ms | 5798.8 samples/s
  step   500/1756 | loss 0.3809 | data 0.1 ms | step 88.0 ms | 5817.4 samples/s
  step   550/1756 | loss 0.3812 | data 0.1 ms | step 88.1 ms | 5813.0 samples/s
  step   600/1756 | loss 0.2846 | data 0.1 ms | step 88.2 ms | 5804.6 samples/s
  step   650/1756 | loss 0.2394 | data 0.1 ms | step 88.2 ms | 5802.3 samples/s
  step   700/1756 | loss 0.2277 | data 0.1 ms | step 88.1 ms | 5811.1 samples/s
  step   750/1756 | loss 0.2185 | data 0.1 ms | step 88.2 ms | 5802.0 samples/s
  step   800/1756 | loss 0.2243 | data 0.1 ms | step 88.3 ms | 5801.6 samples/s
  step   850/1756 | loss 0.2217 | data 0.1 ms | step 88.2 ms | 5806.6 samples/s
  step   900/1756 | loss 0.2352 | data 0.1 ms | step 88.3 ms | 5800.8 samples/s
  step   950/1756 | loss 0.2114 | data 0.1 ms | step 88.2 ms | 5807.5 samples/s
  step  1000/1756 | loss 0.2063 | data 0.1 ms | step 88.1 ms | 5808.7 samples/s
  step  1050/1756 | loss 0.1911 | data 0.1 ms | step 88.2 ms | 5807.6 samples/s
  step  1100/1756 | loss 0.2061 | data 0.1 ms | step 88.1 ms | 5808.6 samples/s
  step  1150/1756 | loss 0.2974 | data 0.1 ms | step 88.2 ms | 5804.1 samples/s
  step  1200/1756 | loss 0.3004 | data 0.1 ms | step 88.3 ms | 5798.7 samples/s
  step  1250/1756 | loss 0.2749 | data 0.1 ms | step 88.2 ms | 5804.2 samples/s
  step  1300/1756 | loss 0.2360 | data 0.1 ms | step 88.1 ms | 5810.7 samples/s
  step  1350/1756 | loss 0.2315 | data 0.1 ms | step 88.2 ms | 5802.8 samples/s
  step  1400/1756 | loss 0.2015 | data 0.1 ms | step 88.2 ms | 5804.8 samples/s
  step  1450/1756 | loss 0.2182 | data 0.1 ms | step 88.1 ms | 5811.0 samples/s
  step  1500/1756 | loss 0.2825 | data 0.1 ms | step 88.1 ms | 5810.3 samples/s
  step  1550/1756 | loss 0.2871 | data 0.1 ms | step 88.0 ms | 5815.7 samples/s
  step  1600/1756 | loss 0.2948 | data 0.1 ms | step 88.1 ms | 5808.9 samples/s
  step  1650/1756 | loss 0.3128 | data 0.1 ms | step 88.2 ms | 5805.5 samples/s
  step  1700/1756 | loss 0.2477 | data 0.1 ms | step 87.9 ms | 5822.2 samples/s
  step  1750/1756 | loss 0.2101 | data 0.5 ms | step 88.1 ms | 5814.3 samples/s
Training Loss: 0.243550 | data 0.1 ms | step 88.1 ms | 5807.8 samples/s
Peak GPU memory: 7324.6 MB
Validation Loss: 0.306181 | data 0.1 ms | step 44.7 ms | 11444.5 samples/s

Epoch 11/100
----------------------------------------
Learning Rate: 0.000090
Batch Size   : 512
  step    50/1756 | loss 0.2786 | data 3.1 ms | step 88.3 ms | 5800.9 samples/s
  step   100/1756 | loss 0.2474 | data 0.1 ms | step 88.2 ms | 5806.7 samples/s
  step   150/1756 | loss 0.2421 | data 0.1 ms | step 88.3 ms | 5796.2 samples/s
  step   200/1756 | loss 0.4385 | data 0.1 ms | step 88.3 ms | 5801.2 samples/s
  step   250/1756 | loss 0.3328 | data 0.1 ms | step 88.1 ms | 5811.1 samples/s
  step   300/1756 | loss 0.2837 | data 0.1 ms | step 88.2 ms | 5802.8 samples/s
  step   350/1756 | loss 0.2461 | data 0.1 ms | step 88.2 ms | 5806.3 samples/s
  step   400/1756 | loss 0.2269 | data 0.1 ms | step 88.0 ms | 5817.0 samples/s
  step   450/1756 | loss 0.2246 | data 0.1 ms | step 88.0 ms | 5815.1 samples/s
  step   500/1756 | loss 0.2000 | data 0.1 ms | step 88.0 ms | 5820.8 samples/s
  step   550/1756 | loss 0.2038 | data 0.1 ms | step 87.9 ms | 5821.8 samples/s
  step   600/1756 | loss 0.2054 | data 0.1 ms | step 88.2 ms | 5802.4 samples/s
  step   650/1756 | loss 0.2047 | data 0.1 ms | step 88.3 ms | 5796.9 samples/s
  step   700/1756 | loss 0.1897 | data 0.1 ms | step 88.2 ms | 5807.3 samples/s
  step   750/1756 | loss 0.2195 | data 0.1 ms | step 88.0 ms | 5819.6 samples/s
  step   800/1756 | loss 0.1972 | data 0.1 ms | step 88.1 ms | 5810.8 samples/s
  step   850/1756 | loss 0.2006 | data 0.1 ms | step 88.1 ms | 5814.7 samples/s
  step   900/1756 | loss 0.1893 | data 0.1 ms | step 88.0 ms | 5816.0 samples/s
  step   950/1756 | loss 0.1975 | data 0.1 ms | step 88.1 ms | 5812.7 samples/s
  step  1000/1756 | loss 0.2061 | data 0.1 ms | step 88.0 ms | 5818.3 samples/s
  step  1050/1756 | loss 0.1876 | data 0.1 ms | step 88.0 ms | 5817.0 samples/s
  step  1100/1756 | loss 0.2061 | data 0.1 ms | step 88.1 ms | 5810.6 samples/s
  step  1150/1756 | loss 0.1989 | data 0.1 ms | step 88.2 ms | 5805.7 samples/s
  step  1200/1756 | loss 0.1903 | data 0.1 ms | step 88.4 ms | 5794.6 samples/s
  step  1250/1756 | loss 0.1882 | data 0.1 ms | step 88.3 ms | 5798.1 samples/s
  step  1300/1756 | loss 0.1882 | data 0.1 ms | step 88.3 ms | 5799.2 samples/s
  step  1350/1756 | loss 0.1857 | data 0.1 ms | step 88.1 ms | 5810.1 samples/s
  step  1400/1756 | loss 0.1834 | data 0.1 ms | step 88.1 ms | 5808.5 samples/s
  step  1450/1756 | loss 0.1720 | data 0.1 ms | step 88.2 ms | 5803.3 samples/s
  step  1500/1756 | loss 0.1762 | data 0.1 ms | step 88.0 ms | 5815.6 samples/s
  step  1550/1756 | loss 0.1768 | data 0.1 ms | step 88.1 ms | 5810.5 samples/s
  step  1600/1756 | loss 0.1722 | data 0.1 ms | step 88.0 ms | 5818.5 samples/s
  step  1650/1756 | loss 0.1686 | data 0.1 ms | step 88.0 ms | 5817.3 samples/s
  step  1700/1756 | loss 0.1666 | data 0.1 ms | step 88.3 ms | 5801.4 samples/s
  step  1750/1756 | loss 0.1623 | data 0.6 ms | step 88.5 ms | 5788.3 samples/s
Training Loss: 0.213315 | data 0.2 ms | step 88.1 ms | 5808.4 samples/s
Peak GPU memory: 7324.6 MB
Validation Loss: 0.379466 | data 0.1 ms | step 44.7 ms | 11452.8 samples/s

Epoch 12/100
----------------------------------------
Learning Rate: 0.000090
Batch Size   : 512
  step    50/1756 | loss 0.3087 | data 0.7 ms | step 88.4 ms | 5794.7 samples/s
  step   100/1756 | loss 0.2574 | data 0.1 ms | step 88.3 ms | 5798.4 samples/s
  step   150/1756 | loss 0.2451 | data 0.1 ms | step 88.2 ms | 5803.5 samples/s
  step   200/1756 | loss 0.2125 | data 0.1 ms | step 88.3 ms | 5796.6 samples/s
  step   250/1756 | loss 0.1970 | data 0.1 ms | step 88.3 ms | 5800.4 samples/s
  step   300/1756 | loss 0.1816 | data 0.1 ms | step 88.3 ms | 5795.6 samples/s
  step   350/1756 | loss 0.1982 | data 0.1 ms | step 88.2 ms | 5802.6 samples/s
  step   400/1756 | loss 0.1949 | data 0.1 ms | step 88.0 ms | 5817.6 samples/s
  step   450/1756 | loss 0.1860 | data 0.1 ms | step 88.0 ms | 5818.6 samples/s
  step   500/1756 | loss 0.1755 | data 0.1 ms | step 88.1 ms | 5810.2 samples/s
  step   550/1756 | loss 0.1815 | data 0.1 ms | step 88.2 ms | 5805.2 samples/s
  step   600/1756 | loss 0.1741 | data 0.1 ms | step 88.5 ms | 5785.1 samples/s
  step   650/1756 | loss 0.1695 | data 0.1 ms | step 88.3 ms | 5797.5 samples/s
  step   700/1756 | loss 0.1693 | data 0.1 ms | step 88.3 ms | 5800.0 samples/s
  step   750/1756 | loss 0.1676 | data 0.1 ms | step 88.2 ms | 5808.0 samples/s
  step   800/1756 | loss 0.1638 | data 0.1 ms | step 88.2 ms | 5803.7 samples/s
  step   850/1756 | loss 0.1779 | data 0.1 ms | step 88.3 ms | 5798.4 samples/s
  step   900/1756 | loss 0.1717 | data 0.1 ms | step 88.1 ms | 5809.4 samples/s
  step   950/1756 | loss 0.1702 | data 0.1 ms | step 88.1 ms | 5811.8 samples/s
  step  1000/1756 | loss 0.1659 | data 0.1 ms | step 87.9 ms | 5823.6 samples/s
  step  1050/1756 | loss 0.1580 | data 0.1 ms | step 88.1 ms | 5812.3 samples/s
  step  1100/1756 | loss 0.1494 | data 0.1 ms | step 88.2 ms | 5808.2 samples/s
  step  1150/1756 | loss 0.1671 | data 0.1 ms | step 88.1 ms | 5809.0 samples/s
  step  1200/1756 | loss 0.1778 | data 0.1 ms | step 88.2 ms | 5805.1 samples/s
  step  1250/1756 | loss 0.1592 | data 0.1 ms | step 88.2 ms | 5803.8 samples/s
  step  1300/1756 | loss 0.1565 | data 0.1 ms | step 88.2 ms | 5804.9 samples/s
  step  1350/1756 | loss 0.1494 | data 0.1 ms | step 88.0 ms | 5817.8 samples/s
  step  1400/1756 | loss 0.1932 | data 0.1 ms | step 88.1 ms | 5812.9 samples/s
  step  1450/1756 | loss 0.1862 | data 0.1 ms | step 88.1 ms | 5813.1 samples/s
  step  1500/1756 | loss 0.1921 | data 0.1 ms | step 88.0 ms | 5814.9 samples/s
  step  1550/1756 | loss 0.1711 | data 0.1 ms | step 88.1 ms | 5811.1 samples/s
  step  1600/1756 | loss 0.1709 | data 0.1 ms | step 88.2 ms | 5806.9 samples/s
  step  1650/1756 | loss 0.1614 | data 0.1 ms | step 88.1 ms | 5810.6 samples/s
  step  1700/1756 | loss 0.1662 | data 0.1 ms | step 87.9 ms | 5825.4 samples/s
  step  1750/1756 | loss 0.1498 | data 0.5 ms | step 88.0 ms | 5816.7 samples/s
Training Loss: 0.182259 | data 0.1 ms | step 88.1 ms | 5807.2 samples/s
Peak GPU memory: 7324.6 MB
Validation Loss: 0.189538 | data 0.1 ms | step 44.7 ms | 11458.9 samples/s

Epoch 13/100
----------------------------------------
Learning Rate: 0.000090
Batch Size   : 512
  step    50/1756 | loss 0.1776 | data 0.8 ms | step 88.2 ms | 5806.6 samples/s
  step   100/1756 | loss 0.1529 | data 0.1 ms | step 88.2 ms | 5804.4 samples/s
  step   150/1756 | loss 0.1491 | data 0.1 ms | step 88.4 ms | 5791.8 samples/s
  step   200/1756 | loss 0.1913 | data 0.1 ms | step 88.3 ms | 5798.2 samples/s
  step   250/1756 | loss 0.1722 | data 0.1 ms | step 88.0 ms | 5818.4 samples/s
  step   300/1756 | loss 0.1554 | data 0.1 ms | step 88.2 ms | 5802.2 samples/s
  step   350/1756 | loss 0.1560 | data 0.1 ms | step 88.3 ms | 5797.3 samples/s
  step   400/1756 | loss 0.1578 | data 0.1 ms | step 88.3 ms | 5796.2 samples/s
  step   450/1756 | loss 0.1526 | data 0.1 ms | step 88.1 ms | 5810.8 samples/s
  step   500/1756 | loss 0.2080 | data 0.1 ms | step 88.2 ms | 5803.1 samples/s
  step   550/1756 | loss 0.1674 | data 0.1 ms | step 88.2 ms | 5801.9 samples/s
  step   600/1756 | loss 0.1876 | data 0.1 ms | step 88.2 ms | 5804.7 samples/s
  step   650/1756 | loss 0.1575 | data 0.1 ms | step 88.1 ms | 5813.8 samples/s
  step   700/1756 | loss 0.1591 | data 0.1 ms | step 88.0 ms | 5821.4 samples/s
  step   750/1756 | loss 0.1478 | data 0.1 ms | step 88.0 ms | 5817.3 samples/s
  step   800/1756 | loss 0.1649 | data 0.1 ms | step 88.2 ms | 5802.2 samples/s
  step   850/1756 | loss 0.1544 | data 0.1 ms | step 88.3 ms | 5796.0 samples/s
  step   900/1756 | loss 0.1877 | data 0.1 ms | step 88.2 ms | 5805.9 samples/s
  step   950/1756 | loss 0.1614 | data 0.1 ms | step 88.2 ms | 5806.7 samples/s
  step  1000/1756 | loss 0.1571 | data 0.1 ms | step 88.2 ms | 5807.5 samples/s
  step  1050/1756 | loss 0.1463 | data 0.1 ms | step 88.2 ms | 5803.6 samples/s
  step  1100/1756 | loss 0.1493 | data 0.1 ms | step 88.1 ms | 5809.0 samples/s
  step  1150/1756 | loss 0.1981 | data 0.1 ms | step 88.2 ms | 5806.9 samples/s
  step  1200/1756 | loss 0.2036 | data 0.1 ms | step 88.2 ms | 5806.8 samples/s
  step  1250/1756 | loss 0.2205 | data 0.1 ms | step 88.1 ms | 5813.8 samples/s
  step  1300/1756 | loss 0.1759 | data 0.1 ms | step 88.2 ms | 5803.9 samples/s
  step  1350/1756 | loss 0.1591 | data 0.1 ms | step 88.2 ms | 5808.1 samples/s
  step  1400/1756 | loss 0.1655 | data 0.1 ms | step 88.2 ms | 5803.8 samples/s
  step  1450/1756 | loss 0.1690 | data 0.1 ms | step 88.0 ms | 5816.2 samples/s
  step  1500/1756 | loss 0.1785 | data 0.1 ms | step 88.1 ms | 5814.0 samples/s
  step  1550/1756 | loss 0.1501 | data 0.1 ms | step 88.0 ms | 5815.9 samples/s
  step  1600/1756 | loss 0.1548 | data 0.1 ms | step 88.1 ms | 5813.9 samples/s
  step  1650/1756 | loss 0.1468 | data 0.1 ms | step 88.0 ms | 5819.7 samples/s
  step  1700/1756 | loss 0.1466 | data 0.1 ms | step 88.0 ms | 5815.8 samples/s
  step  1750/1756 | loss 0.1348 | data 0.5 ms | step 88.3 ms | 5795.9 samples/s
Training Loss: 0.166140 | data 0.1 ms | step 88.1 ms | 5807.2 samples/s
Peak GPU memory: 7324.6 MB
Validation Loss: 0.146462 | data 0.1 ms | step 44.7 ms | 11451.0 samples/s

Epoch 14/100
----------------------------------------
Learning Rate: 0.000090
Batch Size   : 512
  step    50/1756 | loss 0.1433 | data 0.8 ms | step 88.4 ms | 5794.0 samples/s
  step   100/1756 | loss 0.1406 | data 0.1 ms | step 88.2 ms | 5807.4 samples/s
  step   150/1756 | loss 0.1435 | data 0.1 ms | step 88.2 ms | 5806.4 samples/s
  step   200/1756 | loss 0.1540 | data 0.1 ms | step 88.3 ms | 5801.2 samples/s
  step   250/1756 | loss 0.1401 | data 0.1 ms | step 88.2 ms | 5805.8 samples/s
  step   300/1756 | loss 0.1623 | data 0.1 ms | step 88.2 ms | 5807.8 samples/s
  step   350/1756 | loss 0.1558 | data 0.1 ms | step 88.2 ms | 5805.2 samples/s
  step   400/1756 | loss 0.2064 | data 0.1 ms | step 88.1 ms | 5811.8 samples/s
  step   450/1756 | loss 0.1701 | data 0.1 ms | step 88.2 ms | 5803.7 samples/s
  step   500/1756 | loss 0.1620 | data 0.1 ms | step 88.2 ms | 5802.6 samples/s
  step   550/1756 | loss 0.1637 | data 0.1 ms | step 88.1 ms | 5808.4 samples/s
  step   600/1756 | loss 0.1684 | data 0.1 ms | step 88.1 ms | 5810.6 samples/s
  step   650/1756 | loss 0.1578 | data 0.1 ms | step 88.1 ms | 5810.4 samples/s
  step   700/1756 | loss 0.1816 | data 0.1 ms | step 88.1 ms | 5813.2 samples/s
  step   750/1756 | loss 0.1716 | data 0.1 ms | step 88.1 ms | 5814.0 samples/s
  step   800/1756 | loss 0.1523 | data 0.1 ms | step 88.0 ms | 5816.9 samples/s
  step   850/1756 | loss 0.1462 | data 0.1 ms | step 88.1 ms | 5811.0 samples/s
  step   900/1756 | loss 0.1337 | data 0.1 ms | step 88.3 ms | 5797.2 samples/s
  step   950/1756 | loss 0.1460 | data 0.1 ms | step 88.3 ms | 5797.6 samples/s
  step  1000/1756 | loss 0.1482 | data 0.1 ms | step 88.2 ms | 5804.2 samples/s
  step  1050/1756 | loss 0.1440 | data 0.1 ms | step 88.2 ms | 5806.4 samples/s
  step  1100/1756 | loss 0.1438 | data 0.1 ms | step 88.0 ms | 5819.5 samples/s
  step  1150/1756 | loss 0.1516 | data 0.1 ms | step 88.1 ms | 5811.6 samples/s
  step  1200/1756 | loss 0.1378 | data 0.1 ms | step 88.1 ms | 5809.8 samples/s
  step  1250/1756 | loss 0.1378 | data 0.1 ms | step 88.3 ms | 5801.1 samples/s
  step  1300/1756 | loss 0.1278 | data 0.1 ms | step 88.0 ms | 5817.2 samples/s
  step  1350/1756 | loss 0.1270 | data 0.1 ms | step 88.1 ms | 5808.3 samples/s
  step  1400/1756 | loss 0.1861 | data 0.1 ms | step 88.2 ms | 5804.3 samples/s
  step  1450/1756 | loss 0.1591 | data 0.1 ms | step 88.2 ms | 5806.1 samples/s
  step  1500/1756 | loss 0.1611 | data 0.1 ms | step 88.1 ms | 5813.1 samples/s
  step  1550/1756 | loss 0.1512 | data 0.1 ms | step 88.2 ms | 5808.3 samples/s
  step  1600/1756 | loss 0.1496 | data 0.1 ms | step 88.0 ms | 5820.5 samples/s
  step  1650/1756 | loss 0.1466 | data 0.1 ms | step 87.9 ms | 5822.4 samples/s
  step  1700/1756 | loss 0.1254 | data 0.1 ms | step 88.0 ms | 5821.3 samples/s
  step  1750/1756 | loss 0.1315 | data 0.5 ms | step 88.1 ms | 5812.4 samples/s
Training Loss: 0.152086 | data 0.1 ms | step 88.1 ms | 5808.9 samples/s
Peak GPU memory: 7324.6 MB
Validation Loss: 0.132548 | data 0.1 ms | step 44.6 ms | 11461.1 samples/s

Epoch 15/100
----------------------------------------
Learning Rate: 0.000090
Batch Size   : 512
  step    50/1756 | loss 0.1283 | data 0.6 ms | step 88.4 ms | 5789.1 samples/s
  step   100/1756 | loss 0.1581 | data 0.1 ms | step 88.2 ms | 5805.2 samples/s
  step   150/1756 | loss 0.2299 | data 0.1 ms | step 88.1 ms | 5813.0 samples/s
  step   200/1756 | loss 0.2061 | data 0.1 ms | step 88.1 ms | 5813.5 samples/s
  step   250/1756 | loss 0.1585 | data 0.1 ms | step 88.1 ms | 5809.0 samples/s
  step   300/1756 | loss 0.1431 | data 0.1 ms | step 88.1 ms | 5814.5 samples/s
  step   350/1756 | loss 0.1453 | data 0.1 ms | step 88.0 ms | 5817.1 samples/s
  step   400/1756 | loss 0.1483 | data 0.1 ms | step 88.0 ms | 5819.5 samples/s
  step   450/1756 | loss 0.1398 | data 0.1 ms | step 88.0 ms | 5818.8 samples/s
  step   500/1756 | loss 0.1332 | data 0.1 ms | step 88.1 ms | 5812.7 samples/s
  step   550/1756 | loss 0.1348 | data 0.1 ms | step 88.1 ms | 5814.3 samples/s
  step   600/1756 | loss 0.1346 | data 0.1 ms | step 88.0 ms | 5816.2 samples/s
  step   650/1756 | loss 0.1346 | data 0.1 ms | step 88.1 ms | 5812.3 samples/s
  step   700/1756 | loss 0.1395 | data 0.1 ms | step 88.2 ms | 5804.7 samples/s
  step   750/1756 | loss 0.1353 | data 0.1 ms | step 88.2 ms | 5808.2 samples/s
  step   800/1756 | loss 0.1252 | data 0.1 ms | step 88.1 ms | 5811.3 samples/s
  step   850/1756 | loss 0.1329 | data 0.1 ms | step 88.0 ms | 5818.2 samples/s
  step   900/1756 | loss 0.1349 | data 0.1 ms | step 88.1 ms | 5814.9 samples/s
  step   950/1756 | loss 0.1382 | data 0.1 ms | step 88.0 ms | 5819.8 samples/s
  step  1000/1756 | loss 0.2859 | data 0.1 ms | step 88.2 ms | 5805.0 samples/s
  step  1050/1756 | loss 0.3798 | data 0.1 ms | step 88.0 ms | 5816.2 samples/s
  step  1100/1756 | loss 0.2827 | data 0.1 ms | step 88.2 ms | 5803.6 samples/s
  step  1150/1756 | loss 0.2282 | data 0.1 ms | step 88.0 ms | 5819.8 samples/s
  step  1200/1756 | loss 0.2657 | data 0.1 ms | step 88.0 ms | 5815.9 samples/s
  step  1250/1756 | loss 0.2688 | data 0.1 ms | step 88.0 ms | 5819.6 samples/s
  step  1300/1756 | loss 0.2313 | data 0.1 ms | step 88.0 ms | 5816.9 samples/s
  step  1350/1756 | loss 0.2334 | data 0.1 ms | step 88.2 ms | 5805.0 samples/s
  step  1400/1756 | loss 0.1803 | data 0.1 ms | step 88.1 ms | 5812.3 samples/s
  step  1450/1756 | loss 0.1849 | data 0.1 ms | step 88.1 ms | 5810.2 samples/s
  step  1500/1756 | loss 0.1786 | data 0.1 ms | step 88.2 ms | 5806.6 samples/s
  step  1550/1756 | loss 0.1784 | data 0.1 ms | step 88.0 ms | 5816.7 samples/s
  step  1600/1756 | loss 0.1668 | data 0.1 ms | step 88.0 ms | 5815.5 samples/s
  step  1650/1756 | loss 0.1795 | data 0.1 ms | step 88.1 ms | 5814.5 samples/s
  step  1700/1756 | loss 0.1509 | data 0.1 ms | step 87.9 ms | 5823.9 samples/s
  step  1750/1756 | loss 0.1405 | data 0.5 ms | step 88.1 ms | 5808.8 samples/s
Training Loss: 0.180948 | data 0.1 ms | step 88.0 ms | 5812.6 samples/s
Peak GPU memory: 7324.6 MB
Validation Loss: 0.144949 | data 0.1 ms | step 44.6 ms | 11470.7 samples/s

Epoch 16/100
----------------------------------------
Learning Rate: 0.000090
Batch Size   : 512
  step    50/1756 | loss 0.1445 | data 0.7 ms | step 88.3 ms | 5796.8 samples/s
  step   100/1756 | loss 0.1434 | data 0.1 ms | step 88.1 ms | 5813.1 samples/s
  step   150/1756 | loss 0.1381 | data 0.1 ms | step 88.0 ms | 5815.0 samples/s
  step   200/1756 | loss 0.1507 | data 0.1 ms | step 88.1 ms | 5810.8 samples/s
  step   250/1756 | loss 0.1320 | data 0.1 ms | step 88.1 ms | 5814.1 samples/s
  step   300/1756 | loss 0.1334 | data 0.1 ms | step 88.1 ms | 5809.8 samples/s
  step   350/1756 | loss 0.1386 | data 0.1 ms | step 88.1 ms | 5810.8 samples/s
  step   400/1756 | loss 0.1365 | data 0.1 ms | step 88.1 ms | 5813.9 samples/s
  step   450/1756 | loss 0.1385 | data 0.1 ms | step 88.1 ms | 5811.4 samples/s
  step   500/1756 | loss 0.1365 | data 0.1 ms | step 88.1 ms | 5812.4 samples/s
  step   550/1756 | loss 0.1451 | data 0.1 ms | step 88.1 ms | 5810.1 samples/s
  step   600/1756 | loss 0.1423 | data 0.1 ms | step 88.2 ms | 5804.3 samples/s
  step   650/1756 | loss 0.1319 | data 0.1 ms | step 88.2 ms | 5806.8 samples/s
  step   700/1756 | loss 0.1351 | data 0.1 ms | step 88.1 ms | 5811.8 samples/s
  step   750/1756 | loss 0.1348 | data 0.1 ms | step 88.0 ms | 5816.5 samples/s
  step   800/1756 | loss 0.1355 | data 0.1 ms | step 88.3 ms | 5801.6 samples/s
  step   850/1756 | loss 0.1281 | data 0.1 ms | step 88.1 ms | 5814.0 samples/s
  step   900/1756 | loss 0.1242 | data 0.1 ms | step 88.1 ms | 5811.8 samples/s
  step   950/1756 | loss 0.1199 | data 0.1 ms | step 88.1 ms | 5813.1 samples/s
  step  1000/1756 | loss 0.1242 | data 0.1 ms | step 88.1 ms | 5811.5 samples/s
  step  1050/1756 | loss 0.1212 | data 0.1 ms | step 88.0 ms | 5815.4 samples/s
  step  1100/1756 | loss 0.1231 | data 0.1 ms | step 87.9 ms | 5823.2 samples/s
  step  1150/1756 | loss 0.1273 | data 0.1 ms | step 87.9 ms | 5823.1 samples/s
  step  1200/1756 | loss 0.1260 | data 0.1 ms | step 88.1 ms | 5811.3 samples/s
  step  1250/1756 | loss 0.1170 | data 0.1 ms | step 88.0 ms | 5816.0 samples/s
  step  1300/1756 | loss 0.1260 | data 0.1 ms | step 88.1 ms | 5811.6 samples/s
  step  1350/1756 | loss 0.1235 | data 0.1 ms | step 88.1 ms | 5812.1 samples/s
  step  1400/1756 | loss 0.1420 | data 0.1 ms | step 88.1 ms | 5809.6 samples/s
  step  1450/1756 | loss 0.1293 | data 0.1 ms | step 88.3 ms | 5800.7 samples/s
  step  1500/1756 | loss 0.1342 | data 0.1 ms | step 88.3 ms | 5797.8 samples/s
  step  1550/1756 | loss 0.1164 | data 0.1 ms | step 88.2 ms | 5803.2 samples/s
  step  1600/1756 | loss 0.1156 | data 0.1 ms | step 88.1 ms | 5811.9 samples/s
  step  1650/1756 | loss 0.1383 | data 0.1 ms | step 88.2 ms | 5804.6 samples/s
  step  1700/1756 | loss 0.1209 | data 0.1 ms | step 88.1 ms | 5812.5 samples/s
  step  1750/1756 | loss 0.1192 | data 0.5 ms | step 88.1 ms | 5814.8 samples/s
Training Loss: 0.131190 | data 0.1 ms | step 88.1 ms | 5810.7 samples/s
Peak GPU memory: 7324.6 MB
Validation Loss: 0.128179 | data 0.1 ms | step 44.6 ms | 11463.3 samples/s

Epoch 17/100
----------------------------------------
Learning Rate: 0.000090
Batch Size   : 512
  step    50/1756 | loss 0.1198 | data 0.6 ms | step 88.4 ms | 5792.8 samples/s
  step   100/1756 | loss 0.1211 | data 0.1 ms | step 88.1 ms | 5812.4 samples/s
  step   150/1756 | loss 0.1116 | data 0.1 ms | step 88.0 ms | 5818.2 samples/s
  step   200/1756 | loss 0.1215 | data 0.1 ms | step 88.1 ms | 5811.6 samples/s
  step   250/1756 | loss 0.1151 | data 0.1 ms | step 88.0 ms | 5817.8 samples/s
  step   300/1756 | loss 0.1220 | data 0.1 ms | step 88.0 ms | 5819.4 samples/s
  step   350/1756 | loss 0.1282 | data 0.1 ms | step 88.0 ms | 5815.7 samples/s
  step   400/1756 | loss 0.1206 | data 0.1 ms | step 88.1 ms | 5810.0 samples/s
  step   450/1756 | loss 0.1211 | data 0.1 ms | step 88.0 ms | 5818.2 samples/s
  step   500/1756 | loss 0.1125 | data 0.1 ms | step 88.0 ms | 5818.5 samples/s
  step   550/1756 | loss 0.1146 | data 0.1 ms | step 88.0 ms | 5818.5 samples/s
  step   600/1756 | loss 0.1188 | data 0.1 ms | step 88.0 ms | 5819.2 samples/s
  step   650/1756 | loss 0.1101 | data 0.1 ms | step 88.1 ms | 5811.7 samples/s
  step   700/1756 | loss 0.1366 | data 0.1 ms | step 88.1 ms | 5813.6 samples/s
  step   750/1756 | loss 0.1198 | data 0.1 ms | step 88.1 ms | 5808.4 samples/s
  step   800/1756 | loss 0.1211 | data 0.1 ms | step 88.2 ms | 5805.6 samples/s
  step   850/1756 | loss 0.1130 | data 0.1 ms | step 88.2 ms | 5802.6 samples/s
  step   900/1756 | loss 0.1086 | data 0.1 ms | step 88.1 ms | 5811.8 samples/s
  step   950/1756 | loss 0.1081 | data 0.1 ms | step 88.1 ms | 5808.9 samples/s
  step  1000/1756 | loss 0.1332 | data 0.1 ms | step 88.1 ms | 5811.2 samples/s
  step  1050/1756 | loss 0.1736 | data 0.1 ms | step 88.1 ms | 5809.2 samples/s
  step  1100/1756 | loss 0.1631 | data 0.1 ms | step 88.3 ms | 5800.9 samples/s
  step  1150/1756 | loss 0.1440 | data 0.1 ms | step 88.3 ms | 5800.8 samples/s
  step  1200/1756 | loss 0.1181 | data 0.1 ms | step 88.3 ms | 5797.9 samples/s
  step  1250/1756 | loss 0.1327 | data 0.1 ms | step 88.2 ms | 5803.7 samples/s
  step  1300/1756 | loss 0.1203 | data 0.1 ms | step 88.3 ms | 5801.4 samples/s
  step  1350/1756 | loss 0.1290 | data 0.1 ms | step 88.2 ms | 5807.8 samples/s
  step  1400/1756 | loss 0.1336 | data 0.1 ms | step 88.3 ms | 5800.6 samples/s
  step  1450/1756 | loss 0.1187 | data 0.1 ms | step 88.3 ms | 5800.7 samples/s
  step  1500/1756 | loss 0.1221 | data 0.1 ms | step 88.0 ms | 5818.8 samples/s
  step  1550/1756 | loss 0.1214 | data 0.1 ms | step 88.0 ms | 5818.2 samples/s
  step  1600/1756 | loss 0.1056 | data 0.1 ms | step 88.1 ms | 5812.1 samples/s
  step  1650/1756 | loss 0.1094 | data 0.1 ms | step 88.2 ms | 5807.0 samples/s
  step  1700/1756 | loss 0.1118 | data 0.1 ms | step 88.3 ms | 5799.1 samples/s
  step  1750/1756 | loss 0.1116 | data 0.5 ms | step 88.1 ms | 5814.1 samples/s
Training Loss: 0.122623 | data 0.1 ms | step 88.1 ms | 5809.6 samples/s
Peak GPU memory: 7324.6 MB
Validation Loss: 0.127244 | data 0.1 ms | step 44.6 ms | 11473.5 samples/s

Epoch 18/100
----------------------------------------
Learning Rate: 0.000090
Batch Size   : 512
  step    50/1756 | loss 0.1177 | data 0.8 ms | step 88.1 ms | 5809.2 samples/s
  step   100/1756 | loss 0.1161 | data 0.1 ms | step 88.2 ms | 5806.8 samples/s
  step   150/1756 | loss 0.1165 | data 0.1 ms | step 88.0 ms | 5817.4 samples/s
  step   200/1756 | loss 0.1444 | data 0.1 ms | step 88.0 ms | 5819.4 samples/s
  step   250/1756 | loss 0.1278 | data 0.1 ms | step 87.9 ms | 5823.6 samples/s
  step   300/1756 | loss 0.1173 | data 0.1 ms | step 88.1 ms | 5810.2 samples/s
  step   350/1756 | loss 0.1771 | data 0.1 ms | step 88.2 ms | 5806.4 samples/s
  step   400/1756 | loss 0.1830 | data 0.1 ms | step 88.2 ms | 5806.8 samples/s
  step   450/1756 | loss 0.1342 | data 0.1 ms | step 88.1 ms | 5809.4 samples/s
  step   500/1756 | loss 0.1320 | data 0.1 ms | step 88.1 ms | 5812.2 samples/s
  step   550/1756 | loss 0.1294 | data 0.1 ms | step 88.1 ms | 5810.5 samples/s
  step   600/1756 | loss 0.1291 | data 0.1 ms | step 88.4 ms | 5790.9 samples/s
  step   650/1756 | loss 0.1197 | data 0.1 ms | step 88.2 ms | 5802.1 samples/s
  step   700/1756 | loss 0.1212 | data 0.1 ms | step 88.1 ms | 5808.9 samples/s
  step   750/1756 | loss 0.1096 | data 0.1 ms | step 88.2 ms | 5804.7 samples/s
  step   800/1756 | loss 0.1157 | data 0.1 ms | step 88.1 ms | 5810.4 samples/s
  step   850/1756 | loss 0.1120 | data 0.1 ms | step 88.1 ms | 5809.8 samples/s
  step   900/1756 | loss 0.1213 | data 0.1 ms | step 88.2 ms | 5802.5 samples/s
  step   950/1756 | loss 0.1139 | data 0.1 ms | step 88.1 ms | 5811.9 samples/s
  step  1000/1756 | loss 0.1105 | data 0.1 ms | step 88.0 ms | 5819.6 samples/s
  step  1050/1756 | loss 0.1065 | data 0.1 ms | step 88.1 ms | 5814.1 samples/s
  step  1100/1756 | loss 0.1152 | data 0.1 ms | step 88.2 ms | 5805.8 samples/s
  step  1150/1756 | loss 0.1049 | data 0.1 ms | step 88.0 ms | 5815.0 samples/s
  step  1200/1756 | loss 0.1196 | data 0.1 ms | step 88.1 ms | 5812.1 samples/s
  step  1250/1756 | loss 0.1098 | data 0.1 ms | step 88.4 ms | 5792.0 samples/s
  step  1300/1756 | loss 0.1117 | data 0.1 ms | step 88.1 ms | 5809.1 samples/s
  step  1350/1756 | loss 0.0993 | data 0.1 ms | step 88.2 ms | 5805.4 samples/s
  step  1400/1756 | loss 0.1068 | data 0.1 ms | step 88.2 ms | 5807.1 samples/s
  step  1450/1756 | loss 0.1013 | data 0.1 ms | step 88.2 ms | 5803.8 samples/s
  step  1500/1756 | loss 0.1057 | data 0.1 ms | step 88.1 ms | 5809.2 samples/s
  step  1550/1756 | loss 0.0987 | data 0.1 ms | step 88.1 ms | 5809.7 samples/s
  step  1600/1756 | loss 0.1061 | data 0.1 ms | step 88.1 ms | 5809.9 samples/s
  step  1650/1756 | loss 0.0991 | data 0.1 ms | step 88.2 ms | 5803.5 samples/s
  step  1700/1756 | loss 0.1063 | data 0.1 ms | step 88.1 ms | 5811.5 samples/s
  step  1750/1756 | loss 0.0963 | data 0.6 ms | step 88.1 ms | 5810.6 samples/s
Training Loss: 0.118062 | data 0.1 ms | step 88.1 ms | 5808.9 samples/s
Peak GPU memory: 7324.6 MB
Validation Loss: 0.100028 | data 0.1 ms | step 44.5 ms | 11511.6 samples/s

Epoch 19/100
----------------------------------------
Learning Rate: 0.000090
Batch Size   : 512
  step    50/1756 | loss 0.1105 | data 0.7 ms | step 88.4 ms | 5789.8 samples/s
  step   100/1756 | loss 0.0977 | data 0.1 ms | step 88.1 ms | 5812.4 samples/s
  step   150/1756 | loss 0.1056 | data 0.1 ms | step 88.0 ms | 5821.2 samples/s
  step   200/1756 | loss 0.0934 | data 0.1 ms | step 87.9 ms | 5826.3 samples/s
  step   250/1756 | loss 0.0985 | data 0.1 ms | step 87.9 ms | 5825.0 samples/s
  step   300/1756 | loss 0.1102 | data 0.1 ms | step 88.0 ms | 5817.9 samples/s
  step   350/1756 | loss 0.0991 | data 0.1 ms | step 88.1 ms | 5813.1 samples/s
  step   400/1756 | loss 0.0992 | data 0.1 ms | step 88.2 ms | 5808.1 samples/s
  step   450/1756 | loss 0.0963 | data 0.1 ms | step 88.0 ms | 5817.7 samples/s
  step   500/1756 | loss 0.0927 | data 0.1 ms | step 88.1 ms | 5808.6 samples/s
  step   550/1756 | loss 0.0911 | data 0.1 ms | step 88.1 ms | 5810.2 samples/s
  step   600/1756 | loss 0.0901 | data 0.1 ms | step 88.0 ms | 5818.6 samples/s
  step   650/1756 | loss 0.0936 | data 0.1 ms | step 88.0 ms | 5819.5 samples/s
  step   700/1756 | loss 0.1225 | data 0.1 ms | step 88.1 ms | 5812.5 samples/s
  step   750/1756 | loss 0.1121 | data 0.1 ms | step 88.2 ms | 5803.2 samples/s
  step   800/1756 | loss 0.1464 | data 0.1 ms | step 88.1 ms | 5811.9 samples/s
  step   850/1756 | loss 0.1240 | data 0.1 ms | step 88.1 ms | 5811.1 samples/s
  step   900/1756 | loss 0.1192 | data 0.1 ms | step 88.1 ms | 5808.4 samples/s
  step   950/1756 | loss 0.1199 | data 0.1 ms | step 88.0 ms | 5817.1 samples/s
  step  1000/1756 | loss 0.1020 | data 0.1 ms | step 88.1 ms | 5814.0 samples/s
  step  1050/1756 | loss 0.1047 | data 0.1 ms | step 88.1 ms | 5811.7 samples/s
  step  1100/1756 | loss 0.0981 | data 0.1 ms | step 88.2 ms | 5803.4 samples/s
  step  1150/1756 | loss 0.0987 | data 0.1 ms | step 88.2 ms | 5807.8 samples/s
  step  1200/1756 | loss 0.0900 | data 0.1 ms | step 88.3 ms | 5800.5 samples/s
  step  1250/1756 | loss 0.0952 | data 0.1 ms | step 88.3 ms | 5798.9 samples/s
  step  1300/1756 | loss 0.0960 | data 0.1 ms | step 88.2 ms | 5807.4 samples/s
  step  1350/1756 | loss 0.0894 | data 0.1 ms | step 88.4 ms | 5792.3 samples/s
  step  1400/1756 | loss 0.0992 | data 0.1 ms | step 88.1 ms | 5810.7 samples/s
  step  1450/1756 | loss 0.0959 | data 0.1 ms | step 88.0 ms | 5816.4 samples/s
  step  1500/1756 | loss 0.0984 | data 0.1 ms | step 88.0 ms | 5816.4 samples/s
  step  1550/1756 | loss 0.0922 | data 0.1 ms | step 88.2 ms | 5803.7 samples/s
  step  1600/1756 | loss 0.0965 | data 0.1 ms | step 88.3 ms | 5799.4 samples/s
  step  1650/1756 | loss 0.0960 | data 0.1 ms | step 88.2 ms | 5803.5 samples/s
  step  1700/1756 | loss 0.0931 | data 0.1 ms | step 88.1 ms | 5811.6 samples/s
  step  1750/1756 | loss 0.1248 | data 0.5 ms | step 88.2 ms | 5802.0 samples/s
Training Loss: 0.103273 | data 0.1 ms | step 88.1 ms | 5810.0 samples/s
Peak GPU memory: 7324.6 MB
Validation Loss: 0.319727 | data 0.1 ms | step 44.6 ms | 11484.7 samples/s

Epoch 20/100
----------------------------------------
Learning Rate: 0.000090
Batch Size   : 512
  step    50/1756 | loss 0.2183 | data 0.7 ms | step 88.4 ms | 5794.0 samples/s
  step   100/1756 | loss 0.1509 | data 0.1 ms | step 88.2 ms | 5805.3 samples/s
  step   150/1756 | loss 0.1252 | data 0.1 ms | step 88.3 ms | 5799.1 samples/s
  step   200/1756 | loss 0.1098 | data 0.1 ms | step 88.2 ms | 5805.7 samples/s
  step   250/1756 | loss 0.1053 | data 0.1 ms | step 88.2 ms | 5802.5 samples/s
  step   300/1756 | loss 0.1003 | data 0.1 ms | step 88.2 ms | 5807.2 samples/s
  step   350/1756 | loss 0.1109 | data 0.1 ms | step 88.2 ms | 5807.9 samples/s
  step   400/1756 | loss 0.1113 | data 0.1 ms | step 88.0 ms | 5815.0 samples/s
  step   450/1756 | loss 0.1169 | data 0.1 ms | step 87.9 ms | 5826.2 samples/s
  step   500/1756 | loss 0.1007 | data 0.1 ms | step 88.2 ms | 5805.1 samples/s
  step   550/1756 | loss 0.0937 | data 0.1 ms | step 88.2 ms | 5802.8 samples/s
  step   600/1756 | loss 0.0934 | data 0.1 ms | step 88.2 ms | 5803.2 samples/s
  step   650/1756 | loss 0.0950 | data 0.1 ms | step 88.3 ms | 5799.7 samples/s
  step   700/1756 | loss 0.0976 | data 0.1 ms | step 88.2 ms | 5802.7 samples/s
  step   750/1756 | loss 0.0968 | data 0.1 ms | step 88.2 ms | 5805.9 samples/s
  step   800/1756 | loss 0.0967 | data 0.1 ms | step 88.1 ms | 5809.6 samples/s
  step   850/1756 | loss 0.0970 | data 0.1 ms | step 87.9 ms | 5822.3 samples/s
  step   900/1756 | loss 0.1104 | data 0.1 ms | step 88.0 ms | 5818.2 samples/s
  step   950/1756 | loss 0.1016 | data 0.1 ms | step 88.1 ms | 5814.5 samples/s
  step  1000/1756 | loss 0.0991 | data 0.1 ms | step 88.1 ms | 5813.1 samples/s
  step  1050/1756 | loss 0.1029 | data 0.1 ms | step 88.2 ms | 5808.0 samples/s
  step  1100/1756 | loss 0.0919 | data 0.1 ms | step 88.1 ms | 5809.0 samples/s
  step  1150/1756 | loss 0.0884 | data 0.1 ms | step 88.0 ms | 5816.0 samples/s
  step  1200/1756 | loss 0.0957 | data 0.1 ms | step 88.1 ms | 5811.0 samples/s
  step  1250/1756 | loss 0.0935 | data 0.1 ms | step 88.2 ms | 5802.3 samples/s
  step  1300/1756 | loss 0.0864 | data 0.1 ms | step 88.2 ms | 5807.4 samples/s
  step  1350/1756 | loss 0.0851 | data 0.1 ms | step 88.3 ms | 5800.1 samples/s
  step  1400/1756 | loss 0.0909 | data 0.1 ms | step 88.2 ms | 5805.4 samples/s
  step  1450/1756 | loss 0.0854 | data 0.1 ms | step 88.2 ms | 5805.3 samples/s
  step  1500/1756 | loss 0.0988 | data 0.1 ms | step 88.3 ms | 5801.2 samples/s
  step  1550/1756 | loss 0.0890 | data 0.1 ms | step 88.2 ms | 5806.8 samples/s
  step  1600/1756 | loss 0.0820 | data 0.1 ms | step 88.3 ms | 5800.1 samples/s
  step  1650/1756 | loss 0.0860 | data 0.1 ms | step 88.3 ms | 5800.0 samples/s
  step  1700/1756 | loss 0.0921 | data 0.1 ms | step 88.3 ms | 5798.2 samples/s
  step  1750/1756 | loss 0.0914 | data 0.5 ms | step 88.2 ms | 5803.1 samples/s
Training Loss: 0.102567 | data 0.1 ms | step 88.1 ms | 5806.8 samples/s
Peak GPU memory: 7324.6 MB
Validation Loss: 0.082610 | data 0.1 ms | step 44.6 ms | 11461.6 samples/s

Epoch 21/100
----------------------------------------
Learning Rate: 0.000081
Batch Size   : 512
  step    50/1756 | loss 0.1437 | data 0.7 ms | step 88.6 ms | 5781.4 samples/s
  step   100/1756 | loss 0.1245 | data 0.1 ms | step 88.3 ms | 5798.0 samples/s
  step   150/1756 | loss 0.1420 | data 0.1 ms | step 88.4 ms | 5794.0 samples/s
  step   200/1756 | loss 0.1174 | data 0.1 ms | step 88.3 ms | 5797.3 samples/s
  step   250/1756 | loss 0.1158 | data 0.1 ms | step 88.2 ms | 5807.7 samples/s
  step   300/1756 | loss 0.1387 | data 0.1 ms | step 88.1 ms | 5810.6 samples/s
  step   350/1756 | loss 0.1095 | data 0.1 ms | step 88.2 ms | 5802.3 samples/s
  step   400/1756 | loss 0.1120 | data 0.1 ms | step 88.2 ms | 5803.3 samples/s
  step   450/1756 | loss 0.1023 | data 0.1 ms | step 88.2 ms | 5807.2 samples/s
  step   500/1756 | loss 0.0894 | data 0.1 ms | step 88.2 ms | 5805.8 samples/s
  step   550/1756 | loss 0.0910 | data 0.1 ms | step 88.2 ms | 5808.1 samples/s
  step   600/1756 | loss 0.0945 | data 0.1 ms | step 88.2 ms | 5807.6 samples/s
  step   650/1756 | loss 0.0998 | data 0.1 ms | step 88.1 ms | 5809.9 samples/s
  step   700/1756 | loss 0.0913 | data 0.1 ms | step 88.2 ms | 5807.3 samples/s
  step   750/1756 | loss 0.0893 | data 0.1 ms | step 88.3 ms | 5801.0 samples/s
  step   800/1756 | loss 0.0881 | data 0.1 ms | step 88.1 ms | 5813.3 samples/s
  step   850/1756 | loss 0.0862 | data 0.1 ms | step 88.1 ms | 5809.1 samples/s
  step   900/1756 | loss 0.0995 | data 0.1 ms | step 88.2 ms | 5807.3 samples/s
  step   950/1756 | loss 0.1019 | data 0.1 ms | step 88.3 ms | 5801.5 samples/s
  step  1000/1756 | loss 0.1002 | data 0.1 ms | step 88.2 ms | 5807.4 samples/s
  step  1050/1756 | loss 0.0924 | data 0.1 ms | step 88.2 ms | 5805.9 samples/s
  step  1100/1756 | loss 0.0882 | data 0.1 ms | step 88.2 ms | 5807.8 samples/s
  step  1150/1756 | loss 0.0803 | data 0.1 ms | step 88.3 ms | 5799.4 samples/s
  step  1200/1756 | loss 0.0864 | data 0.1 ms | step 88.1 ms | 5813.8 samples/s
  step  1250/1756 | loss 0.0985 | data 0.1 ms | step 88.1 ms | 5813.1 samples/s
  step  1300/1756 | loss 0.0839 | data 0.1 ms | step 88.1 ms | 5809.6 samples/s
  step  1350/1756 | loss 0.0897 | data 0.1 ms | step 88.2 ms | 5804.5 samples/s
  step  1400/1756 | loss 0.0902 | data 0.1 ms | step 88.2 ms | 5802.2 samples/s
  step  1450/1756 | loss 0.0848 | data 0.1 ms | step 88.1 ms | 5813.1 samples/s
  step  1500/1756 | loss 0.0881 | data 0.1 ms | step 88.1 ms | 5810.8 samples/s
  step  1550/1756 | loss 0.0976 | data 0.1 ms | step 88.2 ms | 5804.0 samples/s
  step  1600/1756 | loss 0.0826 | data 0.1 ms | step 88.1 ms | 5809.6 samples/s
  step  1650/1756 | loss 0.0906 | data 0.1 ms | step 88.1 ms | 5809.2 samples/s
  step  1700/1756 | loss 0.0850 | data 0.1 ms | step 88.1 ms | 5813.1 samples/s
  step  1750/1756 | loss 0.0852 | data 0.5 ms | step 88.1 ms | 5814.7 samples/s
Training Loss: 0.098874 | data 0.1 ms | step 88.1 ms | 5806.0 samples/s
Peak GPU memory: 7324.6 MB
Validation Loss: 0.086988 | data 0.1 ms | step 44.5 ms | 11489.8 samples/s

Epoch 22/100
----------------------------------------
Learning Rate: 0.000081
Batch Size   : 512
  step    50/1756 | loss 0.0844 | data 0.6 ms | step 88.5 ms | 5786.1 samples/s
  step   100/1756 | loss 0.0753 | data 0.1 ms | step 88.2 ms | 5802.1 samples/s
  step   150/1756 | loss 0.0821 | data 0.1 ms | step 88.2 ms | 5804.6 samples/s
  step   200/1756 | loss 0.0809 | data 0.1 ms | step 88.0 ms | 5816.1 samples/s
  step   250/1756 | loss 0.0761 | data 0.1 ms | step 88.0 ms | 5818.3 samples/s
  step   300/1756 | loss 0.0855 | data 0.1 ms | step 88.1 ms | 5814.3 samples/s
  step   350/1756 | loss 0.0823 | data 0.1 ms | step 88.0 ms | 5817.3 samples/s
  step   400/1756 | loss 0.0867 | data 0.1 ms | step 88.0 ms | 5819.4 samples/s
  step   450/1756 | loss 0.0798 | data 0.1 ms | step 88.1 ms | 5810.7 samples/s
  step   500/1756 | loss 0.0947 | data 0.1 ms | step 88.1 ms | 5810.3 samples/s
  step   550/1756 | loss 0.0929 | data 0.1 ms | step 88.1 ms | 5810.9 samples/s
  step   600/1756 | loss 0.0841 | data 0.1 ms | step 88.1 ms | 5809.7 samples/s
  step   650/1756 | loss 0.0820 | data 0.1 ms | step 88.1 ms | 5809.0 samples/s
  step   700/1756 | loss 0.0865 | data 0.1 ms | step 88.1 ms | 5808.5 samples/s
  step   750/1756 | loss 0.0813 | data 0.1 ms | step 88.2 ms | 5808.2 samples/s
  step   800/1756 | loss 0.0750 | data 0.1 ms | step 88.2 ms | 5803.8 samples/s
  step   850/1756 | loss 0.1748 | data 0.1 ms | step 88.1 ms | 5813.4 samples/s
  step   900/1756 | loss 0.1333 | data 0.1 ms | step 88.1 ms | 5812.6 samples/s
  step   950/1756 | loss 0.1069 | data 0.1 ms | step 88.0 ms | 5814.9 samples/s
  step  1000/1756 | loss 0.1028 | data 0.1 ms | step 88.1 ms | 5814.4 samples/s
  step  1050/1756 | loss 0.0965 | data 0.1 ms | step 88.1 ms | 5808.6 samples/s
  step  1100/1756 | loss 0.0947 | data 0.1 ms | step 88.1 ms | 5808.4 samples/s
  step  1150/1756 | loss 0.0902 | data 0.1 ms | step 88.0 ms | 5820.9 samples/s
  step  1200/1756 | loss 0.0864 | data 0.1 ms | step 88.0 ms | 5820.4 samples/s
  step  1250/1756 | loss 0.0813 | data 0.1 ms | step 88.0 ms | 5819.0 samples/s
  step  1300/1756 | loss 0.0823 | data 0.1 ms | step 88.0 ms | 5815.0 samples/s
  step  1350/1756 | loss 0.0806 | data 0.1 ms | step 88.1 ms | 5809.5 samples/s
  step  1400/1756 | loss 0.0963 | data 0.1 ms | step 88.1 ms | 5813.2 samples/s
  step  1450/1756 | loss 0.1008 | data 0.1 ms | step 88.2 ms | 5807.2 samples/s
  step  1500/1756 | loss 0.0877 | data 0.1 ms | step 88.1 ms | 5811.0 samples/s
  step  1550/1756 | loss 0.0886 | data 0.1 ms | step 88.1 ms | 5811.1 samples/s
  step  1600/1756 | loss 0.1038 | data 0.1 ms | step 88.0 ms | 5815.0 samples/s
  step  1650/1756 | loss 0.0977 | data 0.1 ms | step 88.1 ms | 5812.2 samples/s
  step  1700/1756 | loss 0.0911 | data 0.1 ms | step 88.1 ms | 5811.0 samples/s
  step  1750/1756 | loss 0.0968 | data 0.6 ms | step 88.3 ms | 5795.2 samples/s
Training Loss: 0.092030 | data 0.1 ms | step 88.1 ms | 5810.9 samples/s
Peak GPU memory: 7324.6 MB
Validation Loss: 0.090688 | data 0.1 ms | step 44.6 ms | 11475.2 samples/s

Epoch 23/100
----------------------------------------
Learning Rate: 0.000081
Batch Size   : 512
  step    50/1756 | loss 0.1000 | data 0.7 ms | step 88.3 ms | 5797.5 samples/s
  step   100/1756 | loss 0.0894 | data 0.1 ms | step 88.0 ms | 5815.2 samples/s
  step   150/1756 | loss 0.0959 | data 0.1 ms | step 88.1 ms | 5814.1 samples/s
  step   200/1756 | loss 0.0903 | data 0.1 ms | step 88.2 ms | 5805.8 samples/s
  step   250/1756 | loss 0.0849 | data 0.1 ms | step 88.1 ms | 5813.0 samples/s
  step   300/1756 | loss 0.0799 | data 0.1 ms | step 88.1 ms | 5809.5 samples/s
  step   350/1756 | loss 0.0925 | data 0.1 ms | step 88.2 ms | 5807.9 samples/s
  step   400/1756 | loss 0.0798 | data 0.1 ms | step 88.2 ms | 5804.5 samples/s
  step   450/1756 | loss 0.0830 | data 0.1 ms | step 88.1 ms | 5813.7 samples/s
  step   500/1756 | loss 0.0779 | data 0.1 ms | step 88.1 ms | 5812.6 samples/s
  step   550/1756 | loss 0.0807 | data 0.1 ms | step 88.2 ms | 5802.7 samples/s
  step   600/1756 | loss 0.0816 | data 0.1 ms | step 88.2 ms | 5807.4 samples/s
  step   650/1756 | loss 0.0781 | data 0.1 ms | step 88.3 ms | 5801.2 samples/s
  step   700/1756 | loss 0.0841 | data 0.1 ms | step 88.1 ms | 5810.4 samples/s
  step   750/1756 | loss 0.0755 | data 0.1 ms | step 88.1 ms | 5809.8 samples/s
  step   800/1756 | loss 0.0756 | data 0.1 ms | step 88.1 ms | 5808.9 samples/s
  step   850/1756 | loss 0.0786 | data 0.1 ms | step 88.2 ms | 5807.4 samples/s
  step   900/1756 | loss 0.0809 | data 0.1 ms | step 88.2 ms | 5806.3 samples/s
  step   950/1756 | loss 0.0775 | data 0.1 ms | step 88.1 ms | 5810.9 samples/s
  step  1000/1756 | loss 0.0738 | data 0.1 ms | step 88.1 ms | 5812.0 samples/s
  step  1050/1756 | loss 0.0772 | data 0.1 ms | step 88.1 ms | 5811.9 samples/s
  step  1100/1756 | loss 0.0727 | data 0.1 ms | step 88.1 ms | 5814.8 samples/s
  step  1150/1756 | loss 0.0748 | data 0.1 ms | step 88.1 ms | 5808.9 samples/s
  step  1200/1756 | loss 0.0678 | data 0.1 ms | step 88.2 ms | 5804.5 samples/s
  step  1250/1756 | loss 0.0810 | data 0.1 ms | step 88.3 ms | 5798.4 samples/s
  step  1300/1756 | loss 0.0832 | data 0.1 ms | step 88.3 ms | 5795.5 samples/s
  step  1350/1756 | loss 0.0753 | data 0.1 ms | step 88.1 ms | 5809.7 samples/s
  step  1400/1756 | loss 0.0814 | data 0.1 ms | step 88.1 ms | 5810.5 samples/s
  step  1450/1756 | loss 0.0800 | data 0.1 ms | step 88.2 ms | 5804.9 samples/s
  step  1500/1756 | loss 0.0834 | data 0.1 ms | step 88.3 ms | 5800.3 samples/s
  step  1550/1756 | loss 0.0796 | data 0.1 ms | step 88.4 ms | 5794.2 samples/s
  step  1600/1756 | loss 0.0719 | data 0.1 ms | step 88.3 ms | 5800.1 samples/s
  step  1650/1756 | loss 0.0922 | data 0.1 ms | step 88.2 ms | 5804.5 samples/s
  step  1700/1756 | loss 0.1104 | data 0.1 ms | step 88.2 ms | 5803.0 samples/s
  step  1750/1756 | loss 0.1212 | data 0.5 ms | step 88.2 ms | 5803.4 samples/s
Training Loss: 0.083254 | data 0.1 ms | step 88.1 ms | 5806.8 samples/s
Peak GPU memory: 7324.6 MB
Validation Loss: 0.102230 | data 0.1 ms | step 44.6 ms | 11472.4 samples/s

Epoch 24/100
----------------------------------------
Learning Rate: 0.000081
Batch Size   : 512
  step    50/1756 | loss 0.0936 | data 0.7 ms | step 88.4 ms | 5791.7 samples/s
  step   100/1756 | loss 0.0916 | data 0.1 ms | step 88.2 ms | 5806.7 samples/s
  step   150/1756 | loss 0.1070 | data 0.1 ms | step 88.1 ms | 5809.6 samples/s
  step   200/1756 | loss 0.0939 | data 0.1 ms | step 88.1 ms | 5809.9 samples/s
  step   250/1756 | loss 0.0942 | data 0.1 ms | step 88.1 ms | 5809.9 samples/s
  step   300/1756 | loss 0.0811 | data 0.1 ms | step 88.2 ms | 5801.8 samples/s
  step   350/1756 | loss 0.0745 | data 0.1 ms | step 88.1 ms | 5812.7 samples/s
  step   400/1756 | loss 0.0770 | data 0.1 ms | step 88.1 ms | 5809.1 samples/s
  step   450/1756 | loss 0.0713 | data 0.1 ms | step 88.1 ms | 5810.9 samples/s
  step   500/1756 | loss 0.0775 | data 0.1 ms | step 88.1 ms | 5808.9 samples/s
  step   550/1756 | loss 0.0735 | data 0.1 ms | step 88.2 ms | 5807.1 samples/s
  step   600/1756 | loss 0.0725 | data 0.1 ms | step 88.1 ms | 5811.7 samples/s
  step   650/1756 | loss 0.0724 | data 0.1 ms | step 88.1 ms | 5810.7 samples/s
  step   700/1756 | loss 0.0715 | data 0.1 ms | step 88.1 ms | 5810.6 samples/s
  step   750/1756 | loss 0.0643 | data 0.1 ms | step 88.3 ms | 5801.6 samples/s
  step   800/1756 | loss 0.1286 | data 0.1 ms | step 88.1 ms | 5809.3 samples/s
  step   850/1756 | loss 0.1039 | data 0.1 ms | step 88.1 ms | 5811.3 samples/s
  step   900/1756 | loss 0.0869 | data 0.1 ms | step 88.2 ms | 5807.1 samples/s
  step   950/1756 | loss 0.0856 | data 0.1 ms | step 88.2 ms | 5804.7 samples/s
  step  1000/1756 | loss 0.0841 | data 0.1 ms | step 88.2 ms | 5801.7 samples/s
  step  1050/1756 | loss 0.0781 | data 0.1 ms | step 88.2 ms | 5806.0 samples/s
  step  1100/1756 | loss 0.1089 | data 0.1 ms | step 88.3 ms | 5798.8 samples/s
  step  1150/1756 | loss 0.1095 | data 0.1 ms | step 88.2 ms | 5804.1 samples/s
  step  1200/1756 | loss 0.0922 | data 0.1 ms | step 88.1 ms | 5811.8 samples/s
  step  1250/1756 | loss 0.1322 | data 0.1 ms | step 88.3 ms | 5801.6 samples/s
  step  1300/1756 | loss 0.1188 | data 0.1 ms | step 88.3 ms | 5801.3 samples/s
  step  1350/1756 | loss 0.0953 | data 0.1 ms | step 88.2 ms | 5804.7 samples/s
  step  1400/1756 | loss 0.0942 | data 0.1 ms | step 88.2 ms | 5804.6 samples/s
  step  1450/1756 | loss 0.1050 | data 0.1 ms | step 88.3 ms | 5800.3 samples/s
  step  1500/1756 | loss 0.1044 | data 0.1 ms | step 88.2 ms | 5803.7 samples/s
  step  1550/1756 | loss 0.0921 | data 0.1 ms | step 88.2 ms | 5806.6 samples/s
  step  1600/1756 | loss 0.0896 | data 0.1 ms | step 88.2 ms | 5804.7 samples/s
  step  1650/1756 | loss 0.0856 | data 0.1 ms | step 88.1 ms | 5809.6 samples/s
  step  1700/1756 | loss 0.0838 | data 0.1 ms | step 88.1 ms | 5811.2 samples/s
  step  1750/1756 | loss 0.0914 | data 0.5 ms | step 88.1 ms | 5812.9 samples/s
Training Loss: 0.090946 | data 0.1 ms | step 88.1 ms | 5806.6 samples/s
Peak GPU memory: 7324.6 MB
Validation Loss: 0.081782 | data 0.1 ms | step 44.6 ms | 11486.6 samples/s

Epoch 25/100
----------------------------------------
Learning Rate: 0.000081
Batch Size   : 512
  step    50/1756 | loss 0.0780 | data 0.7 ms | step 88.5 ms | 5783.1 samples/s
  step   100/1756 | loss 0.0795 | data 0.1 ms | step 88.4 ms | 5789.3 samples/s
  step   150/1756 | loss 0.0787 | data 0.1 ms | step 88.2 ms | 5804.4 samples/s
  step   200/1756 | loss 0.0689 | data 0.1 ms | step 88.3 ms | 5795.9 samples/s
  step   250/1756 | loss 0.0754 | data 0.1 ms | step 88.1 ms | 5809.9 samples/s
  step   300/1756 | loss 0.0760 | data 0.1 ms | step 88.2 ms | 5802.1 samples/s
  step   350/1756 | loss 0.0747 | data 0.1 ms | step 88.2 ms | 5805.8 samples/s
  step   400/1756 | loss 0.0678 | data 0.1 ms | step 88.1 ms | 5809.2 samples/s
  step   450/1756 | loss 0.0723 | data 0.1 ms | step 88.0 ms | 5815.7 samples/s
  step   500/1756 | loss 0.0708 | data 0.1 ms | step 88.0 ms | 5820.2 samples/s
  step   550/1756 | loss 0.0737 | data 0.1 ms | step 88.1 ms | 5810.9 samples/s
  step   600/1756 | loss 0.0732 | data 0.1 ms | step 88.3 ms | 5800.6 samples/s
  step   650/1756 | loss 0.0727 | data 0.1 ms | step 88.1 ms | 5809.9 samples/s
  step   700/1756 | loss 0.0715 | data 0.1 ms | step 88.0 ms | 5815.5 samples/s
  step   750/1756 | loss 0.0771 | data 0.1 ms | step 88.0 ms | 5818.5 samples/s
  step   800/1756 | loss 0.0728 | data 0.1 ms | step 88.0 ms | 5819.4 samples/s
  step   850/1756 | loss 0.0719 | data 0.1 ms | step 88.1 ms | 5814.3 samples/s
  step   900/1756 | loss 0.0726 | data 0.1 ms | step 88.1 ms | 5811.5 samples/s
  step   950/1756 | loss 0.0684 | data 0.1 ms | step 88.2 ms | 5806.4 samples/s
  step  1000/1756 | loss 0.0710 | data 0.1 ms | step 88.1 ms | 5809.2 samples/s
  step  1050/1756 | loss 0.0650 | data 0.1 ms | step 88.1 ms | 5814.5 samples/s
  step  1100/1756 | loss 0.0651 | data 0.1 ms | step 88.2 ms | 5803.2 samples/s
  step  1150/1756 | loss 0.0692 | data 0.1 ms | step 88.2 ms | 5805.8 samples/s
  step  1200/1756 | loss 0.0732 | data 0.1 ms | step 88.1 ms | 5809.0 samples/s
  step  1250/1756 | loss 0.0903 | data 0.1 ms | step 88.2 ms | 5807.6 samples/s
  step  1300/1756 | loss 0.0862 | data 0.1 ms | step 88.0 ms | 5815.8 samples/s
  step  1350/1756 | loss 0.0896 | data 0.1 ms | step 88.1 ms | 5812.4 samples/s
  step  1400/1756 | loss 0.0862 | data 0.1 ms | step 88.2 ms | 5806.9 samples/s
  step  1450/1756 | loss 0.0823 | data 0.1 ms | step 88.1 ms | 5812.6 samples/s
  step  1500/1756 | loss 0.0805 | data 0.1 ms | step 88.2 ms | 5804.9 samples/s
  step  1550/1756 | loss 0.0756 | data 0.1 ms | step 88.2 ms | 5802.9 samples/s
  step  1600/1756 | loss 0.0744 | data 0.1 ms | step 88.1 ms | 5809.5 samples/s
  step  1650/1756 | loss 0.0698 | data 0.1 ms | step 88.1 ms | 5813.3 samples/s
  step  1700/1756 | loss 0.0628 | data 0.1 ms | step 88.1 ms | 5812.5 samples/s
  step  1750/1756 | loss 0.0686 | data 0.5 ms | step 88.0 ms | 5818.3 samples/s
Training Loss: 0.074467 | data 0.1 ms | step 88.1 ms | 5808.6 samples/s
Peak GPU memory: 7324.6 MB
Validation Loss: 0.073451 | data 0.1 ms | step 44.8 ms | 11417.6 samples/s

Epoch 26/100
----------------------------------------
Learning Rate: 0.000081
Batch Size   : 512
  step    50/1756 | loss 0.0633 | data 0.6 ms | step 88.5 ms | 5786.1 samples/s
  step   100/1756 | loss 0.0629 | data 0.1 ms | step 88.3 ms | 5800.1 samples/s
  step   150/1756 | loss 0.0685 | data 0.1 ms | step 88.4 ms | 5793.7 samples/s
  step   200/1756 | loss 0.0680 | data 0.1 ms | step 88.2 ms | 5805.8 samples/s
  step   250/1756 | loss 0.0665 | data 0.1 ms | step 88.1 ms | 5814.8 samples/s
  step   300/1756 | loss 0.0693 | data 0.1 ms | step 87.9 ms | 5821.9 samples/s
  step   350/1756 | loss 0.0762 | data 0.1 ms | step 87.9 ms | 5824.6 samples/s
  step   400/1756 | loss 0.0774 | data 0.1 ms | step 88.0 ms | 5815.9 samples/s
  step   450/1756 | loss 0.0687 | data 0.1 ms | step 88.0 ms | 5819.7 samples/s
  step   500/1756 | loss 0.0725 | data 0.1 ms | step 88.0 ms | 5818.4 samples/s
  step   550/1756 | loss 0.0841 | data 0.1 ms | step 88.1 ms | 5809.4 samples/s
  step   600/1756 | loss 0.0840 | data 0.1 ms | step 88.2 ms | 5806.8 samples/s
  step   650/1756 | loss 0.0655 | data 0.1 ms | step 88.2 ms | 5804.2 samples/s
  step   700/1756 | loss 0.0779 | data 0.1 ms | step 88.1 ms | 5810.9 samples/s
  step   750/1756 | loss 0.0823 | data 0.1 ms | step 88.1 ms | 5810.5 samples/s
  step   800/1756 | loss 0.0881 | data 0.1 ms | step 88.2 ms | 5808.1 samples/s
  step   850/1756 | loss 0.0776 | data 0.1 ms | step 88.1 ms | 5812.7 samples/s
  step   900/1756 | loss 0.0723 | data 0.1 ms | step 88.1 ms | 5813.5 samples/s
  step   950/1756 | loss 0.0691 | data 0.1 ms | step 87.9 ms | 5821.7 samples/s
  step  1000/1756 | loss 0.0764 | data 0.1 ms | step 88.0 ms | 5815.3 samples/s
  step  1050/1756 | loss 0.0759 | data 0.1 ms | step 88.2 ms | 5806.0 samples/s
  step  1100/1756 | loss 0.0673 | data 0.1 ms | step 88.1 ms | 5809.3 samples/s
  step  1150/1756 | loss 0.0669 | data 0.1 ms | step 88.1 ms | 5813.8 samples/s
  step  1200/1756 | loss 0.0680 | data 0.1 ms | step 88.2 ms | 5807.8 samples/s
  step  1250/1756 | loss 0.0616 | data 0.1 ms | step 88.1 ms | 5811.6 samples/s
  step  1300/1756 | loss 0.0659 | data 0.1 ms | step 88.2 ms | 5802.5 samples/s
  step  1350/1756 | loss 0.0648 | data 0.1 ms | step 88.3 ms | 5797.3 samples/s
  step  1400/1756 | loss 0.0591 | data 0.1 ms | step 88.3 ms | 5798.8 samples/s
  step  1450/1756 | loss 0.0574 | data 0.1 ms | step 88.4 ms | 5789.6 samples/s
  step  1500/1756 | loss 0.0649 | data 0.1 ms | step 88.2 ms | 5805.7 samples/s
  step  1550/1756 | loss 0.0576 | data 0.1 ms | step 88.2 ms | 5808.1 samples/s
  step  1600/1756 | loss 0.0593 | data 0.1 ms | step 88.2 ms | 5807.7 samples/s
  step  1650/1756 | loss 0.0679 | data 0.1 ms | step 88.1 ms | 5813.7 samples/s
  step  1700/1756 | loss 0.0684 | data 0.1 ms | step 88.2 ms | 5804.7 samples/s
  step  1750/1756 | loss 0.0734 | data 0.5 ms | step 88.0 ms | 5818.1 samples/s
Training Loss: 0.069986 | data 0.1 ms | step 88.1 ms | 5808.8 samples/s
Peak GPU memory: 7324.6 MB
Validation Loss: 0.068922 | data 0.1 ms | step 44.7 ms | 11442.6 samples/s

Epoch 27/100
----------------------------------------
Learning Rate: 0.000081
Batch Size   : 512
  step    50/1756 | loss 0.0725 | data 0.8 ms | step 88.3 ms | 5795.2 samples/s
  step   100/1756 | loss 0.0669 | data 0.1 ms | step 88.1 ms | 5810.2 samples/s
  step   150/1756 | loss 0.0664 | data 0.1 ms | step 88.0 ms | 5817.1 samples/s
  step   200/1756 | loss 0.0625 | data 0.1 ms | step 88.1 ms | 5808.5 samples/s
  step   250/1756 | loss 0.0628 | data 0.1 ms | step 88.1 ms | 5812.0 samples/s
  step   300/1756 | loss 0.0661 | data 0.1 ms | step 88.0 ms | 5817.8 samples/s
  step   350/1756 | loss 0.0804 | data 0.1 ms | step 87.9 ms | 5823.8 samples/s
  step   400/1756 | loss 0.0688 | data 0.1 ms | step 88.1 ms | 5811.2 samples/s
  step   450/1756 | loss 0.0753 | data 0.1 ms | step 88.1 ms | 5812.7 samples/s
  step   500/1756 | loss 0.0729 | data 0.1 ms | step 88.2 ms | 5807.5 samples/s
  step   550/1756 | loss 0.0613 | data 0.1 ms | step 88.1 ms | 5810.0 samples/s
  step   600/1756 | loss 0.0582 | data 0.1 ms | step 88.2 ms | 5807.0 samples/s
  step   650/1756 | loss 0.0682 | data 0.1 ms | step 88.2 ms | 5805.3 samples/s
  step   700/1756 | loss 0.0638 | data 0.1 ms | step 88.1 ms | 5808.8 samples/s
  step   750/1756 | loss 0.0634 | data 0.1 ms | step 88.2 ms | 5806.2 samples/s
  step   800/1756 | loss 0.0612 | data 0.1 ms | step 88.3 ms | 5801.2 samples/s
  step   850/1756 | loss 0.0607 | data 0.1 ms | step 88.1 ms | 5808.3 samples/s
  step   900/1756 | loss 0.0647 | data 0.1 ms | step 88.2 ms | 5806.1 samples/s
  step   950/1756 | loss 0.0632 | data 0.1 ms | step 88.3 ms | 5801.4 samples/s
  step  1000/1756 | loss 0.0595 | data 0.1 ms | step 88.1 ms | 5812.7 samples/s
  step  1050/1756 | loss 0.0679 | data 0.1 ms | step 88.0 ms | 5816.7 samples/s
  step  1100/1756 | loss 0.0672 | data 0.1 ms | step 88.0 ms | 5817.4 samples/s
  step  1150/1756 | loss 0.0757 | data 0.1 ms | step 88.0 ms | 5815.6 samples/s
  step  1200/1756 | loss 0.0724 | data 0.1 ms | step 88.0 ms | 5818.8 samples/s
  step  1250/1756 | loss 0.0620 | data 0.1 ms | step 88.1 ms | 5811.9 samples/s
  step  1300/1756 | loss 0.0641 | data 0.1 ms | step 88.2 ms | 5806.6 samples/s
  step  1350/1756 | loss 0.0580 | data 0.1 ms | step 88.2 ms | 5808.2 samples/s
  step  1400/1756 | loss 0.0622 | data 0.1 ms | step 88.2 ms | 5807.4 samples/s
  step  1450/1756 | loss 0.0612 | data 0.1 ms | step 88.2 ms | 5803.8 samples/s
  step  1500/1756 | loss 0.0643 | data 0.1 ms | step 88.1 ms | 5809.2 samples/s
  step  1550/1756 | loss 0.0655 | data 0.1 ms | step 88.2 ms | 5805.7 samples/s
  step  1600/1756 | loss 0.0569 | data 0.1 ms | step 88.3 ms | 5796.9 samples/s
  step  1650/1756 | loss 0.0655 | data 0.1 ms | step 88.2 ms | 5805.8 samples/s
  step  1700/1756 | loss 0.0609 | data 0.1 ms | step 88.1 ms | 5811.4 samples/s
  step  1750/1756 | loss 0.0590 | data 0.5 ms | step 88.3 ms | 5801.0 samples/s
Training Loss: 0.065157 | data 0.1 ms | step 88.1 ms | 5809.1 samples/s
Peak GPU memory: 7324.6 MB
Validation Loss: 0.074027 | data 0.1 ms | step 44.6 ms | 11473.1 samples/s

Epoch 28/100
----------------------------------------
Learning Rate: 0.000081
Batch Size   : 512
  step    50/1756 | loss 0.0581 | data 0.6 ms | step 88.4 ms | 5791.5 samples/s
  step   100/1756 | loss 0.0650 | data 0.1 ms | step 88.2 ms | 5807.5 samples/s
  step   150/1756 | loss 0.0579 | data 0.1 ms | step 88.2 ms | 5806.6 samples/s
  step   200/1756 | loss 0.0575 | data 0.1 ms | step 88.1 ms | 5808.9 samples/s
  step   250/1756 | loss 0.0575 | data 0.1 ms | step 88.2 ms | 5804.0 samples/s
  step   300/1756 | loss 0.0621 | data 0.1 ms | step 88.1 ms | 5812.7 samples/s
  step   350/1756 | loss 0.0625 | data 0.1 ms | step 88.2 ms | 5807.0 samples/s
  step   400/1756 | loss 0.0582 | data 0.1 ms | step 88.1 ms | 5809.1 samples/s
  step   450/1756 | loss 0.0604 | data 0.1 ms | step 88.2 ms | 5803.1 samples/s
  step   500/1756 | loss 0.0546 | data 0.1 ms | step 88.2 ms | 5808.1 samples/s
  step   550/1756 | loss 0.0576 | data 0.1 ms | step 88.3 ms | 5799.2 samples/s
  step   600/1756 | loss 0.0650 | data 0.1 ms | step 88.2 ms | 5802.0 samples/s
  step   650/1756 | loss 0.0733 | data 0.1 ms | step 88.3 ms | 5801.3 samples/s
  step   700/1756 | loss 0.0560 | data 0.1 ms | step 88.3 ms | 5798.8 samples/s
  step   750/1756 | loss 0.0547 | data 0.1 ms | step 88.3 ms | 5796.9 samples/s
  step   800/1756 | loss 0.0625 | data 0.1 ms | step 88.3 ms | 5798.0 samples/s
  step   850/1756 | loss 0.0573 | data 0.1 ms | step 88.2 ms | 5808.2 samples/s
  step   900/1756 | loss 0.0738 | data 0.1 ms | step 88.2 ms | 5802.0 samples/s
  step   950/1756 | loss 0.0654 | data 0.1 ms | step 88.1 ms | 5809.3 samples/s
  step  1000/1756 | loss 0.0587 | data 0.1 ms | step 88.1 ms | 5813.8 samples/s
  step  1050/1756 | loss 0.0540 | data 0.1 ms | step 88.2 ms | 5803.0 samples/s
  step  1100/1756 | loss 0.0610 | data 0.1 ms | step 88.3 ms | 5796.1 samples/s
  step  1150/1756 | loss 0.0657 | data 0.1 ms | step 88.3 ms | 5799.3 samples/s
  step  1200/1756 | loss 0.0753 | data 0.1 ms | step 88.2 ms | 5804.3 samples/s
  step  1250/1756 | loss 0.0648 | data 0.1 ms | step 88.2 ms | 5806.7 samples/s
  step  1300/1756 | loss 0.0599 | data 0.1 ms | step 88.1 ms | 5809.6 samples/s
  step  1350/1756 | loss 0.0571 | data 0.1 ms | step 88.0 ms | 5815.3 samples/s
  step  1400/1756 | loss 0.0568 | data 0.1 ms | step 88.0 ms | 5816.0 samples/s
  step  1450/1756 | loss 0.0535 | data 0.1 ms | step 88.0 ms | 5817.4 samples/s
  step  1500/1756 | loss 0.0590 | data 0.1 ms | step 88.0 ms | 5816.2 samples/s
  step  1550/1756 | loss 0.0626 | data 0.1 ms | step 88.1 ms | 5812.6 samples/s
  step  1600/1756 | loss 0.0834 | data 0.1 ms | step 88.1 ms | 5809.7 samples/s
  step  1650/1756 | loss 0.0799 | data 0.1 ms | step 88.1 ms | 5813.2 samples/s
  step  1700/1756 | loss 0.0680 | data 0.1 ms | step 87.9 ms | 5822.4 samples/s
  step  1750/1756 | loss 0.0655 | data 0.5 ms | step 88.1 ms | 5813.7 samples/s
Training Loss: 0.062436 | data 0.1 ms | step 88.1 ms | 5806.9 samples/s
Peak GPU memory: 7324.6 MB
Validation Loss: 0.062029 | data 0.1 ms | step 44.7 ms | 11450.4 samples/s

Epoch 29/100
----------------------------------------
Learning Rate: 0.000081
Batch Size   : 512
  step    50/1756 | loss 0.0639 | data 0.7 ms | step 88.4 ms | 5792.8 samples/s
  step   100/1756 | loss 0.0683 | data 0.1 ms | step 88.2 ms | 5807.3 samples/s
  step   150/1756 | loss 0.0567 | data 0.1 ms | step 88.1 ms | 5812.9 samples/s
  step   200/1756 | loss 0.0853 | data 0.1 ms | step 88.1 ms | 5813.5 samples/s
  step   250/1756 | loss 0.0718 | data 0.1 ms | step 88.0 ms | 5818.2 samples/s
  step   300/1756 | loss 0.0565 | data 0.1 ms | step 88.1 ms | 5814.3 samples/s
  step   350/1756 | loss 0.0668 | data 0.1 ms | step 88.0 ms | 5819.1 samples/s
  step   400/1756 | loss 0.0676 | data 0.1 ms | step 88.0 ms | 5818.7 samples/s
  step   450/1756 | loss 0.0574 | data 0.1 ms | step 88.2 ms | 5805.8 samples/s
  step   500/1756 | loss 0.0576 | data 0.1 ms | step 88.2 ms | 5808.1 samples/s
  step   550/1756 | loss 0.0531 | data 0.1 ms | step 88.1 ms | 5812.2 samples/s
  step   600/1756 | loss 0.0529 | data 0.1 ms | step 88.0 ms | 5815.2 samples/s
  step   650/1756 | loss 0.0514 | data 0.1 ms | step 88.0 ms | 5816.0 samples/s
  step   700/1756 | loss 0.0634 | data 0.1 ms | step 88.1 ms | 5813.7 samples/s
  step   750/1756 | loss 0.0697 | data 0.1 ms | step 88.1 ms | 5810.7 samples/s
  step   800/1756 | loss 0.0572 | data 0.1 ms | step 88.1 ms | 5810.9 samples/s
  step   850/1756 | loss 0.0572 | data 0.1 ms | step 88.0 ms | 5816.6 samples/s
  step   900/1756 | loss 0.0580 | data 0.1 ms | step 87.9 ms | 5824.2 samples/s
  step   950/1756 | loss 0.0635 | data 0.1 ms | step 87.9 ms | 5823.2 samples/s
  step  1000/1756 | loss 0.0683 | data 0.1 ms | step 88.1 ms | 5814.9 samples/s
  step  1050/1756 | loss 0.0581 | data 0.1 ms | step 88.2 ms | 5805.0 samples/s
  step  1100/1756 | loss 0.0629 | data 0.1 ms | step 88.2 ms | 5804.4 samples/s
  step  1150/1756 | loss 0.0695 | data 0.1 ms | step 88.2 ms | 5801.9 samples/s
  step  1200/1756 | loss 0.0704 | data 0.1 ms | step 88.2 ms | 5805.1 samples/s
  step  1250/1756 | loss 0.0687 | data 0.1 ms | step 88.3 ms | 5797.8 samples/s
  step  1300/1756 | loss 0.0610 | data 0.1 ms | step 88.2 ms | 5802.7 samples/s
  step  1350/1756 | loss 0.0664 | data 0.1 ms | step 88.2 ms | 5805.0 samples/s
  step  1400/1756 | loss 0.0594 | data 0.1 ms | step 88.1 ms | 5808.7 samples/s
  step  1450/1756 | loss 0.0554 | data 0.1 ms | step 88.2 ms | 5803.9 samples/s
  step  1500/1756 | loss 0.0698 | data 0.1 ms | step 88.1 ms | 5811.7 samples/s
  step  1550/1756 | loss 0.0627 | data 0.1 ms | step 88.1 ms | 5812.1 samples/s
  step  1600/1756 | loss 0.0576 | data 0.1 ms | step 88.2 ms | 5807.2 samples/s
  step  1650/1756 | loss 0.0584 | data 0.1 ms | step 88.2 ms | 5806.7 samples/s
  step  1700/1756 | loss 0.0599 | data 0.1 ms | step 88.1 ms | 5809.1 samples/s
  step  1750/1756 | loss 0.0562 | data 0.5 ms | step 88.5 ms | 5786.0 samples/s
Training Loss: 0.062382 | data 0.1 ms | step 88.1 ms | 5809.6 samples/s
Peak GPU memory: 7324.6 MB
Validation Loss: 0.065651 | data 0.1 ms | step 44.7 ms | 11458.3 samples/s

Epoch 30/100
----------------------------------------
Learning Rate: 0.000081
Batch Size   : 512
  step    50/1756 | loss 0.0662 | data 0.8 ms | step 88.5 ms | 5787.6 samples/s
  step   100/1756 | loss 0.0689 | data 0.1 ms | step 88.2 ms | 5803.4 samples/s
  step   150/1756 | loss 0.0609 | data 0.1 ms | step 88.3 ms | 5800.6 samples/s
  step   200/1756 | loss 0.0583 | data 0.1 ms | step 88.1 ms | 5813.0 samples/s
  step   250/1756 | loss 0.0577 | data 0.1 ms | step 88.1 ms | 5810.0 samples/s
  step   300/1756 | loss 0.0576 | data 0.1 ms | step 88.0 ms | 5815.4 samples/s
  step   350/1756 | loss 0.0531 | data 0.1 ms | step 87.9 ms | 5823.6 samples/s
  step   400/1756 | loss 0.0721 | data 0.1 ms | step 87.8 ms | 5831.3 samples/s
  step   450/1756 | loss 0.0798 | data 0.1 ms | step 87.8 ms | 5828.6 samples/s
  step   500/1756 | loss 0.0686 | data 0.1 ms | step 87.9 ms | 5822.1 samples/s
  step   550/1756 | loss 0.0584 | data 0.1 ms | step 88.0 ms | 5816.7 samples/s
  step   600/1756 | loss 0.0659 | data 0.1 ms | step 88.1 ms | 5811.4 samples/s
  step   650/1756 | loss 0.0574 | data 0.1 ms | step 88.1 ms | 5811.0 samples/s
  step   700/1756 | loss 0.0545 | data 0.1 ms | step 88.2 ms | 5802.7 samples/s
  step   750/1756 | loss 0.0583 | data 0.1 ms | step 88.0 ms | 5816.1 samples/s
  step   800/1756 | loss 0.0601 | data 0.1 ms | step 88.0 ms | 5817.7 samples/s
  step   850/1756 | loss 0.0621 | data 0.1 ms | step 87.9 ms | 5823.8 samples/s
  step   900/1756 | loss 0.0621 | data 0.1 ms | step 87.9 ms | 5828.0 samples/s
  step   950/1756 | loss 0.0610 | data 0.1 ms | step 88.0 ms | 5816.3 samples/s
  step  1000/1756 | loss 0.0582 | data 0.1 ms | step 88.1 ms | 5808.4 samples/s
  step  1050/1756 | loss 0.0641 | data 0.1 ms | step 88.2 ms | 5806.4 samples/s
  step  1100/1756 | loss 0.0845 | data 0.1 ms | step 88.0 ms | 5819.9 samples/s
  step  1150/1756 | loss 0.0672 | data 0.1 ms | step 88.1 ms | 5811.5 samples/s
  step  1200/1756 | loss 0.0684 | data 0.1 ms | step 88.0 ms | 5818.6 samples/s
  step  1250/1756 | loss 0.0689 | data 0.1 ms | step 88.1 ms | 5812.8 samples/s
  step  1300/1756 | loss 0.0665 | data 0.1 ms | step 88.1 ms | 5811.6 samples/s
  step  1350/1756 | loss 0.0661 | data 0.1 ms | step 88.1 ms | 5809.8 samples/s
  step  1400/1756 | loss 0.0623 | data 0.1 ms | step 87.9 ms | 5824.8 samples/s
  step  1450/1756 | loss 0.1689 | data 0.1 ms | step 88.0 ms | 5817.0 samples/s
  step  1500/1756 | loss 0.1239 | data 0.1 ms | step 88.2 ms | 5807.1 samples/s
  step  1550/1756 | loss 0.0840 | data 0.1 ms | step 88.1 ms | 5810.2 samples/s
  step  1600/1756 | loss 0.0814 | data 0.1 ms | step 88.2 ms | 5805.5 samples/s
  step  1650/1756 | loss 0.0712 | data 0.1 ms | step 88.3 ms | 5801.2 samples/s
  step  1700/1756 | loss 0.0709 | data 0.1 ms | step 88.3 ms | 5797.4 samples/s
  step  1750/1756 | loss 0.0709 | data 0.5 ms | step 88.2 ms | 5802.4 samples/s
Training Loss: 0.070306 | data 0.1 ms | step 88.0 ms | 5812.6 samples/s
Peak GPU memory: 7324.6 MB
Validation Loss: 0.066558 | data 0.1 ms | step 44.7 ms | 11443.4 samples/s

Epoch 31/100
----------------------------------------
Learning Rate: 0.000073
Batch Size   : 512
  step    50/1756 | loss 0.0623 | data 0.7 ms | step 88.3 ms | 5795.6 samples/s
  step   100/1756 | loss 0.0654 | data 0.1 ms | step 88.3 ms | 5800.7 samples/s
  step   150/1756 | loss 0.0644 | data 0.1 ms | step 88.1 ms | 5810.0 samples/s
  step   200/1756 | loss 0.0660 | data 0.1 ms | step 88.1 ms | 5808.9 samples/s
  step   250/1756 | loss 0.0596 | data 0.1 ms | step 88.0 ms | 5819.6 samples/s
  step   300/1756 | loss 0.0605 | data 0.1 ms | step 88.0 ms | 5817.7 samples/s
  step   350/1756 | loss 0.0612 | data 0.1 ms | step 88.0 ms | 5818.6 samples/s
  step   400/1756 | loss 0.0674 | data 0.1 ms | step 88.0 ms | 5821.2 samples/s
  step   450/1756 | loss 0.0687 | data 0.1 ms | step 88.2 ms | 5806.1 samples/s
  step   500/1756 | loss 0.0693 | data 0.1 ms | step 88.3 ms | 5801.7 samples/s
  step   550/1756 | loss 0.0692 | data 0.1 ms | step 88.3 ms | 5796.4 samples/s
  step   600/1756 | loss 0.0654 | data 0.1 ms | step 88.4 ms | 5793.4 samples/s
  step   650/1756 | loss 0.0735 | data 0.1 ms | step 88.4 ms | 5795.0 samples/s
  step   700/1756 | loss 0.0595 | data 0.1 ms | step 88.2 ms | 5808.2 samples/s
  step   750/1756 | loss 0.0583 | data 0.1 ms | step 88.0 ms | 5819.2 samples/s
  step   800/1756 | loss 0.0561 | data 0.1 ms | step 88.0 ms | 5818.6 samples/s
  step   850/1756 | loss 0.0566 | data 0.1 ms | step 88.0 ms | 5818.2 samples/s
  step   900/1756 | loss 0.0533 | data 0.1 ms | step 88.2 ms | 5807.3 samples/s
  step   950/1756 | loss 0.0549 | data 0.1 ms | step 88.1 ms | 5808.5 samples/s
  step  1000/1756 | loss 0.0567 | data 0.1 ms | step 88.3 ms | 5800.4 samples/s
  step  1050/1756 | loss 0.0579 | data 0.1 ms | step 88.1 ms | 5811.6 samples/s
  step  1100/1756 | loss 0.0592 | data 0.1 ms | step 88.0 ms | 5816.7 samples/s
  step  1150/1756 | loss 0.0621 | data 0.1 ms | step 88.1 ms | 5809.0 samples/s
  step  1200/1756 | loss 0.0574 | data 0.1 ms | step 88.1 ms | 5811.7 samples/s
  step  1250/1756 | loss 0.0625 | data 0.1 ms | step 88.2 ms | 5807.6 samples/s
  step  1300/1756 | loss 0.0599 | data 0.1 ms | step 88.3 ms | 5796.9 samples/s
  step  1350/1756 | loss 0.0685 | data 0.1 ms | step 88.2 ms | 5805.5 samples/s
  step  1400/1756 | loss 0.0729 | data 0.1 ms | step 88.1 ms | 5808.5 samples/s
  step  1450/1756 | loss 0.0713 | data 0.1 ms | step 88.4 ms | 5794.2 samples/s
  step  1500/1756 | loss 0.0730 | data 0.1 ms | step 88.2 ms | 5802.1 samples/s
  step  1550/1756 | loss 0.0702 | data 0.1 ms | step 88.2 ms | 5808.0 samples/s
  step  1600/1756 | loss 0.0621 | data 0.1 ms | step 88.2 ms | 5803.9 samples/s
  step  1650/1756 | loss 0.0643 | data 0.1 ms | step 88.2 ms | 5804.4 samples/s
  step  1700/1756 | loss 0.0632 | data 0.1 ms | step 88.4 ms | 5791.0 samples/s
  step  1750/1756 | loss 0.0556 | data 0.5 ms | step 88.2 ms | 5808.1 samples/s
Training Loss: 0.063078 | data 0.1 ms | step 88.1 ms | 5806.9 samples/s
Peak GPU memory: 7324.6 MB
Validation Loss: 0.057785 | data 0.1 ms | step 44.5 ms | 11498.3 samples/s

Epoch 32/100
----------------------------------------
Learning Rate: 0.000073
Batch Size   : 512
  step    50/1756 | loss 0.0567 | data 0.6 ms | step 88.4 ms | 5791.9 samples/s
  step   100/1756 | loss 0.0599 | data 0.1 ms | step 88.4 ms | 5792.7 samples/s
  step   150/1756 | loss 0.0661 | data 0.1 ms | step 88.4 ms | 5794.4 samples/s
  step   200/1756 | loss 0.0582 | data 0.1 ms | step 88.5 ms | 5786.5 samples/s
  step   250/1756 | loss 0.0553 | data 0.1 ms | step 88.4 ms | 5794.1 samples/s
  step   300/1756 | loss 0.0528 | data 0.1 ms | step 88.0 ms | 5815.1 samples/s
  step   350/1756 | loss 0.0535 | data 0.1 ms | step 88.0 ms | 5815.5 samples/s
  step   400/1756 | loss 0.0608 | data 0.1 ms | step 88.1 ms | 5813.3 samples/s
  step   450/1756 | loss 0.0559 | data 0.1 ms | step 88.0 ms | 5814.9 samples/s
  step   500/1756 | loss 0.0620 | data 0.1 ms | step 88.2 ms | 5802.6 samples/s
  step   550/1756 | loss 0.0612 | data 0.1 ms | step 88.2 ms | 5803.5 samples/s
  step   600/1756 | loss 0.0580 | data 0.1 ms | step 88.4 ms | 5789.8 samples/s
  step   650/1756 | loss 0.0798 | data 0.1 ms | step 88.3 ms | 5797.1 samples/s
  step   700/1756 | loss 0.0761 | data 0.1 ms | step 88.2 ms | 5804.6 samples/s
  step   750/1756 | loss 0.0713 | data 0.1 ms | step 88.2 ms | 5802.1 samples/s
  step   800/1756 | loss 0.0586 | data 0.1 ms | step 88.2 ms | 5805.8 samples/s
  step   850/1756 | loss 0.0664 | data 0.1 ms | step 88.2 ms | 5806.3 samples/s
  step   900/1756 | loss 0.0993 | data 0.1 ms | step 88.2 ms | 5804.2 samples/s
  step   950/1756 | loss 0.0816 | data 0.1 ms | step 88.3 ms | 5797.1 samples/s
  step  1000/1756 | loss 0.0831 | data 0.1 ms | step 88.3 ms | 5801.2 samples/s
  step  1050/1756 | loss 0.0764 | data 0.1 ms | step 88.0 ms | 5816.7 samples/s
  step  1100/1756 | loss 0.0708 | data 0.1 ms | step 87.9 ms | 5822.8 samples/s
  step  1150/1756 | loss 0.0664 | data 0.1 ms | step 88.0 ms | 5820.4 samples/s
  step  1200/1756 | loss 0.0654 | data 0.1 ms | step 88.0 ms | 5817.7 samples/s
  step  1250/1756 | loss 0.0661 | data 0.1 ms | step 88.0 ms | 5819.8 samples/s
  step  1300/1756 | loss 0.0640 | data 0.1 ms | step 88.2 ms | 5805.2 samples/s
  step  1350/1756 | loss 0.0621 | data 0.1 ms | step 88.1 ms | 5813.9 samples/s
  step  1400/1756 | loss 0.0595 | data 0.1 ms | step 88.2 ms | 5803.2 samples/s
  step  1450/1756 | loss 0.0584 | data 0.1 ms | step 88.1 ms | 5810.3 samples/s
  step  1500/1756 | loss 0.0588 | data 0.1 ms | step 88.1 ms | 5814.7 samples/s
  step  1550/1756 | loss 0.0619 | data 0.1 ms | step 88.1 ms | 5809.9 samples/s
  step  1600/1756 | loss 0.0647 | data 0.1 ms | step 88.3 ms | 5798.8 samples/s
  step  1650/1756 | loss 0.0565 | data 0.1 ms | step 88.3 ms | 5796.6 samples/s
  step  1700/1756 | loss 0.0682 | data 0.1 ms | step 88.3 ms | 5801.6 samples/s
  step  1750/1756 | loss 0.0589 | data 0.5 ms | step 88.2 ms | 5807.1 samples/s
Training Loss: 0.064955 | data 0.1 ms | step 88.1 ms | 5805.5 samples/s
Peak GPU memory: 7324.6 MB
Validation Loss: 0.060889 | data 0.1 ms | step 44.6 ms | 11465.3 samples/s

Epoch 33/100
----------------------------------------
Learning Rate: 0.000073
Batch Size   : 512
  step    50/1756 | loss 0.0572 | data 0.8 ms | step 88.4 ms | 5790.7 samples/s
  step   100/1756 | loss 0.0548 | data 0.1 ms | step 88.2 ms | 5802.6 samples/s
  step   150/1756 | loss 0.0614 | data 0.1 ms | step 88.2 ms | 5802.7 samples/s
  step   200/1756 | loss 0.0568 | data 0.1 ms | step 88.1 ms | 5814.0 samples/s
  step   250/1756 | loss 0.0559 | data 0.1 ms | step 88.1 ms | 5813.5 samples/s
  step   300/1756 | loss 0.0586 | data 0.1 ms | step 88.1 ms | 5810.3 samples/s
  step   350/1756 | loss 0.0581 | data 0.1 ms | step 88.2 ms | 5805.5 samples/s
  step   400/1756 | loss 0.0530 | data 0.1 ms | step 88.0 ms | 5818.9 samples/s
  step   450/1756 | loss 0.0669 | data 0.1 ms | step 88.1 ms | 5813.4 samples/s
  step   500/1756 | loss 0.0635 | data 0.1 ms | step 88.2 ms | 5807.0 samples/s
  step   550/1756 | loss 0.0597 | data 0.1 ms | step 88.1 ms | 5810.9 samples/s
  step   600/1756 | loss 0.0623 | data 0.1 ms | step 88.4 ms | 5792.4 samples/s
  step   650/1756 | loss 0.0539 | data 0.1 ms | step 88.3 ms | 5797.9 samples/s
  step   700/1756 | loss 0.0535 | data 0.1 ms | step 88.2 ms | 5805.7 samples/s
  step   750/1756 | loss 0.0539 | data 0.1 ms | step 88.3 ms | 5796.8 samples/s
  step   800/1756 | loss 0.0664 | data 0.1 ms | step 88.2 ms | 5801.8 samples/s
  step   850/1756 | loss 0.0652 | data 0.1 ms | step 88.2 ms | 5805.6 samples/s
  step   900/1756 | loss 0.0655 | data 0.1 ms | step 88.4 ms | 5794.6 samples/s
  step   950/1756 | loss 0.0678 | data 0.1 ms | step 88.3 ms | 5799.7 samples/s
  step  1000/1756 | loss 0.0610 | data 0.1 ms | step 88.3 ms | 5798.0 samples/s
  step  1050/1756 | loss 0.0536 | data 0.1 ms | step 88.4 ms | 5793.5 samples/s
  step  1100/1756 | loss 0.0520 | data 0.1 ms | step 88.2 ms | 5801.8 samples/s
  step  1150/1756 | loss 0.0571 | data 0.1 ms | step 88.2 ms | 5807.1 samples/s
  step  1200/1756 | loss 0.0565 | data 0.1 ms | step 88.0 ms | 5815.0 samples/s
  step  1250/1756 | loss 0.0512 | data 0.1 ms | step 88.1 ms | 5810.9 samples/s
  step  1300/1756 | loss 0.0581 | data 0.1 ms | step 88.2 ms | 5802.9 samples/s
  step  1350/1756 | loss 0.0565 | data 0.1 ms | step 88.1 ms | 5814.6 samples/s
  step  1400/1756 | loss 0.0500 | data 0.1 ms | step 88.1 ms | 5812.4 samples/s
  step  1450/1756 | loss 0.0533 | data 0.1 ms | step 88.0 ms | 5821.2 samples/s
  step  1500/1756 | loss 0.0513 | data 0.1 ms | step 88.0 ms | 5819.0 samples/s
  step  1550/1756 | loss 0.0551 | data 0.1 ms | step 88.1 ms | 5810.0 samples/s
  step  1600/1756 | loss 0.0519 | data 0.1 ms | step 88.3 ms | 5799.3 samples/s
  step  1650/1756 | loss 0.0543 | data 0.1 ms | step 88.0 ms | 5817.3 samples/s
  step  1700/1756 | loss 0.0510 | data 0.1 ms | step 87.9 ms | 5823.1 samples/s
  step  1750/1756 | loss 0.0576 | data 0.6 ms | step 87.9 ms | 5823.1 samples/s
Training Loss: 0.057258 | data 0.1 ms | step 88.1 ms | 5807.3 samples/s
Peak GPU memory: 7324.6 MB
Validation Loss: 0.054478 | data 0.1 ms | step 44.8 ms | 11433.4 samples/s

Epoch 34/100
----------------------------------------
Learning Rate: 0.000073
Batch Size   : 512
  step    50/1756 | loss 0.0480 | data 0.6 ms | step 88.2 ms | 5802.9 samples/s
  step   100/1756 | loss 0.0539 | data 0.1 ms | step 88.1 ms | 5810.3 samples/s
  step   150/1756 | loss 0.0560 | data 0.1 ms | step 88.0 ms | 5819.1 samples/s
  step   200/1756 | loss 0.0513 | data 0.1 ms | step 88.2 ms | 5803.7 samples/s
  step   250/1756 | loss 0.0544 | data 0.1 ms | step 88.2 ms | 5806.3 samples/s
  step   300/1756 | loss 0.0510 | data 0.1 ms | step 88.1 ms | 5808.5 samples/s
  step   350/1756 | loss 0.0554 | data 0.1 ms | step 88.1 ms | 5809.6 samples/s
  step   400/1756 | loss 0.0551 | data 0.1 ms | step 88.1 ms | 5811.5 samples/s
  step   450/1756 | loss 0.0501 | data 0.1 ms | step 88.2 ms | 5802.7 samples/s
  step   500/1756 | loss 0.0475 | data 0.1 ms | step 88.2 ms | 5803.0 samples/s
  step   550/1756 | loss 0.0457 | data 0.1 ms | step 88.3 ms | 5799.1 samples/s
  step   600/1756 | loss 0.0466 | data 0.1 ms | step 88.1 ms | 5814.7 samples/s
  step   650/1756 | loss 0.0477 | data 0.1 ms | step 88.1 ms | 5809.8 samples/s
  step   700/1756 | loss 0.0480 | data 0.1 ms | step 88.0 ms | 5820.9 samples/s
  step   750/1756 | loss 0.0720 | data 0.1 ms | step 88.1 ms | 5814.7 samples/s
  step   800/1756 | loss 0.0645 | data 0.1 ms | step 88.2 ms | 5806.8 samples/s
  step   850/1756 | loss 0.0672 | data 0.1 ms | step 88.2 ms | 5807.5 samples/s
  step   900/1756 | loss 0.0536 | data 0.1 ms | step 88.2 ms | 5806.8 samples/s
  step   950/1756 | loss 0.0565 | data 0.1 ms | step 88.2 ms | 5807.3 samples/s
  step  1000/1756 | loss 0.0534 | data 0.1 ms | step 88.1 ms | 5811.1 samples/s
  step  1050/1756 | loss 0.0500 | data 0.1 ms | step 88.1 ms | 5810.9 samples/s
  step  1100/1756 | loss 0.0555 | data 0.1 ms | step 88.2 ms | 5806.1 samples/s
  step  1150/1756 | loss 0.0532 | data 0.1 ms | step 88.1 ms | 5808.6 samples/s
  step  1200/1756 | loss 0.0532 | data 0.1 ms | step 88.1 ms | 5811.2 samples/s
  step  1250/1756 | loss 0.0647 | data 0.1 ms | step 88.2 ms | 5804.3 samples/s
  step  1300/1756 | loss 0.0557 | data 0.1 ms | step 88.2 ms | 5803.2 samples/s
  step  1350/1756 | loss 0.0534 | data 0.1 ms | step 88.3 ms | 5800.3 samples/s
  step  1400/1756 | loss 0.0582 | data 0.1 ms | step 88.2 ms | 5802.2 samples/s
  step  1450/1756 | loss 0.0508 | data 0.1 ms | step 88.2 ms | 5805.6 samples/s
  step  1500/1756 | loss 0.0522 | data 0.1 ms | step 88.0 ms | 5814.9 samples/s
  step  1550/1756 | loss 0.0534 | data 0.1 ms | step 88.2 ms | 5807.7 samples/s
  step  1600/1756 | loss 0.0498 | data 0.1 ms | step 88.2 ms | 5807.3 samples/s
  step  1650/1756 | loss 0.0487 | data 0.1 ms | step 88.1 ms | 5813.1 samples/s
  step  1700/1756 | loss 0.0516 | data 0.1 ms | step 88.4 ms | 5791.5 samples/s
  step  1750/1756 | loss 0.0618 | data 0.5 ms | step 88.2 ms | 5805.2 samples/s
Training Loss: 0.054003 | data 0.1 ms | step 88.1 ms | 5807.6 samples/s
Peak GPU memory: 7324.6 MB
Validation Loss: 0.074740 | data 0.1 ms | step 44.6 ms | 11466.1 samples/s

Epoch 35/100
----------------------------------------
Learning Rate: 0.000073
Batch Size   : 512
  step    50/1756 | loss 0.0592 | data 0.7 ms | step 88.5 ms | 5783.2 samples/s
  step   100/1756 | loss 0.0606 | data 0.1 ms | step 88.2 ms | 5806.0 samples/s
  step   150/1756 | loss 0.0558 | data 0.1 ms | step 88.2 ms | 5804.0 samples/s
  step   200/1756 | loss 0.0571 | data 0.1 ms | step 88.2 ms | 5803.2 samples/s
  step   250/1756 | loss 0.0520 | data 0.1 ms | step 88.2 ms | 5806.8 samples/s
  step   300/1756 | loss 0.0491 | data 0.1 ms | step 88.1 ms | 5809.3 samples/s
  step   350/1756 | loss 0.0510 | data 0.1 ms | step 88.0 ms | 5820.8 samples/s
  step   400/1756 | loss 0.0485 | data 0.1 ms | step 88.0 ms | 5817.8 samples/s
  step   450/1756 | loss 0.0505 | data 0.1 ms | step 88.0 ms | 5816.7 samples/s
  step   500/1756 | loss 0.0475 | data 0.1 ms | step 88.1 ms | 5809.5 samples/s
  step   550/1756 | loss 0.0486 | data 0.1 ms | step 88.4 ms | 5793.2 samples/s
  step   600/1756 | loss 0.0517 | data 0.1 ms | step 88.3 ms | 5799.6 samples/s
  step   650/1756 | loss 0.0504 | data 0.1 ms | step 88.2 ms | 5802.5 samples/s
  step   700/1756 | loss 0.0579 | data 0.1 ms | step 88.4 ms | 5789.6 samples/s
  step   750/1756 | loss 0.0480 | data 0.1 ms | step 88.1 ms | 5812.5 samples/s
  step   800/1756 | loss 0.0444 | data 0.1 ms | step 88.0 ms | 5819.7 samples/s
  step   850/1756 | loss 0.0444 | data 0.1 ms | step 88.1 ms | 5809.1 samples/s
  step   900/1756 | loss 0.0467 | data 0.1 ms | step 88.2 ms | 5807.5 samples/s
  step   950/1756 | loss 0.0709 | data 0.1 ms | step 88.3 ms | 5801.2 samples/s
  step  1000/1756 | loss 0.0579 | data 0.1 ms | step 88.2 ms | 5805.4 samples/s
  step  1050/1756 | loss 0.0480 | data 0.1 ms | step 88.3 ms | 5800.8 samples/s
  step  1100/1756 | loss 0.0529 | data 0.1 ms | step 88.4 ms | 5794.3 samples/s
  step  1150/1756 | loss 0.0502 | data 0.1 ms | step 88.4 ms | 5793.1 samples/s
  step  1200/1756 | loss 0.0488 | data 0.1 ms | step 88.2 ms | 5803.7 samples/s
  step  1250/1756 | loss 0.0470 | data 0.1 ms | step 87.9 ms | 5827.1 samples/s
  step  1300/1756 | loss 0.0474 | data 0.1 ms | step 88.0 ms | 5817.2 samples/s
  step  1350/1756 | loss 0.0466 | data 0.1 ms | step 88.1 ms | 5808.3 samples/s
  step  1400/1756 | loss 0.0511 | data 0.1 ms | step 88.2 ms | 5805.0 samples/s
  step  1450/1756 | loss 0.0482 | data 0.1 ms | step 88.2 ms | 5802.4 samples/s
  step  1500/1756 | loss 0.0458 | data 0.1 ms | step 88.1 ms | 5808.5 samples/s
  step  1550/1756 | loss 0.0445 | data 0.1 ms | step 88.3 ms | 5801.1 samples/s
  step  1600/1756 | loss 0.0458 | data 0.1 ms | step 88.1 ms | 5814.5 samples/s
  step  1650/1756 | loss 0.0707 | data 0.1 ms | step 88.1 ms | 5813.1 samples/s
  step  1700/1756 | loss 0.0620 | data 0.1 ms | step 88.0 ms | 5815.4 samples/s
  step  1750/1756 | loss 0.0475 | data 0.5 ms | step 88.1 ms | 5808.9 samples/s
Training Loss: 0.051655 | data 0.1 ms | step 88.1 ms | 5806.5 samples/s
Peak GPU memory: 7324.6 MB
Validation Loss: 0.048538 | data 0.1 ms | step 44.7 ms | 11446.2 samples/s

Epoch 36/100
----------------------------------------
Learning Rate: 0.000073
Batch Size   : 512
  step    50/1756 | loss 0.0487 | data 0.7 ms | step 88.5 ms | 5787.9 samples/s
  step   100/1756 | loss 0.0492 | data 0.1 ms | step 88.3 ms | 5798.8 samples/s
  step   150/1756 | loss 0.0519 | data 0.1 ms | step 88.3 ms | 5799.2 samples/s
  step   200/1756 | loss 0.0561 | data 0.1 ms | step 87.9 ms | 5822.1 samples/s
  step   250/1756 | loss 0.0534 | data 0.1 ms | step 88.0 ms | 5820.4 samples/s
  step   300/1756 | loss 0.0471 | data 0.1 ms | step 88.0 ms | 5819.1 samples/s
  step   350/1756 | loss 0.0460 | data 0.1 ms | step 88.0 ms | 5819.5 samples/s
  step   400/1756 | loss 0.0483 | data 0.1 ms | step 88.0 ms | 5818.6 samples/s
  step   450/1756 | loss 0.0469 | data 0.1 ms | step 88.0 ms | 5815.9 samples/s
  step   500/1756 | loss 0.0470 | data 0.1 ms | step 88.3 ms | 5799.1 samples/s
  step   550/1756 | loss 0.0471 | data 0.1 ms | step 88.1 ms | 5808.6 samples/s
  step   600/1756 | loss 0.0472 | data 0.1 ms | step 88.2 ms | 5806.2 samples/s
  step   650/1756 | loss 0.0513 | data 0.1 ms | step 88.3 ms | 5795.9 samples/s
  step   700/1756 | loss 0.0514 | data 0.1 ms | step 88.3 ms | 5799.8 samples/s
  step   750/1756 | loss 0.0484 | data 0.1 ms | step 88.1 ms | 5814.1 samples/s
  step   800/1756 | loss 0.0483 | data 0.1 ms | step 88.1 ms | 5811.2 samples/s
  step   850/1756 | loss 0.0462 | data 0.1 ms | step 88.0 ms | 5817.0 samples/s
  step   900/1756 | loss 0.0661 | data 0.1 ms | step 88.0 ms | 5818.2 samples/s
  step   950/1756 | loss 0.1292 | data 0.1 ms | step 88.2 ms | 5807.9 samples/s
  step  1000/1756 | loss 0.0839 | data 0.1 ms | step 88.2 ms | 5804.8 samples/s
  step  1050/1756 | loss 0.0666 | data 0.1 ms | step 88.1 ms | 5812.6 samples/s
  step  1100/1756 | loss 0.0678 | data 0.1 ms | step 88.0 ms | 5816.3 samples/s
  step  1150/1756 | loss 0.0588 | data 0.1 ms | step 87.8 ms | 5829.7 samples/s
  step  1200/1756 | loss 0.0586 | data 0.1 ms | step 87.9 ms | 5824.9 samples/s
  step  1250/1756 | loss 0.0559 | data 0.1 ms | step 87.9 ms | 5823.3 samples/s
  step  1300/1756 | loss 0.0873 | data 0.1 ms | step 88.0 ms | 5818.7 samples/s
  step  1350/1756 | loss 0.0699 | data 0.1 ms | step 88.1 ms | 5809.5 samples/s
  step  1400/1756 | loss 0.0615 | data 0.1 ms | step 88.1 ms | 5809.0 samples/s
  step  1450/1756 | loss 0.1008 | data 0.1 ms | step 88.1 ms | 5808.4 samples/s
  step  1500/1756 | loss 0.0949 | data 0.1 ms | step 88.1 ms | 5809.3 samples/s
  step  1550/1756 | loss 0.0787 | data 0.1 ms | step 88.2 ms | 5805.4 samples/s
  step  1600/1756 | loss 0.0731 | data 0.1 ms | step 88.1 ms | 5809.5 samples/s
  step  1650/1756 | loss 0.0632 | data 0.1 ms | step 88.0 ms | 5815.2 samples/s
  step  1700/1756 | loss 0.0643 | data 0.1 ms | step 88.2 ms | 5804.9 samples/s
  step  1750/1756 | loss 0.0888 | data 0.5 ms | step 88.1 ms | 5808.6 samples/s
Training Loss: 0.063068 | data 0.1 ms | step 88.1 ms | 5811.1 samples/s
Peak GPU memory: 7324.6 MB
Validation Loss: 0.097079 | data 0.1 ms | step 44.5 ms | 11509.8 samples/s

Epoch 37/100
----------------------------------------
Learning Rate: 0.000073
Batch Size   : 512
  step    50/1756 | loss 0.0925 | data 0.8 ms | step 88.3 ms | 5798.7 samples/s
  step   100/1756 | loss 0.0830 | data 0.1 ms | step 88.1 ms | 5808.9 samples/s
  step   150/1756 | loss 0.0684 | data 0.1 ms | step 88.0 ms | 5816.4 samples/s
  step   200/1756 | loss 0.0726 | data 0.1 ms | step 88.0 ms | 5818.3 samples/s
  step   250/1756 | loss 0.0635 | data 0.1 ms | step 88.0 ms | 5817.3 samples/s
  step   300/1756 | loss 0.0685 | data 0.1 ms | step 88.2 ms | 5807.2 samples/s
  step   350/1756 | loss 0.0630 | data 0.1 ms | step 88.2 ms | 5803.3 samples/s
  step   400/1756 | loss 0.0725 | data 0.1 ms | step 88.3 ms | 5797.8 samples/s
  step   450/1756 | loss 0.0814 | data 0.1 ms | step 88.2 ms | 5805.7 samples/s
  step   500/1756 | loss 0.0711 | data 0.1 ms | step 88.3 ms | 5799.9 samples/s
  step   550/1756 | loss 0.0672 | data 0.1 ms | step 88.2 ms | 5802.8 samples/s
  step   600/1756 | loss 0.0610 | data 0.1 ms | step 88.2 ms | 5805.3 samples/s
  step   650/1756 | loss 0.0611 | data 0.1 ms | step 88.2 ms | 5806.0 samples/s
  step   700/1756 | loss 0.0588 | data 0.1 ms | step 88.3 ms | 5801.0 samples/s
  step   750/1756 | loss 0.0556 | data 0.1 ms | step 88.2 ms | 5803.9 samples/s
  step   800/1756 | loss 0.0562 | data 0.1 ms | step 88.3 ms | 5799.8 samples/s
  step   850/1756 | loss 0.0548 | data 0.1 ms | step 88.2 ms | 5807.6 samples/s
  step   900/1756 | loss 0.0707 | data 0.1 ms | step 88.1 ms | 5810.2 samples/s
  step   950/1756 | loss 0.0947 | data 0.1 ms | step 88.1 ms | 5810.7 samples/s
  step  1000/1756 | loss 0.1005 | data 0.1 ms | step 87.9 ms | 5822.1 samples/s
  step  1050/1756 | loss 0.0931 | data 0.1 ms | step 88.0 ms | 5815.1 samples/s
  step  1100/1756 | loss 0.0761 | data 0.1 ms | step 88.1 ms | 5809.9 samples/s
  step  1150/1756 | loss 0.0713 | data 0.1 ms | step 88.0 ms | 5816.0 samples/s
  step  1200/1756 | loss 0.0731 | data 0.1 ms | step 88.1 ms | 5810.2 samples/s
  step  1250/1756 | loss 0.0741 | data 0.1 ms | step 88.0 ms | 5817.0 samples/s
  step  1300/1756 | loss 0.1404 | data 0.1 ms | step 88.2 ms | 5807.1 samples/s
  step  1350/1756 | loss 0.0877 | data 0.1 ms | step 88.4 ms | 5793.3 samples/s
  step  1400/1756 | loss 0.0780 | data 0.1 ms | step 88.3 ms | 5798.9 samples/s
  step  1450/1756 | loss 0.0774 | data 0.1 ms | step 88.2 ms | 5802.5 samples/s
  step  1500/1756 | loss 0.0853 | data 0.1 ms | step 88.2 ms | 5805.2 samples/s
  step  1550/1756 | loss 0.0759 | data 0.1 ms | step 88.3 ms | 5801.2 samples/s
  step  1600/1756 | loss 0.0723 | data 0.1 ms | step 88.0 ms | 5817.1 samples/s
  step  1650/1756 | loss 0.0671 | data 0.1 ms | step 88.0 ms | 5818.0 samples/s
  step  1700/1756 | loss 0.0662 | data 0.1 ms | step 88.0 ms | 5818.3 samples/s
  step  1750/1756 | loss 0.0602 | data 0.5 ms | step 87.9 ms | 5825.0 samples/s
Training Loss: 0.074662 | data 0.1 ms | step 88.1 ms | 5808.4 samples/s
Peak GPU memory: 7324.6 MB
Validation Loss: 0.061961 | data 0.1 ms | step 44.6 ms | 11465.4 samples/s

Epoch 38/100
----------------------------------------
Learning Rate: 0.000073
Batch Size   : 512
  step    50/1756 | loss 0.0653 | data 0.7 ms | step 88.2 ms | 5802.4 samples/s
  step   100/1756 | loss 0.0641 | data 0.1 ms | step 88.2 ms | 5803.4 samples/s
  step   150/1756 | loss 0.0627 | data 0.1 ms | step 88.2 ms | 5803.5 samples/s
  step   200/1756 | loss 0.0586 | data 0.1 ms | step 88.1 ms | 5808.6 samples/s
  step   250/1756 | loss 0.0592 | data 0.1 ms | step 88.1 ms | 5809.2 samples/s
  step   300/1756 | loss 0.0553 | data 0.1 ms | step 88.3 ms | 5801.5 samples/s
  step   350/1756 | loss 0.0593 | data 0.1 ms | step 88.4 ms | 5789.6 samples/s
  step   400/1756 | loss 0.0524 | data 0.1 ms | step 88.3 ms | 5800.6 samples/s
  step   450/1756 | loss 0.0554 | data 0.1 ms | step 88.3 ms | 5799.3 samples/s
  step   500/1756 | loss 0.0575 | data 0.1 ms | step 88.3 ms | 5798.2 samples/s
  step   550/1756 | loss 0.0517 | data 0.1 ms | step 88.2 ms | 5806.4 samples/s
  step   600/1756 | loss 0.0496 | data 0.1 ms | step 88.2 ms | 5804.4 samples/s
  step   650/1756 | loss 0.0508 | data 0.1 ms | step 88.3 ms | 5800.1 samples/s
  step   700/1756 | loss 0.0507 | data 0.1 ms | step 88.3 ms | 5799.2 samples/s
  step   750/1756 | loss 0.0526 | data 0.1 ms | step 88.2 ms | 5803.7 samples/s
  step   800/1756 | loss 0.0549 | data 0.1 ms | step 88.3 ms | 5799.4 samples/s
  step   850/1756 | loss 0.0509 | data 0.1 ms | step 88.2 ms | 5803.0 samples/s
  step   900/1756 | loss 0.0524 | data 0.1 ms | step 88.2 ms | 5806.9 samples/s
  step   950/1756 | loss 0.0621 | data 0.1 ms | step 88.2 ms | 5803.5 samples/s
  step  1000/1756 | loss 0.0570 | data 0.1 ms | step 88.1 ms | 5812.6 samples/s
  step  1050/1756 | loss 0.0587 | data 0.1 ms | step 88.1 ms | 5809.6 samples/s
  step  1100/1756 | loss 0.0504 | data 0.1 ms | step 88.1 ms | 5813.9 samples/s
  step  1150/1756 | loss 0.0611 | data 0.1 ms | step 87.9 ms | 5822.4 samples/s
  step  1200/1756 | loss 0.0559 | data 0.1 ms | step 87.9 ms | 5824.0 samples/s
  step  1250/1756 | loss 0.0563 | data 0.1 ms | step 88.2 ms | 5805.5 samples/s
  step  1300/1756 | loss 0.0545 | data 0.1 ms | step 88.1 ms | 5808.7 samples/s
  step  1350/1756 | loss 0.0657 | data 0.1 ms | step 88.1 ms | 5808.5 samples/s
  step  1400/1756 | loss 0.0554 | data 0.1 ms | step 88.2 ms | 5805.5 samples/s
  step  1450/1756 | loss 0.0513 | data 0.1 ms | step 88.1 ms | 5809.7 samples/s
  step  1500/1756 | loss 0.0509 | data 0.1 ms | step 88.0 ms | 5817.4 samples/s
  step  1550/1756 | loss 0.0465 | data 0.1 ms | step 88.1 ms | 5813.1 samples/s
  step  1600/1756 | loss 0.0490 | data 0.1 ms | step 88.1 ms | 5808.7 samples/s
  step  1650/1756 | loss 0.0615 | data 0.1 ms | step 88.1 ms | 5809.3 samples/s
  step  1700/1756 | loss 0.0792 | data 0.1 ms | step 88.1 ms | 5811.9 samples/s
  step  1750/1756 | loss 0.0610 | data 0.5 ms | step 88.1 ms | 5810.3 samples/s
Training Loss: 0.056556 | data 0.1 ms | step 88.1 ms | 5806.7 samples/s
Peak GPU memory: 7324.6 MB
Validation Loss: 0.059780 | data 0.1 ms | step 44.7 ms | 11438.2 samples/s

Epoch 39/100
----------------------------------------
Learning Rate: 0.000073
Batch Size   : 512
  step    50/1756 | loss 0.0598 | data 0.7 ms | step 88.3 ms | 5799.1 samples/s
  step   100/1756 | loss 0.0555 | data 0.1 ms | step 88.2 ms | 5805.1 samples/s
  step   150/1756 | loss 0.0508 | data 0.1 ms | step 88.1 ms | 5811.6 samples/s
  step   200/1756 | loss 0.0643 | data 0.1 ms | step 88.0 ms | 5817.3 samples/s
  step   250/1756 | loss 0.0687 | data 0.1 ms | step 88.1 ms | 5812.0 samples/s
  step   300/1756 | loss 0.0526 | data 0.1 ms | step 88.0 ms | 5815.8 samples/s
  step   350/1756 | loss 0.0506 | data 0.1 ms | step 88.0 ms | 5816.0 samples/s
  step   400/1756 | loss 0.0543 | data 0.1 ms | step 87.9 ms | 5826.5 samples/s
  step   450/1756 | loss 0.0669 | data 0.1 ms | step 88.0 ms | 5820.9 samples/s
  step   500/1756 | loss 0.0566 | data 0.1 ms | step 87.9 ms | 5824.6 samples/s
  step   550/1756 | loss 0.0520 | data 0.1 ms | step 88.0 ms | 5817.8 samples/s
  step   600/1756 | loss 0.0506 | data 0.1 ms | step 88.1 ms | 5813.1 samples/s
  step   650/1756 | loss 0.0520 | data 0.1 ms | step 88.0 ms | 5819.4 samples/s
  step   700/1756 | loss 0.0495 | data 0.1 ms | step 88.0 ms | 5819.4 samples/s
  step   750/1756 | loss 0.0483 | data 0.1 ms | step 88.0 ms | 5820.7 samples/s
  step   800/1756 | loss 0.0556 | data 0.1 ms | step 88.1 ms | 5814.5 samples/s
  step   850/1756 | loss 0.0538 | data 0.1 ms | step 88.0 ms | 5816.3 samples/s
  step   900/1756 | loss 0.0516 | data 0.1 ms | step 88.1 ms | 5813.2 samples/s
  step   950/1756 | loss 0.0502 | data 0.1 ms | step 88.1 ms | 5809.0 samples/s
  step  1000/1756 | loss 0.0478 | data 0.1 ms | step 88.2 ms | 5807.1 samples/s
  step  1050/1756 | loss 0.0488 | data 0.1 ms | step 88.3 ms | 5799.6 samples/s
  step  1100/1756 | loss 0.0491 | data 0.1 ms | step 88.0 ms | 5815.1 samples/s
  step  1150/1756 | loss 0.0483 | data 0.1 ms | step 88.2 ms | 5806.0 samples/s
  step  1200/1756 | loss 0.0470 | data 0.1 ms | step 88.1 ms | 5810.1 samples/s
  step  1250/1756 | loss 0.0570 | data 0.1 ms | step 88.1 ms | 5814.2 samples/s
  step  1300/1756 | loss 0.0756 | data 0.1 ms | step 88.2 ms | 5808.1 samples/s
  step  1350/1756 | loss 0.0568 | data 0.1 ms | step 88.1 ms | 5809.1 samples/s
  step  1400/1756 | loss 0.0579 | data 0.1 ms | step 88.4 ms | 5794.7 samples/s
  step  1450/1756 | loss 0.0489 | data 0.1 ms | step 88.1 ms | 5812.3 samples/s
  step  1500/1756 | loss 0.0517 | data 0.1 ms | step 88.0 ms | 5816.4 samples/s
  step  1550/1756 | loss 0.0500 | data 0.1 ms | step 88.0 ms | 5819.8 samples/s
  step  1600/1756 | loss 0.0543 | data 0.1 ms | step 88.0 ms | 5815.5 samples/s
  step  1650/1756 | loss 0.0483 | data 0.1 ms | step 87.9 ms | 5825.2 samples/s
  step  1700/1756 | loss 0.0470 | data 0.1 ms | step 88.2 ms | 5807.6 samples/s
  step  1750/1756 | loss 0.0498 | data 0.6 ms | step 88.1 ms | 5808.3 samples/s
Training Loss: 0.053740 | data 0.1 ms | step 88.0 ms | 5813.1 samples/s
Peak GPU memory: 7324.6 MB
Validation Loss: 0.050252 | data 0.1 ms | step 44.7 ms | 11451.2 samples/s

Epoch 40/100
----------------------------------------
Learning Rate: 0.000073
Batch Size   : 512
  step    50/1756 | loss 0.0483 | data 0.7 ms | step 88.3 ms | 5799.0 samples/s
  step   100/1756 | loss 0.0496 | data 0.1 ms | step 88.3 ms | 5801.1 samples/s
  step   150/1756 | loss 0.0482 | data 0.1 ms | step 88.1 ms | 5810.0 samples/s
  step   200/1756 | loss 0.0467 | data 0.1 ms | step 88.2 ms | 5804.3 samples/s
  step   250/1756 | loss 0.0474 | data 0.1 ms | step 88.0 ms | 5819.4 samples/s
  step   300/1756 | loss 0.0435 | data 0.1 ms | step 88.0 ms | 5815.2 samples/s
  step   350/1756 | loss 0.0437 | data 0.1 ms | step 88.2 ms | 5807.4 samples/s
  step   400/1756 | loss 0.0416 | data 0.1 ms | step 88.1 ms | 5813.2 samples/s
  step   450/1756 | loss 0.0431 | data 0.1 ms | step 88.2 ms | 5806.1 samples/s
  step   500/1756 | loss 0.0432 | data 0.1 ms | step 88.2 ms | 5807.4 samples/s
  step   550/1756 | loss 0.0390 | data 0.1 ms | step 88.2 ms | 5804.6 samples/s
  step   600/1756 | loss 0.0492 | data 0.1 ms | step 88.3 ms | 5797.9 samples/s
  step   650/1756 | loss 0.0559 | data 0.1 ms | step 88.1 ms | 5809.9 samples/s
  step   700/1756 | loss 0.0474 | data 0.1 ms | step 88.1 ms | 5814.4 samples/s
  step   750/1756 | loss 0.0477 | data 0.1 ms | step 88.1 ms | 5814.7 samples/s
  step   800/1756 | loss 0.0593 | data 0.1 ms | step 88.1 ms | 5808.3 samples/s
  step   850/1756 | loss 0.0662 | data 0.1 ms | step 87.9 ms | 5823.7 samples/s
  step   900/1756 | loss 0.0598 | data 0.1 ms | step 88.1 ms | 5812.9 samples/s
  step   950/1756 | loss 0.0639 | data 0.1 ms | step 88.2 ms | 5807.5 samples/s
  step  1000/1756 | loss 0.0540 | data 0.1 ms | step 88.1 ms | 5808.4 samples/s
  step  1050/1756 | loss 0.0493 | data 0.1 ms | step 88.1 ms | 5810.4 samples/s
  step  1100/1756 | loss 0.0526 | data 0.1 ms | step 88.0 ms | 5815.7 samples/s
  step  1150/1756 | loss 0.0529 | data 0.1 ms | step 88.1 ms | 5811.4 samples/s
  step  1200/1756 | loss 0.0517 | data 0.1 ms | step 88.2 ms | 5807.0 samples/s
  step  1250/1756 | loss 0.0469 | data 0.1 ms | step 88.1 ms | 5812.4 samples/s
  step  1300/1756 | loss 0.0488 | data 0.1 ms | step 88.1 ms | 5814.5 samples/s
  step  1350/1756 | loss 0.0463 | data 0.1 ms | step 87.9 ms | 5822.2 samples/s
  step  1400/1756 | loss 0.0479 | data 0.1 ms | step 88.0 ms | 5821.3 samples/s
  step  1450/1756 | loss 0.0535 | data 0.1 ms | step 88.0 ms | 5817.3 samples/s
  step  1500/1756 | loss 0.0544 | data 0.1 ms | step 88.1 ms | 5812.6 samples/s
  step  1550/1756 | loss 0.0564 | data 0.1 ms | step 88.1 ms | 5814.1 samples/s
  step  1600/1756 | loss 0.0477 | data 0.1 ms | step 88.2 ms | 5806.2 samples/s
  step  1650/1756 | loss 0.0425 | data 0.1 ms | step 88.4 ms | 5794.8 samples/s
  step  1700/1756 | loss 0.0451 | data 0.1 ms | step 88.3 ms | 5798.3 samples/s
  step  1750/1756 | loss 0.0468 | data 0.6 ms | step 88.1 ms | 5810.8 samples/s
Training Loss: 0.049739 | data 0.1 ms | step 88.1 ms | 5810.1 samples/s
Peak GPU memory: 7324.6 MB
Validation Loss: 0.046184 | data 0.1 ms | step 44.8 ms | 11424.5 samples/s

Epoch 41/100
----------------------------------------
Learning Rate: 0.000066
Batch Size   : 512
  step    50/1756 | loss 0.0460 | data 0.6 ms | step 88.4 ms | 5790.7 samples/s
  step   100/1756 | loss 0.0415 | data 0.1 ms | step 88.3 ms | 5799.0 samples/s
  step   150/1756 | loss 0.0436 | data 0.1 ms | step 88.3 ms | 5798.2 samples/s
  step   200/1756 | loss 0.0405 | data 0.1 ms | step 88.2 ms | 5803.8 samples/s
  step   250/1756 | loss 0.0419 | data 0.1 ms | step 88.2 ms | 5806.8 samples/s
  step   300/1756 | loss 0.0433 | data 0.1 ms | step 88.2 ms | 5807.1 samples/s
  step   350/1756 | loss 0.0458 | data 0.1 ms | step 88.3 ms | 5799.8 samples/s
  step   400/1756 | loss 0.0455 | data 0.1 ms | step 88.1 ms | 5808.4 samples/s
  step   450/1756 | loss 0.0453 | data 0.1 ms | step 88.2 ms | 5807.4 samples/s
  step   500/1756 | loss 0.0441 | data 0.1 ms | step 88.1 ms | 5810.8 samples/s
  step   550/1756 | loss 0.0688 | data 0.1 ms | step 88.1 ms | 5809.3 samples/s
  step   600/1756 | loss 0.0614 | data 0.1 ms | step 88.0 ms | 5816.1 samples/s
  step   650/1756 | loss 0.0536 | data 0.1 ms | step 88.0 ms | 5820.4 samples/s
  step   700/1756 | loss 0.0590 | data 0.1 ms | step 88.1 ms | 5814.9 samples/s
  step   750/1756 | loss 0.0532 | data 0.1 ms | step 88.0 ms | 5816.0 samples/s
  step   800/1756 | loss 0.0453 | data 0.1 ms | step 88.2 ms | 5806.8 samples/s
  step   850/1756 | loss 0.0480 | data 0.1 ms | step 88.1 ms | 5813.6 samples/s
  step   900/1756 | loss 0.0439 | data 0.1 ms | step 88.0 ms | 5815.6 samples/s
  step   950/1756 | loss 0.0451 | data 0.1 ms | step 88.1 ms | 5808.7 samples/s
  step  1000/1756 | loss 0.0579 | data 0.1 ms | step 88.2 ms | 5808.2 samples/s
  step  1050/1756 | loss 0.0526 | data 0.1 ms | step 88.1 ms | 5812.1 samples/s
  step  1100/1756 | loss 0.0480 | data 0.1 ms | step 88.1 ms | 5813.9 samples/s
  step  1150/1756 | loss 0.0497 | data 0.1 ms | step 88.1 ms | 5810.7 samples/s
  step  1200/1756 | loss 0.0458 | data 0.1 ms | step 88.2 ms | 5807.7 samples/s
  step  1250/1756 | loss 0.0559 | data 0.1 ms | step 88.2 ms | 5807.9 samples/s
  step  1300/1756 | loss 0.0475 | data 0.1 ms | step 88.1 ms | 5809.8 samples/s
  step  1350/1756 | loss 0.0463 | data 0.1 ms | step 88.2 ms | 5807.8 samples/s
  step  1400/1756 | loss 0.0526 | data 0.1 ms | step 88.4 ms | 5793.0 samples/s
  step  1450/1756 | loss 0.0481 | data 0.1 ms | step 88.3 ms | 5799.9 samples/s
  step  1500/1756 | loss 0.0503 | data 0.1 ms | step 88.3 ms | 5799.9 samples/s
  step  1550/1756 | loss 0.0477 | data 0.1 ms | step 88.2 ms | 5803.0 samples/s
  step  1600/1756 | loss 0.0433 | data 0.1 ms | step 88.3 ms | 5800.7 samples/s
  step  1650/1756 | loss 0.0481 | data 0.1 ms | step 88.3 ms | 5796.1 samples/s
  step  1700/1756 | loss 0.0558 | data 0.1 ms | step 88.2 ms | 5805.3 samples/s
  step  1750/1756 | loss 0.0479 | data 0.5 ms | step 88.1 ms | 5814.8 samples/s
Training Loss: 0.048910 | data 0.1 ms | step 88.1 ms | 5807.1 samples/s
Peak GPU memory: 7324.6 MB
Validation Loss: 0.047413 | data 0.1 ms | step 44.6 ms | 11474.4 samples/s

Epoch 42/100
----------------------------------------
Learning Rate: 0.000066
Batch Size   : 512
  step    50/1756 | loss 0.0485 | data 0.7 ms | step 88.5 ms | 5785.2 samples/s
  step   100/1756 | loss 0.0469 | data 0.1 ms | step 88.3 ms | 5801.5 samples/s
  step   150/1756 | loss 0.0500 | data 0.1 ms | step 88.3 ms | 5801.0 samples/s
  step   200/1756 | loss 0.0596 | data 0.1 ms | step 88.2 ms | 5804.0 samples/s
  step   250/1756 | loss 0.0495 | data 0.1 ms | step 88.1 ms | 5812.1 samples/s
  step   300/1756 | loss 0.0478 | data 0.1 ms | step 88.1 ms | 5810.1 samples/s
  step   350/1756 | loss 0.0448 | data 0.1 ms | step 88.2 ms | 5805.8 samples/s
  step   400/1756 | loss 0.0615 | data 0.1 ms | step 88.3 ms | 5795.4 samples/s
  step   450/1756 | loss 0.0642 | data 0.1 ms | step 88.2 ms | 5805.9 samples/s
  step   500/1756 | loss 0.0533 | data 0.1 ms | step 88.3 ms | 5799.6 samples/s
  step   550/1756 | loss 0.0482 | data 0.1 ms | step 88.4 ms | 5794.4 samples/s
  step   600/1756 | loss 0.0516 | data 0.1 ms | step 88.3 ms | 5799.8 samples/s
  step   650/1756 | loss 0.0832 | data 0.1 ms | step 88.4 ms | 5792.5 samples/s
  step   700/1756 | loss 0.0581 | data 0.1 ms | step 88.2 ms | 5806.5 samples/s
  step   750/1756 | loss 0.0574 | data 0.1 ms | step 88.0 ms | 5818.7 samples/s
  step   800/1756 | loss 0.0542 | data 0.1 ms | step 88.0 ms | 5819.2 samples/s
  step   850/1756 | loss 0.0474 | data 0.1 ms | step 87.9 ms | 5825.9 samples/s
  step   900/1756 | loss 0.0516 | data 0.1 ms | step 87.9 ms | 5826.8 samples/s
  step   950/1756 | loss 0.0457 | data 0.1 ms | step 87.9 ms | 5823.8 samples/s
  step  1000/1756 | loss 0.0457 | data 0.1 ms | step 87.9 ms | 5824.0 samples/s
  step  1050/1756 | loss 0.0483 | data 0.1 ms | step 88.1 ms | 5808.8 samples/s
  step  1100/1756 | loss 0.0483 | data 0.1 ms | step 88.1 ms | 5810.8 samples/s
  step  1150/1756 | loss 0.0443 | data 0.1 ms | step 88.0 ms | 5819.3 samples/s
  step  1200/1756 | loss 0.0459 | data 0.1 ms | step 87.9 ms | 5822.0 samples/s
  step  1250/1756 | loss 0.0509 | data 0.1 ms | step 88.1 ms | 5811.1 samples/s
  step  1300/1756 | loss 0.0444 | data 0.1 ms | step 88.2 ms | 5806.9 samples/s
  step  1350/1756 | loss 0.0442 | data 0.1 ms | step 88.1 ms | 5809.3 samples/s
  step  1400/1756 | loss 0.0434 | data 0.1 ms | step 88.1 ms | 5808.5 samples/s
  step  1450/1756 | loss 0.0436 | data 0.1 ms | step 88.1 ms | 5810.0 samples/s
  step  1500/1756 | loss 0.0425 | data 0.1 ms | step 88.2 ms | 5802.3 samples/s
  step  1550/1756 | loss 0.0469 | data 0.1 ms | step 88.3 ms | 5797.4 samples/s
  step  1600/1756 | loss 0.0477 | data 0.1 ms | step 88.3 ms | 5801.0 samples/s
  step  1650/1756 | loss 0.0435 | data 0.1 ms | step 88.2 ms | 5807.4 samples/s
  step  1700/1756 | loss 0.0416 | data 0.1 ms | step 88.2 ms | 5803.5 samples/s
  step  1750/1756 | loss 0.0407 | data 0.5 ms | step 88.3 ms | 5796.5 samples/s
Training Loss: 0.049819 | data 0.1 ms | step 88.1 ms | 5807.6 samples/s
Peak GPU memory: 7324.6 MB
Validation Loss: 0.043142 | data 0.1 ms | step 44.7 ms | 11455.1 samples/s

Epoch 43/100
----------------------------------------
Learning Rate: 0.000066
Batch Size   : 512
  step    50/1756 | loss 0.0413 | data 0.7 ms | step 88.4 ms | 5790.2 samples/s
  step   100/1756 | loss 0.0422 | data 0.1 ms | step 88.3 ms | 5799.6 samples/s
  step   150/1756 | loss 0.0433 | data 0.1 ms | step 88.2 ms | 5807.5 samples/s
  step   200/1756 | loss 0.0459 | data 0.1 ms | step 88.1 ms | 5812.9 samples/s
  step   250/1756 | loss 0.0498 | data 0.1 ms | step 88.2 ms | 5806.5 samples/s
  step   300/1756 | loss 0.0440 | data 0.1 ms | step 88.1 ms | 5813.3 samples/s
  step   350/1756 | loss 0.0438 | data 0.1 ms | step 88.1 ms | 5811.5 samples/s
  step   400/1756 | loss 0.0436 | data 0.1 ms | step 88.1 ms | 5810.0 samples/s
  step   450/1756 | loss 0.0389 | data 0.1 ms | step 88.3 ms | 5798.8 samples/s
  step   500/1756 | loss 0.0382 | data 0.1 ms | step 88.1 ms | 5809.0 samples/s
  step   550/1756 | loss 0.0406 | data 0.1 ms | step 88.2 ms | 5805.6 samples/s
  step   600/1756 | loss 0.0405 | data 0.1 ms | step 88.2 ms | 5808.0 samples/s
  step   650/1756 | loss 0.0435 | data 0.1 ms | step 88.2 ms | 5805.9 samples/s
  step   700/1756 | loss 0.0385 | data 0.1 ms | step 88.2 ms | 5807.2 samples/s
  step   750/1756 | loss 0.0384 | data 0.1 ms | step 88.2 ms | 5803.5 samples/s
  step   800/1756 | loss 0.0394 | data 0.1 ms | step 88.3 ms | 5801.3 samples/s
  step   850/1756 | loss 0.0393 | data 0.1 ms | step 88.2 ms | 5804.7 samples/s
  step   900/1756 | loss 0.0401 | data 0.1 ms | step 88.2 ms | 5802.4 samples/s
  step   950/1756 | loss 0.0413 | data 0.1 ms | step 88.1 ms | 5814.3 samples/s
  step  1000/1756 | loss 0.0427 | data 0.1 ms | step 88.3 ms | 5801.6 samples/s
  step  1050/1756 | loss 0.0405 | data 0.1 ms | step 88.4 ms | 5794.5 samples/s
  step  1100/1756 | loss 0.0394 | data 0.1 ms | step 88.3 ms | 5799.8 samples/s
  step  1150/1756 | loss 0.0374 | data 0.1 ms | step 88.1 ms | 5814.0 samples/s
  step  1200/1756 | loss 0.0382 | data 0.1 ms | step 88.3 ms | 5800.4 samples/s
  step  1250/1756 | loss 0.0391 | data 0.1 ms | step 88.2 ms | 5801.9 samples/s
  step  1300/1756 | loss 0.0415 | data 0.1 ms | step 88.2 ms | 5801.9 samples/s
  step  1350/1756 | loss 0.0412 | data 0.1 ms | step 88.2 ms | 5804.0 samples/s
  step  1400/1756 | loss 0.0420 | data 0.1 ms | step 88.2 ms | 5804.1 samples/s
  step  1450/1756 | loss 0.0404 | data 0.1 ms | step 88.3 ms | 5801.0 samples/s
  step  1500/1756 | loss 0.0387 | data 0.1 ms | step 88.1 ms | 5808.8 samples/s
  step  1550/1756 | loss 0.0423 | data 0.1 ms | step 88.1 ms | 5813.4 samples/s
  step  1600/1756 | loss 0.0397 | data 0.1 ms | step 88.0 ms | 5815.8 samples/s
  step  1650/1756 | loss 0.0389 | data 0.1 ms | step 87.9 ms | 5822.6 samples/s
  step  1700/1756 | loss 0.0392 | data 0.1 ms | step 87.8 ms | 5830.8 samples/s
  step  1750/1756 | loss 0.0462 | data 0.5 ms | step 88.0 ms | 5817.3 samples/s
Training Loss: 0.041139 | data 0.1 ms | step 88.1 ms | 5806.9 samples/s
Peak GPU memory: 7324.6 MB
Validation Loss: 0.046264 | data 0.1 ms | step 44.7 ms | 11453.4 samples/s

Epoch 44/100
----------------------------------------
Learning Rate: 0.000066
Batch Size   : 512
  step    50/1756 | loss 0.0440 | data 0.6 ms | step 88.3 ms | 5796.2 samples/s
  step   100/1756 | loss 0.0423 | data 0.1 ms | step 88.3 ms | 5797.5 samples/s
  step   150/1756 | loss 0.0399 | data 0.1 ms | step 88.2 ms | 5801.9 samples/s
  step   200/1756 | loss 0.0364 | data 0.1 ms | step 88.1 ms | 5810.0 samples/s
  step   250/1756 | loss 0.0406 | data 0.1 ms | step 88.3 ms | 5800.9 samples/s
  step   300/1756 | loss 0.0452 | data 0.1 ms | step 88.2 ms | 5805.4 samples/s
  step   350/1756 | loss 0.0402 | data 0.1 ms | step 88.1 ms | 5813.3 samples/s
  step   400/1756 | loss 0.0392 | data 0.1 ms | step 88.1 ms | 5808.9 samples/s
  step   450/1756 | loss 0.0488 | data 0.1 ms | step 88.1 ms | 5811.0 samples/s
  step   500/1756 | loss 0.0451 | data 0.1 ms | step 88.1 ms | 5810.8 samples/s
  step   550/1756 | loss 0.0420 | data 0.1 ms | step 88.2 ms | 5808.1 samples/s
  step   600/1756 | loss 0.0402 | data 0.1 ms | step 88.1 ms | 5810.4 samples/s
  step   650/1756 | loss 0.0375 | data 0.1 ms | step 88.0 ms | 5816.1 samples/s
  step   700/1756 | loss 0.0405 | data 0.1 ms | step 88.0 ms | 5819.6 samples/s
  step   750/1756 | loss 0.0385 | data 0.1 ms | step 88.0 ms | 5815.9 samples/s
  step   800/1756 | loss 0.0380 | data 0.1 ms | step 88.1 ms | 5812.3 samples/s
  step   850/1756 | loss 0.0386 | data 0.1 ms | step 87.9 ms | 5822.5 samples/s
  step   900/1756 | loss 0.0404 | data 0.1 ms | step 88.0 ms | 5820.6 samples/s
  step   950/1756 | loss 0.0378 | data 0.1 ms | step 88.0 ms | 5819.5 samples/s
  step  1000/1756 | loss 0.0368 | data 0.1 ms | step 88.2 ms | 5806.2 samples/s
  step  1050/1756 | loss 0.0371 | data 0.1 ms | step 88.2 ms | 5807.2 samples/s
  step  1100/1756 | loss 0.0402 | data 0.1 ms | step 88.1 ms | 5808.4 samples/s
  step  1150/1756 | loss 0.0389 | data 0.1 ms | step 88.0 ms | 5816.2 samples/s
  step  1200/1756 | loss 0.0394 | data 0.1 ms | step 88.2 ms | 5805.8 samples/s
  step  1250/1756 | loss 0.0365 | data 0.1 ms | step 88.3 ms | 5801.0 samples/s
  step  1300/1756 | loss 0.0388 | data 0.1 ms | step 88.1 ms | 5809.6 samples/s
  step  1350/1756 | loss 0.0357 | data 0.1 ms | step 88.1 ms | 5812.5 samples/s
  step  1400/1756 | loss 0.0431 | data 0.1 ms | step 88.1 ms | 5810.4 samples/s
  step  1450/1756 | loss 0.0412 | data 0.1 ms | step 88.1 ms | 5808.9 samples/s
  step  1500/1756 | loss 0.0427 | data 0.1 ms | step 88.1 ms | 5809.3 samples/s
  step  1550/1756 | loss 0.0415 | data 0.1 ms | step 88.1 ms | 5814.0 samples/s
  step  1600/1756 | loss 0.0353 | data 0.1 ms | step 88.2 ms | 5807.3 samples/s
  step  1650/1756 | loss 0.0380 | data 0.1 ms | step 88.2 ms | 5807.5 samples/s
  step  1700/1756 | loss 0.0488 | data 0.1 ms | step 88.2 ms | 5804.7 samples/s
  step  1750/1756 | loss 0.0441 | data 0.5 ms | step 88.2 ms | 5803.1 samples/s
Training Loss: 0.040370 | data 0.1 ms | step 88.1 ms | 5809.5 samples/s
Peak GPU memory: 7324.6 MB
Validation Loss: 0.041452 | data 0.1 ms | step 44.6 ms | 11464.7 samples/s

Epoch 45/100
----------------------------------------
Learning Rate: 0.000066
Batch Size   : 512
  step    50/1756 | loss 0.0413 | data 0.6 ms | step 88.5 ms | 5787.0 samples/s
  step   100/1756 | loss 0.0445 | data 0.1 ms | step 88.4 ms | 5790.2 samples/s
  step   150/1756 | loss 0.0399 | data 0.1 ms | step 88.2 ms | 5802.2 samples/s
  step   200/1756 | loss 0.0355 | data 0.1 ms | step 88.2 ms | 5804.4 samples/s
  step   250/1756 | loss 0.0341 | data 0.1 ms | step 88.3 ms | 5801.3 samples/s
  step   300/1756 | loss 0.0581 | data 0.1 ms | step 88.1 ms | 5811.8 samples/s
  step   350/1756 | loss 0.0495 | data 0.1 ms | step 88.1 ms | 5812.4 samples/s
  step   400/1756 | loss 0.0543 | data 0.1 ms | step 87.9 ms | 5822.5 samples/s
  step   450/1756 | loss 0.0488 | data 0.1 ms | step 87.9 ms | 5823.8 samples/s
  step   500/1756 | loss 0.0463 | data 0.1 ms | step 88.0 ms | 5815.2 samples/s
  step   550/1756 | loss 0.0669 | data 0.1 ms | step 88.0 ms | 5818.4 samples/s
  step   600/1756 | loss 0.0518 | data 0.1 ms | step 88.2 ms | 5807.6 samples/s
  step   650/1756 | loss 0.0507 | data 0.1 ms | step 88.1 ms | 5812.8 samples/s
  step   700/1756 | loss 0.0661 | data 0.1 ms | step 88.0 ms | 5816.8 samples/s
  step   750/1756 | loss 0.0678 | data 0.1 ms | step 88.1 ms | 5813.2 samples/s
  step   800/1756 | loss 0.0436 | data 0.1 ms | step 88.2 ms | 5808.3 samples/s
  step   850/1756 | loss 0.0411 | data 0.1 ms | step 88.0 ms | 5816.5 samples/s
  step   900/1756 | loss 0.0614 | data 0.1 ms | step 88.1 ms | 5810.9 samples/s
  step   950/1756 | loss 0.0507 | data 0.1 ms | step 88.2 ms | 5806.9 samples/s
  step  1000/1756 | loss 0.0524 | data 0.1 ms | step 88.4 ms | 5794.5 samples/s
  step  1050/1756 | loss 0.0488 | data 0.1 ms | step 88.2 ms | 5806.4 samples/s
  step  1100/1756 | loss 0.0424 | data 0.1 ms | step 88.2 ms | 5804.1 samples/s
  step  1150/1756 | loss 0.0467 | data 0.1 ms | step 88.2 ms | 5807.5 samples/s
  step  1200/1756 | loss 0.0461 | data 0.1 ms | step 88.2 ms | 5803.9 samples/s
  step  1250/1756 | loss 0.0444 | data 0.1 ms | step 88.0 ms | 5817.4 samples/s
  step  1300/1756 | loss 0.0411 | data 0.1 ms | step 87.9 ms | 5826.3 samples/s
  step  1350/1756 | loss 0.0408 | data 0.1 ms | step 87.9 ms | 5824.6 samples/s
  step  1400/1756 | loss 0.0414 | data 0.1 ms | step 88.0 ms | 5817.9 samples/s
  step  1450/1756 | loss 0.0398 | data 0.1 ms | step 88.1 ms | 5814.3 samples/s
  step  1500/1756 | loss 0.0348 | data 0.1 ms | step 88.3 ms | 5798.7 samples/s
  step  1550/1756 | loss 0.0393 | data 0.1 ms | step 88.3 ms | 5800.6 samples/s
  step  1600/1756 | loss 0.0380 | data 0.1 ms | step 88.4 ms | 5792.1 samples/s
  step  1650/1756 | loss 0.0382 | data 0.1 ms | step 88.4 ms | 5789.5 samples/s
  step  1700/1756 | loss 0.0374 | data 0.1 ms | step 88.2 ms | 5805.7 samples/s
  step  1750/1756 | loss 0.0372 | data 0.5 ms | step 88.2 ms | 5802.0 samples/s
Training Loss: 0.046306 | data 0.1 ms | step 88.1 ms | 5808.2 samples/s
Peak GPU memory: 7324.6 MB
Validation Loss: 0.041490 | data 0.1 ms | step 44.6 ms | 11463.4 samples/s

Epoch 46/100
----------------------------------------
Learning Rate: 0.000066
Batch Size   : 512
  step    50/1756 | loss 0.0387 | data 0.6 ms | step 88.4 ms | 5792.7 samples/s
  step   100/1756 | loss 0.0487 | data 0.1 ms | step 88.3 ms | 5798.7 samples/s
  step   150/1756 | loss 0.0541 | data 0.1 ms | step 88.2 ms | 5807.6 samples/s
  step   200/1756 | loss 0.0447 | data 0.1 ms | step 88.3 ms | 5800.9 samples/s
  step   250/1756 | loss 0.0416 | data 0.1 ms | step 88.2 ms | 5803.9 samples/s
  step   300/1756 | loss 0.0426 | data 0.1 ms | step 88.1 ms | 5814.6 samples/s
  step   350/1756 | loss 0.0368 | data 0.1 ms | step 88.1 ms | 5811.0 samples/s
  step   400/1756 | loss 0.0390 | data 0.1 ms | step 88.0 ms | 5816.2 samples/s
  step   450/1756 | loss 0.0426 | data 0.1 ms | step 88.0 ms | 5816.0 samples/s
  step   500/1756 | loss 0.0372 | data 0.1 ms | step 88.0 ms | 5817.8 samples/s
  step   550/1756 | loss 0.0454 | data 0.1 ms | step 88.1 ms | 5813.6 samples/s
  step   600/1756 | loss 0.0443 | data 0.1 ms | step 88.0 ms | 5820.4 samples/s
  step   650/1756 | loss 0.0409 | data 0.1 ms | step 88.1 ms | 5814.3 samples/s
  step   700/1756 | loss 0.0413 | data 0.1 ms | step 88.0 ms | 5816.3 samples/s
  step   750/1756 | loss 0.0437 | data 0.1 ms | step 88.0 ms | 5818.6 samples/s
  step   800/1756 | loss 0.0371 | data 0.1 ms | step 88.0 ms | 5817.7 samples/s
  step   850/1756 | loss 0.0414 | data 0.1 ms | step 87.9 ms | 5822.7 samples/s
  step   900/1756 | loss 0.0367 | data 0.1 ms | step 88.0 ms | 5817.7 samples/s
  step   950/1756 | loss 0.0357 | data 0.1 ms | step 88.0 ms | 5816.9 samples/s
  step  1000/1756 | loss 0.0537 | data 0.1 ms | step 88.0 ms | 5816.0 samples/s
  step  1050/1756 | loss 0.0459 | data 0.1 ms | step 88.1 ms | 5814.8 samples/s
  step  1100/1756 | loss 0.0377 | data 0.1 ms | step 88.0 ms | 5815.2 samples/s
  step  1150/1756 | loss 0.0367 | data 0.1 ms | step 88.0 ms | 5815.2 samples/s
  step  1200/1756 | loss 0.0390 | data 0.1 ms | step 88.0 ms | 5820.2 samples/s
  step  1250/1756 | loss 0.0384 | data 0.1 ms | step 88.2 ms | 5808.1 samples/s
  step  1300/1756 | loss 0.0439 | data 0.1 ms | step 88.2 ms | 5806.2 samples/s
  step  1350/1756 | loss 0.0372 | data 0.1 ms | step 88.4 ms | 5792.8 samples/s
  step  1400/1756 | loss 0.0430 | data 0.1 ms | step 88.3 ms | 5800.8 samples/s
  step  1450/1756 | loss 0.0352 | data 0.1 ms | step 88.1 ms | 5809.0 samples/s
  step  1500/1756 | loss 0.0395 | data 0.1 ms | step 88.2 ms | 5801.9 samples/s
  step  1550/1756 | loss 0.0339 | data 0.1 ms | step 88.1 ms | 5809.1 samples/s
  step  1600/1756 | loss 0.0359 | data 0.1 ms | step 88.1 ms | 5811.1 samples/s
  step  1650/1756 | loss 0.0361 | data 0.1 ms | step 88.3 ms | 5800.7 samples/s
  step  1700/1756 | loss 0.0340 | data 0.1 ms | step 88.2 ms | 5804.1 samples/s
  step  1750/1756 | loss 0.0345 | data 0.6 ms | step 88.2 ms | 5805.8 samples/s
Training Loss: 0.040466 | data 0.1 ms | step 88.1 ms | 5810.6 samples/s
Peak GPU memory: 7324.6 MB
Validation Loss: 0.036687 | data 0.1 ms | step 44.7 ms | 11453.3 samples/s

Epoch 47/100
----------------------------------------
Learning Rate: 0.000066
Batch Size   : 512
  step    50/1756 | loss 0.0342 | data 0.7 ms | step 88.4 ms | 5794.3 samples/s
  step   100/1756 | loss 0.0384 | data 0.1 ms | step 88.1 ms | 5808.8 samples/s
  step   150/1756 | loss 0.0434 | data 0.1 ms | step 88.2 ms | 5806.2 samples/s
  step   200/1756 | loss 0.0418 | data 0.1 ms | step 88.2 ms | 5803.6 samples/s
  step   250/1756 | loss 0.0604 | data 0.1 ms | step 88.1 ms | 5808.9 samples/s
  step   300/1756 | loss 0.0533 | data 0.1 ms | step 88.2 ms | 5801.9 samples/s
  step   350/1756 | loss 0.0459 | data 0.1 ms | step 88.2 ms | 5804.5 samples/s
  step   400/1756 | loss 0.0430 | data 0.1 ms | step 88.2 ms | 5805.1 samples/s
  step   450/1756 | loss 0.0413 | data 0.1 ms | step 88.2 ms | 5807.7 samples/s
  step   500/1756 | loss 0.0363 | data 0.1 ms | step 88.2 ms | 5804.3 samples/s
  step   550/1756 | loss 0.0339 | data 0.1 ms | step 88.2 ms | 5808.1 samples/s
  step   600/1756 | loss 0.0352 | data 0.1 ms | step 88.0 ms | 5817.4 samples/s
  step   650/1756 | loss 0.0376 | data 0.1 ms | step 88.0 ms | 5817.5 samples/s
  step   700/1756 | loss 0.0337 | data 0.1 ms | step 88.1 ms | 5814.6 samples/s
  step   750/1756 | loss 0.0337 | data 0.1 ms | step 88.1 ms | 5813.5 samples/s
  step   800/1756 | loss 0.0343 | data 0.1 ms | step 88.2 ms | 5807.1 samples/s
  step   850/1756 | loss 0.0407 | data 0.1 ms | step 88.2 ms | 5805.3 samples/s
  step   900/1756 | loss 0.0378 | data 0.1 ms | step 88.2 ms | 5808.3 samples/s
  step   950/1756 | loss 0.0367 | data 0.1 ms | step 88.2 ms | 5807.4 samples/s
  step  1000/1756 | loss 0.0373 | data 0.1 ms | step 88.1 ms | 5810.2 samples/s
  step  1050/1756 | loss 0.0391 | data 0.1 ms | step 88.1 ms | 5813.2 samples/s
  step  1100/1756 | loss 0.0363 | data 0.1 ms | step 88.0 ms | 5816.0 samples/s
  step  1150/1756 | loss 0.0391 | data 0.1 ms | step 88.0 ms | 5816.7 samples/s
  step  1200/1756 | loss 0.0411 | data 0.1 ms | step 87.9 ms | 5822.4 samples/s
  step  1250/1756 | loss 0.0375 | data 0.1 ms | step 88.1 ms | 5813.2 samples/s
  step  1300/1756 | loss 0.0378 | data 0.1 ms | step 88.1 ms | 5811.7 samples/s
  step  1350/1756 | loss 0.0410 | data 0.1 ms | step 88.1 ms | 5812.9 samples/s
  step  1400/1756 | loss 0.0537 | data 0.1 ms | step 88.1 ms | 5809.7 samples/s
  step  1450/1756 | loss 0.0414 | data 0.1 ms | step 88.0 ms | 5817.6 samples/s
  step  1500/1756 | loss 0.0376 | data 0.1 ms | step 88.1 ms | 5813.0 samples/s
  step  1550/1756 | loss 0.0459 | data 0.1 ms | step 88.0 ms | 5819.8 samples/s
  step  1600/1756 | loss 0.0437 | data 0.1 ms | step 88.2 ms | 5806.9 samples/s
  step  1650/1756 | loss 0.0458 | data 0.1 ms | step 88.2 ms | 5807.1 samples/s
  step  1700/1756 | loss 0.0419 | data 0.1 ms | step 88.1 ms | 5808.5 samples/s
  step  1750/1756 | loss 0.0384 | data 0.5 ms | step 88.1 ms | 5809.9 samples/s
Training Loss: 0.040572 | data 0.1 ms | step 88.1 ms | 5810.2 samples/s
Peak GPU memory: 7324.6 MB
Validation Loss: 0.037931 | data 0.1 ms | step 44.7 ms | 11457.8 samples/s

Epoch 48/100
----------------------------------------
Learning Rate: 0.000066
Batch Size   : 512
  step    50/1756 | loss 0.0356 | data 0.7 ms | step 88.4 ms | 5791.6 samples/s
  step   100/1756 | loss 0.0391 | data 0.1 ms | step 88.2 ms | 5804.0 samples/s
  step   150/1756 | loss 0.0412 | data 0.1 ms | step 88.2 ms | 5805.0 samples/s
  step   200/1756 | loss 0.0345 | data 0.1 ms | step 88.1 ms | 5808.3 samples/s
  step   250/1756 | loss 0.0350 | data 0.1 ms | step 88.1 ms | 5810.7 samples/s
  step   300/1756 | loss 0.0376 | data 0.1 ms | step 88.0 ms | 5815.7 samples/s
  step   350/1756 | loss 0.0350 | data 0.1 ms | step 88.1 ms | 5814.5 samples/s
  step   400/1756 | loss 0.0384 | data 0.1 ms | step 88.1 ms | 5811.0 samples/s
  step   450/1756 | loss 0.0352 | data 0.1 ms | step 88.1 ms | 5810.8 samples/s
  step   500/1756 | loss 0.0366 | data 0.1 ms | step 88.1 ms | 5811.0 samples/s
  step   550/1756 | loss 0.0357 | data 0.1 ms | step 88.3 ms | 5798.2 samples/s
  step   600/1756 | loss 0.0341 | data 0.1 ms | step 88.2 ms | 5804.9 samples/s
  step   650/1756 | loss 0.0325 | data 0.1 ms | step 88.3 ms | 5798.5 samples/s
  step   700/1756 | loss 0.0490 | data 0.1 ms | step 88.1 ms | 5809.6 samples/s
  step   750/1756 | loss 0.0597 | data 0.1 ms | step 88.3 ms | 5795.3 samples/s
  step   800/1756 | loss 0.0661 | data 0.1 ms | step 88.1 ms | 5809.1 samples/s
  step   850/1756 | loss 0.0676 | data 0.1 ms | step 88.2 ms | 5806.4 samples/s
  step   900/1756 | loss 0.0552 | data 0.1 ms | step 88.1 ms | 5811.7 samples/s
  step   950/1756 | loss 0.0491 | data 0.1 ms | step 88.2 ms | 5805.2 samples/s
  step  1000/1756 | loss 0.0440 | data 0.1 ms | step 88.1 ms | 5811.3 samples/s
  step  1050/1756 | loss 0.0460 | data 0.1 ms | step 88.3 ms | 5798.4 samples/s
  step  1100/1756 | loss 0.0462 | data 0.1 ms | step 88.4 ms | 5794.8 samples/s
  step  1150/1756 | loss 0.0424 | data 0.1 ms | step 88.2 ms | 5802.6 samples/s
  step  1200/1756 | loss 0.0434 | data 0.1 ms | step 88.1 ms | 5808.6 samples/s
  step  1250/1756 | loss 0.0405 | data 0.1 ms | step 88.1 ms | 5809.3 samples/s
  step  1300/1756 | loss 0.0406 | data 0.1 ms | step 88.2 ms | 5803.9 samples/s
  step  1350/1756 | loss 0.0385 | data 0.1 ms | step 88.1 ms | 5812.9 samples/s
  step  1400/1756 | loss 0.0371 | data 0.1 ms | step 88.1 ms | 5814.8 samples/s
  step  1450/1756 | loss 0.0409 | data 0.1 ms | step 88.1 ms | 5809.3 samples/s
  step  1500/1756 | loss 0.0398 | data 0.1 ms | step 88.1 ms | 5813.3 samples/s
  step  1550/1756 | loss 0.0369 | data 0.1 ms | step 88.2 ms | 5805.6 samples/s
  step  1600/1756 | loss 0.0473 | data 0.1 ms | step 88.1 ms | 5812.8 samples/s
  step  1650/1756 | loss 0.0449 | data 0.1 ms | step 88.1 ms | 5810.9 samples/s
  step  1700/1756 | loss 0.0421 | data 0.1 ms | step 88.0 ms | 5818.2 samples/s
  step  1750/1756 | loss 0.0410 | data 0.5 ms | step 88.0 ms | 5816.7 samples/s
Training Loss: 0.042503 | data 0.1 ms | step 88.1 ms | 5807.6 samples/s
Peak GPU memory: 7324.6 MB
Validation Loss: 0.039985 | data 0.1 ms | step 44.7 ms | 11439.1 samples/s

Epoch 49/100
----------------------------------------
Learning Rate: 0.000066
Batch Size   : 512
  step    50/1756 | loss 0.0414 | data 0.7 ms | step 88.3 ms | 5800.4 samples/s
  step   100/1756 | loss 0.0360 | data 0.1 ms | step 88.1 ms | 5812.3 samples/s
  step   150/1756 | loss 0.0353 | data 0.1 ms | step 88.1 ms | 5811.8 samples/s
  step   200/1756 | loss 0.0404 | data 0.1 ms | step 88.1 ms | 5810.4 samples/s
  step   250/1756 | loss 0.0346 | data 0.1 ms | step 88.1 ms | 5814.4 samples/s
  step   300/1756 | loss 0.0384 | data 0.1 ms | step 88.1 ms | 5811.6 samples/s
  step   350/1756 | loss 0.0485 | data 0.1 ms | step 88.2 ms | 5803.7 samples/s
  step   400/1756 | loss 0.0410 | data 0.1 ms | step 88.2 ms | 5803.1 samples/s
  step   450/1756 | loss 0.0358 | data 0.1 ms | step 88.1 ms | 5810.6 samples/s
  step   500/1756 | loss 0.0366 | data 0.1 ms | step 88.1 ms | 5809.5 samples/s
  step   550/1756 | loss 0.0380 | data 0.1 ms | step 88.0 ms | 5816.8 samples/s
  step   600/1756 | loss 0.0377 | data 0.1 ms | step 88.2 ms | 5805.5 samples/s
  step   650/1756 | loss 0.0479 | data 0.1 ms | step 88.2 ms | 5807.5 samples/s
  step   700/1756 | loss 0.0420 | data 0.1 ms | step 88.2 ms | 5805.4 samples/s
  step   750/1756 | loss 0.0376 | data 0.1 ms | step 88.1 ms | 5814.6 samples/s
  step   800/1756 | loss 0.0396 | data 0.1 ms | step 88.2 ms | 5805.3 samples/s
  step   850/1756 | loss 0.0380 | data 0.1 ms | step 88.3 ms | 5798.9 samples/s
  step   900/1756 | loss 0.0394 | data 0.1 ms | step 88.2 ms | 5808.2 samples/s
  step   950/1756 | loss 0.0367 | data 0.1 ms | step 88.2 ms | 5807.4 samples/s
  step  1000/1756 | loss 0.0349 | data 0.1 ms | step 88.1 ms | 5811.3 samples/s
  step  1050/1756 | loss 0.0370 | data 0.1 ms | step 88.1 ms | 5809.8 samples/s
  step  1100/1756 | loss 0.0409 | data 0.1 ms | step 88.1 ms | 5813.2 samples/s
  step  1150/1756 | loss 0.0363 | data 0.1 ms | step 88.0 ms | 5820.0 samples/s
  step  1200/1756 | loss 0.0377 | data 0.1 ms | step 88.1 ms | 5811.8 samples/s
  step  1250/1756 | loss 0.0356 | data 0.1 ms | step 88.1 ms | 5809.1 samples/s
  step  1300/1756 | loss 0.0408 | data 0.1 ms | step 88.2 ms | 5803.1 samples/s
  step  1350/1756 | loss 0.0354 | data 0.1 ms | step 88.2 ms | 5806.9 samples/s
  step  1400/1756 | loss 0.0335 | data 0.1 ms | step 88.3 ms | 5796.8 samples/s
  step  1450/1756 | loss 0.0343 | data 0.1 ms | step 88.2 ms | 5807.1 samples/s
  step  1500/1756 | loss 0.0346 | data 0.1 ms | step 88.1 ms | 5811.5 samples/s
  step  1550/1756 | loss 0.0403 | data 0.1 ms | step 88.1 ms | 5812.8 samples/s
  step  1600/1756 | loss 0.0345 | data 0.1 ms | step 88.1 ms | 5813.4 samples/s
  step  1650/1756 | loss 0.0326 | data 0.1 ms | step 88.1 ms | 5808.7 samples/s
  step  1700/1756 | loss 0.0322 | data 0.1 ms | step 88.2 ms | 5803.1 samples/s
  step  1750/1756 | loss 0.0334 | data 0.6 ms | step 88.2 ms | 5806.4 samples/s
Training Loss: 0.037654 | data 0.1 ms | step 88.1 ms | 5808.6 samples/s
Peak GPU memory: 7324.6 MB
Validation Loss: 0.032130 | data 0.1 ms | step 44.8 ms | 11433.1 samples/s

Epoch 50/100
----------------------------------------
Learning Rate: 0.000066
Batch Size   : 512
  step    50/1756 | loss 0.0307 | data 0.6 ms | step 88.3 ms | 5800.8 samples/s
  step   100/1756 | loss 0.0328 | data 0.1 ms | step 88.0 ms | 5817.4 samples/s
  step   150/1756 | loss 0.0670 | data 0.1 ms | step 87.9 ms | 5822.0 samples/s
  step   200/1756 | loss 0.0752 | data 0.1 ms | step 88.1 ms | 5814.1 samples/s
  step   250/1756 | loss 0.0502 | data 0.1 ms | step 88.2 ms | 5802.6 samples/s
  step   300/1756 | loss 0.0481 | data 0.1 ms | step 88.2 ms | 5805.1 samples/s
  step   350/1756 | loss 0.0461 | data 0.1 ms | step 88.2 ms | 5806.6 samples/s
  step   400/1756 | loss 0.0442 | data 0.1 ms | step 88.1 ms | 5811.5 samples/s
  step   450/1756 | loss 0.0415 | data 0.1 ms | step 88.1 ms | 5811.8 samples/s
  step   500/1756 | loss 0.0402 | data 0.1 ms | step 88.2 ms | 5807.9 samples/s
  step   550/1756 | loss 0.0524 | data 0.1 ms | step 88.1 ms | 5809.5 samples/s
  step   600/1756 | loss 0.0517 | data 0.1 ms | step 88.0 ms | 5819.0 samples/s
  step   650/1756 | loss 0.0513 | data 0.1 ms | step 88.0 ms | 5818.6 samples/s
  step   700/1756 | loss 0.0558 | data 0.1 ms | step 88.0 ms | 5820.6 samples/s
  step   750/1756 | loss 0.0637 | data 0.1 ms | step 88.0 ms | 5816.0 samples/s
  step   800/1756 | loss 0.0556 | data 0.1 ms | step 88.0 ms | 5818.8 samples/s
  step   850/1756 | loss 0.0505 | data 0.1 ms | step 88.2 ms | 5804.3 samples/s
  step   900/1756 | loss 0.0490 | data 0.1 ms | step 88.2 ms | 5806.0 samples/s
  step   950/1756 | loss 0.0490 | data 0.1 ms | step 88.2 ms | 5804.8 samples/s
  step  1000/1756 | loss 0.0411 | data 0.1 ms | step 88.1 ms | 5812.6 samples/s
  step  1050/1756 | loss 0.0446 | data 0.1 ms | step 88.1 ms | 5813.9 samples/s
  step  1100/1756 | loss 0.0424 | data 0.1 ms | step 88.3 ms | 5799.1 samples/s
  step  1150/1756 | loss 0.0461 | data 0.1 ms | step 88.3 ms | 5801.4 samples/s
  step  1200/1756 | loss 0.0410 | data 0.1 ms | step 88.2 ms | 5803.8 samples/s
  step  1250/1756 | loss 0.0414 | data 0.1 ms | step 88.2 ms | 5806.6 samples/s
  step  1300/1756 | loss 0.0436 | data 0.1 ms | step 88.1 ms | 5813.9 samples/s
  step  1350/1756 | loss 0.0468 | data 0.1 ms | step 88.1 ms | 5811.2 samples/s
  step  1400/1756 | loss 0.0379 | data 0.1 ms | step 88.4 ms | 5791.1 samples/s
  step  1450/1756 | loss 0.0402 | data 0.1 ms | step 88.3 ms | 5795.2 samples/s
  step  1500/1756 | loss 0.0424 | data 0.1 ms | step 88.2 ms | 5802.4 samples/s
  step  1550/1756 | loss 0.0525 | data 0.1 ms | step 88.3 ms | 5801.6 samples/s
  step  1600/1756 | loss 0.0462 | data 0.1 ms | step 88.2 ms | 5804.5 samples/s
  step  1650/1756 | loss 0.0435 | data 0.1 ms | step 88.1 ms | 5814.5 samples/s
  step  1700/1756 | loss 0.0423 | data 0.1 ms | step 88.1 ms | 5813.4 samples/s
  step  1750/1756 | loss 0.0432 | data 0.5 ms | step 88.1 ms | 5812.4 samples/s
Training Loss: 0.047113 | data 0.1 ms | step 88.1 ms | 5809.0 samples/s
Peak GPU memory: 7324.6 MB
Validation Loss: 0.040456 | data 0.1 ms | step 44.7 ms | 11456.9 samples/s

Epoch 51/100
----------------------------------------
Learning Rate: 0.000059
Batch Size   : 512
  step    50/1756 | loss 0.0373 | data 0.7 ms | step 88.4 ms | 5792.4 samples/s
  step   100/1756 | loss 0.0397 | data 0.1 ms | step 88.2 ms | 5805.8 samples/s
  step   150/1756 | loss 0.0425 | data 0.1 ms | step 88.0 ms | 5816.9 samples/s
  step   200/1756 | loss 0.0412 | data 0.1 ms | step 88.2 ms | 5806.0 samples/s
  step   250/1756 | loss 0.0402 | data 0.1 ms | step 88.3 ms | 5801.6 samples/s
  step   300/1756 | loss 0.0402 | data 0.1 ms | step 88.1 ms | 5814.8 samples/s
  step   350/1756 | loss 0.0401 | data 0.1 ms | step 88.0 ms | 5817.9 samples/s
  step   400/1756 | loss 0.0438 | data 0.1 ms | step 88.0 ms | 5817.9 samples/s
  step   450/1756 | loss 0.0375 | data 0.1 ms | step 88.2 ms | 5807.6 samples/s
  step   500/1756 | loss 0.0392 | data 0.1 ms | step 88.1 ms | 5811.0 samples/s
  step   550/1756 | loss 0.0358 | data 0.1 ms | step 88.1 ms | 5812.7 samples/s
  step   600/1756 | loss 0.0407 | data 0.1 ms | step 88.3 ms | 5800.7 samples/s
  step   650/1756 | loss 0.0362 | data 0.1 ms | step 88.3 ms | 5800.9 samples/s
  step   700/1756 | loss 0.0401 | data 0.1 ms | step 88.2 ms | 5802.6 samples/s
  step   750/1756 | loss 0.0361 | data 0.1 ms | step 88.1 ms | 5812.4 samples/s
  step   800/1756 | loss 0.0392 | data 0.1 ms | step 88.0 ms | 5817.8 samples/s
  step   850/1756 | loss 0.0372 | data 0.1 ms | step 88.0 ms | 5815.8 samples/s
  step   900/1756 | loss 0.0385 | data 0.1 ms | step 88.2 ms | 5807.7 samples/s
  step   950/1756 | loss 0.0384 | data 0.1 ms | step 88.3 ms | 5799.2 samples/s
  step  1000/1756 | loss 0.0352 | data 0.1 ms | step 88.1 ms | 5808.3 samples/s
  step  1050/1756 | loss 0.0386 | data 0.1 ms | step 88.2 ms | 5805.6 samples/s
  step  1100/1756 | loss 0.0413 | data 0.1 ms | step 88.2 ms | 5808.0 samples/s
  step  1150/1756 | loss 0.0367 | data 0.1 ms | step 88.1 ms | 5810.2 samples/s
  step  1200/1756 | loss 0.0364 | data 0.1 ms | step 88.1 ms | 5813.0 samples/s
  step  1250/1756 | loss 0.0425 | data 0.1 ms | step 88.1 ms | 5814.7 samples/s
  step  1300/1756 | loss 0.0389 | data 0.1 ms | step 88.1 ms | 5811.9 samples/s
  step  1350/1756 | loss 0.0327 | data 0.1 ms | step 88.2 ms | 5807.9 samples/s
  step  1400/1756 | loss 0.0353 | data 0.1 ms | step 88.2 ms | 5801.9 samples/s
  step  1450/1756 | loss 0.0321 | data 0.1 ms | step 88.0 ms | 5815.3 samples/s
  step  1500/1756 | loss 0.0364 | data 0.1 ms | step 88.3 ms | 5796.5 samples/s
  step  1550/1756 | loss 0.0329 | data 0.1 ms | step 88.3 ms | 5797.3 samples/s
  step  1600/1756 | loss 0.0331 | data 0.1 ms | step 88.2 ms | 5806.1 samples/s
  step  1650/1756 | loss 0.0314 | data 0.1 ms | step 88.1 ms | 5813.5 samples/s
  step  1700/1756 | loss 0.0340 | data 0.1 ms | step 88.0 ms | 5817.2 samples/s
  step  1750/1756 | loss 0.0338 | data 0.6 ms | step 88.0 ms | 5815.4 samples/s
Training Loss: 0.037551 | data 0.1 ms | step 88.1 ms | 5808.7 samples/s
Peak GPU memory: 7324.6 MB
Validation Loss: 0.033482 | data 0.1 ms | step 44.7 ms | 11441.9 samples/s

Epoch 52/100
----------------------------------------
Learning Rate: 0.000059
Batch Size   : 512
  step    50/1756 | loss 0.0335 | data 0.8 ms | step 88.3 ms | 5798.9 samples/s
  step   100/1756 | loss 0.0340 | data 0.1 ms | step 88.2 ms | 5804.8 samples/s
  step   150/1756 | loss 0.0420 | data 0.1 ms | step 88.3 ms | 5800.3 samples/s
  step   200/1756 | loss 0.0413 | data 0.1 ms | step 88.2 ms | 5806.3 samples/s
  step   250/1756 | loss 0.0372 | data 0.1 ms | step 88.2 ms | 5806.6 samples/s
  step   300/1756 | loss 0.0339 | data 0.1 ms | step 88.3 ms | 5799.3 samples/s
  step   350/1756 | loss 0.0365 | data 0.1 ms | step 88.3 ms | 5800.5 samples/s
  step   400/1756 | loss 0.0345 | data 0.1 ms | step 88.2 ms | 5803.4 samples/s
  step   450/1756 | loss 0.0354 | data 0.1 ms | step 88.2 ms | 5801.9 samples/s
  step   500/1756 | loss 0.0349 | data 0.1 ms | step 88.4 ms | 5793.1 samples/s
  step   550/1756 | loss 0.0396 | data 0.1 ms | step 88.1 ms | 5814.0 samples/s
  step   600/1756 | loss 0.0362 | data 0.1 ms | step 88.1 ms | 5812.6 samples/s
  step   650/1756 | loss 0.0320 | data 0.1 ms | step 88.1 ms | 5809.0 samples/s
  step   700/1756 | loss 0.0319 | data 0.1 ms | step 88.3 ms | 5801.1 samples/s
  step   750/1756 | loss 0.0356 | data 0.1 ms | step 88.1 ms | 5813.0 samples/s
  step   800/1756 | loss 0.0329 | data 0.1 ms | step 88.0 ms | 5815.6 samples/s
  step   850/1756 | loss 0.0337 | data 0.1 ms | step 88.0 ms | 5817.0 samples/s
  step   900/1756 | loss 0.0355 | data 0.1 ms | step 88.2 ms | 5807.7 samples/s
  step   950/1756 | loss 0.0397 | data 0.1 ms | step 88.2 ms | 5806.8 samples/s
  step  1000/1756 | loss 0.0332 | data 0.1 ms | step 88.2 ms | 5807.3 samples/s
  step  1050/1756 | loss 0.0308 | data 0.1 ms | step 88.1 ms | 5810.8 samples/s
  step  1100/1756 | loss 0.0341 | data 0.1 ms | step 88.0 ms | 5819.8 samples/s
  step  1150/1756 | loss 0.0388 | data 0.1 ms | step 88.1 ms | 5811.0 samples/s
  step  1200/1756 | loss 0.0316 | data 0.1 ms | step 88.1 ms | 5811.3 samples/s
  step  1250/1756 | loss 0.0304 | data 0.1 ms | step 88.1 ms | 5809.4 samples/s
  step  1300/1756 | loss 0.0328 | data 0.1 ms | step 88.1 ms | 5813.8 samples/s
  step  1350/1756 | loss 0.0332 | data 0.1 ms | step 88.1 ms | 5811.6 samples/s
  step  1400/1756 | loss 0.0365 | data 0.1 ms | step 88.1 ms | 5812.5 samples/s
  step  1450/1756 | loss 0.0337 | data 0.1 ms | step 88.2 ms | 5805.4 samples/s
  step  1500/1756 | loss 0.0308 | data 0.1 ms | step 88.2 ms | 5802.5 samples/s
  step  1550/1756 | loss 0.0323 | data 0.1 ms | step 88.1 ms | 5813.9 samples/s
  step  1600/1756 | loss 0.0299 | data 0.1 ms | step 87.9 ms | 5825.0 samples/s
  step  1650/1756 | loss 0.0317 | data 0.1 ms | step 88.1 ms | 5811.9 samples/s
  step  1700/1756 | loss 0.0334 | data 0.1 ms | step 88.1 ms | 5813.0 samples/s
  step  1750/1756 | loss 0.0331 | data 0.6 ms | step 88.1 ms | 5811.8 samples/s
Training Loss: 0.034517 | data 0.1 ms | step 88.1 ms | 5808.7 samples/s
Peak GPU memory: 7324.6 MB
Validation Loss: 0.058651 | data 0.1 ms | step 44.6 ms | 11465.7 samples/s

Epoch 53/100
----------------------------------------
Learning Rate: 0.000059
Batch Size   : 512
  step    50/1756 | loss 0.0376 | data 0.7 ms | step 88.4 ms | 5791.1 samples/s
  step   100/1756 | loss 0.0311 | data 0.1 ms | step 88.3 ms | 5798.0 samples/s
  step   150/1756 | loss 0.0304 | data 0.1 ms | step 88.2 ms | 5804.1 samples/s
  step   200/1756 | loss 0.0325 | data 0.1 ms | step 88.1 ms | 5812.1 samples/s
  step   250/1756 | loss 0.0309 | data 0.1 ms | step 88.2 ms | 5807.6 samples/s
  step   300/1756 | loss 0.0299 | data 0.1 ms | step 88.2 ms | 5805.9 samples/s
  step   350/1756 | loss 0.0298 | data 0.1 ms | step 88.0 ms | 5815.9 samples/s
  step   400/1756 | loss 0.0383 | data 0.1 ms | step 88.1 ms | 5811.8 samples/s
  step   450/1756 | loss 0.0331 | data 0.1 ms | step 88.1 ms | 5814.5 samples/s
  step   500/1756 | loss 0.0335 | data 0.1 ms | step 88.1 ms | 5809.4 samples/s
  step   550/1756 | loss 0.0665 | data 0.1 ms | step 88.2 ms | 5807.0 samples/s
  step   600/1756 | loss 0.0588 | data 0.1 ms | step 88.2 ms | 5801.8 samples/s
  step   650/1756 | loss 0.0488 | data 0.1 ms | step 88.2 ms | 5803.7 samples/s
  step   700/1756 | loss 0.0398 | data 0.1 ms | step 88.3 ms | 5800.4 samples/s
  step   750/1756 | loss 0.0365 | data 0.1 ms | step 88.1 ms | 5809.6 samples/s
  step   800/1756 | loss 0.0378 | data 0.1 ms | step 88.2 ms | 5802.9 samples/s
  step   850/1756 | loss 0.0350 | data 0.1 ms | step 88.1 ms | 5810.7 samples/s
  step   900/1756 | loss 0.0362 | data 0.1 ms | step 88.1 ms | 5812.2 samples/s
  step   950/1756 | loss 0.0366 | data 0.1 ms | step 88.0 ms | 5818.7 samples/s
  step  1000/1756 | loss 0.0353 | data 0.1 ms | step 88.0 ms | 5821.1 samples/s
  step  1050/1756 | loss 0.0325 | data 0.1 ms | step 88.0 ms | 5816.1 samples/s
  step  1100/1756 | loss 0.0331 | data 0.1 ms | step 88.2 ms | 5806.6 samples/s
  step  1150/1756 | loss 0.0322 | data 0.1 ms | step 87.9 ms | 5822.2 samples/s
  step  1200/1756 | loss 0.0322 | data 0.1 ms | step 88.0 ms | 5817.0 samples/s
  step  1250/1756 | loss 0.0389 | data 0.1 ms | step 88.0 ms | 5817.9 samples/s
  step  1300/1756 | loss 0.0347 | data 0.1 ms | step 88.3 ms | 5798.4 samples/s
  step  1350/1756 | loss 0.0337 | data 0.1 ms | step 88.2 ms | 5806.1 samples/s
  step  1400/1756 | loss 0.0352 | data 0.1 ms | step 88.2 ms | 5802.9 samples/s
  step  1450/1756 | loss 0.0367 | data 0.1 ms | step 88.2 ms | 5803.1 samples/s
  step  1500/1756 | loss 0.0361 | data 0.1 ms | step 88.1 ms | 5810.1 samples/s
  step  1550/1756 | loss 0.0312 | data 0.1 ms | step 88.1 ms | 5809.5 samples/s
  step  1600/1756 | loss 0.0334 | data 0.1 ms | step 88.1 ms | 5814.1 samples/s
  step  1650/1756 | loss 0.0323 | data 0.1 ms | step 88.0 ms | 5816.6 samples/s
  step  1700/1756 | loss 0.0326 | data 0.1 ms | step 88.1 ms | 5811.6 samples/s
  step  1750/1756 | loss 0.0327 | data 0.5 ms | step 88.2 ms | 5805.8 samples/s
Training Loss: 0.036164 | data 0.1 ms | step 88.1 ms | 5809.1 samples/s
Peak GPU memory: 7324.6 MB
Validation Loss: 0.038243 | data 0.1 ms | step 44.6 ms | 11476.2 samples/s

Epoch 54/100
----------------------------------------
Learning Rate: 0.000059
Batch Size   : 512
  step    50/1756 | loss 0.0309 | data 0.7 ms | step 88.3 ms | 5795.7 samples/s
  step   100/1756 | loss 0.0304 | data 0.1 ms | step 88.1 ms | 5810.1 samples/s
  step   150/1756 | loss 0.0296 | data 0.1 ms | step 88.1 ms | 5814.2 samples/s
  step   200/1756 | loss 0.0328 | data 0.1 ms | step 88.1 ms | 5814.2 samples/s
  step   250/1756 | loss 0.0312 | data 0.1 ms | step 88.0 ms | 5817.5 samples/s
  step   300/1756 | loss 0.0277 | data 0.1 ms | step 88.0 ms | 5820.0 samples/s
  step   350/1756 | loss 0.0292 | data 0.1 ms | step 87.9 ms | 5822.9 samples/s
  step   400/1756 | loss 0.0303 | data 0.1 ms | step 87.9 ms | 5823.9 samples/s
  step   450/1756 | loss 0.0310 | data 0.1 ms | step 87.8 ms | 5829.9 samples/s
  step   500/1756 | loss 0.0440 | data 0.1 ms | step 87.9 ms | 5825.8 samples/s
  step   550/1756 | loss 0.0430 | data 0.1 ms | step 88.0 ms | 5821.5 samples/s
  step   600/1756 | loss 0.0385 | data 0.1 ms | step 88.0 ms | 5819.6 samples/s
  step   650/1756 | loss 0.0329 | data 0.1 ms | step 88.1 ms | 5813.8 samples/s
  step   700/1756 | loss 0.0339 | data 0.1 ms | step 88.1 ms | 5810.1 samples/s
  step   750/1756 | loss 0.0331 | data 0.1 ms | step 88.2 ms | 5804.0 samples/s
  step   800/1756 | loss 0.0338 | data 0.1 ms | step 88.2 ms | 5808.2 samples/s
  step   850/1756 | loss 0.0371 | data 0.1 ms | step 88.2 ms | 5802.1 samples/s
  step   900/1756 | loss 0.0314 | data 0.1 ms | step 88.2 ms | 5804.6 samples/s
  step   950/1756 | loss 0.0343 | data 0.1 ms | step 88.2 ms | 5802.9 samples/s
  step  1000/1756 | loss 0.0323 | data 0.1 ms | step 88.1 ms | 5812.7 samples/s
  step  1050/1756 | loss 0.0308 | data 0.1 ms | step 88.2 ms | 5805.2 samples/s
  step  1100/1756 | loss 0.0308 | data 0.1 ms | step 88.1 ms | 5811.2 samples/s
  step  1150/1756 | loss 0.0285 | data 0.1 ms | step 88.1 ms | 5812.4 samples/s
  step  1200/1756 | loss 0.0329 | data 0.1 ms | step 88.0 ms | 5816.5 samples/s
  step  1250/1756 | loss 0.0374 | data 0.1 ms | step 88.0 ms | 5818.9 samples/s
  step  1300/1756 | loss 0.0334 | data 0.1 ms | step 88.0 ms | 5818.6 samples/s
  step  1350/1756 | loss 0.0339 | data 0.1 ms | step 88.1 ms | 5812.4 samples/s
  step  1400/1756 | loss 0.0349 | data 0.1 ms | step 88.2 ms | 5806.5 samples/s
  step  1450/1756 | loss 0.0321 | data 0.1 ms | step 88.2 ms | 5805.4 samples/s
  step  1500/1756 | loss 0.0305 | data 0.1 ms | step 88.1 ms | 5808.5 samples/s
  step  1550/1756 | loss 0.0281 | data 0.1 ms | step 88.2 ms | 5807.0 samples/s
  step  1600/1756 | loss 0.0297 | data 0.1 ms | step 88.1 ms | 5811.2 samples/s
  step  1650/1756 | loss 0.0334 | data 0.1 ms | step 88.2 ms | 5804.5 samples/s
  step  1700/1756 | loss 0.0306 | data 0.1 ms | step 88.1 ms | 5811.8 samples/s
  step  1750/1756 | loss 0.0290 | data 0.6 ms | step 88.2 ms | 5805.1 samples/s
Training Loss: 0.032646 | data 0.1 ms | step 88.0 ms | 5812.3 samples/s
Peak GPU memory: 7324.6 MB
Validation Loss: 0.030747 | data 0.1 ms | step 44.7 ms | 11456.5 samples/s

Epoch 55/100
----------------------------------------
Learning Rate: 0.000059
Batch Size   : 512
  step    50/1756 | loss 0.0324 | data 0.7 ms | step 88.5 ms | 5788.0 samples/s
  step   100/1756 | loss 0.0306 | data 0.1 ms | step 88.1 ms | 5809.3 samples/s
  step   150/1756 | loss 0.0329 | data 0.1 ms | step 88.1 ms | 5812.2 samples/s
  step   200/1756 | loss 0.0339 | data 0.1 ms | step 88.0 ms | 5820.4 samples/s
  step   250/1756 | loss 0.0314 | data 0.1 ms | step 88.1 ms | 5810.6 samples/s
  step   300/1756 | loss 0.0318 | data 0.1 ms | step 88.1 ms | 5814.2 samples/s
  step   350/1756 | loss 0.0366 | data 0.1 ms | step 88.0 ms | 5817.7 samples/s
  step   400/1756 | loss 0.0400 | data 0.1 ms | step 88.1 ms | 5808.7 samples/s
  step   450/1756 | loss 0.0353 | data 0.1 ms | step 88.1 ms | 5811.9 samples/s
  step   500/1756 | loss 0.0365 | data 0.1 ms | step 88.2 ms | 5808.0 samples/s
  step   550/1756 | loss 0.0352 | data 0.1 ms | step 88.2 ms | 5805.4 samples/s
  step   600/1756 | loss 0.0338 | data 0.1 ms | step 88.2 ms | 5806.3 samples/s
  step   650/1756 | loss 0.0313 | data 0.1 ms | step 88.2 ms | 5802.7 samples/s
  step   700/1756 | loss 0.0325 | data 0.1 ms | step 88.2 ms | 5806.9 samples/s
  step   750/1756 | loss 0.0288 | data 0.1 ms | step 88.1 ms | 5808.9 samples/s
  step   800/1756 | loss 0.0296 | data 0.1 ms | step 88.2 ms | 5807.7 samples/s
  step   850/1756 | loss 0.0276 | data 0.1 ms | step 88.0 ms | 5820.2 samples/s
  step   900/1756 | loss 0.0311 | data 0.1 ms | step 88.2 ms | 5808.1 samples/s
  step   950/1756 | loss 0.0273 | data 0.1 ms | step 88.1 ms | 5813.4 samples/s
  step  1000/1756 | loss 0.0323 | data 0.1 ms | step 88.2 ms | 5803.5 samples/s
  step  1050/1756 | loss 0.0301 | data 0.1 ms | step 88.1 ms | 5811.3 samples/s
  step  1100/1756 | loss 0.0293 | data 0.1 ms | step 88.2 ms | 5802.8 samples/s
  step  1150/1756 | loss 0.0352 | data 0.1 ms | step 88.2 ms | 5802.9 samples/s
  step  1200/1756 | loss 0.0307 | data 0.1 ms | step 88.1 ms | 5813.0 samples/s
  step  1250/1756 | loss 0.0301 | data 0.1 ms | step 88.0 ms | 5819.0 samples/s
  step  1300/1756 | loss 0.0326 | data 0.1 ms | step 88.1 ms | 5810.1 samples/s
  step  1350/1756 | loss 0.0353 | data 0.1 ms | step 88.2 ms | 5804.8 samples/s
  step  1400/1756 | loss 0.0311 | data 0.1 ms | step 88.3 ms | 5801.2 samples/s
  step  1450/1756 | loss 0.0289 | data 0.1 ms | step 88.2 ms | 5807.7 samples/s
  step  1500/1756 | loss 0.0281 | data 0.1 ms | step 88.3 ms | 5798.5 samples/s
  step  1550/1756 | loss 0.0371 | data 0.1 ms | step 88.2 ms | 5801.9 samples/s
  step  1600/1756 | loss 0.0313 | data 0.1 ms | step 88.3 ms | 5795.4 samples/s
  step  1650/1756 | loss 0.0303 | data 0.1 ms | step 88.2 ms | 5802.4 samples/s
  step  1700/1756 | loss 0.0347 | data 0.1 ms | step 88.2 ms | 5805.3 samples/s
  step  1750/1756 | loss 0.0323 | data 0.6 ms | step 88.1 ms | 5809.2 samples/s
Training Loss: 0.032254 | data 0.1 ms | step 88.1 ms | 5807.7 samples/s
Peak GPU memory: 7324.6 MB
Validation Loss: 0.034075 | data 0.1 ms | step 44.5 ms | 11495.0 samples/s

Epoch 56/100
----------------------------------------
Learning Rate: 0.000059
Batch Size   : 512
  step    50/1756 | loss 0.0434 | data 0.6 ms | step 88.3 ms | 5795.6 samples/s
  step   100/1756 | loss 0.0315 | data 0.1 ms | step 88.2 ms | 5804.5 samples/s
  step   150/1756 | loss 0.0344 | data 0.1 ms | step 88.1 ms | 5813.1 samples/s
  step   200/1756 | loss 0.0414 | data 0.1 ms | step 88.2 ms | 5803.8 samples/s
  step   250/1756 | loss 0.0349 | data 0.1 ms | step 88.1 ms | 5812.9 samples/s
  step   300/1756 | loss 0.0316 | data 0.1 ms | step 88.1 ms | 5812.1 samples/s
  step   350/1756 | loss 0.0351 | data 0.1 ms | step 88.1 ms | 5809.9 samples/s
  step   400/1756 | loss 0.0342 | data 0.1 ms | step 88.0 ms | 5817.3 samples/s
  step   450/1756 | loss 0.0271 | data 0.1 ms | step 88.0 ms | 5816.2 samples/s
  step   500/1756 | loss 0.0277 | data 0.1 ms | step 88.0 ms | 5818.6 samples/s
  step   550/1756 | loss 0.0301 | data 0.1 ms | step 88.1 ms | 5810.8 samples/s
  step   600/1756 | loss 0.0293 | data 0.1 ms | step 88.3 ms | 5801.3 samples/s
  step   650/1756 | loss 0.0350 | data 0.1 ms | step 88.3 ms | 5801.4 samples/s
  step   700/1756 | loss 0.0300 | data 0.1 ms | step 88.2 ms | 5804.2 samples/s
  step   750/1756 | loss 0.0282 | data 0.1 ms | step 88.2 ms | 5804.0 samples/s
  step   800/1756 | loss 0.0271 | data 0.1 ms | step 88.2 ms | 5807.7 samples/s
  step   850/1756 | loss 0.0318 | data 0.1 ms | step 88.1 ms | 5810.1 samples/s
  step   900/1756 | loss 0.0298 | data 0.1 ms | step 88.0 ms | 5818.8 samples/s
  step   950/1756 | loss 0.0424 | data 0.1 ms | step 88.0 ms | 5815.4 samples/s
  step  1000/1756 | loss 0.0625 | data 0.1 ms | step 88.4 ms | 5793.2 samples/s
  step  1050/1756 | loss 0.0364 | data 0.1 ms | step 88.2 ms | 5807.0 samples/s
  step  1100/1756 | loss 0.0321 | data 0.1 ms | step 88.1 ms | 5810.5 samples/s
  step  1150/1756 | loss 0.0336 | data 0.1 ms | step 88.2 ms | 5805.2 samples/s
  step  1200/1756 | loss 0.0289 | data 0.1 ms | step 88.3 ms | 5797.4 samples/s
  step  1250/1756 | loss 0.0350 | data 0.1 ms | step 88.1 ms | 5809.3 samples/s
  step  1300/1756 | loss 0.0292 | data 0.1 ms | step 88.1 ms | 5809.2 samples/s
  step  1350/1756 | loss 0.0314 | data 0.1 ms | step 88.2 ms | 5806.3 samples/s
  step  1400/1756 | loss 0.0265 | data 0.1 ms | step 88.2 ms | 5802.0 samples/s
  step  1450/1756 | loss 0.0311 | data 0.1 ms | step 88.1 ms | 5810.0 samples/s
  step  1500/1756 | loss 0.0297 | data 0.1 ms | step 88.2 ms | 5808.0 samples/s
  step  1550/1756 | loss 0.0264 | data 0.1 ms | step 88.0 ms | 5819.5 samples/s
  step  1600/1756 | loss 0.0271 | data 0.1 ms | step 88.0 ms | 5816.7 samples/s
  step  1650/1756 | loss 0.0274 | data 0.1 ms | step 88.0 ms | 5817.5 samples/s
  step  1700/1756 | loss 0.0280 | data 0.1 ms | step 88.0 ms | 5817.7 samples/s
  step  1750/1756 | loss 0.0282 | data 0.5 ms | step 88.0 ms | 5818.7 samples/s
Training Loss: 0.032500 | data 0.1 ms | step 88.1 ms | 5809.3 samples/s
Peak GPU memory: 7324.6 MB
Validation Loss: 0.029624 | data 0.1 ms | step 44.5 ms | 11499.7 samples/s

Epoch 57/100
----------------------------------------
Learning Rate: 0.000059
Batch Size   : 512
  step    50/1756 | loss 0.0280 | data 0.6 ms | step 88.3 ms | 5800.2 samples/s
  step   100/1756 | loss 0.0263 | data 0.1 ms | step 88.1 ms | 5810.0 samples/s
  step   150/1756 | loss 0.0308 | data 0.1 ms | step 88.2 ms | 5804.2 samples/s
  step   200/1756 | loss 0.0335 | data 0.1 ms | step 88.1 ms | 5812.2 samples/s
  step   250/1756 | loss 0.0293 | data 0.1 ms | step 88.1 ms | 5813.8 samples/s
  step   300/1756 | loss 0.0265 | data 0.1 ms | step 88.1 ms | 5808.5 samples/s
  step   350/1756 | loss 0.0329 | data 0.1 ms | step 88.1 ms | 5812.4 samples/s
  step   400/1756 | loss 0.0346 | data 0.1 ms | step 88.1 ms | 5811.6 samples/s
  step   450/1756 | loss 0.0400 | data 0.1 ms | step 88.0 ms | 5817.7 samples/s
  step   500/1756 | loss 0.0390 | data 0.1 ms | step 88.1 ms | 5812.1 samples/s
  step   550/1756 | loss 0.0298 | data 0.1 ms | step 88.0 ms | 5815.4 samples/s
  step   600/1756 | loss 0.0295 | data 0.1 ms | step 88.2 ms | 5804.5 samples/s
  step   650/1756 | loss 0.0297 | data 0.1 ms | step 88.2 ms | 5801.8 samples/s
  step   700/1756 | loss 0.0304 | data 0.1 ms | step 88.2 ms | 5802.9 samples/s
  step   750/1756 | loss 0.0302 | data 0.1 ms | step 88.2 ms | 5806.0 samples/s
  step   800/1756 | loss 0.0261 | data 0.1 ms | step 88.2 ms | 5807.7 samples/s
  step   850/1756 | loss 0.0281 | data 0.1 ms | step 88.1 ms | 5813.6 samples/s
  step   900/1756 | loss 0.0291 | data 0.1 ms | step 88.0 ms | 5817.7 samples/s
  step   950/1756 | loss 0.0324 | data 0.1 ms | step 88.0 ms | 5815.4 samples/s
  step  1000/1756 | loss 0.0270 | data 0.1 ms | step 88.0 ms | 5817.2 samples/s
  step  1050/1756 | loss 0.0271 | data 0.1 ms | step 88.0 ms | 5820.9 samples/s
  step  1100/1756 | loss 0.0262 | data 0.1 ms | step 88.0 ms | 5819.4 samples/s
  step  1150/1756 | loss 0.0263 | data 0.1 ms | step 88.1 ms | 5814.2 samples/s
  step  1200/1756 | loss 0.0281 | data 0.1 ms | step 88.0 ms | 5815.9 samples/s
  step  1250/1756 | loss 0.0327 | data 0.1 ms | step 88.0 ms | 5821.4 samples/s
  step  1300/1756 | loss 0.0303 | data 0.1 ms | step 87.9 ms | 5822.8 samples/s
  step  1350/1756 | loss 0.0281 | data 0.1 ms | step 87.9 ms | 5823.3 samples/s
  step  1400/1756 | loss 0.0297 | data 0.1 ms | step 88.0 ms | 5816.4 samples/s
  step  1450/1756 | loss 0.0288 | data 0.1 ms | step 88.0 ms | 5820.5 samples/s
  step  1500/1756 | loss 0.0281 | data 0.1 ms | step 88.1 ms | 5813.1 samples/s
  step  1550/1756 | loss 0.0318 | data 0.1 ms | step 88.0 ms | 5817.6 samples/s
  step  1600/1756 | loss 0.0295 | data 0.1 ms | step 87.9 ms | 5825.6 samples/s
  step  1650/1756 | loss 0.0312 | data 0.1 ms | step 88.1 ms | 5813.6 samples/s
  step  1700/1756 | loss 0.0291 | data 0.1 ms | step 88.1 ms | 5809.1 samples/s
  step  1750/1756 | loss 0.0278 | data 0.5 ms | step 88.1 ms | 5809.1 samples/s
Training Loss: 0.029927 | data 0.1 ms | step 88.0 ms | 5813.3 samples/s
Peak GPU memory: 7324.6 MB
Validation Loss: 0.027753 | data 0.1 ms | step 44.6 ms | 11479.0 samples/s

Epoch 58/100
----------------------------------------
Learning Rate: 0.000059
Batch Size   : 512
  step    50/1756 | loss 0.0282 | data 0.6 ms | step 88.2 ms | 5801.7 samples/s
  step   100/1756 | loss 0.0270 | data 0.1 ms | step 88.3 ms | 5801.3 samples/s
  step   150/1756 | loss 0.0310 | data 0.1 ms | step 88.1 ms | 5814.7 samples/s
  step   200/1756 | loss 0.0294 | data 0.1 ms | step 88.2 ms | 5807.3 samples/s
  step   250/1756 | loss 0.0277 | data 0.1 ms | step 88.2 ms | 5806.1 samples/s
  step   300/1756 | loss 0.0270 | data 0.1 ms | step 88.0 ms | 5819.2 samples/s
  step   350/1756 | loss 0.0290 | data 0.1 ms | step 87.9 ms | 5827.3 samples/s
  step   400/1756 | loss 0.0268 | data 0.1 ms | step 88.1 ms | 5814.0 samples/s
  step   450/1756 | loss 0.0258 | data 0.1 ms | step 88.0 ms | 5815.0 samples/s
  step   500/1756 | loss 0.0268 | data 0.1 ms | step 88.0 ms | 5815.2 samples/s
  step   550/1756 | loss 0.0276 | data 0.1 ms | step 88.1 ms | 5813.9 samples/s
  step   600/1756 | loss 0.0277 | data 0.1 ms | step 88.1 ms | 5810.5 samples/s
  step   650/1756 | loss 0.0331 | data 0.1 ms | step 88.1 ms | 5809.7 samples/s
  step   700/1756 | loss 0.0259 | data 0.1 ms | step 88.1 ms | 5808.8 samples/s
  step   750/1756 | loss 0.0258 | data 0.1 ms | step 88.0 ms | 5815.6 samples/s
  step   800/1756 | loss 0.0229 | data 0.1 ms | step 88.0 ms | 5817.1 samples/s
  step   850/1756 | loss 0.0287 | data 0.1 ms | step 88.0 ms | 5815.4 samples/s
  step   900/1756 | loss 0.0241 | data 0.1 ms | step 87.9 ms | 5822.4 samples/s
  step   950/1756 | loss 0.0413 | data 0.1 ms | step 88.0 ms | 5821.1 samples/s
  step  1000/1756 | loss 0.0594 | data 0.1 ms | step 88.0 ms | 5816.7 samples/s
  step  1050/1756 | loss 0.0390 | data 0.1 ms | step 88.0 ms | 5820.3 samples/s
  step  1100/1756 | loss 0.0481 | data 0.1 ms | step 88.1 ms | 5810.6 samples/s
  step  1150/1756 | loss 0.0633 | data 0.1 ms | step 88.0 ms | 5815.2 samples/s
  step  1200/1756 | loss 0.0493 | data 0.1 ms | step 87.9 ms | 5822.7 samples/s
  step  1250/1756 | loss 0.0438 | data 0.1 ms | step 88.1 ms | 5812.9 samples/s
  step  1300/1756 | loss 0.0389 | data 0.1 ms | step 88.0 ms | 5819.2 samples/s
  step  1350/1756 | loss 0.0373 | data 0.1 ms | step 88.1 ms | 5811.4 samples/s
  step  1400/1756 | loss 0.0392 | data 0.1 ms | step 88.0 ms | 5818.1 samples/s
  step  1450/1756 | loss 0.0336 | data 0.1 ms | step 88.0 ms | 5820.4 samples/s
  step  1500/1756 | loss 0.0319 | data 0.1 ms | step 88.1 ms | 5814.6 samples/s
  step  1550/1756 | loss 0.0367 | data 0.1 ms | step 88.0 ms | 5819.4 samples/s
  step  1600/1756 | loss 0.0298 | data 0.1 ms | step 87.9 ms | 5826.8 samples/s
  step  1650/1756 | loss 0.0327 | data 0.1 ms | step 87.8 ms | 5828.4 samples/s
  step  1700/1756 | loss 0.0303 | data 0.1 ms | step 87.9 ms | 5826.2 samples/s
  step  1750/1756 | loss 0.0322 | data 0.5 ms | step 88.0 ms | 5816.7 samples/s
Training Loss: 0.033728 | data 0.1 ms | step 88.0 ms | 5815.8 samples/s
Peak GPU memory: 7324.6 MB
Validation Loss: 0.030210 | data 0.1 ms | step 44.6 ms | 11464.9 samples/s

Epoch 59/100
----------------------------------------
Learning Rate: 0.000059
Batch Size   : 512
  step    50/1756 | loss 0.0298 | data 0.7 ms | step 88.3 ms | 5796.0 samples/s
  step   100/1756 | loss 0.0305 | data 0.1 ms | step 88.2 ms | 5804.2 samples/s
  step   150/1756 | loss 0.0274 | data 0.1 ms | step 88.2 ms | 5806.4 samples/s
  step   200/1756 | loss 0.0328 | data 0.1 ms | step 88.1 ms | 5811.5 samples/s
  step   250/1756 | loss 0.0310 | data 0.1 ms | step 88.0 ms | 5817.3 samples/s
  step   300/1756 | loss 0.0348 | data 0.1 ms | step 88.1 ms | 5811.1 samples/s
  step   350/1756 | loss 0.0311 | data 0.1 ms | step 88.2 ms | 5804.3 samples/s
  step   400/1756 | loss 0.0311 | data 0.1 ms | step 88.2 ms | 5805.7 samples/s
  step   450/1756 | loss 0.0267 | data 0.1 ms | step 88.1 ms | 5814.3 samples/s
  step   500/1756 | loss 0.0273 | data 0.1 ms | step 88.1 ms | 5811.2 samples/s
  step   550/1756 | loss 0.0276 | data 0.1 ms | step 88.1 ms | 5811.9 samples/s
  step   600/1756 | loss 0.0264 | data 0.1 ms | step 88.1 ms | 5809.8 samples/s
  step   650/1756 | loss 0.0314 | data 0.1 ms | step 88.0 ms | 5815.3 samples/s
  step   700/1756 | loss 0.0298 | data 0.1 ms | step 88.1 ms | 5812.3 samples/s
  step   750/1756 | loss 0.0313 | data 0.1 ms | step 88.2 ms | 5804.6 samples/s
  step   800/1756 | loss 0.0277 | data 0.1 ms | step 88.2 ms | 5806.5 samples/s
  step   850/1756 | loss 0.0257 | data 0.1 ms | step 88.2 ms | 5803.1 samples/s
  step   900/1756 | loss 0.0540 | data 0.1 ms | step 88.2 ms | 5802.5 samples/s
  step   950/1756 | loss 0.0440 | data 0.1 ms | step 88.2 ms | 5801.8 samples/s
  step  1000/1756 | loss 0.0360 | data 0.1 ms | step 88.1 ms | 5813.7 samples/s
  step  1050/1756 | loss 0.0344 | data 0.1 ms | step 88.1 ms | 5812.7 samples/s
  step  1100/1756 | loss 0.0303 | data 0.1 ms | step 88.0 ms | 5817.2 samples/s
  step  1150/1756 | loss 0.0315 | data 0.1 ms | step 88.0 ms | 5819.8 samples/s
  step  1200/1756 | loss 0.0307 | data 0.1 ms | step 88.0 ms | 5817.6 samples/s
  step  1250/1756 | loss 0.0289 | data 0.1 ms | step 88.1 ms | 5814.8 samples/s
  step  1300/1756 | loss 0.0398 | data 0.1 ms | step 88.1 ms | 5814.4 samples/s
  step  1350/1756 | loss 0.0479 | data 0.1 ms | step 88.1 ms | 5812.2 samples/s
  step  1400/1756 | loss 0.0378 | data 0.1 ms | step 88.1 ms | 5810.2 samples/s
  step  1450/1756 | loss 0.0375 | data 0.1 ms | step 88.1 ms | 5812.0 samples/s
  step  1500/1756 | loss 0.0357 | data 0.1 ms | step 88.2 ms | 5803.2 samples/s
  step  1550/1756 | loss 0.0329 | data 0.1 ms | step 88.2 ms | 5805.0 samples/s
  step  1600/1756 | loss 0.0363 | data 0.1 ms | step 88.2 ms | 5804.2 samples/s
  step  1650/1756 | loss 0.0340 | data 0.1 ms | step 88.2 ms | 5805.4 samples/s
  step  1700/1756 | loss 0.0379 | data 0.1 ms | step 88.2 ms | 5802.9 samples/s
  step  1750/1756 | loss 0.0321 | data 0.5 ms | step 88.2 ms | 5805.8 samples/s
Training Loss: 0.033317 | data 0.1 ms | step 88.1 ms | 5809.2 samples/s
Peak GPU memory: 7324.6 MB
Validation Loss: 0.032662 | data 0.1 ms | step 44.6 ms | 11469.6 samples/s

Epoch 60/100
----------------------------------------
Learning Rate: 0.000059
Batch Size   : 512
  step    50/1756 | loss 0.0334 | data 0.6 ms | step 88.5 ms | 5788.1 samples/s
  step   100/1756 | loss 0.0334 | data 0.1 ms | step 88.4 ms | 5790.7 samples/s
  step   150/1756 | loss 0.0296 | data 0.1 ms | step 88.3 ms | 5796.4 samples/s
  step   200/1756 | loss 0.0322 | data 0.1 ms | step 88.0 ms | 5816.2 samples/s
  step   250/1756 | loss 0.0294 | data 0.1 ms | step 88.0 ms | 5815.7 samples/s
  step   300/1756 | loss 0.0284 | data 0.1 ms | step 88.1 ms | 5813.5 samples/s
  step   350/1756 | loss 0.0311 | data 0.1 ms | step 88.0 ms | 5817.5 samples/s
  step   400/1756 | loss 0.0303 | data 0.1 ms | step 88.0 ms | 5818.6 samples/s
  step   450/1756 | loss 0.0287 | data 0.1 ms | step 88.0 ms | 5818.3 samples/s
  step   500/1756 | loss 0.0286 | data 0.1 ms | step 88.1 ms | 5813.2 samples/s
  step   550/1756 | loss 0.0291 | data 0.1 ms | step 88.2 ms | 5806.5 samples/s
  step   600/1756 | loss 0.0309 | data 0.1 ms | step 88.2 ms | 5807.1 samples/s
  step   650/1756 | loss 0.0280 | data 0.1 ms | step 88.0 ms | 5818.8 samples/s
  step   700/1756 | loss 0.0305 | data 0.1 ms | step 88.2 ms | 5807.7 samples/s
  step   750/1756 | loss 0.0302 | data 0.1 ms | step 88.2 ms | 5805.5 samples/s
  step   800/1756 | loss 0.0263 | data 0.1 ms | step 88.2 ms | 5806.0 samples/s
  step   850/1756 | loss 0.0358 | data 0.1 ms | step 88.2 ms | 5806.1 samples/s
  step   900/1756 | loss 0.0293 | data 0.1 ms | step 88.3 ms | 5795.6 samples/s
  step   950/1756 | loss 0.0289 | data 0.1 ms | step 88.2 ms | 5805.5 samples/s
  step  1000/1756 | loss 0.0274 | data 0.1 ms | step 88.2 ms | 5807.7 samples/s
  step  1050/1756 | loss 0.0254 | data 0.1 ms | step 88.1 ms | 5808.5 samples/s
  step  1100/1756 | loss 0.0268 | data 0.1 ms | step 88.2 ms | 5805.6 samples/s
  step  1150/1756 | loss 0.0248 | data 0.1 ms | step 88.1 ms | 5809.1 samples/s
  step  1200/1756 | loss 0.0271 | data 0.1 ms | step 88.1 ms | 5809.7 samples/s
  step  1250/1756 | loss 0.0258 | data 0.1 ms | step 88.1 ms | 5809.2 samples/s
  step  1300/1756 | loss 0.0287 | data 0.1 ms | step 88.2 ms | 5804.3 samples/s
  step  1350/1756 | loss 0.0282 | data 0.1 ms | step 88.1 ms | 5808.6 samples/s
  step  1400/1756 | loss 0.0265 | data 0.1 ms | step 88.1 ms | 5814.7 samples/s
  step  1450/1756 | loss 0.0282 | data 0.1 ms | step 88.0 ms | 5820.3 samples/s
  step  1500/1756 | loss 0.0303 | data 0.1 ms | step 88.1 ms | 5813.4 samples/s
  step  1550/1756 | loss 0.0283 | data 0.1 ms | step 88.0 ms | 5818.0 samples/s
  step  1600/1756 | loss 0.0255 | data 0.1 ms | step 88.2 ms | 5804.6 samples/s
  step  1650/1756 | loss 0.0266 | data 0.1 ms | step 88.1 ms | 5808.3 samples/s
  step  1700/1756 | loss 0.0276 | data 0.1 ms | step 88.1 ms | 5809.9 samples/s
  step  1750/1756 | loss 0.0267 | data 0.6 ms | step 88.1 ms | 5811.9 samples/s
Training Loss: 0.028786 | data 0.1 ms | step 88.1 ms | 5808.9 samples/s
Peak GPU memory: 7324.6 MB
Validation Loss: 0.026109 | data 0.1 ms | step 44.7 ms | 11450.3 samples/s

Epoch 61/100
----------------------------------------
Learning Rate: 0.000053
Batch Size   : 512
  step    50/1756 | loss 0.0280 | data 0.7 ms | step 88.4 ms | 5790.2 samples/s
  step   100/1756 | loss 0.0279 | data 0.1 ms | step 88.3 ms | 5800.0 samples/s
  step   150/1756 | loss 0.0239 | data 0.1 ms | step 88.4 ms | 5790.8 samples/s
  step   200/1756 | loss 0.0245 | data 0.1 ms | step 88.2 ms | 5802.7 samples/s
  step   250/1756 | loss 0.0240 | data 0.1 ms | step 88.4 ms | 5792.2 samples/s
  step   300/1756 | loss 0.0250 | data 0.1 ms | step 88.3 ms | 5798.2 samples/s
  step   350/1756 | loss 0.0245 | data 0.1 ms | step 88.3 ms | 5801.6 samples/s
  step   400/1756 | loss 0.0258 | data 0.1 ms | step 88.2 ms | 5803.6 samples/s
  step   450/1756 | loss 0.0246 | data 0.1 ms | step 88.1 ms | 5809.0 samples/s
  step   500/1756 | loss 0.0246 | data 0.1 ms | step 88.3 ms | 5798.9 samples/s
  step   550/1756 | loss 0.0233 | data 0.1 ms | step 87.9 ms | 5821.5 samples/s
  step   600/1756 | loss 0.0266 | data 0.1 ms | step 88.0 ms | 5818.1 samples/s
  step   650/1756 | loss 0.0280 | data 0.1 ms | step 87.9 ms | 5824.3 samples/s
  step   700/1756 | loss 0.0246 | data 0.1 ms | step 88.0 ms | 5817.1 samples/s
  step   750/1756 | loss 0.0269 | data 0.1 ms | step 88.0 ms | 5820.5 samples/s
  step   800/1756 | loss 0.0268 | data 0.1 ms | step 88.2 ms | 5807.0 samples/s
  step   850/1756 | loss 0.0267 | data 0.1 ms | step 88.2 ms | 5804.7 samples/s
  step   900/1756 | loss 0.0248 | data 0.1 ms | step 88.2 ms | 5803.2 samples/s
  step   950/1756 | loss 0.0280 | data 0.1 ms | step 88.1 ms | 5812.4 samples/s
  step  1000/1756 | loss 0.0269 | data 0.1 ms | step 88.2 ms | 5806.4 samples/s
  step  1050/1756 | loss 0.0234 | data 0.1 ms | step 88.1 ms | 5808.6 samples/s
  step  1100/1756 | loss 0.0231 | data 0.1 ms | step 88.1 ms | 5811.8 samples/s
  step  1150/1756 | loss 0.0253 | data 0.1 ms | step 88.0 ms | 5819.4 samples/s
  step  1200/1756 | loss 0.0241 | data 0.1 ms | step 88.0 ms | 5821.2 samples/s
  step  1250/1756 | loss 0.0245 | data 0.1 ms | step 88.0 ms | 5819.5 samples/s
  step  1300/1756 | loss 0.0268 | data 0.1 ms | step 88.1 ms | 5813.2 samples/s
  step  1350/1756 | loss 0.0284 | data 0.1 ms | step 88.0 ms | 5815.5 samples/s
  step  1400/1756 | loss 0.0247 | data 0.1 ms | step 88.1 ms | 5810.9 samples/s
  step  1450/1756 | loss 0.0234 | data 0.1 ms | step 88.1 ms | 5811.4 samples/s
  step  1500/1756 | loss 0.0252 | data 0.1 ms | step 88.2 ms | 5805.8 samples/s
  step  1550/1756 | loss 0.0293 | data 0.1 ms | step 88.2 ms | 5806.2 samples/s
  step  1600/1756 | loss 0.0242 | data 0.1 ms | step 88.1 ms | 5813.3 samples/s
  step  1650/1756 | loss 0.0239 | data 0.1 ms | step 88.1 ms | 5811.1 samples/s
  step  1700/1756 | loss 0.0248 | data 0.1 ms | step 88.2 ms | 5807.5 samples/s
  step  1750/1756 | loss 0.0244 | data 0.6 ms | step 88.1 ms | 5810.9 samples/s
Training Loss: 0.025445 | data 0.1 ms | step 88.1 ms | 5808.8 samples/s
Peak GPU memory: 7324.6 MB
Validation Loss: 0.024005 | data 0.1 ms | step 44.8 ms | 11428.8 samples/s

Epoch 62/100
----------------------------------------
Learning Rate: 0.000053
Batch Size   : 512
  step    50/1756 | loss 0.0253 | data 0.6 ms | step 88.4 ms | 5794.4 samples/s
  step   100/1756 | loss 0.0237 | data 0.1 ms | step 88.3 ms | 5801.3 samples/s
  step   150/1756 | loss 0.0226 | data 0.1 ms | step 88.3 ms | 5795.4 samples/s
  step   200/1756 | loss 0.0243 | data 0.1 ms | step 88.3 ms | 5798.4 samples/s
  step   250/1756 | loss 0.0241 | data 0.1 ms | step 88.1 ms | 5814.3 samples/s
  step   300/1756 | loss 0.0254 | data 0.1 ms | step 88.1 ms | 5810.0 samples/s
  step   350/1756 | loss 0.0239 | data 0.1 ms | step 88.2 ms | 5807.4 samples/s
  step   400/1756 | loss 0.0236 | data 0.1 ms | step 88.3 ms | 5799.6 samples/s
  step   450/1756 | loss 0.0234 | data 0.1 ms | step 88.3 ms | 5796.4 samples/s
  step   500/1756 | loss 0.0244 | data 0.1 ms | step 88.2 ms | 5803.6 samples/s
  step   550/1756 | loss 0.0324 | data 0.1 ms | step 88.2 ms | 5805.0 samples/s
  step   600/1756 | loss 0.0269 | data 0.1 ms | step 88.1 ms | 5814.5 samples/s
  step   650/1756 | loss 0.0279 | data 0.1 ms | step 88.1 ms | 5809.0 samples/s
  step   700/1756 | loss 0.0269 | data 0.1 ms | step 88.1 ms | 5811.1 samples/s
  step   750/1756 | loss 0.0275 | data 0.1 ms | step 88.2 ms | 5805.3 samples/s
  step   800/1756 | loss 0.0252 | data 0.1 ms | step 88.2 ms | 5803.8 samples/s
  step   850/1756 | loss 0.0260 | data 0.1 ms | step 88.1 ms | 5813.9 samples/s
  step   900/1756 | loss 0.0346 | data 0.1 ms | step 88.2 ms | 5803.1 samples/s
  step   950/1756 | loss 0.0289 | data 0.1 ms | step 88.1 ms | 5809.2 samples/s
  step  1000/1756 | loss 0.0360 | data 0.1 ms | step 88.2 ms | 5801.8 samples/s
  step  1050/1756 | loss 0.0289 | data 0.1 ms | step 88.2 ms | 5806.2 samples/s
  step  1100/1756 | loss 0.0264 | data 0.1 ms | step 88.1 ms | 5812.1 samples/s
  step  1150/1756 | loss 0.0261 | data 0.1 ms | step 88.0 ms | 5818.5 samples/s
  step  1200/1756 | loss 0.0236 | data 0.1 ms | step 88.0 ms | 5817.6 samples/s
  step  1250/1756 | loss 0.0227 | data 0.1 ms | step 88.1 ms | 5814.3 samples/s
  step  1300/1756 | loss 0.0238 | data 0.1 ms | step 88.2 ms | 5808.1 samples/s
  step  1350/1756 | loss 0.0226 | data 0.1 ms | step 88.2 ms | 5806.0 samples/s
  step  1400/1756 | loss 0.0253 | data 0.1 ms | step 88.2 ms | 5804.9 samples/s
  step  1450/1756 | loss 0.0255 | data 0.1 ms | step 88.1 ms | 5810.1 samples/s
  step  1500/1756 | loss 0.0391 | data 0.1 ms | step 88.1 ms | 5811.5 samples/s
  step  1550/1756 | loss 0.0300 | data 0.1 ms | step 88.2 ms | 5807.4 samples/s
  step  1600/1756 | loss 0.0280 | data 0.1 ms | step 88.3 ms | 5798.7 samples/s
  step  1650/1756 | loss 0.0276 | data 0.1 ms | step 88.2 ms | 5806.1 samples/s
  step  1700/1756 | loss 0.0238 | data 0.1 ms | step 88.2 ms | 5807.4 samples/s
  step  1750/1756 | loss 0.0250 | data 0.5 ms | step 88.2 ms | 5805.5 samples/s
Training Loss: 0.026609 | data 0.1 ms | step 88.1 ms | 5806.6 samples/s
Peak GPU memory: 7324.6 MB
Validation Loss: 0.028420 | data 0.1 ms | step 44.6 ms | 11479.9 samples/s

Epoch 63/100
----------------------------------------
Learning Rate: 0.000053
Batch Size   : 512
  step    50/1756 | loss 0.0295 | data 0.7 ms | step 88.3 ms | 5799.0 samples/s
  step   100/1756 | loss 0.0269 | data 0.1 ms | step 88.2 ms | 5806.9 samples/s
  step   150/1756 | loss 0.0297 | data 0.1 ms | step 88.1 ms | 5809.8 samples/s
  step   200/1756 | loss 0.0271 | data 0.1 ms | step 88.1 ms | 5810.7 samples/s
  step   250/1756 | loss 0.0267 | data 0.1 ms | step 88.2 ms | 5803.8 samples/s
  step   300/1756 | loss 0.0332 | data 0.1 ms | step 88.1 ms | 5813.5 samples/s
  step   350/1756 | loss 0.0264 | data 0.1 ms | step 88.1 ms | 5811.4 samples/s
  step   400/1756 | loss 0.0250 | data 0.1 ms | step 88.1 ms | 5811.7 samples/s
  step   450/1756 | loss 0.0262 | data 0.1 ms | step 88.1 ms | 5809.0 samples/s
  step   500/1756 | loss 0.0251 | data 0.1 ms | step 88.1 ms | 5811.8 samples/s
  step   550/1756 | loss 0.0258 | data 0.1 ms | step 88.1 ms | 5812.0 samples/s
  step   600/1756 | loss 0.0231 | data 0.1 ms | step 88.1 ms | 5808.3 samples/s
  step   650/1756 | loss 0.0229 | data 0.1 ms | step 88.1 ms | 5812.1 samples/s
  step   700/1756 | loss 0.0240 | data 0.1 ms | step 88.3 ms | 5800.6 samples/s
  step   750/1756 | loss 0.0230 | data 0.1 ms | step 88.0 ms | 5818.8 samples/s
  step   800/1756 | loss 0.0237 | data 0.1 ms | step 88.1 ms | 5809.0 samples/s
  step   850/1756 | loss 0.0202 | data 0.1 ms | step 88.1 ms | 5809.1 samples/s
  step   900/1756 | loss 0.0220 | data 0.1 ms | step 88.2 ms | 5804.3 samples/s
  step   950/1756 | loss 0.0251 | data 0.1 ms | step 88.1 ms | 5812.3 samples/s
  step  1000/1756 | loss 0.0216 | data 0.1 ms | step 88.0 ms | 5816.7 samples/s
  step  1050/1756 | loss 0.0250 | data 0.1 ms | step 88.1 ms | 5811.3 samples/s
  step  1100/1756 | loss 0.0445 | data 0.1 ms | step 88.2 ms | 5803.1 samples/s
  step  1150/1756 | loss 0.0249 | data 0.1 ms | step 88.3 ms | 5800.6 samples/s
  step  1200/1756 | loss 0.0240 | data 0.1 ms | step 88.2 ms | 5806.7 samples/s
  step  1250/1756 | loss 0.0225 | data 0.1 ms | step 88.0 ms | 5817.5 samples/s
  step  1300/1756 | loss 0.0240 | data 0.1 ms | step 88.1 ms | 5810.8 samples/s
  step  1350/1756 | loss 0.0236 | data 0.1 ms | step 88.2 ms | 5805.7 samples/s
  step  1400/1756 | loss 0.0220 | data 0.1 ms | step 88.1 ms | 5809.9 samples/s
  step  1450/1756 | loss 0.0220 | data 0.1 ms | step 88.1 ms | 5812.1 samples/s
  step  1500/1756 | loss 0.0240 | data 0.1 ms | step 88.0 ms | 5815.5 samples/s
  step  1550/1756 | loss 0.0236 | data 0.1 ms | step 88.2 ms | 5803.5 samples/s
  step  1600/1756 | loss 0.0208 | data 0.1 ms | step 88.2 ms | 5806.8 samples/s
  step  1650/1756 | loss 0.0218 | data 0.1 ms | step 88.0 ms | 5815.1 samples/s
  step  1700/1756 | loss 0.0222 | data 0.1 ms | step 88.1 ms | 5811.1 samples/s
  step  1750/1756 | loss 0.0266 | data 0.5 ms | step 88.1 ms | 5810.5 samples/s
Training Loss: 0.025110 | data 0.1 ms | step 88.1 ms | 5809.4 samples/s
Peak GPU memory: 7324.6 MB
Validation Loss: 0.024252 | data 0.1 ms | step 44.8 ms | 11420.9 samples/s

Epoch 64/100
----------------------------------------
Learning Rate: 0.000053
Batch Size   : 512
  step    50/1756 | loss 0.0271 | data 0.7 ms | step 88.5 ms | 5786.5 samples/s
  step   100/1756 | loss 0.0222 | data 0.1 ms | step 88.2 ms | 5802.8 samples/s
  step   150/1756 | loss 0.0219 | data 0.1 ms | step 88.1 ms | 5809.1 samples/s
  step   200/1756 | loss 0.0207 | data 0.1 ms | step 88.1 ms | 5809.8 samples/s
  step   250/1756 | loss 0.0196 | data 0.1 ms | step 88.0 ms | 5817.1 samples/s
  step   300/1756 | loss 0.0214 | data 0.1 ms | step 88.0 ms | 5817.5 samples/s
  step   350/1756 | loss 0.0187 | data 0.1 ms | step 88.0 ms | 5816.7 samples/s
  step   400/1756 | loss 0.0229 | data 0.1 ms | step 88.2 ms | 5804.8 samples/s
  step   450/1756 | loss 0.0236 | data 0.1 ms | step 88.2 ms | 5807.5 samples/s
  step   500/1756 | loss 0.0218 | data 0.1 ms | step 88.3 ms | 5798.6 samples/s
  step   550/1756 | loss 0.0227 | data 0.1 ms | step 88.2 ms | 5805.1 samples/s
  step   600/1756 | loss 0.0273 | data 0.1 ms | step 88.3 ms | 5795.2 samples/s
  step   650/1756 | loss 0.0280 | data 0.1 ms | step 88.3 ms | 5800.6 samples/s
  step   700/1756 | loss 0.0236 | data 0.1 ms | step 88.3 ms | 5798.5 samples/s
  step   750/1756 | loss 0.0243 | data 0.1 ms | step 88.2 ms | 5803.9 samples/s
  step   800/1756 | loss 0.0377 | data 0.1 ms | step 88.4 ms | 5793.8 samples/s
  step   850/1756 | loss 0.0305 | data 0.1 ms | step 88.4 ms | 5793.2 samples/s
  step   900/1756 | loss 0.0243 | data 0.1 ms | step 88.3 ms | 5800.6 samples/s
  step   950/1756 | loss 0.0236 | data 0.1 ms | step 88.2 ms | 5804.7 samples/s
  step  1000/1756 | loss 0.0245 | data 0.1 ms | step 88.3 ms | 5799.8 samples/s
  step  1050/1756 | loss 0.0232 | data 0.1 ms | step 88.2 ms | 5806.6 samples/s
  step  1100/1756 | loss 0.0237 | data 0.1 ms | step 88.2 ms | 5803.4 samples/s
  step  1150/1756 | loss 0.0233 | data 0.1 ms | step 88.3 ms | 5800.4 samples/s
  step  1200/1756 | loss 0.0224 | data 0.1 ms | step 88.2 ms | 5802.6 samples/s
  step  1250/1756 | loss 0.0218 | data 0.1 ms | step 88.1 ms | 5809.7 samples/s
  step  1300/1756 | loss 0.0227 | data 0.1 ms | step 88.1 ms | 5810.3 samples/s
  step  1350/1756 | loss 0.0200 | data 0.1 ms | step 88.0 ms | 5820.6 samples/s
  step  1400/1756 | loss 0.0213 | data 0.1 ms | step 88.0 ms | 5821.4 samples/s
  step  1450/1756 | loss 0.0232 | data 0.1 ms | step 88.0 ms | 5819.5 samples/s
  step  1500/1756 | loss 0.0207 | data 0.1 ms | step 87.9 ms | 5822.6 samples/s
  step  1550/1756 | loss 0.0202 | data 0.1 ms | step 88.0 ms | 5821.5 samples/s
  step  1600/1756 | loss 0.0209 | data 0.1 ms | step 88.2 ms | 5805.6 samples/s
  step  1650/1756 | loss 0.0196 | data 0.1 ms | step 88.1 ms | 5810.7 samples/s
  step  1700/1756 | loss 0.0212 | data 0.1 ms | step 88.1 ms | 5810.5 samples/s
  step  1750/1756 | loss 0.0210 | data 0.6 ms | step 88.1 ms | 5809.6 samples/s
Training Loss: 0.023185 | data 0.1 ms | step 88.1 ms | 5806.9 samples/s
Peak GPU memory: 7324.6 MB
Validation Loss: 0.021677 | data 0.1 ms | step 44.6 ms | 11477.2 samples/s

Epoch 65/100
----------------------------------------
Learning Rate: 0.000053
Batch Size   : 512
  step    50/1756 | loss 0.0296 | data 0.6 ms | step 88.4 ms | 5790.1 samples/s
  step   100/1756 | loss 0.0257 | data 0.1 ms | step 88.2 ms | 5805.3 samples/s
  step   150/1756 | loss 0.0220 | data 0.1 ms | step 88.2 ms | 5806.2 samples/s
  step   200/1756 | loss 0.0239 | data 0.1 ms | step 88.2 ms | 5808.3 samples/s
  step   250/1756 | loss 0.0228 | data 0.1 ms | step 88.2 ms | 5805.3 samples/s
  step   300/1756 | loss 0.0223 | data 0.1 ms | step 88.2 ms | 5803.4 samples/s
  step   350/1756 | loss 0.0211 | data 0.1 ms | step 88.2 ms | 5806.7 samples/s
  step   400/1756 | loss 0.0208 | data 0.1 ms | step 88.1 ms | 5808.5 samples/s
  step   450/1756 | loss 0.0196 | data 0.1 ms | step 88.2 ms | 5805.3 samples/s
  step   500/1756 | loss 0.0218 | data 0.1 ms | step 88.1 ms | 5811.3 samples/s
  step   550/1756 | loss 0.0210 | data 0.1 ms | step 88.1 ms | 5810.0 samples/s
  step   600/1756 | loss 0.0196 | data 0.1 ms | step 88.1 ms | 5809.9 samples/s
  step   650/1756 | loss 0.0217 | data 0.1 ms | step 88.1 ms | 5813.7 samples/s
  step   700/1756 | loss 0.0210 | data 0.1 ms | step 88.0 ms | 5815.2 samples/s
  step   750/1756 | loss 0.0232 | data 0.1 ms | step 88.1 ms | 5813.5 samples/s
  step   800/1756 | loss 0.0239 | data 0.1 ms | step 88.1 ms | 5814.7 samples/s
  step   850/1756 | loss 0.0208 | data 0.1 ms | step 88.0 ms | 5815.6 samples/s
  step   900/1756 | loss 0.0212 | data 0.1 ms | step 88.2 ms | 5803.6 samples/s
  step   950/1756 | loss 0.0214 | data 0.1 ms | step 88.2 ms | 5807.9 samples/s
  step  1000/1756 | loss 0.0242 | data 0.1 ms | step 88.2 ms | 5804.6 samples/s
  step  1050/1756 | loss 0.0507 | data 0.1 ms | step 88.1 ms | 5810.4 samples/s
  step  1100/1756 | loss 0.0437 | data 0.1 ms | step 88.2 ms | 5807.9 samples/s
  step  1150/1756 | loss 0.0357 | data 0.1 ms | step 88.2 ms | 5806.6 samples/s
  step  1200/1756 | loss 0.0331 | data 0.1 ms | step 88.2 ms | 5802.8 samples/s
  step  1250/1756 | loss 0.0412 | data 0.1 ms | step 88.2 ms | 5806.3 samples/s
  step  1300/1756 | loss 0.0326 | data 0.1 ms | step 88.1 ms | 5809.2 samples/s
  step  1350/1756 | loss 0.0338 | data 0.1 ms | step 88.1 ms | 5808.7 samples/s
  step  1400/1756 | loss 0.0368 | data 0.1 ms | step 88.1 ms | 5812.4 samples/s
  step  1450/1756 | loss 0.0304 | data 0.1 ms | step 88.0 ms | 5814.9 samples/s
  step  1500/1756 | loss 0.0300 | data 0.1 ms | step 88.1 ms | 5812.4 samples/s
  step  1550/1756 | loss 0.0316 | data 0.1 ms | step 88.1 ms | 5813.5 samples/s
  step  1600/1756 | loss 0.0288 | data 0.1 ms | step 88.1 ms | 5811.2 samples/s
  step  1650/1756 | loss 0.0271 | data 0.1 ms | step 88.2 ms | 5804.8 samples/s
  step  1700/1756 | loss 0.0264 | data 0.1 ms | step 88.3 ms | 5800.7 samples/s
  step  1750/1756 | loss 0.0271 | data 0.5 ms | step 88.2 ms | 5803.1 samples/s
Training Loss: 0.027324 | data 0.1 ms | step 88.1 ms | 5808.1 samples/s
Peak GPU memory: 7324.6 MB
Validation Loss: 0.028037 | data 0.1 ms | step 44.6 ms | 11462.9 samples/s

Epoch 66/100
----------------------------------------
Learning Rate: 0.000053
Batch Size   : 512
  step    50/1756 | loss 0.0280 | data 0.7 ms | step 88.3 ms | 5798.1 samples/s
  step   100/1756 | loss 0.0261 | data 0.1 ms | step 88.3 ms | 5801.6 samples/s
  step   150/1756 | loss 0.0260 | data 0.1 ms | step 88.3 ms | 5797.6 samples/s
  step   200/1756 | loss 0.0256 | data 0.1 ms | step 88.1 ms | 5811.7 samples/s
  step   250/1756 | loss 0.0244 | data 0.1 ms | step 88.1 ms | 5811.9 samples/s
  step   300/1756 | loss 0.0238 | data 0.1 ms | step 88.2 ms | 5807.3 samples/s
  step   350/1756 | loss 0.0242 | data 0.1 ms | step 88.3 ms | 5796.9 samples/s
  step   400/1756 | loss 0.0251 | data 0.1 ms | step 88.3 ms | 5801.0 samples/s
  step   450/1756 | loss 0.0269 | data 0.1 ms | step 88.2 ms | 5804.6 samples/s
  step   500/1756 | loss 0.0252 | data 0.1 ms | step 88.2 ms | 5804.7 samples/s
  step   550/1756 | loss 0.0242 | data 0.1 ms | step 88.1 ms | 5812.5 samples/s
  step   600/1756 | loss 0.0307 | data 0.1 ms | step 87.9 ms | 5821.8 samples/s
  step   650/1756 | loss 0.0258 | data 0.1 ms | step 88.0 ms | 5815.9 samples/s
  step   700/1756 | loss 0.0234 | data 0.1 ms | step 88.0 ms | 5816.1 samples/s
  step   750/1756 | loss 0.0254 | data 0.1 ms | step 88.1 ms | 5814.1 samples/s
  step   800/1756 | loss 0.0248 | data 0.1 ms | step 88.0 ms | 5818.7 samples/s
  step   850/1756 | loss 0.0221 | data 0.1 ms | step 88.2 ms | 5807.4 samples/s
  step   900/1756 | loss 0.0234 | data 0.1 ms | step 88.2 ms | 5801.7 samples/s
  step   950/1756 | loss 0.0259 | data 0.1 ms | step 88.1 ms | 5811.2 samples/s
  step  1000/1756 | loss 0.0231 | data 0.1 ms | step 88.2 ms | 5803.9 samples/s
  step  1050/1756 | loss 0.0214 | data 0.1 ms | step 88.2 ms | 5803.8 samples/s
  step  1100/1756 | loss 0.0223 | data 0.1 ms | step 88.3 ms | 5796.3 samples/s
  step  1150/1756 | loss 0.0217 | data 0.1 ms | step 88.2 ms | 5803.5 samples/s
  step  1200/1756 | loss 0.0211 | data 0.1 ms | step 88.3 ms | 5800.9 samples/s
  step  1250/1756 | loss 0.0237 | data 0.1 ms | step 88.3 ms | 5801.5 samples/s
  step  1300/1756 | loss 0.0263 | data 0.1 ms | step 88.3 ms | 5800.0 samples/s
  step  1350/1756 | loss 0.0211 | data 0.1 ms | step 88.2 ms | 5803.0 samples/s
  step  1400/1756 | loss 0.0255 | data 0.1 ms | step 88.2 ms | 5803.3 samples/s
  step  1450/1756 | loss 0.0226 | data 0.1 ms | step 88.2 ms | 5806.7 samples/s
  step  1500/1756 | loss 0.0201 | data 0.1 ms | step 88.1 ms | 5812.1 samples/s
  step  1550/1756 | loss 0.0233 | data 0.1 ms | step 88.2 ms | 5802.4 samples/s
  step  1600/1756 | loss 0.0205 | data 0.1 ms | step 88.1 ms | 5808.6 samples/s
  step  1650/1756 | loss 0.0218 | data 0.1 ms | step 88.2 ms | 5808.0 samples/s
  step  1700/1756 | loss 0.0201 | data 0.1 ms | step 88.1 ms | 5812.5 samples/s
  step  1750/1756 | loss 0.0211 | data 0.5 ms | step 88.1 ms | 5811.5 samples/s
Training Loss: 0.023895 | data 0.1 ms | step 88.1 ms | 5806.6 samples/s
Peak GPU memory: 7324.6 MB
Validation Loss: 0.024118 | data 0.1 ms | step 44.6 ms | 11475.2 samples/s

Epoch 67/100
----------------------------------------
Learning Rate: 0.000053
Batch Size   : 512
  step    50/1756 | loss 0.0270 | data 0.6 ms | step 88.3 ms | 5796.9 samples/s
  step   100/1756 | loss 0.0230 | data 0.1 ms | step 88.2 ms | 5807.7 samples/s
  step   150/1756 | loss 0.0246 | data 0.1 ms | step 88.2 ms | 5804.8 samples/s
  step   200/1756 | loss 0.0364 | data 0.1 ms | step 88.0 ms | 5816.9 samples/s
  step   250/1756 | loss 0.0320 | data 0.1 ms | step 88.1 ms | 5811.3 samples/s
  step   300/1756 | loss 0.0339 | data 0.1 ms | step 88.0 ms | 5815.1 samples/s
  step   350/1756 | loss 0.0277 | data 0.1 ms | step 88.0 ms | 5816.4 samples/s
  step   400/1756 | loss 0.0274 | data 0.1 ms | step 88.0 ms | 5818.4 samples/s
  step   450/1756 | loss 0.0288 | data 0.1 ms | step 87.9 ms | 5821.7 samples/s
  step   500/1756 | loss 0.0267 | data 0.1 ms | step 88.0 ms | 5819.6 samples/s
  step   550/1756 | loss 0.0254 | data 0.1 ms | step 87.9 ms | 5821.7 samples/s
  step   600/1756 | loss 0.0289 | data 0.1 ms | step 88.1 ms | 5813.7 samples/s
  step   650/1756 | loss 0.0258 | data 0.1 ms | step 88.2 ms | 5806.7 samples/s
  step   700/1756 | loss 0.0230 | data 0.1 ms | step 88.0 ms | 5815.3 samples/s
  step   750/1756 | loss 0.0264 | data 0.1 ms | step 88.2 ms | 5806.5 samples/s
  step   800/1756 | loss 0.0277 | data 0.1 ms | step 88.1 ms | 5811.6 samples/s
  step   850/1756 | loss 0.0287 | data 0.1 ms | step 88.1 ms | 5811.5 samples/s
  step   900/1756 | loss 0.0265 | data 0.1 ms | step 88.1 ms | 5811.8 samples/s
  step   950/1756 | loss 0.0235 | data 0.1 ms | step 88.1 ms | 5812.2 samples/s
  step  1000/1756 | loss 0.0234 | data 0.1 ms | step 88.1 ms | 5809.0 samples/s
  step  1050/1756 | loss 0.0253 | data 0.1 ms | step 88.2 ms | 5807.4 samples/s
  step  1100/1756 | loss 0.0252 | data 0.1 ms | step 88.0 ms | 5817.4 samples/s
  step  1150/1756 | loss 0.0210 | data 0.1 ms | step 88.0 ms | 5816.2 samples/s
  step  1200/1756 | loss 0.0229 | data 0.1 ms | step 88.1 ms | 5812.9 samples/s
  step  1250/1756 | loss 0.0247 | data 0.1 ms | step 88.1 ms | 5812.2 samples/s
  step  1300/1756 | loss 0.0227 | data 0.1 ms | step 88.2 ms | 5806.5 samples/s
  step  1350/1756 | loss 0.0210 | data 0.1 ms | step 88.2 ms | 5807.1 samples/s
  step  1400/1756 | loss 0.0221 | data 0.1 ms | step 88.3 ms | 5800.0 samples/s
  step  1450/1756 | loss 0.0211 | data 0.1 ms | step 88.3 ms | 5800.0 samples/s
  step  1500/1756 | loss 0.0206 | data 0.1 ms | step 88.3 ms | 5799.6 samples/s
  step  1550/1756 | loss 0.0209 | data 0.1 ms | step 88.3 ms | 5800.5 samples/s
  step  1600/1756 | loss 0.0207 | data 0.1 ms | step 88.3 ms | 5797.3 samples/s
  step  1650/1756 | loss 0.0222 | data 0.1 ms | step 88.3 ms | 5795.6 samples/s
  step  1700/1756 | loss 0.0230 | data 0.1 ms | step 88.2 ms | 5804.6 samples/s
  step  1750/1756 | loss 0.0204 | data 0.5 ms | step 88.2 ms | 5804.3 samples/s
Training Loss: 0.025131 | data 0.1 ms | step 88.1 ms | 5809.4 samples/s
Peak GPU memory: 7324.6 MB
Validation Loss: 0.021637 | data 0.1 ms | step 44.7 ms | 11460.4 samples/s

Epoch 68/100
----------------------------------------
Learning Rate: 0.000053
Batch Size   : 512
  step    50/1756 | loss 0.0210 | data 0.7 ms | step 88.5 ms | 5786.9 samples/s
  step   100/1756 | loss 0.0221 | data 0.1 ms | step 88.3 ms | 5796.1 samples/s
  step   150/1756 | loss 0.0184 | data 0.1 ms | step 88.2 ms | 5805.2 samples/s
  step   200/1756 | loss 0.0216 | data 0.1 ms | step 88.1 ms | 5811.4 samples/s
  step   250/1756 | loss 0.0315 | data 0.1 ms | step 88.2 ms | 5807.4 samples/s
  step   300/1756 | loss 0.0254 | data 0.1 ms | step 88.1 ms | 5814.1 samples/s
  step   350/1756 | loss 0.0261 | data 0.1 ms | step 88.0 ms | 5815.0 samples/s
  step   400/1756 | loss 0.0235 | data 0.1 ms | step 88.1 ms | 5809.2 samples/s
  step   450/1756 | loss 0.0225 | data 0.1 ms | step 88.1 ms | 5809.2 samples/s
  step   500/1756 | loss 0.0261 | data 0.1 ms | step 88.1 ms | 5810.6 samples/s
  step   550/1756 | loss 0.0245 | data 0.1 ms | step 88.2 ms | 5803.8 samples/s
  step   600/1756 | loss 0.0229 | data 0.1 ms | step 88.2 ms | 5803.6 samples/s
  step   650/1756 | loss 0.0217 | data 0.1 ms | step 88.1 ms | 5811.3 samples/s
  step   700/1756 | loss 0.0230 | data 0.1 ms | step 88.1 ms | 5809.7 samples/s
  step   750/1756 | loss 0.0216 | data 0.1 ms | step 88.1 ms | 5811.3 samples/s
  step   800/1756 | loss 0.0213 | data 0.1 ms | step 88.1 ms | 5808.5 samples/s
  step   850/1756 | loss 0.0233 | data 0.1 ms | step 88.1 ms | 5811.5 samples/s
  step   900/1756 | loss 0.0218 | data 0.1 ms | step 88.1 ms | 5810.8 samples/s
  step   950/1756 | loss 0.0213 | data 0.1 ms | step 88.0 ms | 5817.3 samples/s
  step  1000/1756 | loss 0.0237 | data 0.1 ms | step 88.1 ms | 5811.8 samples/s
  step  1050/1756 | loss 0.0197 | data 0.1 ms | step 88.1 ms | 5811.1 samples/s
  step  1100/1756 | loss 0.0241 | data 0.1 ms | step 88.1 ms | 5810.9 samples/s
  step  1150/1756 | loss 0.0254 | data 0.1 ms | step 88.1 ms | 5808.5 samples/s
  step  1200/1756 | loss 0.0231 | data 0.1 ms | step 88.1 ms | 5808.3 samples/s
  step  1250/1756 | loss 0.0204 | data 0.1 ms | step 88.1 ms | 5810.8 samples/s
  step  1300/1756 | loss 0.0214 | data 0.1 ms | step 88.2 ms | 5808.2 samples/s
  step  1350/1756 | loss 0.0224 | data 0.1 ms | step 88.1 ms | 5808.3 samples/s
  step  1400/1756 | loss 0.0229 | data 0.1 ms | step 88.1 ms | 5808.6 samples/s
  step  1450/1756 | loss 0.0204 | data 0.1 ms | step 88.2 ms | 5804.8 samples/s
  step  1500/1756 | loss 0.0220 | data 0.1 ms | step 88.4 ms | 5794.3 samples/s
  step  1550/1756 | loss 0.0223 | data 0.1 ms | step 88.4 ms | 5795.1 samples/s
  step  1600/1756 | loss 0.0197 | data 0.1 ms | step 88.2 ms | 5806.0 samples/s
  step  1650/1756 | loss 0.0206 | data 0.1 ms | step 88.1 ms | 5809.6 samples/s
  step  1700/1756 | loss 0.0227 | data 0.1 ms | step 88.1 ms | 5812.0 samples/s
  step  1750/1756 | loss 0.0203 | data 0.5 ms | step 87.9 ms | 5821.7 samples/s
Training Loss: 0.022580 | data 0.1 ms | step 88.1 ms | 5808.1 samples/s
Peak GPU memory: 7324.6 MB
Validation Loss: 0.021222 | data 0.1 ms | step 44.6 ms | 11463.9 samples/s

Epoch 69/100
----------------------------------------
Learning Rate: 0.000053
Batch Size   : 512
  step    50/1756 | loss 0.0209 | data 0.7 ms | step 88.3 ms | 5796.5 samples/s
  step   100/1756 | loss 0.0212 | data 0.1 ms | step 88.2 ms | 5804.2 samples/s
  step   150/1756 | loss 0.0192 | data 0.1 ms | step 88.2 ms | 5802.8 samples/s
  step   200/1756 | loss 0.0204 | data 0.1 ms | step 88.2 ms | 5807.9 samples/s
  step   250/1756 | loss 0.0203 | data 0.1 ms | step 88.3 ms | 5801.3 samples/s
  step   300/1756 | loss 0.0197 | data 0.1 ms | step 88.2 ms | 5806.0 samples/s
  step   350/1756 | loss 0.0198 | data 0.1 ms | step 88.3 ms | 5797.3 samples/s
  step   400/1756 | loss 0.0223 | data 0.1 ms | step 88.2 ms | 5806.1 samples/s
  step   450/1756 | loss 0.0189 | data 0.1 ms | step 88.2 ms | 5804.2 samples/s
  step   500/1756 | loss 0.0183 | data 0.1 ms | step 88.1 ms | 5811.0 samples/s
  step   550/1756 | loss 0.0188 | data 0.1 ms | step 88.1 ms | 5812.1 samples/s
  step   600/1756 | loss 0.0193 | data 0.1 ms | step 88.2 ms | 5808.1 samples/s
  step   650/1756 | loss 0.0203 | data 0.1 ms | step 88.0 ms | 5815.1 samples/s
  step   700/1756 | loss 0.0209 | data 0.1 ms | step 88.1 ms | 5811.6 samples/s
  step   750/1756 | loss 0.0189 | data 0.1 ms | step 88.1 ms | 5813.3 samples/s
  step   800/1756 | loss 0.0214 | data 0.1 ms | step 88.1 ms | 5811.5 samples/s
  step   850/1756 | loss 0.0205 | data 0.1 ms | step 88.1 ms | 5809.2 samples/s
  step   900/1756 | loss 0.0181 | data 0.1 ms | step 88.0 ms | 5818.7 samples/s
  step   950/1756 | loss 0.0178 | data 0.1 ms | step 88.1 ms | 5810.3 samples/s
  step  1000/1756 | loss 0.0250 | data 0.1 ms | step 88.2 ms | 5802.5 samples/s
  step  1050/1756 | loss 0.0208 | data 0.1 ms | step 88.2 ms | 5805.9 samples/s
  step  1100/1756 | loss 0.0206 | data 0.1 ms | step 88.2 ms | 5806.4 samples/s
  step  1150/1756 | loss 0.0207 | data 0.1 ms | step 88.2 ms | 5804.8 samples/s
  step  1200/1756 | loss 0.0179 | data 0.1 ms | step 88.2 ms | 5803.7 samples/s
  step  1250/1756 | loss 0.0206 | data 0.1 ms | step 88.1 ms | 5808.9 samples/s
  step  1300/1756 | loss 0.0186 | data 0.1 ms | step 88.1 ms | 5813.9 samples/s
  step  1350/1756 | loss 0.0183 | data 0.1 ms | step 88.2 ms | 5801.7 samples/s
  step  1400/1756 | loss 0.0180 | data 0.1 ms | step 88.1 ms | 5808.3 samples/s
  step  1450/1756 | loss 0.0196 | data 0.1 ms | step 88.1 ms | 5814.6 samples/s
  step  1500/1756 | loss 0.0168 | data 0.1 ms | step 88.0 ms | 5817.6 samples/s
  step  1550/1756 | loss 0.0198 | data 0.1 ms | step 88.1 ms | 5810.4 samples/s
  step  1600/1756 | loss 0.0183 | data 0.1 ms | step 88.1 ms | 5814.1 samples/s
  step  1650/1756 | loss 0.0206 | data 0.1 ms | step 88.1 ms | 5814.7 samples/s
  step  1700/1756 | loss 0.0181 | data 0.1 ms | step 88.1 ms | 5812.4 samples/s
  step  1750/1756 | loss 0.0199 | data 0.6 ms | step 88.2 ms | 5803.4 samples/s
Training Loss: 0.019734 | data 0.1 ms | step 88.1 ms | 5808.3 samples/s
Peak GPU memory: 7324.6 MB
Validation Loss: 0.020146 | data 0.1 ms | step 44.5 ms | 11487.0 samples/s

Epoch 70/100
----------------------------------------
Learning Rate: 0.000053
Batch Size   : 512
  step    50/1756 | loss 0.0204 | data 0.6 ms | step 88.3 ms | 5800.6 samples/s
  step   100/1756 | loss 0.0182 | data 0.1 ms | step 88.2 ms | 5801.9 samples/s
  step   150/1756 | loss 0.0172 | data 0.1 ms | step 88.2 ms | 5805.3 samples/s
  step   200/1756 | loss 0.0169 | data 0.1 ms | step 88.1 ms | 5810.3 samples/s
  step   250/1756 | loss 0.0188 | data 0.1 ms | step 88.3 ms | 5799.7 samples/s
  step   300/1756 | loss 0.0213 | data 0.1 ms | step 88.2 ms | 5805.1 samples/s
  step   350/1756 | loss 0.0220 | data 0.1 ms | step 88.2 ms | 5807.7 samples/s
  step   400/1756 | loss 0.0223 | data 0.1 ms | step 88.2 ms | 5807.5 samples/s
  step   450/1756 | loss 0.0221 | data 0.1 ms | step 88.0 ms | 5818.0 samples/s
  step   500/1756 | loss 0.0184 | data 0.1 ms | step 87.9 ms | 5821.8 samples/s
  step   550/1756 | loss 0.0183 | data 0.1 ms | step 88.1 ms | 5809.6 samples/s
  step   600/1756 | loss 0.0177 | data 0.1 ms | step 87.9 ms | 5823.6 samples/s
  step   650/1756 | loss 0.0211 | data 0.1 ms | step 88.1 ms | 5813.3 samples/s
  step   700/1756 | loss 0.0217 | data 0.1 ms | step 88.0 ms | 5815.4 samples/s
  step   750/1756 | loss 0.0221 | data 0.1 ms | step 88.1 ms | 5813.6 samples/s
  step   800/1756 | loss 0.0243 | data 0.1 ms | step 88.1 ms | 5812.5 samples/s
  step   850/1756 | loss 0.0189 | data 0.1 ms | step 88.1 ms | 5808.7 samples/s
  step   900/1756 | loss 0.0186 | data 0.1 ms | step 88.0 ms | 5819.0 samples/s
  step   950/1756 | loss 0.0208 | data 0.1 ms | step 88.0 ms | 5816.5 samples/s
  step  1000/1756 | loss 0.0212 | data 0.1 ms | step 88.1 ms | 5813.7 samples/s
  step  1050/1756 | loss 0.0201 | data 0.1 ms | step 88.2 ms | 5806.5 samples/s
  step  1100/1756 | loss 0.0219 | data 0.1 ms | step 88.1 ms | 5809.9 samples/s
  step  1150/1756 | loss 0.0192 | data 0.1 ms | step 88.2 ms | 5804.2 samples/s
  step  1200/1756 | loss 0.0210 | data 0.1 ms | step 88.1 ms | 5808.9 samples/s
  step  1250/1756 | loss 0.0189 | data 0.1 ms | step 88.2 ms | 5807.0 samples/s
  step  1300/1756 | loss 0.0372 | data 0.1 ms | step 88.2 ms | 5807.8 samples/s
  step  1350/1756 | loss 0.0248 | data 0.1 ms | step 88.1 ms | 5812.1 samples/s
  step  1400/1756 | loss 0.0242 | data 0.1 ms | step 87.9 ms | 5824.0 samples/s
  step  1450/1756 | loss 0.0249 | data 0.1 ms | step 87.9 ms | 5824.0 samples/s
  step  1500/1756 | loss 0.0209 | data 0.1 ms | step 88.0 ms | 5819.8 samples/s
  step  1550/1756 | loss 0.0208 | data 0.1 ms | step 87.9 ms | 5825.2 samples/s
  step  1600/1756 | loss 0.0215 | data 0.1 ms | step 87.9 ms | 5821.7 samples/s
  step  1650/1756 | loss 0.0226 | data 0.1 ms | step 88.0 ms | 5815.2 samples/s
  step  1700/1756 | loss 0.0215 | data 0.1 ms | step 88.1 ms | 5810.4 samples/s
  step  1750/1756 | loss 0.0190 | data 0.5 ms | step 88.0 ms | 5819.4 samples/s
Training Loss: 0.021166 | data 0.1 ms | step 88.0 ms | 5812.6 samples/s
Peak GPU memory: 7324.6 MB
Validation Loss: 0.020561 | data 0.1 ms | step 44.6 ms | 11462.5 samples/s

Epoch 71/100
----------------------------------------
Learning Rate: 0.000048
Batch Size   : 512
  step    50/1756 | loss 0.0192 | data 0.5 ms | step 88.4 ms | 5789.8 samples/s
  step   100/1756 | loss 0.0200 | data 0.1 ms | step 88.3 ms | 5800.5 samples/s
  step   150/1756 | loss 0.0235 | data 0.1 ms | step 88.1 ms | 5808.4 samples/s
  step   200/1756 | loss 0.0178 | data 0.1 ms | step 88.2 ms | 5805.8 samples/s
  step   250/1756 | loss 0.0175 | data 0.1 ms | step 88.0 ms | 5817.9 samples/s
  step   300/1756 | loss 0.0174 | data 0.1 ms | step 88.0 ms | 5815.4 samples/s
  step   350/1756 | loss 0.0188 | data 0.1 ms | step 88.0 ms | 5815.1 samples/s
  step   400/1756 | loss 0.0183 | data 0.1 ms | step 88.0 ms | 5816.5 samples/s
  step   450/1756 | loss 0.0191 | data 0.1 ms | step 88.1 ms | 5812.6 samples/s
  step   500/1756 | loss 0.0187 | data 0.1 ms | step 88.1 ms | 5812.6 samples/s
  step   550/1756 | loss 0.0214 | data 0.1 ms | step 88.1 ms | 5814.7 samples/s
  step   600/1756 | loss 0.0187 | data 0.1 ms | step 88.1 ms | 5808.6 samples/s
  step   650/1756 | loss 0.0191 | data 0.1 ms | step 88.1 ms | 5812.5 samples/s
  step   700/1756 | loss 0.0184 | data 0.1 ms | step 88.2 ms | 5807.0 samples/s
  step   750/1756 | loss 0.0190 | data 0.1 ms | step 88.1 ms | 5809.2 samples/s
  step   800/1756 | loss 0.0229 | data 0.1 ms | step 88.2 ms | 5806.4 samples/s
  step   850/1756 | loss 0.0195 | data 0.1 ms | step 88.0 ms | 5815.7 samples/s
  step   900/1756 | loss 0.0175 | data 0.1 ms | step 88.0 ms | 5817.1 samples/s
  step   950/1756 | loss 0.0177 | data 0.1 ms | step 88.1 ms | 5814.4 samples/s
  step  1000/1756 | loss 0.0183 | data 0.1 ms | step 88.0 ms | 5815.1 samples/s
  step  1050/1756 | loss 0.0209 | data 0.1 ms | step 88.0 ms | 5819.8 samples/s
  step  1100/1756 | loss 0.0176 | data 0.1 ms | step 88.1 ms | 5809.2 samples/s
  step  1150/1756 | loss 0.0188 | data 0.1 ms | step 88.1 ms | 5810.4 samples/s
  step  1200/1756 | loss 0.0170 | data 0.1 ms | step 88.1 ms | 5808.7 samples/s
  step  1250/1756 | loss 0.0192 | data 0.1 ms | step 88.1 ms | 5811.8 samples/s
  step  1300/1756 | loss 0.0175 | data 0.1 ms | step 88.0 ms | 5816.9 samples/s
  step  1350/1756 | loss 0.0169 | data 0.1 ms | step 88.1 ms | 5810.8 samples/s
  step  1400/1756 | loss 0.0214 | data 0.1 ms | step 88.1 ms | 5808.8 samples/s
  step  1450/1756 | loss 0.0212 | data 0.1 ms | step 88.1 ms | 5810.8 samples/s
  step  1500/1756 | loss 0.0237 | data 0.1 ms | step 88.2 ms | 5807.7 samples/s
  step  1550/1756 | loss 0.0163 | data 0.1 ms | step 88.1 ms | 5808.4 samples/s
  step  1600/1756 | loss 0.0204 | data 0.1 ms | step 88.2 ms | 5803.2 samples/s
  step  1650/1756 | loss 0.0175 | data 0.1 ms | step 88.0 ms | 5816.1 samples/s
  step  1700/1756 | loss 0.0175 | data 0.1 ms | step 88.1 ms | 5812.4 samples/s
  step  1750/1756 | loss 0.0185 | data 0.5 ms | step 88.0 ms | 5817.3 samples/s
Training Loss: 0.019051 | data 0.1 ms | step 88.1 ms | 5811.1 samples/s
Peak GPU memory: 7324.6 MB
Validation Loss: 0.017879 | data 0.1 ms | step 44.6 ms | 11462.2 samples/s

Epoch 72/100
----------------------------------------
Learning Rate: 0.000048
Batch Size   : 512
  step    50/1756 | loss 0.0171 | data 0.6 ms | step 88.4 ms | 5792.9 samples/s
  step   100/1756 | loss 0.0163 | data 0.1 ms | step 88.3 ms | 5796.6 samples/s
  step   150/1756 | loss 0.0167 | data 0.1 ms | step 88.2 ms | 5803.3 samples/s
  step   200/1756 | loss 0.0180 | data 0.1 ms | step 88.1 ms | 5814.2 samples/s
  step   250/1756 | loss 0.0172 | data 0.1 ms | step 88.0 ms | 5816.1 samples/s
  step   300/1756 | loss 0.0184 | data 0.1 ms | step 88.0 ms | 5815.7 samples/s
  step   350/1756 | loss 0.0171 | data 0.1 ms | step 88.0 ms | 5818.7 samples/s
  step   400/1756 | loss 0.0174 | data 0.1 ms | step 88.1 ms | 5812.1 samples/s
  step   450/1756 | loss 0.0199 | data 0.1 ms | step 88.1 ms | 5810.6 samples/s
  step   500/1756 | loss 0.0177 | data 0.1 ms | step 88.0 ms | 5815.8 samples/s
  step   550/1756 | loss 0.0188 | data 0.1 ms | step 88.1 ms | 5813.6 samples/s
  step   600/1756 | loss 0.0192 | data 0.1 ms | step 88.2 ms | 5803.8 samples/s
  step   650/1756 | loss 0.0188 | data 0.1 ms | step 88.3 ms | 5800.4 samples/s
  step   700/1756 | loss 0.0192 | data 0.1 ms | step 88.1 ms | 5809.2 samples/s
  step   750/1756 | loss 0.0192 | data 0.1 ms | step 88.2 ms | 5806.2 samples/s
  step   800/1756 | loss 0.0192 | data 0.1 ms | step 88.0 ms | 5814.9 samples/s
  step   850/1756 | loss 0.0225 | data 0.1 ms | step 88.1 ms | 5809.6 samples/s
  step   900/1756 | loss 0.0181 | data 0.1 ms | step 88.2 ms | 5801.8 samples/s
  step   950/1756 | loss 0.0174 | data 0.1 ms | step 88.2 ms | 5804.1 samples/s
  step  1000/1756 | loss 0.0172 | data 0.1 ms | step 88.2 ms | 5804.6 samples/s
  step  1050/1756 | loss 0.0171 | data 0.1 ms | step 88.2 ms | 5802.0 samples/s
  step  1100/1756 | loss 0.0161 | data 0.1 ms | step 88.3 ms | 5798.0 samples/s
  step  1150/1756 | loss 0.0252 | data 0.1 ms | step 88.2 ms | 5806.0 samples/s
  step  1200/1756 | loss 0.0182 | data 0.1 ms | step 88.2 ms | 5803.8 samples/s
  step  1250/1756 | loss 0.0190 | data 0.1 ms | step 88.2 ms | 5803.7 samples/s
  step  1300/1756 | loss 0.0304 | data 0.1 ms | step 88.1 ms | 5812.4 samples/s
  step  1350/1756 | loss 0.0205 | data 0.1 ms | step 88.0 ms | 5817.7 samples/s
  step  1400/1756 | loss 0.0188 | data 0.1 ms | step 88.1 ms | 5813.2 samples/s
  step  1450/1756 | loss 0.0196 | data 0.1 ms | step 88.1 ms | 5811.5 samples/s
  step  1500/1756 | loss 0.0192 | data 0.1 ms | step 88.0 ms | 5817.0 samples/s
  step  1550/1756 | loss 0.0177 | data 0.1 ms | step 88.1 ms | 5809.3 samples/s
  step  1600/1756 | loss 0.0202 | data 0.1 ms | step 88.1 ms | 5813.6 samples/s
  step  1650/1756 | loss 0.0203 | data 0.1 ms | step 87.9 ms | 5822.8 samples/s
  step  1700/1756 | loss 0.0196 | data 0.1 ms | step 88.0 ms | 5820.2 samples/s
  step  1750/1756 | loss 0.0181 | data 0.5 ms | step 88.1 ms | 5812.1 samples/s
Training Loss: 0.019097 | data 0.1 ms | step 88.1 ms | 5809.3 samples/s
Peak GPU memory: 7324.6 MB
Validation Loss: 0.069903 | data 0.1 ms | step 44.5 ms | 11490.0 samples/s

Epoch 73/100
----------------------------------------
Learning Rate: 0.000048
Batch Size   : 512
  step    50/1756 | loss 0.0371 | data 0.7 ms | step 88.4 ms | 5789.3 samples/s
  step   100/1756 | loss 0.0249 | data 0.1 ms | step 88.0 ms | 5815.4 samples/s
  step   150/1756 | loss 0.0227 | data 0.1 ms | step 88.2 ms | 5806.3 samples/s
  step   200/1756 | loss 0.0421 | data 0.1 ms | step 88.3 ms | 5797.8 samples/s
  step   250/1756 | loss 0.0319 | data 0.1 ms | step 88.1 ms | 5809.9 samples/s
  step   300/1756 | loss 0.0255 | data 0.1 ms | step 88.1 ms | 5810.5 samples/s
  step   350/1756 | loss 0.0261 | data 0.1 ms | step 88.1 ms | 5811.3 samples/s
  step   400/1756 | loss 0.0243 | data 0.1 ms | step 88.2 ms | 5801.8 samples/s
  step   450/1756 | loss 0.0209 | data 0.1 ms | step 88.2 ms | 5807.1 samples/s
  step   500/1756 | loss 0.0221 | data 0.1 ms | step 88.2 ms | 5807.7 samples/s
  step   550/1756 | loss 0.0226 | data 0.1 ms | step 88.2 ms | 5806.5 samples/s
  step   600/1756 | loss 0.0192 | data 0.1 ms | step 88.1 ms | 5809.2 samples/s
  step   650/1756 | loss 0.0203 | data 0.1 ms | step 88.2 ms | 5804.7 samples/s
  step   700/1756 | loss 0.0240 | data 0.1 ms | step 88.3 ms | 5801.1 samples/s
  step   750/1756 | loss 0.0274 | data 0.1 ms | step 88.1 ms | 5813.0 samples/s
  step   800/1756 | loss 0.0208 | data 0.1 ms | step 88.0 ms | 5815.4 samples/s
  step   850/1756 | loss 0.0197 | data 0.1 ms | step 88.1 ms | 5811.0 samples/s
  step   900/1756 | loss 0.0179 | data 0.1 ms | step 88.1 ms | 5812.6 samples/s
  step   950/1756 | loss 0.0181 | data 0.1 ms | step 88.2 ms | 5806.6 samples/s
  step  1000/1756 | loss 0.0216 | data 0.1 ms | step 88.1 ms | 5809.5 samples/s
  step  1050/1756 | loss 0.0210 | data 0.1 ms | step 88.1 ms | 5810.9 samples/s
  step  1100/1756 | loss 0.0180 | data 0.1 ms | step 88.1 ms | 5813.8 samples/s
  step  1150/1756 | loss 0.0192 | data 0.1 ms | step 88.0 ms | 5817.2 samples/s
  step  1200/1756 | loss 0.0186 | data 0.1 ms | step 88.1 ms | 5813.1 samples/s
  step  1250/1756 | loss 0.0187 | data 0.1 ms | step 88.2 ms | 5808.0 samples/s
  step  1300/1756 | loss 0.0191 | data 0.1 ms | step 88.3 ms | 5800.9 samples/s
  step  1350/1756 | loss 0.0177 | data 0.1 ms | step 88.2 ms | 5808.0 samples/s
  step  1400/1756 | loss 0.0192 | data 0.1 ms | step 88.3 ms | 5799.1 samples/s
  step  1450/1756 | loss 0.0187 | data 0.1 ms | step 88.1 ms | 5812.9 samples/s
  step  1500/1756 | loss 0.0179 | data 0.1 ms | step 87.9 ms | 5821.6 samples/s
  step  1550/1756 | loss 0.0187 | data 0.1 ms | step 88.0 ms | 5816.3 samples/s
  step  1600/1756 | loss 0.0166 | data 0.1 ms | step 88.0 ms | 5816.4 samples/s
  step  1650/1756 | loss 0.0189 | data 0.1 ms | step 88.1 ms | 5810.2 samples/s
  step  1700/1756 | loss 0.0176 | data 0.2 ms | step 88.4 ms | 5794.0 samples/s
  step  1750/1756 | loss 0.0165 | data 0.6 ms | step 88.3 ms | 5799.1 samples/s
Training Loss: 0.021852 | data 0.1 ms | step 88.1 ms | 5808.2 samples/s
Peak GPU memory: 7324.6 MB
Validation Loss: 0.018692 | data 0.2 ms | step 44.5 ms | 11494.9 samples/s

Epoch 74/100
----------------------------------------
Learning Rate: 0.000048
Batch Size   : 512
  step    50/1756 | loss 0.0296 | data 0.7 ms | step 88.5 ms | 5784.7 samples/s
  step   100/1756 | loss 0.0196 | data 0.1 ms | step 88.5 ms | 5786.2 samples/s
  step   150/1756 | loss 0.0192 | data 0.1 ms | step 88.5 ms | 5783.8 samples/s
  step   200/1756 | loss 0.0169 | data 0.1 ms | step 88.5 ms | 5786.2 samples/s
  step   250/1756 | loss 0.0161 | data 0.2 ms | step 88.5 ms | 5785.5 samples/s
  step   300/1756 | loss 0.0169 | data 0.1 ms | step 88.5 ms | 5784.7 samples/s
  step   350/1756 | loss 0.0157 | data 0.1 ms | step 88.5 ms | 5787.4 samples/s
  step   400/1756 | loss 0.0167 | data 0.1 ms | step 88.2 ms | 5807.7 samples/s
  step   450/1756 | loss 0.0149 | data 0.1 ms | step 88.0 ms | 5821.3 samples/s
  step   500/1756 | loss 0.0174 | data 0.1 ms | step 88.0 ms | 5819.1 samples/s
  step   550/1756 | loss 0.0168 | data 0.1 ms | step 88.1 ms | 5814.0 samples/s
  step   600/1756 | loss 0.0180 | data 0.1 ms | step 88.0 ms | 5820.5 samples/s
  step   650/1756 | loss 0.0166 | data 0.1 ms | step 88.0 ms | 5821.2 samples/s
  step   700/1756 | loss 0.0194 | data 0.1 ms | step 88.0 ms | 5819.6 samples/s
  step   750/1756 | loss 0.0167 | data 0.1 ms | step 88.2 ms | 5805.7 samples/s
  step   800/1756 | loss 0.0152 | data 0.1 ms | step 88.3 ms | 5798.0 samples/s
  step   850/1756 | loss 0.0185 | data 0.1 ms | step 88.2 ms | 5802.8 samples/s
  step   900/1756 | loss 0.0160 | data 0.1 ms | step 88.2 ms | 5801.8 samples/s
  step   950/1756 | loss 0.0184 | data 0.1 ms | step 88.1 ms | 5812.1 samples/s
  step  1000/1756 | loss 0.0182 | data 0.1 ms | step 88.1 ms | 5813.1 samples/s
  step  1050/1756 | loss 0.0165 | data 0.1 ms | step 88.2 ms | 5805.0 samples/s
  step  1100/1756 | loss 0.0199 | data 0.1 ms | step 88.2 ms | 5806.5 samples/s
  step  1150/1756 | loss 0.0165 | data 0.1 ms | step 88.2 ms | 5804.5 samples/s
  step  1200/1756 | loss 0.0197 | data 0.1 ms | step 88.2 ms | 5807.9 samples/s
  step  1250/1756 | loss 0.0201 | data 0.1 ms | step 88.2 ms | 5806.3 samples/s
  step  1300/1756 | loss 0.0171 | data 0.1 ms | step 88.2 ms | 5808.2 samples/s
  step  1350/1756 | loss 0.0162 | data 0.1 ms | step 88.1 ms | 5808.7 samples/s
  step  1400/1756 | loss 0.0170 | data 0.1 ms | step 88.1 ms | 5809.1 samples/s
  step  1450/1756 | loss 0.0194 | data 0.1 ms | step 88.2 ms | 5802.3 samples/s
  step  1500/1756 | loss 0.0257 | data 0.1 ms | step 88.2 ms | 5807.5 samples/s
  step  1550/1756 | loss 0.0241 | data 0.1 ms | step 88.3 ms | 5799.2 samples/s
  step  1600/1756 | loss 0.0200 | data 0.1 ms | step 88.2 ms | 5803.3 samples/s
  step  1650/1756 | loss 0.0220 | data 0.1 ms | step 88.3 ms | 5797.8 samples/s
  step  1700/1756 | loss 0.0186 | data 0.1 ms | step 88.2 ms | 5805.6 samples/s
  step  1750/1756 | loss 0.0179 | data 0.6 ms | step 88.0 ms | 5819.0 samples/s
Training Loss: 0.018489 | data 0.1 ms | step 88.2 ms | 5804.2 samples/s
Peak GPU memory: 7324.6 MB
Validation Loss: 0.018796 | data 0.1 ms | step 44.6 ms | 11476.4 samples/s

Epoch 75/100
----------------------------------------
Learning Rate: 0.000048
Batch Size   : 512
  step    50/1756 | loss 0.0196 | data 0.7 ms | step 88.3 ms | 5799.0 samples/s
  step   100/1756 | loss 0.0175 | data 0.1 ms | step 88.3 ms | 5796.2 samples/s
  step   150/1756 | loss 0.0216 | data 0.1 ms | step 88.2 ms | 5806.0 samples/s
  step   200/1756 | loss 0.0184 | data 0.1 ms | step 88.2 ms | 5804.3 samples/s
  step   250/1756 | loss 0.0168 | data 0.1 ms | step 88.1 ms | 5812.4 samples/s
  step   300/1756 | loss 0.0205 | data 0.1 ms | step 88.1 ms | 5812.5 samples/s
  step   350/1756 | loss 0.0174 | data 0.1 ms | step 88.1 ms | 5810.4 samples/s
  step   400/1756 | loss 0.0185 | data 0.1 ms | step 88.0 ms | 5816.3 samples/s
  step   450/1756 | loss 0.0162 | data 0.1 ms | step 87.9 ms | 5826.0 samples/s
  step   500/1756 | loss 0.0175 | data 0.1 ms | step 88.0 ms | 5819.4 samples/s
  step   550/1756 | loss 0.0211 | data 0.1 ms | step 87.9 ms | 5822.6 samples/s
  step   600/1756 | loss 0.0215 | data 0.1 ms | step 88.0 ms | 5817.4 samples/s
  step   650/1756 | loss 0.0176 | data 0.1 ms | step 87.9 ms | 5821.9 samples/s
  step   700/1756 | loss 0.0187 | data 0.1 ms | step 88.0 ms | 5817.2 samples/s
  step   750/1756 | loss 0.0184 | data 0.1 ms | step 88.0 ms | 5816.5 samples/s
  step   800/1756 | loss 0.0167 | data 0.1 ms | step 88.2 ms | 5808.3 samples/s
  step   850/1756 | loss 0.0164 | data 0.1 ms | step 88.2 ms | 5804.2 samples/s
  step   900/1756 | loss 0.0178 | data 0.1 ms | step 88.3 ms | 5800.3 samples/s
  step   950/1756 | loss 0.0182 | data 0.1 ms | step 88.2 ms | 5807.6 samples/s
  step  1000/1756 | loss 0.0164 | data 0.1 ms | step 88.2 ms | 5806.3 samples/s
  step  1050/1756 | loss 0.0164 | data 0.1 ms | step 88.0 ms | 5815.9 samples/s
  step  1100/1756 | loss 0.0165 | data 0.1 ms | step 87.9 ms | 5823.5 samples/s
  step  1150/1756 | loss 0.0165 | data 0.1 ms | step 88.1 ms | 5813.9 samples/s
  step  1200/1756 | loss 0.0262 | data 0.1 ms | step 88.0 ms | 5815.2 samples/s
  step  1250/1756 | loss 0.0184 | data 0.1 ms | step 88.0 ms | 5816.4 samples/s
  step  1300/1756 | loss 0.0167 | data 0.1 ms | step 88.1 ms | 5813.9 samples/s
  step  1350/1756 | loss 0.0163 | data 0.1 ms | step 88.1 ms | 5814.2 samples/s
  step  1400/1756 | loss 0.0154 | data 0.1 ms | step 88.1 ms | 5814.8 samples/s
  step  1450/1756 | loss 0.0163 | data 0.1 ms | step 88.1 ms | 5813.2 samples/s
  step  1500/1756 | loss 0.0189 | data 0.1 ms | step 88.1 ms | 5813.8 samples/s
  step  1550/1756 | loss 0.0151 | data 0.1 ms | step 88.2 ms | 5804.4 samples/s
  step  1600/1756 | loss 0.0173 | data 0.1 ms | step 88.2 ms | 5806.1 samples/s
  step  1650/1756 | loss 0.0154 | data 0.1 ms | step 88.3 ms | 5800.2 samples/s
  step  1700/1756 | loss 0.0197 | data 0.1 ms | step 88.1 ms | 5814.7 samples/s
  step  1750/1756 | loss 0.0182 | data 0.6 ms | step 88.1 ms | 5812.1 samples/s
Training Loss: 0.017997 | data 0.1 ms | step 88.0 ms | 5811.9 samples/s
Peak GPU memory: 7324.6 MB
Validation Loss: 0.017525 | data 0.1 ms | step 44.6 ms | 11474.4 samples/s

Epoch 76/100
----------------------------------------
Learning Rate: 0.000048
Batch Size   : 512
  step    50/1756 | loss 0.0156 | data 0.6 ms | step 88.3 ms | 5800.8 samples/s
  step   100/1756 | loss 0.0165 | data 0.1 ms | step 88.1 ms | 5809.8 samples/s
  step   150/1756 | loss 0.0161 | data 0.1 ms | step 88.1 ms | 5811.7 samples/s
  step   200/1756 | loss 0.0158 | data 0.1 ms | step 88.0 ms | 5817.3 samples/s
  step   250/1756 | loss 0.0163 | data 0.1 ms | step 88.1 ms | 5809.7 samples/s
  step   300/1756 | loss 0.0148 | data 0.1 ms | step 88.0 ms | 5815.4 samples/s
  step   350/1756 | loss 0.0156 | data 0.1 ms | step 88.0 ms | 5817.1 samples/s
  step   400/1756 | loss 0.0202 | data 0.1 ms | step 88.0 ms | 5818.2 samples/s
  step   450/1756 | loss 0.0198 | data 0.1 ms | step 88.1 ms | 5813.1 samples/s
  step   500/1756 | loss 0.0158 | data 0.1 ms | step 88.3 ms | 5801.6 samples/s
  step   550/1756 | loss 0.0158 | data 0.1 ms | step 88.2 ms | 5805.8 samples/s
  step   600/1756 | loss 0.0147 | data 0.1 ms | step 88.2 ms | 5803.8 samples/s
  step   650/1756 | loss 0.0156 | data 0.1 ms | step 88.2 ms | 5807.3 samples/s
  step   700/1756 | loss 0.0183 | data 0.1 ms | step 88.2 ms | 5806.2 samples/s
  step   750/1756 | loss 0.0166 | data 0.1 ms | step 88.2 ms | 5805.8 samples/s
  step   800/1756 | loss 0.0156 | data 0.1 ms | step 88.2 ms | 5806.1 samples/s
  step   850/1756 | loss 0.0158 | data 0.1 ms | step 88.2 ms | 5804.1 samples/s
  step   900/1756 | loss 0.0146 | data 0.1 ms | step 88.2 ms | 5806.4 samples/s
  step   950/1756 | loss 0.0146 | data 0.1 ms | step 88.1 ms | 5808.8 samples/s
  step  1000/1756 | loss 0.0166 | data 0.1 ms | step 88.3 ms | 5798.0 samples/s
  step  1050/1756 | loss 0.0201 | data 0.1 ms | step 88.3 ms | 5799.3 samples/s
  step  1100/1756 | loss 0.0182 | data 0.1 ms | step 88.0 ms | 5816.2 samples/s
  step  1150/1756 | loss 0.0165 | data 0.1 ms | step 88.1 ms | 5814.4 samples/s
  step  1200/1756 | loss 0.0171 | data 0.1 ms | step 88.0 ms | 5818.8 samples/s
  step  1250/1756 | loss 0.0174 | data 0.1 ms | step 88.0 ms | 5814.9 samples/s
  step  1300/1756 | loss 0.0165 | data 0.1 ms | step 88.1 ms | 5813.3 samples/s
  step  1350/1756 | loss 0.0175 | data 0.1 ms | step 88.1 ms | 5813.2 samples/s
  step  1400/1756 | loss 0.0161 | data 0.1 ms | step 88.0 ms | 5817.3 samples/s
  step  1450/1756 | loss 0.0165 | data 0.1 ms | step 88.0 ms | 5817.0 samples/s
  step  1500/1756 | loss 0.0159 | data 0.1 ms | step 88.0 ms | 5818.5 samples/s
  step  1550/1756 | loss 0.0184 | data 0.1 ms | step 88.0 ms | 5818.7 samples/s
  step  1600/1756 | loss 0.0182 | data 0.1 ms | step 88.1 ms | 5809.7 samples/s
  step  1650/1756 | loss 0.0183 | data 0.1 ms | step 88.1 ms | 5814.1 samples/s
  step  1700/1756 | loss 0.0209 | data 0.1 ms | step 88.1 ms | 5811.7 samples/s
  step  1750/1756 | loss 0.0180 | data 0.5 ms | step 88.1 ms | 5814.7 samples/s
Training Loss: 0.016882 | data 0.1 ms | step 88.1 ms | 5810.8 samples/s
Peak GPU memory: 7324.6 MB
Validation Loss: 0.022110 | data 0.1 ms | step 44.6 ms | 11475.2 samples/s

Epoch 77/100
----------------------------------------
Learning Rate: 0.000048
Batch Size   : 512
  step    50/1756 | loss 0.0224 | data 0.6 ms | step 88.2 ms | 5806.8 samples/s
  step   100/1756 | loss 0.0185 | data 0.1 ms | step 88.1 ms | 5811.8 samples/s
  step   150/1756 | loss 0.0167 | data 0.1 ms | step 88.1 ms | 5809.5 samples/s
  step   200/1756 | loss 0.0175 | data 0.1 ms | step 88.1 ms | 5811.4 samples/s
  step   250/1756 | loss 0.0164 | data 0.1 ms | step 88.2 ms | 5804.5 samples/s
  step   300/1756 | loss 0.0175 | data 0.1 ms | step 88.1 ms | 5810.5 samples/s
  step   350/1756 | loss 0.0160 | data 0.1 ms | step 88.1 ms | 5809.1 samples/s
  step   400/1756 | loss 0.0157 | data 0.1 ms | step 88.1 ms | 5812.8 samples/s
  step   450/1756 | loss 0.0145 | data 0.1 ms | step 88.2 ms | 5802.1 samples/s
  step   500/1756 | loss 0.0172 | data 0.1 ms | step 88.1 ms | 5810.2 samples/s
  step   550/1756 | loss 0.0140 | data 0.1 ms | step 88.2 ms | 5807.3 samples/s
  step   600/1756 | loss 0.0149 | data 0.1 ms | step 88.2 ms | 5803.9 samples/s
  step   650/1756 | loss 0.0149 | data 0.1 ms | step 88.1 ms | 5813.8 samples/s
  step   700/1756 | loss 0.0175 | data 0.1 ms | step 88.1 ms | 5814.4 samples/s
  step   750/1756 | loss 0.0223 | data 0.1 ms | step 88.0 ms | 5817.8 samples/s
  step   800/1756 | loss 0.0162 | data 0.1 ms | step 87.9 ms | 5824.0 samples/s
  step   850/1756 | loss 0.0166 | data 0.1 ms | step 88.1 ms | 5812.8 samples/s
  step   900/1756 | loss 0.0152 | data 0.1 ms | step 88.0 ms | 5816.7 samples/s
  step   950/1756 | loss 0.0144 | data 0.1 ms | step 88.0 ms | 5816.3 samples/s
  step  1000/1756 | loss 0.0152 | data 0.1 ms | step 88.0 ms | 5815.7 samples/s
  step  1050/1756 | loss 0.0160 | data 0.1 ms | step 88.1 ms | 5812.5 samples/s
  step  1100/1756 | loss 0.0151 | data 0.1 ms | step 88.2 ms | 5806.6 samples/s
  step  1150/1756 | loss 0.0162 | data 0.1 ms | step 88.1 ms | 5808.7 samples/s
  step  1200/1756 | loss 0.0148 | data 0.1 ms | step 88.1 ms | 5810.3 samples/s
  step  1250/1756 | loss 0.0171 | data 0.1 ms | step 87.9 ms | 5824.0 samples/s
  step  1300/1756 | loss 0.0148 | data 0.1 ms | step 87.9 ms | 5823.8 samples/s
  step  1350/1756 | loss 0.0159 | data 0.1 ms | step 87.9 ms | 5821.9 samples/s
  step  1400/1756 | loss 0.0233 | data 0.1 ms | step 87.9 ms | 5825.6 samples/s
  step  1450/1756 | loss 0.0234 | data 0.1 ms | step 88.1 ms | 5813.1 samples/s
  step  1500/1756 | loss 0.0171 | data 0.1 ms | step 88.1 ms | 5809.8 samples/s
  step  1550/1756 | loss 0.0183 | data 0.1 ms | step 88.2 ms | 5804.3 samples/s
  step  1600/1756 | loss 0.0171 | data 0.1 ms | step 88.1 ms | 5814.6 samples/s
  step  1650/1756 | loss 0.0165 | data 0.1 ms | step 88.2 ms | 5807.6 samples/s
  step  1700/1756 | loss 0.0181 | data 0.1 ms | step 88.2 ms | 5807.8 samples/s
  step  1750/1756 | loss 0.0153 | data 0.6 ms | step 88.1 ms | 5808.4 samples/s
Training Loss: 0.016933 | data 0.1 ms | step 88.0 ms | 5812.3 samples/s
Peak GPU memory: 7324.6 MB
Validation Loss: 0.017453 | data 0.1 ms | step 44.6 ms | 11475.4 samples/s

Epoch 78/100
----------------------------------------
Learning Rate: 0.000048
Batch Size   : 512
  step    50/1756 | loss 0.0177 | data 0.6 ms | step 88.2 ms | 5801.7 samples/s
  step   100/1756 | loss 0.0160 | data 0.1 ms | step 88.2 ms | 5803.2 samples/s
  step   150/1756 | loss 0.0203 | data 0.1 ms | step 88.1 ms | 5812.6 samples/s
  step   200/1756 | loss 0.0208 | data 0.1 ms | step 88.0 ms | 5817.9 samples/s
  step   250/1756 | loss 0.0185 | data 0.1 ms | step 88.0 ms | 5820.6 samples/s
  step   300/1756 | loss 0.0170 | data 0.1 ms | step 88.0 ms | 5817.7 samples/s
  step   350/1756 | loss 0.0161 | data 0.1 ms | step 87.9 ms | 5825.1 samples/s
  step   400/1756 | loss 0.0158 | data 0.1 ms | step 88.0 ms | 5818.0 samples/s
  step   450/1756 | loss 0.0183 | data 0.1 ms | step 88.1 ms | 5812.0 samples/s
  step   500/1756 | loss 0.0223 | data 0.1 ms | step 88.1 ms | 5812.1 samples/s
  step   550/1756 | loss 0.0223 | data 0.1 ms | step 88.0 ms | 5815.0 samples/s
  step   600/1756 | loss 0.0171 | data 0.1 ms | step 88.2 ms | 5807.5 samples/s
  step   650/1756 | loss 0.0161 | data 0.1 ms | step 88.2 ms | 5803.6 samples/s
  step   700/1756 | loss 0.0212 | data 0.1 ms | step 88.5 ms | 5787.4 samples/s
  step   750/1756 | loss 0.0191 | data 0.1 ms | step 88.2 ms | 5805.1 samples/s
  step   800/1756 | loss 0.0176 | data 0.1 ms | step 88.2 ms | 5805.4 samples/s
  step   850/1756 | loss 0.0166 | data 0.1 ms | step 88.2 ms | 5804.0 samples/s
  step   900/1756 | loss 0.0154 | data 0.1 ms | step 88.2 ms | 5804.2 samples/s
  step   950/1756 | loss 0.0153 | data 0.1 ms | step 88.1 ms | 5809.5 samples/s
  step  1000/1756 | loss 0.0154 | data 0.1 ms | step 88.2 ms | 5808.2 samples/s
  step  1050/1756 | loss 0.0155 | data 0.1 ms | step 88.2 ms | 5804.7 samples/s
  step  1100/1756 | loss 0.0190 | data 0.1 ms | step 88.2 ms | 5805.0 samples/s
  step  1150/1756 | loss 0.0182 | data 0.1 ms | step 88.3 ms | 5799.2 samples/s
  step  1200/1756 | loss 0.0167 | data 0.1 ms | step 88.1 ms | 5813.1 samples/s
  step  1250/1756 | loss 0.0171 | data 0.1 ms | step 88.2 ms | 5803.5 samples/s
  step  1300/1756 | loss 0.0155 | data 0.1 ms | step 88.2 ms | 5805.0 samples/s
  step  1350/1756 | loss 0.0144 | data 0.1 ms | step 88.2 ms | 5808.1 samples/s
  step  1400/1756 | loss 0.0198 | data 0.1 ms | step 88.3 ms | 5799.9 samples/s
  step  1450/1756 | loss 0.0183 | data 0.1 ms | step 88.2 ms | 5805.9 samples/s
  step  1500/1756 | loss 0.0156 | data 0.1 ms | step 88.2 ms | 5803.5 samples/s
  step  1550/1756 | loss 0.0169 | data 0.1 ms | step 88.2 ms | 5808.2 samples/s
  step  1600/1756 | loss 0.0160 | data 0.1 ms | step 88.1 ms | 5813.4 samples/s
  step  1650/1756 | loss 0.0144 | data 0.1 ms | step 88.1 ms | 5810.4 samples/s
  step  1700/1756 | loss 0.0140 | data 0.1 ms | step 88.0 ms | 5815.3 samples/s
  step  1750/1756 | loss 0.0164 | data 0.5 ms | step 87.9 ms | 5822.7 samples/s
Training Loss: 0.017328 | data 0.1 ms | step 88.1 ms | 5808.8 samples/s
Peak GPU memory: 7324.6 MB
Validation Loss: 0.015893 | data 0.1 ms | step 44.7 ms | 11448.3 samples/s

Epoch 79/100
----------------------------------------
Learning Rate: 0.000048
Batch Size   : 512
  step    50/1756 | loss 0.0142 | data 0.6 ms | step 88.3 ms | 5796.8 samples/s
  step   100/1756 | loss 0.0148 | data 0.1 ms | step 88.2 ms | 5804.1 samples/s
  step   150/1756 | loss 0.0140 | data 0.1 ms | step 88.2 ms | 5807.2 samples/s
  step   200/1756 | loss 0.0148 | data 0.1 ms | step 88.2 ms | 5805.3 samples/s
  step   250/1756 | loss 0.0158 | data 0.1 ms | step 88.1 ms | 5813.5 samples/s
  step   300/1756 | loss 0.0149 | data 0.1 ms | step 88.1 ms | 5811.6 samples/s
  step   350/1756 | loss 0.0175 | data 0.1 ms | step 88.0 ms | 5817.6 samples/s
  step   400/1756 | loss 0.0155 | data 0.1 ms | step 88.2 ms | 5806.3 samples/s
  step   450/1756 | loss 0.0232 | data 0.1 ms | step 88.1 ms | 5811.3 samples/s
  step   500/1756 | loss 0.0179 | data 0.1 ms | step 88.2 ms | 5801.9 samples/s
  step   550/1756 | loss 0.0145 | data 0.1 ms | step 88.2 ms | 5806.0 samples/s
  step   600/1756 | loss 0.0156 | data 0.1 ms | step 88.2 ms | 5804.7 samples/s
  step   650/1756 | loss 0.0189 | data 0.1 ms | step 88.0 ms | 5818.8 samples/s
  step   700/1756 | loss 0.0153 | data 0.1 ms | step 88.0 ms | 5815.0 samples/s
  step   750/1756 | loss 0.0148 | data 0.1 ms | step 88.0 ms | 5819.0 samples/s
  step   800/1756 | loss 0.0282 | data 0.1 ms | step 88.1 ms | 5814.0 samples/s
  step   850/1756 | loss 0.0143 | data 0.1 ms | step 88.1 ms | 5814.6 samples/s
  step   900/1756 | loss 0.0146 | data 0.1 ms | step 88.1 ms | 5808.9 samples/s
  step   950/1756 | loss 0.0153 | data 0.1 ms | step 88.1 ms | 5810.0 samples/s
  step  1000/1756 | loss 0.0161 | data 0.1 ms | step 88.1 ms | 5813.4 samples/s
  step  1050/1756 | loss 0.0161 | data 0.1 ms | step 88.2 ms | 5803.9 samples/s
  step  1100/1756 | loss 0.0160 | data 0.1 ms | step 88.1 ms | 5813.0 samples/s
  step  1150/1756 | loss 0.0151 | data 0.1 ms | step 88.1 ms | 5808.9 samples/s
  step  1200/1756 | loss 0.0153 | data 0.1 ms | step 87.9 ms | 5822.6 samples/s
  step  1250/1756 | loss 0.0158 | data 0.1 ms | step 88.0 ms | 5819.2 samples/s
  step  1300/1756 | loss 0.0162 | data 0.1 ms | step 88.2 ms | 5805.5 samples/s
  step  1350/1756 | loss 0.0226 | data 0.1 ms | step 88.1 ms | 5814.8 samples/s
  step  1400/1756 | loss 0.0194 | data 0.1 ms | step 88.0 ms | 5821.0 samples/s
  step  1450/1756 | loss 0.0155 | data 0.1 ms | step 88.0 ms | 5819.2 samples/s
  step  1500/1756 | loss 0.0237 | data 0.1 ms | step 88.0 ms | 5820.8 samples/s
  step  1550/1756 | loss 0.0188 | data 0.1 ms | step 88.0 ms | 5815.7 samples/s
  step  1600/1756 | loss 0.0178 | data 0.1 ms | step 88.1 ms | 5814.3 samples/s
  step  1650/1756 | loss 0.0154 | data 0.1 ms | step 88.0 ms | 5817.1 samples/s
  step  1700/1756 | loss 0.0155 | data 0.1 ms | step 88.1 ms | 5814.7 samples/s
  step  1750/1756 | loss 0.0149 | data 0.5 ms | step 88.2 ms | 5805.7 samples/s
Training Loss: 0.016793 | data 0.1 ms | step 88.1 ms | 5811.8 samples/s
Peak GPU memory: 7324.6 MB
Validation Loss: 0.016393 | data 0.1 ms | step 44.6 ms | 11473.0 samples/s

Epoch 80/100
----------------------------------------
Learning Rate: 0.000048
Batch Size   : 512
  step    50/1756 | loss 0.0171 | data 0.6 ms | step 88.3 ms | 5796.4 samples/s
  step   100/1756 | loss 0.0152 | data 0.1 ms | step 88.2 ms | 5805.3 samples/s
  step   150/1756 | loss 0.0195 | data 0.1 ms | step 88.2 ms | 5803.1 samples/s
  step   200/1756 | loss 0.0162 | data 0.1 ms | step 88.0 ms | 5818.3 samples/s
  step   250/1756 | loss 0.0157 | data 0.1 ms | step 88.1 ms | 5812.1 samples/s
  step   300/1756 | loss 0.0173 | data 0.1 ms | step 88.1 ms | 5813.3 samples/s
  step   350/1756 | loss 0.0180 | data 0.1 ms | step 88.1 ms | 5813.4 samples/s
  step   400/1756 | loss 0.0166 | data 0.1 ms | step 88.0 ms | 5815.1 samples/s
  step   450/1756 | loss 0.0187 | data 0.1 ms | step 88.2 ms | 5806.3 samples/s
  step   500/1756 | loss 0.0143 | data 0.1 ms | step 88.2 ms | 5802.7 samples/s
  step   550/1756 | loss 0.0153 | data 0.1 ms | step 88.3 ms | 5796.7 samples/s
  step   600/1756 | loss 0.0145 | data 0.1 ms | step 88.3 ms | 5798.8 samples/s
  step   650/1756 | loss 0.0157 | data 0.1 ms | step 88.2 ms | 5805.1 samples/s
  step   700/1756 | loss 0.0134 | data 0.1 ms | step 88.2 ms | 5805.5 samples/s
  step   750/1756 | loss 0.0141 | data 0.1 ms | step 88.2 ms | 5803.3 samples/s
  step   800/1756 | loss 0.0148 | data 0.1 ms | step 88.2 ms | 5807.7 samples/s
  step   850/1756 | loss 0.0154 | data 0.1 ms | step 88.2 ms | 5807.8 samples/s
  step   900/1756 | loss 0.0142 | data 0.1 ms | step 88.2 ms | 5808.1 samples/s
  step   950/1756 | loss 0.0148 | data 0.1 ms | step 88.2 ms | 5803.0 samples/s
  step  1000/1756 | loss 0.0134 | data 0.1 ms | step 88.1 ms | 5812.9 samples/s
  step  1050/1756 | loss 0.0151 | data 0.1 ms | step 88.3 ms | 5801.1 samples/s
  step  1100/1756 | loss 0.0145 | data 0.1 ms | step 88.2 ms | 5805.6 samples/s
  step  1150/1756 | loss 0.0195 | data 0.1 ms | step 88.1 ms | 5809.3 samples/s
  step  1200/1756 | loss 0.0157 | data 0.1 ms | step 88.2 ms | 5807.8 samples/s
  step  1250/1756 | loss 0.0167 | data 0.1 ms | step 88.2 ms | 5804.4 samples/s
  step  1300/1756 | loss 0.0145 | data 0.1 ms | step 88.0 ms | 5815.1 samples/s
  step  1350/1756 | loss 0.0222 | data 0.1 ms | step 88.1 ms | 5813.7 samples/s
  step  1400/1756 | loss 0.0144 | data 0.1 ms | step 88.2 ms | 5807.8 samples/s
  step  1450/1756 | loss 0.0160 | data 0.1 ms | step 88.1 ms | 5813.3 samples/s
  step  1500/1756 | loss 0.0171 | data 0.1 ms | step 88.0 ms | 5815.1 samples/s
  step  1550/1756 | loss 0.0213 | data 0.1 ms | step 88.2 ms | 5808.1 samples/s
  step  1600/1756 | loss 0.0153 | data 0.1 ms | step 88.1 ms | 5812.2 samples/s
  step  1650/1756 | loss 0.0144 | data 0.1 ms | step 88.1 ms | 5808.5 samples/s
  step  1700/1756 | loss 0.0146 | data 0.1 ms | step 88.1 ms | 5809.0 samples/s
  step  1750/1756 | loss 0.0142 | data 0.5 ms | step 88.1 ms | 5811.0 samples/s
Training Loss: 0.015982 | data 0.1 ms | step 88.1 ms | 5807.9 samples/s
Peak GPU memory: 7324.6 MB
Validation Loss: 0.015287 | data 0.1 ms | step 44.5 ms | 11491.2 samples/s

Epoch 81/100
----------------------------------------
Learning Rate: 0.000043
Batch Size   : 512
  step    50/1756 | loss 0.0152 | data 0.6 ms | step 88.2 ms | 5805.4 samples/s
  step   100/1756 | loss 0.0151 | data 0.1 ms | step 88.1 ms | 5812.8 samples/s
  step   150/1756 | loss 0.0156 | data 0.1 ms | step 88.2 ms | 5805.7 samples/s
  step   200/1756 | loss 0.0133 | data 0.1 ms | step 88.1 ms | 5809.4 samples/s
  step   250/1756 | loss 0.0133 | data 0.1 ms | step 88.1 ms | 5813.5 samples/s
  step   300/1756 | loss 0.0166 | data 0.1 ms | step 88.1 ms | 5814.7 samples/s
  step   350/1756 | loss 0.0141 | data 0.1 ms | step 88.1 ms | 5812.6 samples/s
  step   400/1756 | loss 0.0129 | data 0.1 ms | step 88.0 ms | 5816.2 samples/s
  step   450/1756 | loss 0.0179 | data 0.1 ms | step 87.9 ms | 5825.9 samples/s
  step   500/1756 | loss 0.0154 | data 0.1 ms | step 87.8 ms | 5830.5 samples/s
  step   550/1756 | loss 0.0141 | data 0.1 ms | step 88.1 ms | 5812.2 samples/s
  step   600/1756 | loss 0.0137 | data 0.1 ms | step 88.1 ms | 5809.9 samples/s
  step   650/1756 | loss 0.0159 | data 0.1 ms | step 88.2 ms | 5806.8 samples/s
  step   700/1756 | loss 0.0135 | data 0.1 ms | step 88.3 ms | 5799.5 samples/s
  step   750/1756 | loss 0.0154 | data 0.1 ms | step 88.2 ms | 5803.1 samples/s
  step   800/1756 | loss 0.0142 | data 0.1 ms | step 88.2 ms | 5807.8 samples/s
  step   850/1756 | loss 0.0162 | data 0.1 ms | step 88.0 ms | 5815.7 samples/s
  step   900/1756 | loss 0.0171 | data 0.1 ms | step 88.0 ms | 5818.8 samples/s
  step   950/1756 | loss 0.0218 | data 0.1 ms | step 88.2 ms | 5808.1 samples/s
  step  1000/1756 | loss 0.0165 | data 0.1 ms | step 88.1 ms | 5813.6 samples/s
  step  1050/1756 | loss 0.0152 | data 0.1 ms | step 88.1 ms | 5814.8 samples/s
  step  1100/1756 | loss 0.0159 | data 0.1 ms | step 88.1 ms | 5811.0 samples/s
  step  1150/1756 | loss 0.0148 | data 0.1 ms | step 88.2 ms | 5802.7 samples/s
  step  1200/1756 | loss 0.0155 | data 0.1 ms | step 88.1 ms | 5809.9 samples/s
  step  1250/1756 | loss 0.0140 | data 0.1 ms | step 88.0 ms | 5817.6 samples/s
  step  1300/1756 | loss 0.0134 | data 0.1 ms | step 88.0 ms | 5820.1 samples/s
  step  1350/1756 | loss 0.0159 | data 0.1 ms | step 87.9 ms | 5821.6 samples/s
  step  1400/1756 | loss 0.0182 | data 0.1 ms | step 88.0 ms | 5820.1 samples/s
  step  1450/1756 | loss 0.0148 | data 0.1 ms | step 88.1 ms | 5814.2 samples/s
  step  1500/1756 | loss 0.0167 | data 0.1 ms | step 88.1 ms | 5811.3 samples/s
  step  1550/1756 | loss 0.0148 | data 0.1 ms | step 88.0 ms | 5816.1 samples/s
  step  1600/1756 | loss 0.0152 | data 0.1 ms | step 88.1 ms | 5813.3 samples/s
  step  1650/1756 | loss 0.0142 | data 0.1 ms | step 88.0 ms | 5820.4 samples/s
  step  1700/1756 | loss 0.0144 | data 0.1 ms | step 88.0 ms | 5815.9 samples/s
  step  1750/1756 | loss 0.0147 | data 0.5 ms | step 88.2 ms | 5806.2 samples/s
Training Loss: 0.015306 | data 0.1 ms | step 88.0 ms | 5813.1 samples/s
Peak GPU memory: 7324.6 MB
Validation Loss: 0.015658 | data 0.1 ms | step 44.8 ms | 11421.4 samples/s

Epoch 82/100
----------------------------------------
Learning Rate: 0.000043
Batch Size   : 512
  step    50/1756 | loss 0.0145 | data 0.6 ms | step 88.3 ms | 5798.5 samples/s
  step   100/1756 | loss 0.0142 | data 0.1 ms | step 88.2 ms | 5805.3 samples/s
  step   150/1756 | loss 0.0141 | data 0.1 ms | step 88.2 ms | 5803.0 samples/s
  step   200/1756 | loss 0.0145 | data 0.1 ms | step 88.1 ms | 5811.8 samples/s
  step   250/1756 | loss 0.0151 | data 0.1 ms | step 88.1 ms | 5814.7 samples/s
  step   300/1756 | loss 0.0137 | data 0.1 ms | step 88.0 ms | 5815.6 samples/s
  step   350/1756 | loss 0.0145 | data 0.1 ms | step 88.2 ms | 5806.9 samples/s
  step   400/1756 | loss 0.0134 | data 0.1 ms | step 88.0 ms | 5815.4 samples/s
  step   450/1756 | loss 0.0172 | data 0.1 ms | step 88.0 ms | 5815.5 samples/s
  step   500/1756 | loss 0.0153 | data 0.1 ms | step 88.1 ms | 5812.0 samples/s
  step   550/1756 | loss 0.0143 | data 0.1 ms | step 88.0 ms | 5815.8 samples/s
  step   600/1756 | loss 0.0152 | data 0.1 ms | step 88.3 ms | 5801.6 samples/s
  step   650/1756 | loss 0.0165 | data 0.1 ms | step 88.3 ms | 5799.5 samples/s
  step   700/1756 | loss 0.0145 | data 0.1 ms | step 88.3 ms | 5800.8 samples/s
  step   750/1756 | loss 0.0151 | data 0.1 ms | step 88.2 ms | 5805.8 samples/s
  step   800/1756 | loss 0.0156 | data 0.1 ms | step 88.2 ms | 5802.5 samples/s
  step   850/1756 | loss 0.0154 | data 0.1 ms | step 88.3 ms | 5801.6 samples/s
  step   900/1756 | loss 0.0149 | data 0.1 ms | step 88.2 ms | 5807.5 samples/s
  step   950/1756 | loss 0.0170 | data 0.1 ms | step 88.3 ms | 5801.3 samples/s
  step  1000/1756 | loss 0.0133 | data 0.1 ms | step 88.1 ms | 5808.4 samples/s
  step  1050/1756 | loss 0.0127 | data 0.1 ms | step 88.0 ms | 5817.8 samples/s
  step  1100/1756 | loss 0.0141 | data 0.1 ms | step 88.0 ms | 5819.7 samples/s
  step  1150/1756 | loss 0.0154 | data 0.1 ms | step 88.1 ms | 5811.0 samples/s
  step  1200/1756 | loss 0.0148 | data 0.1 ms | step 88.1 ms | 5812.8 samples/s
  step  1250/1756 | loss 0.0138 | data 0.1 ms | step 88.1 ms | 5808.9 samples/s
  step  1300/1756 | loss 0.0138 | data 0.1 ms | step 88.2 ms | 5803.9 samples/s
  step  1350/1756 | loss 0.0165 | data 0.1 ms | step 88.1 ms | 5812.9 samples/s
  step  1400/1756 | loss 0.0141 | data 0.1 ms | step 88.1 ms | 5812.6 samples/s
  step  1450/1756 | loss 0.0127 | data 0.1 ms | step 88.1 ms | 5812.0 samples/s
  step  1500/1756 | loss 0.0125 | data 0.1 ms | step 88.3 ms | 5801.1 samples/s
  step  1550/1756 | loss 0.0151 | data 0.1 ms | step 88.1 ms | 5809.4 samples/s
  step  1600/1756 | loss 0.0131 | data 0.1 ms | step 88.2 ms | 5802.4 samples/s
  step  1650/1756 | loss 0.0145 | data 0.1 ms | step 88.1 ms | 5809.7 samples/s
  step  1700/1756 | loss 0.0158 | data 0.1 ms | step 88.1 ms | 5809.0 samples/s
  step  1750/1756 | loss 0.0149 | data 0.5 ms | step 88.1 ms | 5814.9 samples/s
Training Loss: 0.014647 | data 0.1 ms | step 88.1 ms | 5808.6 samples/s
Peak GPU memory: 7324.6 MB
Validation Loss: 0.015522 | data 0.1 ms | step 44.6 ms | 11484.5 samples/s

Epoch 83/100
----------------------------------------
Learning Rate: 0.000043
Batch Size   : 512
  step    50/1756 | loss 0.0151 | data 0.6 ms | step 88.5 ms | 5788.3 samples/s
  step   100/1756 | loss 0.0142 | data 0.1 ms | step 88.2 ms | 5801.7 samples/s
  step   150/1756 | loss 0.0129 | data 0.1 ms | step 88.3 ms | 5801.3 samples/s
  step   200/1756 | loss 0.0153 | data 0.1 ms | step 88.2 ms | 5804.7 samples/s
  step   250/1756 | loss 0.0132 | data 0.1 ms | step 88.1 ms | 5810.0 samples/s
  step   300/1756 | loss 0.0156 | data 0.1 ms | step 88.2 ms | 5805.7 samples/s
  step   350/1756 | loss 0.0135 | data 0.1 ms | step 88.2 ms | 5803.8 samples/s
  step   400/1756 | loss 0.0137 | data 0.1 ms | step 88.2 ms | 5806.0 samples/s
  step   450/1756 | loss 0.0142 | data 0.1 ms | step 88.1 ms | 5809.5 samples/s
  step   500/1756 | loss 0.0145 | data 0.1 ms | step 88.2 ms | 5805.7 samples/s
  step   550/1756 | loss 0.0131 | data 0.1 ms | step 88.3 ms | 5797.2 samples/s
  step   600/1756 | loss 0.0140 | data 0.1 ms | step 88.3 ms | 5796.9 samples/s
  step   650/1756 | loss 0.0175 | data 0.1 ms | step 88.2 ms | 5806.1 samples/s
  step   700/1756 | loss 0.0157 | data 0.1 ms | step 88.2 ms | 5807.5 samples/s
  step   750/1756 | loss 0.0149 | data 0.1 ms | step 88.1 ms | 5809.5 samples/s
  step   800/1756 | loss 0.0141 | data 0.1 ms | step 88.1 ms | 5810.7 samples/s
  step   850/1756 | loss 0.0131 | data 0.1 ms | step 88.0 ms | 5817.3 samples/s
  step   900/1756 | loss 0.0149 | data 0.1 ms | step 88.0 ms | 5820.6 samples/s
  step   950/1756 | loss 0.0166 | data 0.1 ms | step 88.0 ms | 5817.0 samples/s
  step  1000/1756 | loss 0.0147 | data 0.1 ms | step 88.0 ms | 5816.6 samples/s
  step  1050/1756 | loss 0.0174 | data 0.1 ms | step 88.2 ms | 5806.6 samples/s
  step  1100/1756 | loss 0.0164 | data 0.1 ms | step 88.1 ms | 5809.7 samples/s
  step  1150/1756 | loss 0.0153 | data 0.1 ms | step 88.1 ms | 5814.5 samples/s
  step  1200/1756 | loss 0.0127 | data 0.1 ms | step 88.0 ms | 5815.7 samples/s
  step  1250/1756 | loss 0.0142 | data 0.1 ms | step 88.2 ms | 5807.7 samples/s
  step  1300/1756 | loss 0.0152 | data 0.1 ms | step 88.1 ms | 5810.2 samples/s
  step  1350/1756 | loss 0.0124 | data 0.1 ms | step 88.2 ms | 5807.3 samples/s
  step  1400/1756 | loss 0.0135 | data 0.1 ms | step 88.2 ms | 5805.1 samples/s
  step  1450/1756 | loss 0.0130 | data 0.1 ms | step 88.2 ms | 5806.7 samples/s
  step  1500/1756 | loss 0.0127 | data 0.1 ms | step 88.2 ms | 5806.7 samples/s
  step  1550/1756 | loss 0.0131 | data 0.1 ms | step 88.1 ms | 5811.6 samples/s
  step  1600/1756 | loss 0.0148 | data 0.1 ms | step 88.1 ms | 5811.3 samples/s
  step  1650/1756 | loss 0.0129 | data 0.1 ms | step 88.0 ms | 5816.1 samples/s
  step  1700/1756 | loss 0.0130 | data 0.1 ms | step 88.1 ms | 5814.2 samples/s
  step  1750/1756 | loss 0.0158 | data 0.5 ms | step 88.2 ms | 5804.5 samples/s
Training Loss: 0.014364 | data 0.1 ms | step 88.1 ms | 5808.1 samples/s
Peak GPU memory: 7324.6 MB
Validation Loss: 0.013953 | data 0.1 ms | step 44.8 ms | 11424.3 samples/s

Epoch 84/100
----------------------------------------
Learning Rate: 0.000043
Batch Size   : 512
  step    50/1756 | loss 0.0127 | data 0.6 ms | step 88.4 ms | 5793.4 samples/s
  step   100/1756 | loss 0.0151 | data 0.1 ms | step 88.2 ms | 5806.7 samples/s
  step   150/1756 | loss 0.0149 | data 0.1 ms | step 88.1 ms | 5809.5 samples/s
  step   200/1756 | loss 0.0134 | data 0.1 ms | step 88.2 ms | 5802.4 samples/s
  step   250/1756 | loss 0.0136 | data 0.1 ms | step 88.2 ms | 5804.7 samples/s
  step   300/1756 | loss 0.0125 | data 0.1 ms | step 88.2 ms | 5802.9 samples/s
  step   350/1756 | loss 0.0133 | data 0.1 ms | step 88.2 ms | 5805.9 samples/s
  step   400/1756 | loss 0.0123 | data 0.1 ms | step 88.1 ms | 5814.2 samples/s
  step   450/1756 | loss 0.0137 | data 0.1 ms | step 88.1 ms | 5812.3 samples/s
  step   500/1756 | loss 0.0157 | data 0.1 ms | step 88.2 ms | 5805.2 samples/s
  step   550/1756 | loss 0.0136 | data 0.1 ms | step 88.2 ms | 5802.8 samples/s
  step   600/1756 | loss 0.0170 | data 0.1 ms | step 88.3 ms | 5801.6 samples/s
  step   650/1756 | loss 0.0142 | data 0.1 ms | step 88.2 ms | 5807.7 samples/s
  step   700/1756 | loss 0.0141 | data 0.1 ms | step 88.1 ms | 5810.7 samples/s
  step   750/1756 | loss 0.0131 | data 0.1 ms | step 88.2 ms | 5806.8 samples/s
  step   800/1756 | loss 0.0228 | data 0.1 ms | step 88.0 ms | 5815.6 samples/s
  step   850/1756 | loss 0.0143 | data 0.1 ms | step 88.0 ms | 5818.0 samples/s
  step   900/1756 | loss 0.0143 | data 0.1 ms | step 88.0 ms | 5817.5 samples/s
  step   950/1756 | loss 0.0144 | data 0.1 ms | step 88.2 ms | 5806.8 samples/s
  step  1000/1756 | loss 0.0129 | data 0.1 ms | step 88.2 ms | 5802.1 samples/s
  step  1050/1756 | loss 0.0119 | data 0.1 ms | step 88.2 ms | 5805.8 samples/s
  step  1100/1756 | loss 0.0123 | data 0.1 ms | step 88.2 ms | 5805.7 samples/s
  step  1150/1756 | loss 0.0136 | data 0.1 ms | step 88.1 ms | 5811.7 samples/s
  step  1200/1756 | loss 0.0137 | data 0.1 ms | step 88.3 ms | 5801.5 samples/s
  step  1250/1756 | loss 0.0133 | data 0.1 ms | step 88.1 ms | 5810.6 samples/s
  step  1300/1756 | loss 0.0139 | data 0.1 ms | step 88.0 ms | 5816.5 samples/s
  step  1350/1756 | loss 0.0142 | data 0.1 ms | step 88.0 ms | 5815.0 samples/s
  step  1400/1756 | loss 0.0125 | data 0.1 ms | step 88.2 ms | 5803.7 samples/s
  step  1450/1756 | loss 0.0114 | data 0.1 ms | step 88.2 ms | 5803.5 samples/s
  step  1500/1756 | loss 0.0127 | data 0.1 ms | step 88.2 ms | 5803.4 samples/s
  step  1550/1756 | loss 0.0165 | data 0.1 ms | step 88.0 ms | 5816.6 samples/s
  step  1600/1756 | loss 0.0150 | data 0.1 ms | step 88.0 ms | 5818.1 samples/s
  step  1650/1756 | loss 0.0147 | data 0.1 ms | step 88.0 ms | 5816.4 samples/s
  step  1700/1756 | loss 0.0144 | data 0.1 ms | step 88.2 ms | 5806.8 samples/s
  step  1750/1756 | loss 0.0129 | data 0.6 ms | step 88.3 ms | 5795.2 samples/s
Training Loss: 0.014012 | data 0.1 ms | step 88.1 ms | 5807.9 samples/s
Peak GPU memory: 7324.6 MB
Validation Loss: 0.015639 | data 0.1 ms | step 44.6 ms | 11481.0 samples/s

Epoch 85/100
----------------------------------------
Learning Rate: 0.000043
Batch Size   : 512
  step    50/1756 | loss 0.0146 | data 0.6 ms | step 88.4 ms | 5794.3 samples/s
  step   100/1756 | loss 0.0149 | data 0.1 ms | step 88.1 ms | 5813.7 samples/s
  step   150/1756 | loss 0.0142 | data 0.1 ms | step 88.1 ms | 5812.2 samples/s
  step   200/1756 | loss 0.0156 | data 0.1 ms | step 88.1 ms | 5813.8 samples/s
  step   250/1756 | loss 0.0175 | data 0.1 ms | step 88.0 ms | 5816.9 samples/s
  step   300/1756 | loss 0.0140 | data 0.1 ms | step 88.1 ms | 5812.5 samples/s
  step   350/1756 | loss 0.0146 | data 0.1 ms | step 88.0 ms | 5820.5 samples/s
  step   400/1756 | loss 0.0181 | data 0.1 ms | step 88.0 ms | 5820.7 samples/s
  step   450/1756 | loss 0.0138 | data 0.1 ms | step 88.1 ms | 5812.9 samples/s
  step   500/1756 | loss 0.0149 | data 0.1 ms | step 88.1 ms | 5812.8 samples/s
  step   550/1756 | loss 0.0179 | data 0.1 ms | step 88.2 ms | 5807.0 samples/s
  step   600/1756 | loss 0.0167 | data 0.1 ms | step 88.1 ms | 5808.8 samples/s
  step   650/1756 | loss 0.0190 | data 0.1 ms | step 88.1 ms | 5810.2 samples/s
  step   700/1756 | loss 0.0132 | data 0.1 ms | step 88.1 ms | 5811.7 samples/s
  step   750/1756 | loss 0.0154 | data 0.1 ms | step 88.1 ms | 5809.6 samples/s
  step   800/1756 | loss 0.0129 | data 0.1 ms | step 88.2 ms | 5806.9 samples/s
  step   850/1756 | loss 0.0119 | data 0.1 ms | step 88.1 ms | 5812.2 samples/s
  step   900/1756 | loss 0.0124 | data 0.1 ms | step 88.0 ms | 5819.2 samples/s
  step   950/1756 | loss 0.0192 | data 0.1 ms | step 88.1 ms | 5810.1 samples/s
  step  1000/1756 | loss 0.0132 | data 0.1 ms | step 88.1 ms | 5809.2 samples/s
  step  1050/1756 | loss 0.0127 | data 0.1 ms | step 88.1 ms | 5814.8 samples/s
  step  1100/1756 | loss 0.0133 | data 0.1 ms | step 88.1 ms | 5812.0 samples/s
  step  1150/1756 | loss 0.0131 | data 0.1 ms | step 88.0 ms | 5818.9 samples/s
  step  1200/1756 | loss 0.0158 | data 0.1 ms | step 88.2 ms | 5807.8 samples/s
  step  1250/1756 | loss 0.0141 | data 0.1 ms | step 88.2 ms | 5803.2 samples/s
  step  1300/1756 | loss 0.0137 | data 0.1 ms | step 88.1 ms | 5809.8 samples/s
  step  1350/1756 | loss 0.0220 | data 0.1 ms | step 88.2 ms | 5805.4 samples/s
  step  1400/1756 | loss 0.0145 | data 0.1 ms | step 88.1 ms | 5811.2 samples/s
  step  1450/1756 | loss 0.0134 | data 0.1 ms | step 88.2 ms | 5807.1 samples/s
  step  1500/1756 | loss 0.0124 | data 0.1 ms | step 88.3 ms | 5800.7 samples/s
  step  1550/1756 | loss 0.0122 | data 0.1 ms | step 88.3 ms | 5800.3 samples/s
  step  1600/1756 | loss 0.0155 | data 0.1 ms | step 88.0 ms | 5818.9 samples/s
  step  1650/1756 | loss 0.0136 | data 0.1 ms | step 88.1 ms | 5810.7 samples/s
  step  1700/1756 | loss 0.0185 | data 0.1 ms | step 88.1 ms | 5811.8 samples/s
  step  1750/1756 | loss 0.0138 | data 0.5 ms | step 88.1 ms | 5810.4 samples/s
Training Loss: 0.014918 | data 0.1 ms | step 88.1 ms | 5810.8 samples/s
Peak GPU memory: 7324.6 MB
Validation Loss: 0.014318 | data 0.1 ms | step 44.6 ms | 11480.7 samples/s

Epoch 86/100
----------------------------------------
Learning Rate: 0.000043
Batch Size   : 512
  step    50/1756 | loss 0.0121 | data 0.6 ms | step 88.4 ms | 5795.0 samples/s
  step   100/1756 | loss 0.0133 | data 0.1 ms | step 88.3 ms | 5798.2 samples/s
  step   150/1756 | loss 0.0122 | data 0.1 ms | step 88.3 ms | 5801.7 samples/s
  step   200/1756 | loss 0.0131 | data 0.1 ms | step 88.2 ms | 5801.9 samples/s
  step   250/1756 | loss 0.0121 | data 0.1 ms | step 88.0 ms | 5816.8 samples/s
  step   300/1756 | loss 0.0182 | data 0.1 ms | step 88.1 ms | 5811.3 samples/s
  step   350/1756 | loss 0.0138 | data 0.1 ms | step 88.2 ms | 5807.3 samples/s
  step   400/1756 | loss 0.0148 | data 0.1 ms | step 88.3 ms | 5799.1 samples/s
  step   450/1756 | loss 0.0144 | data 0.1 ms | step 88.3 ms | 5800.9 samples/s
  step   500/1756 | loss 0.0131 | data 0.1 ms | step 88.3 ms | 5801.3 samples/s
  step   550/1756 | loss 0.0133 | data 0.1 ms | step 88.0 ms | 5815.2 samples/s
  step   600/1756 | loss 0.0124 | data 0.1 ms | step 88.0 ms | 5816.2 samples/s
  step   650/1756 | loss 0.0121 | data 0.1 ms | step 88.0 ms | 5817.4 samples/s
  step   700/1756 | loss 0.0142 | data 0.1 ms | step 88.0 ms | 5815.2 samples/s
  step   750/1756 | loss 0.0132 | data 0.1 ms | step 88.1 ms | 5810.0 samples/s
  step   800/1756 | loss 0.0116 | data 0.1 ms | step 88.2 ms | 5805.1 samples/s
  step   850/1756 | loss 0.0116 | data 0.1 ms | step 88.2 ms | 5803.5 samples/s
  step   900/1756 | loss 0.0113 | data 0.1 ms | step 88.3 ms | 5800.8 samples/s
  step   950/1756 | loss 0.0144 | data 0.1 ms | step 88.2 ms | 5803.1 samples/s
  step  1000/1756 | loss 0.0158 | data 0.1 ms | step 88.3 ms | 5797.9 samples/s
  step  1050/1756 | loss 0.0134 | data 0.1 ms | step 88.4 ms | 5794.4 samples/s
  step  1100/1756 | loss 0.0114 | data 0.1 ms | step 88.3 ms | 5799.7 samples/s
  step  1150/1756 | loss 0.0115 | data 0.1 ms | step 88.1 ms | 5812.3 samples/s
  step  1200/1756 | loss 0.0154 | data 0.1 ms | step 88.2 ms | 5808.0 samples/s
  step  1250/1756 | loss 0.0179 | data 0.1 ms | step 88.3 ms | 5801.7 samples/s
  step  1300/1756 | loss 0.0140 | data 0.1 ms | step 88.2 ms | 5808.0 samples/s
  step  1350/1756 | loss 0.0149 | data 0.1 ms | step 87.9 ms | 5822.2 samples/s
  step  1400/1756 | loss 0.0175 | data 0.1 ms | step 88.0 ms | 5816.2 samples/s
  step  1450/1756 | loss 0.0149 | data 0.1 ms | step 88.2 ms | 5808.1 samples/s
  step  1500/1756 | loss 0.0135 | data 0.1 ms | step 88.3 ms | 5798.4 samples/s
  step  1550/1756 | loss 0.0139 | data 0.1 ms | step 88.2 ms | 5805.2 samples/s
  step  1600/1756 | loss 0.0164 | data 0.1 ms | step 88.1 ms | 5809.7 samples/s
  step  1650/1756 | loss 0.0137 | data 0.1 ms | step 88.0 ms | 5814.9 samples/s
  step  1700/1756 | loss 0.0152 | data 0.1 ms | step 88.2 ms | 5806.6 samples/s
  step  1750/1756 | loss 0.0134 | data 0.5 ms | step 88.2 ms | 5804.1 samples/s
Training Loss: 0.013820 | data 0.1 ms | step 88.1 ms | 5806.5 samples/s
Peak GPU memory: 7324.6 MB
Validation Loss: 0.014939 | data 0.1 ms | step 44.7 ms | 11447.2 samples/s

Epoch 87/100
----------------------------------------
Learning Rate: 0.000043
Batch Size   : 512
  step    50/1756 | loss 0.0126 | data 0.6 ms | step 88.2 ms | 5804.2 samples/s
  step   100/1756 | loss 0.0125 | data 0.1 ms | step 88.1 ms | 5812.4 samples/s
  step   150/1756 | loss 0.0116 | data 0.1 ms | step 88.1 ms | 5814.8 samples/s
  step   200/1756 | loss 0.0120 | data 0.1 ms | step 88.0 ms | 5817.8 samples/s
  step   250/1756 | loss 0.0136 | data 0.1 ms | step 88.0 ms | 5819.8 samples/s
  step   300/1756 | loss 0.0128 | data 0.1 ms | step 88.1 ms | 5813.0 samples/s
  step   350/1756 | loss 0.0144 | data 0.1 ms | step 87.9 ms | 5822.5 samples/s
  step   400/1756 | loss 0.0130 | data 0.1 ms | step 88.1 ms | 5812.1 samples/s
  step   450/1756 | loss 0.0114 | data 0.1 ms | step 88.1 ms | 5812.1 samples/s
  step   500/1756 | loss 0.0122 | data 0.1 ms | step 88.2 ms | 5808.0 samples/s
  step   550/1756 | loss 0.0135 | data 0.1 ms | step 88.2 ms | 5803.9 samples/s
  step   600/1756 | loss 0.0174 | data 0.1 ms | step 88.0 ms | 5815.2 samples/s
  step   650/1756 | loss 0.0133 | data 0.1 ms | step 88.0 ms | 5815.8 samples/s
  step   700/1756 | loss 0.0136 | data 0.1 ms | step 88.1 ms | 5813.3 samples/s
  step   750/1756 | loss 0.0122 | data 0.1 ms | step 88.1 ms | 5810.7 samples/s
  step   800/1756 | loss 0.0138 | data 0.1 ms | step 88.1 ms | 5809.0 samples/s
  step   850/1756 | loss 0.0123 | data 0.1 ms | step 88.1 ms | 5812.9 samples/s
  step   900/1756 | loss 0.0121 | data 0.1 ms | step 88.1 ms | 5813.6 samples/s
  step   950/1756 | loss 0.0122 | data 0.1 ms | step 88.1 ms | 5808.9 samples/s
  step  1000/1756 | loss 0.0124 | data 0.1 ms | step 88.1 ms | 5813.4 samples/s
  step  1050/1756 | loss 0.0116 | data 0.1 ms | step 88.1 ms | 5813.7 samples/s
  step  1100/1756 | loss 0.0155 | data 0.1 ms | step 88.1 ms | 5810.9 samples/s
  step  1150/1756 | loss 0.0142 | data 0.1 ms | step 88.0 ms | 5816.2 samples/s
  step  1200/1756 | loss 0.0144 | data 0.1 ms | step 88.1 ms | 5813.4 samples/s
  step  1250/1756 | loss 0.0149 | data 0.1 ms | step 88.1 ms | 5809.5 samples/s
  step  1300/1756 | loss 0.0136 | data 0.1 ms | step 88.2 ms | 5805.5 samples/s
  step  1350/1756 | loss 0.0218 | data 0.1 ms | step 88.2 ms | 5804.4 samples/s
  step  1400/1756 | loss 0.0201 | data 0.1 ms | step 88.2 ms | 5804.6 samples/s
  step  1450/1756 | loss 0.0161 | data 0.1 ms | step 88.2 ms | 5806.6 samples/s
  step  1500/1756 | loss 0.0178 | data 0.1 ms | step 88.2 ms | 5806.0 samples/s
  step  1550/1756 | loss 0.0150 | data 0.1 ms | step 88.2 ms | 5806.7 samples/s
  step  1600/1756 | loss 0.0154 | data 0.1 ms | step 88.2 ms | 5805.6 samples/s
  step  1650/1756 | loss 0.0155 | data 0.1 ms | step 88.2 ms | 5807.2 samples/s
  step  1700/1756 | loss 0.0214 | data 0.1 ms | step 88.2 ms | 5804.8 samples/s
  step  1750/1756 | loss 0.0168 | data 0.5 ms | step 88.1 ms | 5808.9 samples/s
Training Loss: 0.014379 | data 0.1 ms | step 88.1 ms | 5810.8 samples/s
Peak GPU memory: 7324.6 MB
Validation Loss: 0.016621 | data 0.1 ms | step 44.6 ms | 11463.2 samples/s

Epoch 88/100
----------------------------------------
Learning Rate: 0.000043
Batch Size   : 512
  step    50/1756 | loss 0.0153 | data 0.6 ms | step 88.3 ms | 5797.9 samples/s
  step   100/1756 | loss 0.0146 | data 0.1 ms | step 88.1 ms | 5809.3 samples/s
  step   150/1756 | loss 0.0160 | data 0.1 ms | step 88.2 ms | 5804.9 samples/s
  step   200/1756 | loss 0.0153 | data 0.1 ms | step 88.2 ms | 5806.9 samples/s
  step   250/1756 | loss 0.0159 | data 0.1 ms | step 88.1 ms | 5808.8 samples/s
  step   300/1756 | loss 0.0141 | data 0.1 ms | step 88.2 ms | 5808.3 samples/s
  step   350/1756 | loss 0.0160 | data 0.1 ms | step 88.0 ms | 5815.2 samples/s
  step   400/1756 | loss 0.0163 | data 0.1 ms | step 88.2 ms | 5804.8 samples/s
  step   450/1756 | loss 0.0136 | data 0.1 ms | step 88.0 ms | 5816.8 samples/s
  step   500/1756 | loss 0.0127 | data 0.1 ms | step 88.1 ms | 5811.6 samples/s
  step   550/1756 | loss 0.0128 | data 0.1 ms | step 88.1 ms | 5811.8 samples/s
  step   600/1756 | loss 0.0141 | data 0.1 ms | step 88.1 ms | 5813.4 samples/s
  step   650/1756 | loss 0.0144 | data 0.1 ms | step 88.1 ms | 5810.4 samples/s
  step   700/1756 | loss 0.0143 | data 0.1 ms | step 88.1 ms | 5811.2 samples/s
  step   750/1756 | loss 0.0126 | data 0.1 ms | step 88.1 ms | 5811.1 samples/s
  step   800/1756 | loss 0.0121 | data 0.1 ms | step 88.1 ms | 5811.6 samples/s
  step   850/1756 | loss 0.0118 | data 0.1 ms | step 88.2 ms | 5806.2 samples/s
  step   900/1756 | loss 0.0140 | data 0.1 ms | step 88.2 ms | 5805.6 samples/s
  step   950/1756 | loss 0.0290 | data 0.1 ms | step 88.3 ms | 5795.2 samples/s
  step  1000/1756 | loss 0.0279 | data 0.1 ms | step 88.3 ms | 5797.2 samples/s
  step  1050/1756 | loss 0.0202 | data 0.1 ms | step 88.3 ms | 5801.6 samples/s
  step  1100/1756 | loss 0.0193 | data 0.1 ms | step 88.2 ms | 5803.1 samples/s
  step  1150/1756 | loss 0.0192 | data 0.1 ms | step 88.3 ms | 5800.3 samples/s
  step  1200/1756 | loss 0.0168 | data 0.1 ms | step 88.1 ms | 5810.8 samples/s
  step  1250/1756 | loss 0.0166 | data 0.1 ms | step 88.2 ms | 5806.0 samples/s
  step  1300/1756 | loss 0.0167 | data 0.1 ms | step 88.1 ms | 5812.0 samples/s
  step  1350/1756 | loss 0.0166 | data 0.1 ms | step 88.0 ms | 5820.5 samples/s
  step  1400/1756 | loss 0.0158 | data 0.1 ms | step 88.0 ms | 5818.5 samples/s
  step  1450/1756 | loss 0.0140 | data 0.1 ms | step 88.0 ms | 5820.7 samples/s
  step  1500/1756 | loss 0.0167 | data 0.1 ms | step 88.1 ms | 5810.3 samples/s
  step  1550/1756 | loss 0.0147 | data 0.1 ms | step 88.2 ms | 5807.1 samples/s
  step  1600/1756 | loss 0.0154 | data 0.1 ms | step 88.3 ms | 5799.6 samples/s
  step  1650/1756 | loss 0.0141 | data 0.1 ms | step 88.3 ms | 5800.5 samples/s
  step  1700/1756 | loss 0.0139 | data 0.1 ms | step 88.2 ms | 5802.8 samples/s
  step  1750/1756 | loss 0.0138 | data 0.5 ms | step 88.2 ms | 5806.7 samples/s
Training Loss: 0.015886 | data 0.1 ms | step 88.1 ms | 5808.0 samples/s
Peak GPU memory: 7324.6 MB
Validation Loss: 0.014359 | data 0.1 ms | step 44.7 ms | 11450.4 samples/s

Epoch 89/100
----------------------------------------
Learning Rate: 0.000043
Batch Size   : 512
  step    50/1756 | loss 0.0140 | data 0.7 ms | step 88.4 ms | 5789.2 samples/s
  step   100/1756 | loss 0.0133 | data 0.1 ms | step 88.3 ms | 5797.6 samples/s
  step   150/1756 | loss 0.0135 | data 0.1 ms | step 88.2 ms | 5804.7 samples/s
  step   200/1756 | loss 0.0187 | data 0.1 ms | step 88.2 ms | 5804.4 samples/s
  step   250/1756 | loss 0.0185 | data 0.1 ms | step 88.3 ms | 5801.7 samples/s
  step   300/1756 | loss 0.0213 | data 0.1 ms | step 88.2 ms | 5808.1 samples/s
  step   350/1756 | loss 0.0161 | data 0.1 ms | step 88.2 ms | 5802.6 samples/s
  step   400/1756 | loss 0.0142 | data 0.1 ms | step 88.2 ms | 5803.4 samples/s
  step   450/1756 | loss 0.0134 | data 0.1 ms | step 88.2 ms | 5807.7 samples/s
  step   500/1756 | loss 0.0126 | data 0.1 ms | step 88.2 ms | 5804.0 samples/s
  step   550/1756 | loss 0.0149 | data 0.1 ms | step 88.4 ms | 5794.0 samples/s
  step   600/1756 | loss 0.0134 | data 0.1 ms | step 88.3 ms | 5801.1 samples/s
  step   650/1756 | loss 0.0134 | data 0.1 ms | step 88.3 ms | 5800.3 samples/s
  step   700/1756 | loss 0.0141 | data 0.1 ms | step 88.2 ms | 5805.5 samples/s
  step   750/1756 | loss 0.0128 | data 0.1 ms | step 88.2 ms | 5806.7 samples/s
  step   800/1756 | loss 0.0129 | data 0.1 ms | step 88.0 ms | 5818.1 samples/s
  step   850/1756 | loss 0.0159 | data 0.1 ms | step 88.0 ms | 5815.6 samples/s
  step   900/1756 | loss 0.0137 | data 0.1 ms | step 88.1 ms | 5814.8 samples/s
  step   950/1756 | loss 0.0150 | data 0.1 ms | step 88.0 ms | 5815.2 samples/s
  step  1000/1756 | loss 0.0133 | data 0.1 ms | step 88.2 ms | 5808.2 samples/s
  step  1050/1756 | loss 0.0133 | data 0.1 ms | step 88.2 ms | 5805.9 samples/s
  step  1100/1756 | loss 0.0119 | data 0.1 ms | step 88.1 ms | 5809.6 samples/s
  step  1150/1756 | loss 0.0159 | data 0.1 ms | step 88.1 ms | 5810.1 samples/s
  step  1200/1756 | loss 0.0148 | data 0.1 ms | step 88.3 ms | 5801.6 samples/s
  step  1250/1756 | loss 0.0129 | data 0.1 ms | step 88.2 ms | 5802.4 samples/s
  step  1300/1756 | loss 0.0137 | data 0.1 ms | step 88.1 ms | 5811.3 samples/s
  step  1350/1756 | loss 0.0187 | data 0.1 ms | step 88.2 ms | 5808.2 samples/s
  step  1400/1756 | loss 0.0141 | data 0.1 ms | step 88.2 ms | 5804.6 samples/s
  step  1450/1756 | loss 0.0125 | data 0.1 ms | step 88.1 ms | 5813.2 samples/s
  step  1500/1756 | loss 0.0172 | data 0.1 ms | step 88.0 ms | 5815.7 samples/s
  step  1550/1756 | loss 0.0242 | data 0.1 ms | step 88.0 ms | 5820.0 samples/s
  step  1600/1756 | loss 0.0269 | data 0.1 ms | step 88.0 ms | 5816.8 samples/s
  step  1650/1756 | loss 0.0192 | data 0.1 ms | step 88.0 ms | 5816.3 samples/s
  step  1700/1756 | loss 0.0162 | data 0.1 ms | step 88.1 ms | 5814.2 samples/s
  step  1750/1756 | loss 0.0142 | data 0.5 ms | step 88.2 ms | 5801.9 samples/s
Training Loss: 0.015460 | data 0.1 ms | step 88.1 ms | 5807.3 samples/s
Peak GPU memory: 7324.6 MB
Validation Loss: 0.015097 | data 0.1 ms | step 44.6 ms | 11478.5 samples/s

Epoch 90/100
----------------------------------------
Learning Rate: 0.000043
Batch Size   : 512
  step    50/1756 | loss 0.0242 | data 0.6 ms | step 88.6 ms | 5778.8 samples/s
  step   100/1756 | loss 0.0176 | data 0.1 ms | step 88.1 ms | 5808.8 samples/s
  step   150/1756 | loss 0.0163 | data 0.1 ms | step 88.1 ms | 5809.3 samples/s
  step   200/1756 | loss 0.0139 | data 0.1 ms | step 88.1 ms | 5809.0 samples/s
  step   250/1756 | loss 0.0153 | data 0.1 ms | step 88.2 ms | 5805.3 samples/s
  step   300/1756 | loss 0.0150 | data 0.1 ms | step 88.2 ms | 5803.1 samples/s
  step   350/1756 | loss 0.0125 | data 0.1 ms | step 88.3 ms | 5801.4 samples/s
  step   400/1756 | loss 0.0131 | data 0.1 ms | step 88.1 ms | 5810.7 samples/s
  step   450/1756 | loss 0.0128 | data 0.1 ms | step 88.3 ms | 5797.1 samples/s
  step   500/1756 | loss 0.0130 | data 0.1 ms | step 88.1 ms | 5811.2 samples/s
  step   550/1756 | loss 0.0143 | data 0.1 ms | step 88.1 ms | 5810.2 samples/s
  step   600/1756 | loss 0.0147 | data 0.1 ms | step 88.2 ms | 5803.6 samples/s
  step   650/1756 | loss 0.0204 | data 0.1 ms | step 88.2 ms | 5804.8 samples/s
  step   700/1756 | loss 0.0178 | data 0.1 ms | step 88.1 ms | 5811.8 samples/s
  step   750/1756 | loss 0.0123 | data 0.1 ms | step 88.2 ms | 5805.4 samples/s
  step   800/1756 | loss 0.0122 | data 0.1 ms | step 88.3 ms | 5799.5 samples/s
  step   850/1756 | loss 0.0121 | data 0.1 ms | step 88.2 ms | 5807.4 samples/s
  step   900/1756 | loss 0.0123 | data 0.1 ms | step 88.1 ms | 5808.5 samples/s
  step   950/1756 | loss 0.0155 | data 0.1 ms | step 88.2 ms | 5805.7 samples/s
  step  1000/1756 | loss 0.0124 | data 0.1 ms | step 88.1 ms | 5808.7 samples/s
  step  1050/1756 | loss 0.0117 | data 0.1 ms | step 88.2 ms | 5807.6 samples/s
  step  1100/1756 | loss 0.0119 | data 0.1 ms | step 88.3 ms | 5801.2 samples/s
  step  1150/1756 | loss 0.0145 | data 0.1 ms | step 88.2 ms | 5806.5 samples/s
  step  1200/1756 | loss 0.0137 | data 0.1 ms | step 88.2 ms | 5802.9 samples/s
  step  1250/1756 | loss 0.0140 | data 0.1 ms | step 88.1 ms | 5809.2 samples/s
  step  1300/1756 | loss 0.0163 | data 0.1 ms | step 88.1 ms | 5810.7 samples/s
  step  1350/1756 | loss 0.0123 | data 0.1 ms | step 88.2 ms | 5807.5 samples/s
  step  1400/1756 | loss 0.0166 | data 0.1 ms | step 88.2 ms | 5805.9 samples/s
  step  1450/1756 | loss 0.0156 | data 0.1 ms | step 88.2 ms | 5806.2 samples/s
  step  1500/1756 | loss 0.0140 | data 0.1 ms | step 88.3 ms | 5800.7 samples/s
  step  1550/1756 | loss 0.0132 | data 0.1 ms | step 88.3 ms | 5801.2 samples/s
  step  1600/1756 | loss 0.0175 | data 0.1 ms | step 88.2 ms | 5804.0 samples/s
  step  1650/1756 | loss 0.0134 | data 0.1 ms | step 88.2 ms | 5805.0 samples/s
  step  1700/1756 | loss 0.0121 | data 0.1 ms | step 88.2 ms | 5802.2 samples/s
  step  1750/1756 | loss 0.0126 | data 0.5 ms | step 88.1 ms | 5808.5 samples/s
Training Loss: 0.014486 | data 0.1 ms | step 88.2 ms | 5805.1 samples/s
Peak GPU memory: 7324.6 MB
Validation Loss: 0.013714 | data 0.1 ms | step 44.6 ms | 11472.7 samples/s

Epoch 91/100
----------------------------------------
Learning Rate: 0.000039
Batch Size   : 512
  step    50/1756 | loss 0.0139 | data 0.6 ms | step 88.4 ms | 5792.0 samples/s
  step   100/1756 | loss 0.0138 | data 0.1 ms | step 88.2 ms | 5808.3 samples/s
  step   150/1756 | loss 0.0118 | data 0.1 ms | step 88.0 ms | 5817.9 samples/s
  step   200/1756 | loss 0.0128 | data 0.1 ms | step 88.0 ms | 5815.8 samples/s
  step   250/1756 | loss 0.0121 | data 0.1 ms | step 88.1 ms | 5812.9 samples/s
  step   300/1756 | loss 0.0125 | data 0.1 ms | step 88.1 ms | 5813.0 samples/s
  step   350/1756 | loss 0.0110 | data 0.1 ms | step 88.2 ms | 5802.7 samples/s
  step   400/1756 | loss 0.0121 | data 0.1 ms | step 88.1 ms | 5812.2 samples/s
  step   450/1756 | loss 0.0136 | data 0.1 ms | step 88.0 ms | 5820.7 samples/s
  step   500/1756 | loss 0.0138 | data 0.1 ms | step 88.1 ms | 5813.7 samples/s
  step   550/1756 | loss 0.0138 | data 0.1 ms | step 88.0 ms | 5818.1 samples/s
  step   600/1756 | loss 0.0150 | data 0.1 ms | step 88.0 ms | 5820.8 samples/s
  step   650/1756 | loss 0.0137 | data 0.1 ms | step 87.9 ms | 5824.8 samples/s
  step   700/1756 | loss 0.0174 | data 0.1 ms | step 88.0 ms | 5818.5 samples/s
  step   750/1756 | loss 0.0152 | data 0.1 ms | step 88.1 ms | 5810.8 samples/s
  step   800/1756 | loss 0.0150 | data 0.1 ms | step 88.0 ms | 5816.0 samples/s
  step   850/1756 | loss 0.0135 | data 0.1 ms | step 88.1 ms | 5809.1 samples/s
  step   900/1756 | loss 0.0121 | data 0.1 ms | step 88.2 ms | 5805.5 samples/s
  step   950/1756 | loss 0.0121 | data 0.1 ms | step 88.1 ms | 5812.3 samples/s
  step  1000/1756 | loss 0.0121 | data 0.1 ms | step 88.2 ms | 5807.8 samples/s
  step  1050/1756 | loss 0.0119 | data 0.1 ms | step 88.1 ms | 5810.4 samples/s
  step  1100/1756 | loss 0.0121 | data 0.1 ms | step 88.1 ms | 5808.8 samples/s
  step  1150/1756 | loss 0.0113 | data 0.1 ms | step 88.0 ms | 5816.8 samples/s
  step  1200/1756 | loss 0.0155 | data 0.1 ms | step 87.9 ms | 5824.3 samples/s
  step  1250/1756 | loss 0.0123 | data 0.1 ms | step 88.0 ms | 5819.6 samples/s
  step  1300/1756 | loss 0.0128 | data 0.1 ms | step 88.0 ms | 5819.8 samples/s
  step  1350/1756 | loss 0.0148 | data 0.1 ms | step 87.9 ms | 5822.7 samples/s
  step  1400/1756 | loss 0.0235 | data 0.1 ms | step 88.0 ms | 5819.5 samples/s
  step  1450/1756 | loss 0.0132 | data 0.1 ms | step 88.0 ms | 5817.1 samples/s
  step  1500/1756 | loss 0.0149 | data 0.1 ms | step 88.0 ms | 5821.1 samples/s
  step  1550/1756 | loss 0.0131 | data 0.1 ms | step 88.1 ms | 5811.2 samples/s
  step  1600/1756 | loss 0.0107 | data 0.1 ms | step 88.0 ms | 5819.5 samples/s
  step  1650/1756 | loss 0.0118 | data 0.1 ms | step 88.1 ms | 5809.4 samples/s
  step  1700/1756 | loss 0.0128 | data 0.1 ms | step 88.0 ms | 5820.1 samples/s
  step  1750/1756 | loss 0.0111 | data 0.5 ms | step 88.1 ms | 5811.3 samples/s
Training Loss: 0.013385 | data 0.1 ms | step 88.0 ms | 5814.4 samples/s
Peak GPU memory: 7324.6 MB
Validation Loss: 0.012859 | data 0.1 ms | step 44.8 ms | 11424.5 samples/s

Epoch 92/100
----------------------------------------
Learning Rate: 0.000039
Batch Size   : 512
  step    50/1756 | loss 0.0134 | data 0.7 ms | step 88.5 ms | 5786.1 samples/s
  step   100/1756 | loss 0.0123 | data 0.1 ms | step 88.3 ms | 5796.1 samples/s
  step   150/1756 | loss 0.0141 | data 0.1 ms | step 88.3 ms | 5799.5 samples/s
  step   200/1756 | loss 0.0113 | data 0.1 ms | step 88.3 ms | 5800.4 samples/s
  step   250/1756 | loss 0.0133 | data 0.1 ms | step 88.3 ms | 5798.2 samples/s
  step   300/1756 | loss 0.0132 | data 0.1 ms | step 88.2 ms | 5802.2 samples/s
  step   350/1756 | loss 0.0201 | data 0.1 ms | step 88.2 ms | 5802.3 samples/s
  step   400/1756 | loss 0.0127 | data 0.1 ms | step 88.2 ms | 5805.6 samples/s
  step   450/1756 | loss 0.0146 | data 0.1 ms | step 88.2 ms | 5802.2 samples/s
  step   500/1756 | loss 0.0117 | data 0.1 ms | step 88.1 ms | 5809.7 samples/s
  step   550/1756 | loss 0.0109 | data 0.1 ms | step 88.2 ms | 5807.7 samples/s
  step   600/1756 | loss 0.0120 | data 0.1 ms | step 88.1 ms | 5808.9 samples/s
  step   650/1756 | loss 0.0122 | data 0.1 ms | step 88.1 ms | 5811.5 samples/s
  step   700/1756 | loss 0.0115 | data 0.1 ms | step 88.2 ms | 5807.2 samples/s
  step   750/1756 | loss 0.0116 | data 0.1 ms | step 88.2 ms | 5804.1 samples/s
  step   800/1756 | loss 0.0127 | data 0.1 ms | step 88.2 ms | 5805.6 samples/s
  step   850/1756 | loss 0.0130 | data 0.1 ms | step 88.3 ms | 5801.6 samples/s
  step   900/1756 | loss 0.0111 | data 0.1 ms | step 88.1 ms | 5810.1 samples/s
  step   950/1756 | loss 0.0161 | data 0.1 ms | step 88.2 ms | 5802.7 samples/s
  step  1000/1756 | loss 0.0131 | data 0.1 ms | step 88.2 ms | 5807.3 samples/s
  step  1050/1756 | loss 0.0123 | data 0.1 ms | step 88.2 ms | 5805.9 samples/s
  step  1100/1756 | loss 0.0130 | data 0.1 ms | step 88.4 ms | 5793.6 samples/s
  step  1150/1756 | loss 0.0145 | data 0.1 ms | step 88.2 ms | 5803.5 samples/s
  step  1200/1756 | loss 0.0127 | data 0.1 ms | step 88.3 ms | 5799.4 samples/s
  step  1250/1756 | loss 0.0116 | data 0.1 ms | step 88.4 ms | 5795.1 samples/s
  step  1300/1756 | loss 0.0121 | data 0.1 ms | step 88.4 ms | 5791.5 samples/s
  step  1350/1756 | loss 0.0136 | data 0.1 ms | step 88.3 ms | 5798.2 samples/s
  step  1400/1756 | loss 0.0126 | data 0.1 ms | step 88.3 ms | 5796.3 samples/s
  step  1450/1756 | loss 0.0146 | data 0.1 ms | step 88.3 ms | 5801.0 samples/s
  step  1500/1756 | loss 0.0112 | data 0.1 ms | step 88.1 ms | 5810.9 samples/s
  step  1550/1756 | loss 0.0117 | data 0.1 ms | step 88.1 ms | 5810.1 samples/s
  step  1600/1756 | loss 0.0123 | data 0.1 ms | step 88.1 ms | 5812.8 samples/s
  step  1650/1756 | loss 0.0109 | data 0.1 ms | step 88.0 ms | 5817.1 samples/s
  step  1700/1756 | loss 0.0128 | data 0.1 ms | step 88.1 ms | 5810.9 samples/s
  step  1750/1756 | loss 0.0124 | data 0.5 ms | step 88.2 ms | 5804.9 samples/s
Training Loss: 0.012830 | data 0.1 ms | step 88.2 ms | 5803.5 samples/s
Peak GPU memory: 7324.6 MB
Validation Loss: 0.011718 | data 0.1 ms | step 44.6 ms | 11465.2 samples/s

Epoch 93/100
----------------------------------------
Learning Rate: 0.000039
Batch Size   : 512
  step    50/1756 | loss 0.0116 | data 0.7 ms | step 88.3 ms | 5799.4 samples/s
  step   100/1756 | loss 0.0121 | data 0.1 ms | step 88.2 ms | 5806.0 samples/s
  step   150/1756 | loss 0.0116 | data 0.1 ms | step 88.2 ms | 5802.9 samples/s
  step   200/1756 | loss 0.0159 | data 0.1 ms | step 88.2 ms | 5804.7 samples/s
  step   250/1756 | loss 0.0142 | data 0.1 ms | step 88.1 ms | 5811.9 samples/s
  step   300/1756 | loss 0.0129 | data 0.1 ms | step 88.1 ms | 5811.0 samples/s
  step   350/1756 | loss 0.0121 | data 0.1 ms | step 88.2 ms | 5806.7 samples/s
  step   400/1756 | loss 0.0117 | data 0.1 ms | step 88.2 ms | 5807.8 samples/s
  step   450/1756 | loss 0.0109 | data 0.1 ms | step 88.1 ms | 5810.9 samples/s
  step   500/1756 | loss 0.0128 | data 0.1 ms | step 88.1 ms | 5811.8 samples/s
  step   550/1756 | loss 0.0127 | data 0.1 ms | step 88.2 ms | 5803.7 samples/s
  step   600/1756 | loss 0.0128 | data 0.1 ms | step 88.3 ms | 5797.3 samples/s
  step   650/1756 | loss 0.0114 | data 0.1 ms | step 88.3 ms | 5800.6 samples/s
  step   700/1756 | loss 0.0116 | data 0.1 ms | step 88.2 ms | 5806.9 samples/s
  step   750/1756 | loss 0.0100 | data 0.1 ms | step 88.3 ms | 5798.4 samples/s
  step   800/1756 | loss 0.0108 | data 0.1 ms | step 88.2 ms | 5805.2 samples/s
  step   850/1756 | loss 0.0125 | data 0.1 ms | step 88.3 ms | 5800.6 samples/s
  step   900/1756 | loss 0.0120 | data 0.1 ms | step 88.2 ms | 5802.5 samples/s
  step   950/1756 | loss 0.0127 | data 0.1 ms | step 88.2 ms | 5806.1 samples/s
  step  1000/1756 | loss 0.0113 | data 0.1 ms | step 88.2 ms | 5802.7 samples/s
  step  1050/1756 | loss 0.0120 | data 0.1 ms | step 88.2 ms | 5807.1 samples/s
  step  1100/1756 | loss 0.0129 | data 0.1 ms | step 88.2 ms | 5803.5 samples/s
  step  1150/1756 | loss 0.0117 | data 0.1 ms | step 88.3 ms | 5799.3 samples/s
  step  1200/1756 | loss 0.0108 | data 0.1 ms | step 88.2 ms | 5804.7 samples/s
  step  1250/1756 | loss 0.0133 | data 0.1 ms | step 88.2 ms | 5807.2 samples/s
  step  1300/1756 | loss 0.0130 | data 0.1 ms | step 88.2 ms | 5807.7 samples/s
  step  1350/1756 | loss 0.0134 | data 0.1 ms | step 88.2 ms | 5802.1 samples/s
  step  1400/1756 | loss 0.0149 | data 0.1 ms | step 88.1 ms | 5812.5 samples/s
  step  1450/1756 | loss 0.0119 | data 0.1 ms | step 88.2 ms | 5807.9 samples/s
  step  1500/1756 | loss 0.0130 | data 0.1 ms | step 88.1 ms | 5812.1 samples/s
  step  1550/1756 | loss 0.0131 | data 0.1 ms | step 88.0 ms | 5817.9 samples/s
  step  1600/1756 | loss 0.0141 | data 0.1 ms | step 87.9 ms | 5824.5 samples/s
  step  1650/1756 | loss 0.0136 | data 0.1 ms | step 88.0 ms | 5818.5 samples/s
  step  1700/1756 | loss 0.0118 | data 0.1 ms | step 88.1 ms | 5814.1 samples/s
  step  1750/1756 | loss 0.0124 | data 0.5 ms | step 88.1 ms | 5814.1 samples/s
Training Loss: 0.012489 | data 0.1 ms | step 88.1 ms | 5807.2 samples/s
Peak GPU memory: 7324.6 MB
Validation Loss: 0.013356 | data 0.1 ms | step 44.6 ms | 11473.0 samples/s

Epoch 94/100
----------------------------------------
Learning Rate: 0.000039
Batch Size   : 512
  step    50/1756 | loss 0.0134 | data 0.7 ms | step 88.4 ms | 5792.6 samples/s
  step   100/1756 | loss 0.0149 | data 0.1 ms | step 88.3 ms | 5798.0 samples/s
  step   150/1756 | loss 0.0123 | data 0.1 ms | step 88.3 ms | 5798.5 samples/s
  step   200/1756 | loss 0.0196 | data 0.1 ms | step 88.1 ms | 5812.9 samples/s
  step   250/1756 | loss 0.0124 | data 0.1 ms | step 88.1 ms | 5809.2 samples/s
  step   300/1756 | loss 0.0142 | data 0.1 ms | step 88.2 ms | 5804.8 samples/s
  step   350/1756 | loss 0.0128 | data 0.1 ms | step 88.2 ms | 5805.9 samples/s
  step   400/1756 | loss 0.0107 | data 0.1 ms | step 88.0 ms | 5820.6 samples/s
  step   450/1756 | loss 0.0129 | data 0.1 ms | step 87.9 ms | 5823.9 samples/s
  step   500/1756 | loss 0.0127 | data 0.1 ms | step 87.9 ms | 5823.8 samples/s
  step   550/1756 | loss 0.0131 | data 0.1 ms | step 88.1 ms | 5812.9 samples/s
  step   600/1756 | loss 0.0116 | data 0.1 ms | step 88.1 ms | 5809.3 samples/s
  step   650/1756 | loss 0.0103 | data 0.1 ms | step 88.2 ms | 5802.2 samples/s
  step   700/1756 | loss 0.0118 | data 0.1 ms | step 88.2 ms | 5803.4 samples/s
  step   750/1756 | loss 0.0112 | data 0.1 ms | step 88.3 ms | 5801.5 samples/s
  step   800/1756 | loss 0.0119 | data 0.1 ms | step 88.3 ms | 5801.0 samples/s
  step   850/1756 | loss 0.0106 | data 0.1 ms | step 88.2 ms | 5803.6 samples/s
  step   900/1756 | loss 0.0104 | data 0.1 ms | step 88.1 ms | 5810.7 samples/s
  step   950/1756 | loss 0.0109 | data 0.1 ms | step 88.2 ms | 5805.6 samples/s
  step  1000/1756 | loss 0.0115 | data 0.1 ms | step 88.1 ms | 5810.3 samples/s
  step  1050/1756 | loss 0.0117 | data 0.1 ms | step 88.2 ms | 5807.2 samples/s
  step  1100/1756 | loss 0.0117 | data 0.1 ms | step 88.2 ms | 5805.8 samples/s
  step  1150/1756 | loss 0.0107 | data 0.1 ms | step 88.3 ms | 5799.5 samples/s
  step  1200/1756 | loss 0.0104 | data 0.1 ms | step 88.2 ms | 5801.9 samples/s
  step  1250/1756 | loss 0.0122 | data 0.1 ms | step 88.3 ms | 5795.9 samples/s
  step  1300/1756 | loss 0.0118 | data 0.1 ms | step 88.2 ms | 5802.5 samples/s
  step  1350/1756 | loss 0.0103 | data 0.1 ms | step 88.2 ms | 5803.8 samples/s
  step  1400/1756 | loss 0.0109 | data 0.1 ms | step 88.1 ms | 5812.7 samples/s
  step  1450/1756 | loss 0.0097 | data 0.1 ms | step 88.0 ms | 5820.4 samples/s
  step  1500/1756 | loss 0.0116 | data 0.1 ms | step 88.0 ms | 5816.7 samples/s
  step  1550/1756 | loss 0.0106 | data 0.1 ms | step 87.9 ms | 5823.1 samples/s
  step  1600/1756 | loss 0.0117 | data 0.1 ms | step 88.1 ms | 5812.8 samples/s
  step  1650/1756 | loss 0.0111 | data 0.1 ms | step 88.0 ms | 5819.3 samples/s
  step  1700/1756 | loss 0.0121 | data 0.1 ms | step 88.0 ms | 5816.8 samples/s
  step  1750/1756 | loss 0.0108 | data 0.5 ms | step 88.2 ms | 5805.5 samples/s
Training Loss: 0.011887 | data 0.1 ms | step 88.1 ms | 5808.4 samples/s
Peak GPU memory: 7324.6 MB
Validation Loss: 0.011069 | data 0.1 ms | step 44.6 ms | 11463.1 samples/s

Epoch 95/100
----------------------------------------
Learning Rate: 0.000039
Batch Size   : 512
  step    50/1756 | loss 0.0111 | data 0.8 ms | step 88.5 ms | 5786.6 samples/s
  step   100/1756 | loss 0.0130 | data 0.1 ms | step 88.2 ms | 5807.6 samples/s
  step   150/1756 | loss 0.0116 | data 0.1 ms | step 88.0 ms | 5816.3 samples/s
  step   200/1756 | loss 0.0113 | data 0.1 ms | step 88.0 ms | 5817.8 samples/s
  step   250/1756 | loss 0.0129 | data 0.1 ms | step 88.1 ms | 5814.9 samples/s
  step   300/1756 | loss 0.0140 | data 0.1 ms | step 88.1 ms | 5814.8 samples/s
  step   350/1756 | loss 0.0126 | data 0.1 ms | step 88.0 ms | 5816.8 samples/s
  step   400/1756 | loss 0.0112 | data 0.1 ms | step 88.1 ms | 5813.0 samples/s
  step   450/1756 | loss 0.0117 | data 0.1 ms | step 88.2 ms | 5808.0 samples/s
  step   500/1756 | loss 0.0104 | data 0.1 ms | step 88.2 ms | 5803.2 samples/s
  step   550/1756 | loss 0.0121 | data 0.1 ms | step 88.0 ms | 5816.6 samples/s
  step   600/1756 | loss 0.0131 | data 0.1 ms | step 88.2 ms | 5807.0 samples/s
  step   650/1756 | loss 0.0119 | data 0.1 ms | step 88.2 ms | 5805.2 samples/s
  step   700/1756 | loss 0.0117 | data 0.1 ms | step 88.0 ms | 5815.5 samples/s
  step   750/1756 | loss 0.0113 | data 0.1 ms | step 88.1 ms | 5811.5 samples/s
  step   800/1756 | loss 0.0124 | data 0.1 ms | step 88.1 ms | 5808.6 samples/s
  step   850/1756 | loss 0.0110 | data 0.1 ms | step 88.0 ms | 5818.6 samples/s
  step   900/1756 | loss 0.0104 | data 0.1 ms | step 87.9 ms | 5824.7 samples/s
  step   950/1756 | loss 0.0124 | data 0.1 ms | step 88.1 ms | 5813.3 samples/s
  step  1000/1756 | loss 0.0115 | data 0.1 ms | step 88.1 ms | 5811.7 samples/s
  step  1050/1756 | loss 0.0111 | data 0.1 ms | step 88.1 ms | 5811.4 samples/s
  step  1100/1756 | loss 0.0122 | data 0.1 ms | step 88.0 ms | 5818.2 samples/s
  step  1150/1756 | loss 0.0120 | data 0.1 ms | step 88.1 ms | 5809.9 samples/s
  step  1200/1756 | loss 0.0133 | data 0.1 ms | step 88.2 ms | 5808.1 samples/s
  step  1250/1756 | loss 0.0140 | data 0.1 ms | step 88.2 ms | 5803.1 samples/s
  step  1300/1756 | loss 0.0102 | data 0.1 ms | step 88.2 ms | 5806.9 samples/s
  step  1350/1756 | loss 0.0113 | data 0.1 ms | step 88.2 ms | 5805.2 samples/s
  step  1400/1756 | loss 0.0113 | data 0.1 ms | step 88.3 ms | 5799.8 samples/s
  step  1450/1756 | loss 0.0112 | data 0.1 ms | step 88.2 ms | 5803.1 samples/s
  step  1500/1756 | loss 0.0099 | data 0.1 ms | step 88.2 ms | 5802.2 samples/s
  step  1550/1756 | loss 0.0099 | data 0.1 ms | step 88.1 ms | 5811.1 samples/s
  step  1600/1756 | loss 0.0151 | data 0.1 ms | step 88.1 ms | 5811.8 samples/s
  step  1650/1756 | loss 0.0122 | data 0.1 ms | step 88.1 ms | 5810.7 samples/s
  step  1700/1756 | loss 0.0152 | data 0.1 ms | step 88.2 ms | 5807.5 samples/s
  step  1750/1756 | loss 0.0106 | data 0.6 ms | step 88.2 ms | 5806.5 samples/s
Training Loss: 0.011904 | data 0.1 ms | step 88.1 ms | 5809.9 samples/s
Peak GPU memory: 7324.6 MB
Validation Loss: 0.011158 | data 0.1 ms | step 44.7 ms | 11454.6 samples/s

Epoch 96/100
----------------------------------------
Learning Rate: 0.000039
Batch Size   : 512
  step    50/1756 | loss 0.0114 | data 0.7 ms | step 88.4 ms | 5789.1 samples/s
  step   100/1756 | loss 0.0124 | data 0.1 ms | step 88.2 ms | 5802.0 samples/s
  step   150/1756 | loss 0.0105 | data 0.1 ms | step 88.1 ms | 5810.8 samples/s
  step   200/1756 | loss 0.0120 | data 0.1 ms | step 88.1 ms | 5811.2 samples/s
  step   250/1756 | loss 0.0103 | data 0.1 ms | step 88.0 ms | 5817.3 samples/s
  step   300/1756 | loss 0.0099 | data 0.1 ms | step 88.1 ms | 5814.7 samples/s
  step   350/1756 | loss 0.0099 | data 0.1 ms | step 88.0 ms | 5817.4 samples/s
  step   400/1756 | loss 0.0128 | data 0.1 ms | step 88.0 ms | 5815.5 samples/s
  step   450/1756 | loss 0.0131 | data 0.1 ms | step 88.1 ms | 5813.0 samples/s
  step   500/1756 | loss 0.0117 | data 0.1 ms | step 88.1 ms | 5812.2 samples/s
  step   550/1756 | loss 0.0108 | data 0.1 ms | step 88.2 ms | 5807.0 samples/s
  step   600/1756 | loss 0.0104 | data 0.1 ms | step 88.1 ms | 5810.5 samples/s
  step   650/1756 | loss 0.0118 | data 0.1 ms | step 88.2 ms | 5808.2 samples/s
  step   700/1756 | loss 0.0108 | data 0.1 ms | step 88.2 ms | 5806.8 samples/s
  step   750/1756 | loss 0.0149 | data 0.1 ms | step 88.1 ms | 5810.0 samples/s
  step   800/1756 | loss 0.0268 | data 0.1 ms | step 88.0 ms | 5815.6 samples/s
  step   850/1756 | loss 0.0132 | data 0.1 ms | step 88.1 ms | 5814.6 samples/s
  step   900/1756 | loss 0.0166 | data 0.1 ms | step 88.1 ms | 5813.6 samples/s
  step   950/1756 | loss 0.0139 | data 0.1 ms | step 88.2 ms | 5805.2 samples/s
  step  1000/1756 | loss 0.0137 | data 0.1 ms | step 88.0 ms | 5818.0 samples/s
  step  1050/1756 | loss 0.0125 | data 0.1 ms | step 88.1 ms | 5812.9 samples/s
  step  1100/1756 | loss 0.0152 | data 0.1 ms | step 88.1 ms | 5813.2 samples/s
  step  1150/1756 | loss 0.0139 | data 0.1 ms | step 88.1 ms | 5810.0 samples/s
  step  1200/1756 | loss 0.0116 | data 0.1 ms | step 88.0 ms | 5814.9 samples/s
  step  1250/1756 | loss 0.0099 | data 0.1 ms | step 88.0 ms | 5815.9 samples/s
  step  1300/1756 | loss 0.0124 | data 0.1 ms | step 88.1 ms | 5812.1 samples/s
  step  1350/1756 | loss 0.0121 | data 0.1 ms | step 88.2 ms | 5806.3 samples/s
  step  1400/1756 | loss 0.0137 | data 0.1 ms | step 88.1 ms | 5812.1 samples/s
  step  1450/1756 | loss 0.0110 | data 0.1 ms | step 88.1 ms | 5810.4 samples/s
  step  1500/1756 | loss 0.0183 | data 0.1 ms | step 88.0 ms | 5814.9 samples/s
  step  1550/1756 | loss 0.0147 | data 0.1 ms | step 88.3 ms | 5801.6 samples/s
  step  1600/1756 | loss 0.0119 | data 0.1 ms | step 88.1 ms | 5811.4 samples/s
  step  1650/1756 | loss 0.0106 | data 0.1 ms | step 88.1 ms | 5814.5 samples/s
  step  1700/1756 | loss 0.0112 | data 0.1 ms | step 88.1 ms | 5812.4 samples/s
  step  1750/1756 | loss 0.0121 | data 0.5 ms | step 88.1 ms | 5814.8 samples/s
Training Loss: 0.012792 | data 0.1 ms | step 88.1 ms | 5811.2 samples/s
Peak GPU memory: 7324.6 MB
Validation Loss: 0.012093 | data 0.1 ms | step 44.7 ms | 11457.6 samples/s

Epoch 97/100
----------------------------------------
Learning Rate: 0.000039
Batch Size   : 512
  step    50/1756 | loss 0.0133 | data 0.7 ms | step 88.4 ms | 5793.6 samples/s
  step   100/1756 | loss 0.0104 | data 0.1 ms | step 88.3 ms | 5797.4 samples/s
  step   150/1756 | loss 0.0115 | data 0.1 ms | step 88.3 ms | 5799.4 samples/s
  step   200/1756 | loss 0.0118 | data 0.1 ms | step 88.3 ms | 5801.6 samples/s
  step   250/1756 | loss 0.0121 | data 0.1 ms | step 88.1 ms | 5809.2 samples/s
  step   300/1756 | loss 0.0111 | data 0.1 ms | step 88.2 ms | 5806.3 samples/s
  step   350/1756 | loss 0.0113 | data 0.1 ms | step 88.2 ms | 5802.0 samples/s
  step   400/1756 | loss 0.0137 | data 0.1 ms | step 88.1 ms | 5808.6 samples/s
  step   450/1756 | loss 0.0152 | data 0.1 ms | step 88.1 ms | 5808.8 samples/s
  step   500/1756 | loss 0.0130 | data 0.1 ms | step 88.2 ms | 5804.2 samples/s
  step   550/1756 | loss 0.0119 | data 0.1 ms | step 88.3 ms | 5799.9 samples/s
  step   600/1756 | loss 0.0130 | data 0.1 ms | step 88.0 ms | 5815.5 samples/s
  step   650/1756 | loss 0.0162 | data 0.1 ms | step 88.2 ms | 5805.6 samples/s
  step   700/1756 | loss 0.0159 | data 0.1 ms | step 88.3 ms | 5799.4 samples/s
  step   750/1756 | loss 0.0128 | data 0.1 ms | step 88.0 ms | 5817.6 samples/s
  step   800/1756 | loss 0.0244 | data 0.1 ms | step 88.0 ms | 5818.3 samples/s
  step   850/1756 | loss 0.0202 | data 0.1 ms | step 88.0 ms | 5815.0 samples/s
  step   900/1756 | loss 0.0156 | data 0.1 ms | step 88.3 ms | 5801.1 samples/s
  step   950/1756 | loss 0.0122 | data 0.1 ms | step 88.2 ms | 5807.7 samples/s
  step  1000/1756 | loss 0.0113 | data 0.1 ms | step 88.1 ms | 5809.8 samples/s
  step  1050/1756 | loss 0.0121 | data 0.1 ms | step 88.3 ms | 5801.2 samples/s
  step  1100/1756 | loss 0.0124 | data 0.1 ms | step 88.1 ms | 5808.6 samples/s
  step  1150/1756 | loss 0.0115 | data 0.1 ms | step 88.0 ms | 5815.0 samples/s
  step  1200/1756 | loss 0.0118 | data 0.1 ms | step 88.2 ms | 5807.3 samples/s
  step  1250/1756 | loss 0.0116 | data 0.1 ms | step 88.1 ms | 5810.5 samples/s
  step  1300/1756 | loss 0.0122 | data 0.1 ms | step 88.1 ms | 5811.5 samples/s
  step  1350/1756 | loss 0.0128 | data 0.1 ms | step 88.0 ms | 5816.3 samples/s
  step  1400/1756 | loss 0.0130 | data 0.1 ms | step 88.1 ms | 5813.9 samples/s
  step  1450/1756 | loss 0.0121 | data 0.1 ms | step 88.2 ms | 5807.2 samples/s
  step  1500/1756 | loss 0.0135 | data 0.1 ms | step 88.2 ms | 5805.1 samples/s
  step  1550/1756 | loss 0.0123 | data 0.1 ms | step 88.0 ms | 5819.0 samples/s
  step  1600/1756 | loss 0.0116 | data 0.1 ms | step 88.1 ms | 5814.7 samples/s
  step  1650/1756 | loss 0.0121 | data 0.1 ms | step 88.2 ms | 5804.8 samples/s
  step  1700/1756 | loss 0.0118 | data 0.1 ms | step 88.2 ms | 5805.2 samples/s
  step  1750/1756 | loss 0.0115 | data 0.5 ms | step 88.2 ms | 5807.9 samples/s
Training Loss: 0.013115 | data 0.1 ms | step 88.1 ms | 5807.6 samples/s
Peak GPU memory: 7324.6 MB
Validation Loss: 0.011428 | data 0.1 ms | step 44.7 ms | 11441.4 samples/s

Epoch 98/100
----------------------------------------
Learning Rate: 0.000039
Batch Size   : 512
  step    50/1756 | loss 0.0132 | data 0.7 ms | step 88.4 ms | 5794.7 samples/s
  step   100/1756 | loss 0.0097 | data 0.1 ms | step 88.2 ms | 5802.8 samples/s
  step   150/1756 | loss 0.0115 | data 0.1 ms | step 88.1 ms | 5809.4 samples/s
  step   200/1756 | loss 0.0120 | data 0.1 ms | step 88.0 ms | 5816.4 samples/s
  step   250/1756 | loss 0.0116 | data 0.1 ms | step 88.1 ms | 5813.1 samples/s
  step   300/1756 | loss 0.0105 | data 0.1 ms | step 88.1 ms | 5809.5 samples/s
  step   350/1756 | loss 0.0101 | data 0.1 ms | step 88.1 ms | 5811.5 samples/s
  step   400/1756 | loss 0.0128 | data 0.1 ms | step 88.2 ms | 5808.1 samples/s
  step   450/1756 | loss 0.0097 | data 0.1 ms | step 88.2 ms | 5803.7 samples/s
  step   500/1756 | loss 0.0104 | data 0.1 ms | step 88.2 ms | 5806.4 samples/s
  step   550/1756 | loss 0.0110 | data 0.1 ms | step 88.3 ms | 5799.9 samples/s
  step   600/1756 | loss 0.0114 | data 0.1 ms | step 88.2 ms | 5804.9 samples/s
  step   650/1756 | loss 0.0101 | data 0.1 ms | step 88.1 ms | 5809.0 samples/s
  step   700/1756 | loss 0.0121 | data 0.1 ms | step 88.2 ms | 5807.4 samples/s
  step   750/1756 | loss 0.0109 | data 0.1 ms | step 88.3 ms | 5796.8 samples/s
  step   800/1756 | loss 0.0099 | data 0.1 ms | step 88.3 ms | 5799.7 samples/s
  step   850/1756 | loss 0.0105 | data 0.1 ms | step 88.4 ms | 5794.2 samples/s
  step   900/1756 | loss 0.0107 | data 0.1 ms | step 88.2 ms | 5806.0 samples/s
  step   950/1756 | loss 0.0110 | data 0.1 ms | step 88.2 ms | 5807.8 samples/s
  step  1000/1756 | loss 0.0114 | data 0.1 ms | step 88.2 ms | 5803.9 samples/s
  step  1050/1756 | loss 0.0108 | data 0.1 ms | step 88.4 ms | 5794.0 samples/s
  step  1100/1756 | loss 0.0119 | data 0.1 ms | step 88.2 ms | 5805.7 samples/s
  step  1150/1756 | loss 0.0119 | data 0.1 ms | step 88.2 ms | 5804.7 samples/s
  step  1200/1756 | loss 0.0097 | data 0.1 ms | step 88.3 ms | 5801.4 samples/s
  step  1250/1756 | loss 0.0111 | data 0.1 ms | step 88.1 ms | 5811.2 samples/s
  step  1300/1756 | loss 0.0139 | data 0.1 ms | step 88.1 ms | 5810.9 samples/s
  step  1350/1756 | loss 0.0197 | data 0.1 ms | step 88.2 ms | 5804.5 samples/s
  step  1400/1756 | loss 0.0116 | data 0.1 ms | step 88.2 ms | 5801.7 samples/s
  step  1450/1756 | loss 0.0098 | data 0.1 ms | step 88.1 ms | 5811.1 samples/s
  step  1500/1756 | loss 0.0117 | data 0.1 ms | step 88.1 ms | 5809.3 samples/s
  step  1550/1756 | loss 0.0129 | data 0.1 ms | step 88.2 ms | 5804.7 samples/s
  step  1600/1756 | loss 0.0121 | data 0.1 ms | step 88.3 ms | 5796.3 samples/s
  step  1650/1756 | loss 0.0241 | data 0.1 ms | step 88.2 ms | 5806.9 samples/s
  step  1700/1756 | loss 0.0127 | data 0.1 ms | step 88.2 ms | 5803.6 samples/s
  step  1750/1756 | loss 0.0127 | data 0.5 ms | step 88.2 ms | 5803.2 samples/s
Training Loss: 0.011926 | data 0.1 ms | step 88.2 ms | 5804.9 samples/s
Peak GPU memory: 7324.6 MB
Validation Loss: 0.014087 | data 0.1 ms | step 44.7 ms | 11459.7 samples/s

Epoch 99/100
----------------------------------------
Learning Rate: 0.000039
Batch Size   : 512
  step    50/1756 | loss 0.0118 | data 0.7 ms | step 88.4 ms | 5789.7 samples/s
  step   100/1756 | loss 0.0105 | data 0.1 ms | step 88.3 ms | 5796.4 samples/s
  step   150/1756 | loss 0.0104 | data 0.1 ms | step 88.2 ms | 5802.5 samples/s
  step   200/1756 | loss 0.0126 | data 0.1 ms | step 88.2 ms | 5804.8 samples/s
  step   250/1756 | loss 0.0113 | data 0.1 ms | step 88.2 ms | 5807.1 samples/s
  step   300/1756 | loss 0.0121 | data 0.1 ms | step 88.1 ms | 5814.5 samples/s
  step   350/1756 | loss 0.0128 | data 0.1 ms | step 88.0 ms | 5815.7 samples/s
  step   400/1756 | loss 0.0146 | data 0.1 ms | step 88.1 ms | 5811.9 samples/s
  step   450/1756 | loss 0.0108 | data 0.1 ms | step 88.0 ms | 5817.4 samples/s
  step   500/1756 | loss 0.0113 | data 0.1 ms | step 88.1 ms | 5811.3 samples/s
  step   550/1756 | loss 0.0139 | data 0.1 ms | step 88.2 ms | 5806.7 samples/s
  step   600/1756 | loss 0.0094 | data 0.1 ms | step 88.2 ms | 5806.2 samples/s
  step   650/1756 | loss 0.0114 | data 0.1 ms | step 88.1 ms | 5808.3 samples/s
  step   700/1756 | loss 0.0105 | data 0.1 ms | step 88.0 ms | 5815.1 samples/s
  step   750/1756 | loss 0.0117 | data 0.1 ms | step 88.2 ms | 5806.4 samples/s
  step   800/1756 | loss 0.0120 | data 0.1 ms | step 88.1 ms | 5810.6 samples/s
  step   850/1756 | loss 0.0112 | data 0.1 ms | step 88.2 ms | 5806.1 samples/s
  step   900/1756 | loss 0.0097 | data 0.1 ms | step 88.1 ms | 5811.0 samples/s
  step   950/1756 | loss 0.0089 | data 0.1 ms | step 88.1 ms | 5809.7 samples/s
  step  1000/1756 | loss 0.0114 | data 0.1 ms | step 88.1 ms | 5811.3 samples/s
  step  1050/1756 | loss 0.0108 | data 0.1 ms | step 88.1 ms | 5808.3 samples/s
  step  1100/1756 | loss 0.0106 | data 0.1 ms | step 88.3 ms | 5800.7 samples/s
  step  1150/1756 | loss 0.0114 | data 0.1 ms | step 88.3 ms | 5801.1 samples/s
  step  1200/1756 | loss 0.0131 | data 0.1 ms | step 88.4 ms | 5790.1 samples/s
  step  1250/1756 | loss 0.0112 | data 0.1 ms | step 88.2 ms | 5805.3 samples/s
  step  1300/1756 | loss 0.0089 | data 0.1 ms | step 88.2 ms | 5802.3 samples/s
  step  1350/1756 | loss 0.0109 | data 0.1 ms | step 88.2 ms | 5802.7 samples/s
  step  1400/1756 | loss 0.0098 | data 0.1 ms | step 88.3 ms | 5798.1 samples/s
  step  1450/1756 | loss 0.0097 | data 0.1 ms | step 88.3 ms | 5798.6 samples/s
  step  1500/1756 | loss 0.0098 | data 0.1 ms | step 88.2 ms | 5806.7 samples/s
  step  1550/1756 | loss 0.0110 | data 0.1 ms | step 88.2 ms | 5803.7 samples/s
  step  1600/1756 | loss 0.0106 | data 0.1 ms | step 88.4 ms | 5794.6 samples/s
  step  1650/1756 | loss 0.0107 | data 0.1 ms | step 88.2 ms | 5807.7 samples/s
  step  1700/1756 | loss 0.0127 | data 0.1 ms | step 88.2 ms | 5805.5 samples/s
  step  1750/1756 | loss 0.0099 | data 0.5 ms | step 88.2 ms | 5803.3 samples/s
Training Loss: 0.011122 | data 0.1 ms | step 88.1 ms | 5805.5 samples/s
Peak GPU memory: 7324.6 MB
Validation Loss: 0.011277 | data 0.1 ms | step 44.8 ms | 11430.2 samples/s

Epoch 100/100
----------------------------------------
Learning Rate: 0.000039
Batch Size   : 512
  step    50/1756 | loss 0.0094 | data 0.6 ms | step 88.5 ms | 5788.4 samples/s
  step   100/1756 | loss 0.0089 | data 0.1 ms | step 88.3 ms | 5801.1 samples/s
  step   150/1756 | loss 0.0108 | data 0.1 ms | step 88.1 ms | 5808.4 samples/s
  step   200/1756 | loss 0.0114 | data 0.1 ms | step 88.1 ms | 5811.1 samples/s
  step   250/1756 | loss 0.0129 | data 0.1 ms | step 88.0 ms | 5815.1 samples/s
  step   300/1756 | loss 0.0162 | data 0.1 ms | step 88.1 ms | 5813.2 samples/s
  step   350/1756 | loss 0.0111 | data 0.1 ms | step 88.2 ms | 5804.4 samples/s
  step   400/1756 | loss 0.0165 | data 0.1 ms | step 88.3 ms | 5801.2 samples/s
  step   450/1756 | loss 0.0178 | data 0.1 ms | step 88.2 ms | 5802.6 samples/s
  step   500/1756 | loss 0.0152 | data 0.1 ms | step 88.2 ms | 5804.8 samples/s
  step   550/1756 | loss 0.0117 | data 0.1 ms | step 88.3 ms | 5799.8 samples/s
  step   600/1756 | loss 0.0121 | data 0.1 ms | step 88.2 ms | 5806.8 samples/s
  step   650/1756 | loss 0.0106 | data 0.1 ms | step 88.1 ms | 5808.5 samples/s
  step   700/1756 | loss 0.0104 | data 0.1 ms | step 88.4 ms | 5795.1 samples/s
  step   750/1756 | loss 0.0157 | data 0.1 ms | step 88.2 ms | 5808.2 samples/s
  step   800/1756 | loss 0.0122 | data 0.1 ms | step 87.9 ms | 5825.4 samples/s
  step   850/1756 | loss 0.0112 | data 0.1 ms | step 88.2 ms | 5805.8 samples/s
  step   900/1756 | loss 0.0151 | data 0.1 ms | step 88.1 ms | 5810.9 samples/s
  step   950/1756 | loss 0.0122 | data 0.1 ms | step 88.1 ms | 5813.6 samples/s
  step  1000/1756 | loss 0.0117 | data 0.1 ms | step 88.1 ms | 5808.4 samples/s
  step  1050/1756 | loss 0.0107 | data 0.1 ms | step 88.2 ms | 5805.2 samples/s
  step  1100/1756 | loss 0.0115 | data 0.1 ms | step 88.0 ms | 5816.5 samples/s
  step  1150/1756 | loss 0.0185 | data 0.1 ms | step 88.1 ms | 5812.5 samples/s
  step  1200/1756 | loss 0.0132 | data 0.1 ms | step 88.1 ms | 5809.4 samples/s
  step  1250/1756 | loss 0.0130 | data 0.1 ms | step 88.1 ms | 5810.1 samples/s
  step  1300/1756 | loss 0.0122 | data 0.1 ms | step 88.2 ms | 5806.2 samples/s
  step  1350/1756 | loss 0.0117 | data 0.1 ms | step 88.2 ms | 5803.8 samples/s
  step  1400/1756 | loss 0.0107 | data 0.1 ms | step 88.2 ms | 5806.3 samples/s
  step  1450/1756 | loss 0.0115 | data 0.1 ms | step 88.3 ms | 5796.0 samples/s
  step  1500/1756 | loss 0.0114 | data 0.1 ms | step 88.3 ms | 5801.6 samples/s
  step  1550/1756 | loss 0.0102 | data 0.1 ms | step 88.2 ms | 5803.9 samples/s
  step  1600/1756 | loss 0.0101 | data 0.1 ms | step 88.2 ms | 5804.1 samples/s
  step  1650/1756 | loss 0.0103 | data 0.1 ms | step 88.3 ms | 5800.8 samples/s
  step  1700/1756 | loss 0.0122 | data 0.1 ms | step 88.2 ms | 5803.9 samples/s
  step  1750/1756 | loss 0.0121 | data 0.5 ms | step 88.2 ms | 5802.8 samples/s
Training Loss: 0.012346 | data 0.1 ms | step 88.1 ms | 5806.1 samples/s
Peak GPU memory: 7324.6 MB
Validation Loss: 0.011141 | data 0.1 ms | step 44.7 ms | 11456.5 samples/s

Test Loss: 0.013347 | data 154.8 ms | step 26.8 ms | 37.3 samples/s

Final model saved to: mask_aware_tf/mat_vit_lwm_weights.pth
