============================================================
MAT Pseudo-Grid LWM (Method 2: 8×16) — Pre-training
============================================================
Log file    : mask_aware_tf/mat_pseudo_lwm_weights.log
Device      : cuda
Scenarios   : ['O1_3p5_v1', 'O1_3p5_v2', 'Boston5G_3p5', 'asu_campus1']
AMP         : disabled
Epochs      : 100
Batch size  : 512
LR          : 0.0001 | Weight decay: 1e-05
Scheduler   : StepLR(step=10, gamma=0.9)
Mask ratio  : 0.15
Save path   : mask_aware_tf/mat_pseudo_lwm_weights.pth
------------------------------------------------------------
Dataset — train: 898605, val: 224651, test: 1
============================================================

Epoch 1/100
----------------------------------------
Learning Rate: 0.000100
  step    50/1756 | loss 140.3902 | data 27.9 ms | step 88.3 ms | 5801.4 samples/s
  step   100/1756 | loss 109.4437 | data 0.2 ms | step 117.3 ms | 4363.4 samples/s
  step   150/1756 | loss 85.8285 | data 0.2 ms | step 87.0 ms | 5885.1 samples/s
  step   200/1756 | loss 68.1983 | data 0.1 ms | step 69.2 ms | 7399.3 samples/s
  step   250/1756 | loss 60.7034 | data 0.2 ms | step 125.9 ms | 4066.7 samples/s
  step   300/1756 | loss 48.8506 | data 0.2 ms | step 88.9 ms | 5761.5 samples/s
  step   350/1756 | loss 45.4889 | data 0.2 ms | step 77.8 ms | 6581.9 samples/s
  step   400/1756 | loss 37.7325 | data 0.2 ms | step 122.4 ms | 4181.9 samples/s
  step   450/1756 | loss 28.6892 | data 0.2 ms | step 83.3 ms | 6143.2 samples/s
  step   500/1756 | loss 22.5352 | data 0.2 ms | step 71.7 ms | 7145.7 samples/s
  step   550/1756 | loss 20.1574 | data 0.2 ms | step 123.2 ms | 4156.0 samples/s
  step   600/1756 | loss 19.3686 | data 0.2 ms | step 90.6 ms | 5650.9 samples/s
  step   650/1756 | loss 18.7414 | data 0.2 ms | step 63.0 ms | 8121.0 samples/s
  step   700/1756 | loss 18.8099 | data 0.2 ms | step 127.2 ms | 4024.2 samples/s
  step   750/1756 | loss 17.5469 | data 0.2 ms | step 98.0 ms | 5226.3 samples/s
  step   800/1756 | loss 17.0430 | data 0.2 ms | step 58.8 ms | 8709.4 samples/s
  step   850/1756 | loss 17.3308 | data 0.2 ms | step 120.9 ms | 4235.8 samples/s
  step   900/1756 | loss 16.6454 | data 0.2 ms | step 100.1 ms | 5114.6 samples/s
  step   950/1756 | loss 17.0924 | data 0.1 ms | step 56.3 ms | 9098.3 samples/s
  step  1000/1756 | loss 16.7523 | data 0.2 ms | step 121.5 ms | 4213.1 samples/s
  step  1050/1756 | loss 15.8688 | data 0.2 ms | step 104.0 ms | 4922.8 samples/s
  step  1100/1756 | loss 15.8296 | data 0.2 ms | step 56.7 ms | 9037.5 samples/s
  step  1150/1756 | loss 16.0309 | data 0.2 ms | step 104.2 ms | 4915.7 samples/s
  step  1200/1756 | loss 15.4180 | data 0.2 ms | step 112.8 ms | 4540.3 samples/s
  step  1250/1756 | loss 15.2914 | data 0.2 ms | step 64.1 ms | 7986.2 samples/s
  step  1300/1756 | loss 14.7979 | data 0.1 ms | step 103.2 ms | 4959.2 samples/s
  step  1350/1756 | loss 14.3926 | data 0.2 ms | step 124.1 ms | 4124.1 samples/s
  step  1400/1756 | loss 13.4649 | data 0.2 ms | step 56.6 ms | 9048.8 samples/s
  step  1450/1756 | loss 13.6674 | data 0.2 ms | step 112.7 ms | 4543.9 samples/s
  step  1500/1756 | loss 12.9416 | data 0.1 ms | step 109.5 ms | 4676.4 samples/s
  step  1550/1756 | loss 12.9263 | data 0.1 ms | step 59.1 ms | 8659.6 samples/s
  step  1600/1756 | loss 12.8187 | data 0.2 ms | step 87.4 ms | 5859.1 samples/s
  step  1650/1756 | loss 12.7287 | data 0.2 ms | step 127.4 ms | 4018.1 samples/s
  step  1700/1756 | loss 12.4359 | data 0.1 ms | step 66.1 ms | 7744.7 samples/s
  step  1750/1756 | loss 12.5888 | data 0.8 ms | step 91.8 ms | 5576.5 samples/s
Training Loss: 29.609047 | 5468.1 samples/s
Peak GPU memory: 1710.9 MB
Validation Loss: 12.181728 | 7386.9 samples/s

Epoch 2/100
----------------------------------------
Learning Rate: 0.000100
  step    50/1756 | loss 12.0476 | data 1.0 ms | step 84.7 ms | 6042.1 samples/s
  step   100/1756 | loss 11.9966 | data 0.1 ms | step 56.1 ms | 9127.7 samples/s
  step   150/1756 | loss 11.5181 | data 0.2 ms | step 100.5 ms | 5094.1 samples/s
  step   200/1756 | loss 11.0785 | data 0.2 ms | step 106.3 ms | 4817.0 samples/s
  step   250/1756 | loss 10.7881 | data 0.2 ms | step 64.7 ms | 7911.9 samples/s
  step   300/1756 | loss 10.8226 | data 0.1 ms | step 70.1 ms | 7301.5 samples/s
  step   350/1756 | loss 10.8406 | data 0.2 ms | step 97.7 ms | 5239.8 samples/s
  step   400/1756 | loss 10.6508 | data 0.2 ms | step 99.6 ms | 5139.5 samples/s
  step   450/1756 | loss 10.1513 | data 0.1 ms | step 54.3 ms | 9435.5 samples/s
  step   500/1756 | loss 10.5101 | data 0.1 ms | step 77.7 ms | 6588.0 samples/s
  step   550/1756 | loss 9.6112 | data 0.2 ms | step 103.4 ms | 4953.8 samples/s
  step   600/1756 | loss 9.5052 | data 0.2 ms | step 82.5 ms | 6204.8 samples/s
  step   650/1756 | loss 9.6461 | data 0.1 ms | step 55.7 ms | 9199.7 samples/s
  step   700/1756 | loss 9.4592 | data 0.2 ms | step 108.2 ms | 4730.5 samples/s
  step   750/1756 | loss 8.7025 | data 0.2 ms | step 107.3 ms | 4772.2 samples/s
  step   800/1756 | loss 8.5816 | data 0.1 ms | step 59.8 ms | 8562.3 samples/s
  step   850/1756 | loss 8.4685 | data 0.1 ms | step 75.5 ms | 6785.5 samples/s
  step   900/1756 | loss 8.5521 | data 0.2 ms | step 106.0 ms | 4828.9 samples/s
  step   950/1756 | loss 8.1650 | data 0.2 ms | step 84.4 ms | 6069.3 samples/s
  step  1000/1756 | loss 8.2774 | data 0.1 ms | step 56.3 ms | 9094.3 samples/s
  step  1050/1756 | loss 8.0369 | data 0.1 ms | step 102.9 ms | 4977.8 samples/s
  step  1100/1756 | loss 8.2599 | data 0.1 ms | step 117.4 ms | 4360.5 samples/s
  step  1150/1756 | loss 7.9699 | data 0.1 ms | step 59.1 ms | 8665.9 samples/s
  step  1200/1756 | loss 7.5831 | data 0.1 ms | step 75.3 ms | 6800.5 samples/s
  step  1250/1756 | loss 7.5218 | data 0.2 ms | step 106.9 ms | 4790.7 samples/s
  step  1300/1756 | loss 7.4138 | data 0.2 ms | step 81.6 ms | 6274.1 samples/s
  step  1350/1756 | loss 7.2225 | data 0.2 ms | step 55.9 ms | 9153.2 samples/s
  step  1400/1756 | loss 6.9858 | data 0.2 ms | step 103.2 ms | 4959.7 samples/s
  step  1450/1756 | loss 7.3072 | data 0.2 ms | step 104.0 ms | 4920.8 samples/s
  step  1500/1756 | loss 7.4995 | data 0.1 ms | step 65.0 ms | 7875.6 samples/s
  step  1550/1756 | loss 7.1279 | data 0.1 ms | step 68.2 ms | 7505.6 samples/s
  step  1600/1756 | loss 7.1916 | data 0.2 ms | step 109.2 ms | 4690.1 samples/s
  step  1650/1756 | loss 7.2949 | data 0.1 ms | step 91.6 ms | 5592.3 samples/s
  step  1700/1756 | loss 6.7886 | data 0.2 ms | step 56.4 ms | 9076.7 samples/s
  step  1750/1756 | loss 6.8055 | data 0.9 ms | step 96.9 ms | 5281.2 samples/s
Training Loss: 8.865177 | 6079.8 samples/s
Peak GPU memory: 1233.8 MB
Validation Loss: 6.979021 | 7938.7 samples/s

Epoch 3/100
----------------------------------------
Learning Rate: 0.000100
  step    50/1756 | loss 6.5913 | data 0.9 ms | step 102.5 ms | 4995.2 samples/s
  step   100/1756 | loss 6.7048 | data 0.1 ms | step 79.2 ms | 6461.5 samples/s
  step   150/1756 | loss 6.7090 | data 0.2 ms | step 56.3 ms | 9093.3 samples/s
  step   200/1756 | loss 6.7323 | data 0.2 ms | step 108.5 ms | 4720.5 samples/s
  step   250/1756 | loss 6.4078 | data 0.2 ms | step 118.1 ms | 4336.9 samples/s
  step   300/1756 | loss 6.6503 | data 0.2 ms | step 64.2 ms | 7978.8 samples/s
  step   350/1756 | loss 6.3112 | data 0.1 ms | step 94.6 ms | 5411.6 samples/s
  step   400/1756 | loss 6.3178 | data 0.2 ms | step 128.9 ms | 3973.1 samples/s
  step   450/1756 | loss 6.4058 | data 0.1 ms | step 66.6 ms | 7682.8 samples/s
  step   500/1756 | loss 6.5478 | data 0.1 ms | step 81.4 ms | 6287.4 samples/s
  step   550/1756 | loss 6.1426 | data 0.2 ms | step 121.0 ms | 4230.7 samples/s
  step   600/1756 | loss 6.3124 | data 0.2 ms | step 83.9 ms | 6103.4 samples/s
  step   650/1756 | loss 6.0098 | data 0.1 ms | step 65.9 ms | 7771.4 samples/s
  step   700/1756 | loss 5.9593 | data 0.2 ms | step 128.9 ms | 3972.9 samples/s
  step   750/1756 | loss 6.0839 | data 0.2 ms | step 92.0 ms | 5566.1 samples/s
  step   800/1756 | loss 6.1571 | data 0.1 ms | step 57.3 ms | 8936.9 samples/s
  step   850/1756 | loss 6.2306 | data 0.2 ms | step 110.9 ms | 4617.9 samples/s
  step   900/1756 | loss 6.1793 | data 0.2 ms | step 111.4 ms | 4594.9 samples/s
  step   950/1756 | loss 6.3617 | data 0.2 ms | step 66.5 ms | 7698.3 samples/s
  step  1000/1756 | loss 6.0074 | data 0.2 ms | step 79.5 ms | 6437.7 samples/s
  step  1050/1756 | loss 5.4347 | data 0.2 ms | step 118.0 ms | 4337.7 samples/s
  step  1100/1756 | loss 5.8029 | data 0.2 ms | step 83.9 ms | 6100.6 samples/s
  step  1150/1756 | loss 5.6098 | data 0.2 ms | step 66.4 ms | 7716.5 samples/s
  step  1200/1756 | loss 5.5559 | data 0.2 ms | step 114.0 ms | 4492.0 samples/s
  step  1250/1756 | loss 5.7170 | data 0.2 ms | step 102.1 ms | 5012.3 samples/s
  step  1300/1756 | loss 5.3923 | data 0.1 ms | step 56.7 ms | 9031.1 samples/s
  step  1350/1756 | loss 5.3980 | data 0.2 ms | step 85.9 ms | 5962.2 samples/s
  step  1400/1756 | loss 5.1796 | data 0.1 ms | step 103.9 ms | 4925.7 samples/s
  step  1450/1756 | loss 5.4078 | data 0.2 ms | step 77.9 ms | 6570.9 samples/s
  step  1500/1756 | loss 5.5213 | data 0.2 ms | step 59.9 ms | 8543.9 samples/s
  step  1550/1756 | loss 5.5649 | data 0.1 ms | step 101.5 ms | 5044.7 samples/s
  step  1600/1756 | loss 5.1083 | data 0.1 ms | step 103.1 ms | 4963.8 samples/s
  step  1650/1756 | loss 5.1021 | data 0.2 ms | step 62.6 ms | 8182.9 samples/s
  step  1700/1756 | loss 4.9136 | data 0.1 ms | step 70.8 ms | 7232.3 samples/s
  step  1750/1756 | loss 4.9949 | data 1.0 ms | step 110.1 ms | 4651.7 samples/s
Training Loss: 5.925343 | 5712.3 samples/s
Peak GPU memory: 1233.8 MB
Validation Loss: 5.091316 | 7337.1 samples/s

Epoch 4/100
----------------------------------------
Learning Rate: 0.000100
  step    50/1756 | loss 5.2040 | data 0.8 ms | step 76.1 ms | 6726.6 samples/s
  step   100/1756 | loss 4.9390 | data 0.2 ms | step 53.7 ms | 9534.1 samples/s
  step   150/1756 | loss 5.0570 | data 0.2 ms | step 107.6 ms | 4758.0 samples/s
  step   200/1756 | loss 5.0309 | data 0.2 ms | step 104.3 ms | 4909.8 samples/s
  step   250/1756 | loss 4.8600 | data 0.2 ms | step 63.9 ms | 8014.8 samples/s
  step   300/1756 | loss 4.7316 | data 0.1 ms | step 72.2 ms | 7093.7 samples/s
  step   350/1756 | loss 4.9936 | data 0.2 ms | step 104.7 ms | 4891.4 samples/s
  step   400/1756 | loss 4.7944 | data 0.2 ms | step 92.8 ms | 5519.0 samples/s
  step   450/1756 | loss 5.0814 | data 0.2 ms | step 56.9 ms | 9003.0 samples/s
  step   500/1756 | loss 5.1025 | data 0.2 ms | step 90.4 ms | 5663.2 samples/s
  step   550/1756 | loss 4.8629 | data 0.2 ms | step 106.1 ms | 4826.8 samples/s
  step   600/1756 | loss 4.5997 | data 0.1 ms | step 75.2 ms | 6805.1 samples/s
  step   650/1756 | loss 4.6592 | data 0.2 ms | step 65.6 ms | 7800.8 samples/s
  step   700/1756 | loss 4.4024 | data 0.2 ms | step 120.4 ms | 4253.0 samples/s
  step   750/1756 | loss 4.5996 | data 0.2 ms | step 103.7 ms | 4938.3 samples/s
  step   800/1756 | loss 4.5809 | data 0.1 ms | step 57.8 ms | 8860.8 samples/s
  step   850/1756 | loss 4.7770 | data 0.2 ms | step 103.4 ms | 4952.1 samples/s
  step   900/1756 | loss 4.3986 | data 0.2 ms | step 111.7 ms | 4584.3 samples/s
  step   950/1756 | loss 4.7281 | data 0.2 ms | step 70.8 ms | 7229.4 samples/s
  step  1000/1756 | loss 4.1557 | data 0.1 ms | step 74.8 ms | 6844.2 samples/s
  step  1050/1756 | loss 4.4717 | data 0.2 ms | step 110.4 ms | 4636.3 samples/s
  step  1100/1756 | loss 4.3620 | data 0.2 ms | step 86.5 ms | 5917.1 samples/s
  step  1150/1756 | loss 4.2001 | data 0.1 ms | step 53.5 ms | 9578.2 samples/s
  step  1200/1756 | loss 4.4545 | data 0.2 ms | step 108.9 ms | 4700.6 samples/s
  step  1250/1756 | loss 4.2197 | data 0.2 ms | step 105.6 ms | 4847.4 samples/s
  step  1300/1756 | loss 4.2146 | data 0.2 ms | step 64.8 ms | 7905.4 samples/s
  step  1350/1756 | loss 4.1226 | data 0.1 ms | step 74.2 ms | 6902.1 samples/s
  step  1400/1756 | loss 4.0422 | data 0.2 ms | step 104.0 ms | 4923.4 samples/s
  step  1450/1756 | loss 4.2079 | data 0.1 ms | step 86.9 ms | 5892.6 samples/s
  step  1500/1756 | loss 4.0561 | data 0.2 ms | step 56.4 ms | 9071.0 samples/s
  step  1550/1756 | loss 4.0487 | data 0.1 ms | step 89.9 ms | 5695.0 samples/s
  step  1600/1756 | loss 4.0367 | data 0.2 ms | step 113.9 ms | 4494.0 samples/s
  step  1650/1756 | loss 4.2031 | data 0.1 ms | step 69.5 ms | 7365.3 samples/s
  step  1700/1756 | loss 3.8715 | data 0.2 ms | step 67.2 ms | 7621.8 samples/s
  step  1750/1756 | loss 3.8822 | data 0.9 ms | step 113.4 ms | 4513.8 samples/s
Training Loss: 4.507215 | 5934.9 samples/s
Peak GPU memory: 1233.8 MB
Validation Loss: 3.891929 | 7098.0 samples/s

Epoch 5/100
----------------------------------------
Learning Rate: 0.000100
  step    50/1756 | loss 4.1011 | data 0.9 ms | step 65.2 ms | 7855.8 samples/s
  step   100/1756 | loss 3.8648 | data 0.2 ms | step 72.6 ms | 7048.5 samples/s
  step   150/1756 | loss 4.1349 | data 0.2 ms | step 106.7 ms | 4799.2 samples/s
  step   200/1756 | loss 3.7931 | data 0.2 ms | step 89.1 ms | 5747.1 samples/s
  step   250/1756 | loss 3.9057 | data 0.2 ms | step 57.9 ms | 8845.6 samples/s
  step   300/1756 | loss 3.7438 | data 0.2 ms | step 122.1 ms | 4191.8 samples/s
  step   350/1756 | loss 3.5212 | data 0.2 ms | step 111.5 ms | 4592.2 samples/s
  step   400/1756 | loss 3.9513 | data 0.2 ms | step 55.4 ms | 9238.6 samples/s
  step   450/1756 | loss 3.6619 | data 0.2 ms | step 82.1 ms | 6234.9 samples/s
  step   500/1756 | loss 3.7341 | data 0.2 ms | step 110.4 ms | 4637.6 samples/s
  step   550/1756 | loss 3.5942 | data 0.2 ms | step 77.2 ms | 6632.2 samples/s
  step   600/1756 | loss 3.7037 | data 0.2 ms | step 72.5 ms | 7061.2 samples/s
  step   650/1756 | loss 3.4358 | data 0.2 ms | step 102.7 ms | 4985.4 samples/s
  step   700/1756 | loss 3.7329 | data 0.2 ms | step 102.2 ms | 5008.9 samples/s
  step   750/1756 | loss 3.7664 | data 0.2 ms | step 55.8 ms | 9168.1 samples/s
  step   800/1756 | loss 3.4334 | data 0.2 ms | step 82.5 ms | 6204.4 samples/s
  step   850/1756 | loss 3.8379 | data 0.2 ms | step 108.6 ms | 4715.6 samples/s
  step   900/1756 | loss 3.4317 | data 0.2 ms | step 78.0 ms | 6565.3 samples/s
  step   950/1756 | loss 3.5289 | data 0.1 ms | step 55.6 ms | 9216.8 samples/s
  step  1000/1756 | loss 3.5402 | data 0.2 ms | step 113.6 ms | 4506.8 samples/s
  step  1050/1756 | loss 3.4128 | data 0.2 ms | step 106.3 ms | 4817.1 samples/s
  step  1100/1756 | loss 3.4501 | data 0.2 ms | step 59.9 ms | 8545.8 samples/s
  step  1150/1756 | loss 3.4463 | data 0.1 ms | step 73.0 ms | 7013.0 samples/s
  step  1200/1756 | loss 3.4741 | data 0.2 ms | step 115.1 ms | 4448.4 samples/s
  step  1250/1756 | loss 3.2847 | data 0.2 ms | step 88.2 ms | 5807.2 samples/s
  step  1300/1756 | loss 3.1059 | data 0.2 ms | step 67.5 ms | 7585.8 samples/s
  step  1350/1756 | loss 3.1609 | data 0.2 ms | step 116.1 ms | 4409.7 samples/s
  step  1400/1756 | loss 3.3232 | data 0.1 ms | step 94.3 ms | 5431.3 samples/s
  step  1450/1756 | loss 3.3071 | data 0.1 ms | step 56.0 ms | 9148.9 samples/s
  step  1500/1756 | loss 2.9665 | data 0.1 ms | step 90.9 ms | 5630.9 samples/s
  step  1550/1756 | loss 3.0322 | data 0.2 ms | step 103.4 ms | 4951.8 samples/s
  step  1600/1756 | loss 3.3794 | data 0.2 ms | step 76.5 ms | 6688.6 samples/s
  step  1650/1756 | loss 3.1934 | data 0.1 ms | step 65.9 ms | 7772.1 samples/s
  step  1700/1756 | loss 3.1661 | data 0.2 ms | step 108.0 ms | 4740.4 samples/s
  step  1750/1756 | loss 3.2797 | data 0.8 ms | step 100.7 ms | 5082.9 samples/s
Training Loss: 3.523841 | 5897.4 samples/s
Peak GPU memory: 1233.8 MB
Validation Loss: 3.139533 | 7474.1 samples/s

Epoch 6/100
----------------------------------------
Learning Rate: 0.000100
  step    50/1756 | loss 3.1940 | data 0.7 ms | step 60.2 ms | 8505.8 samples/s
  step   100/1756 | loss 3.3090 | data 0.2 ms | step 117.8 ms | 4347.9 samples/s
  step   150/1756 | loss 3.0029 | data 0.2 ms | step 121.1 ms | 4228.0 samples/s
  step   200/1756 | loss 3.0151 | data 0.2 ms | step 60.1 ms | 8518.8 samples/s
  step   250/1756 | loss 3.0330 | data 0.2 ms | step 120.8 ms | 4238.1 samples/s
  step   300/1756 | loss 3.0324 | data 0.2 ms | step 116.1 ms | 4410.5 samples/s
  step   350/1756 | loss 3.0473 | data 0.2 ms | step 61.3 ms | 8346.6 samples/s
  step   400/1756 | loss 3.0143 | data 0.2 ms | step 131.6 ms | 3890.5 samples/s
  step   450/1756 | loss 2.9425 | data 0.2 ms | step 109.8 ms | 4662.3 samples/s
  step   500/1756 | loss 2.9746 | data 0.2 ms | step 66.0 ms | 7754.7 samples/s
  step   550/1756 | loss 3.0368 | data 0.2 ms | step 130.6 ms | 3919.1 samples/s
  step   600/1756 | loss 2.7490 | data 0.2 ms | step 97.2 ms | 5270.0 samples/s
  step   650/1756 | loss 2.7352 | data 0.2 ms | step 68.5 ms | 7473.8 samples/s
  step   700/1756 | loss 2.9027 | data 0.2 ms | step 117.5 ms | 4356.0 samples/s
  step   750/1756 | loss 2.7817 | data 0.2 ms | step 107.1 ms | 4780.9 samples/s
  step   800/1756 | loss 2.7304 | data 0.2 ms | step 59.7 ms | 8577.1 samples/s
  step   850/1756 | loss 2.8240 | data 0.2 ms | step 139.9 ms | 3660.6 samples/s
  step   900/1756 | loss 2.8374 | data 0.2 ms | step 97.3 ms | 5259.5 samples/s
  step   950/1756 | loss 2.8161 | data 0.1 ms | step 68.3 ms | 7500.4 samples/s
  step  1000/1756 | loss 2.6643 | data 0.2 ms | step 134.5 ms | 3807.9 samples/s
  step  1050/1756 | loss 3.0200 | data 0.2 ms | step 93.3 ms | 5487.6 samples/s
  step  1100/1756 | loss 2.7354 | data 0.2 ms | step 65.5 ms | 7817.0 samples/s
  step  1150/1756 | loss 2.5490 | data 0.2 ms | step 138.1 ms | 3708.4 samples/s
  step  1200/1756 | loss 2.8350 | data 0.2 ms | step 96.6 ms | 5300.9 samples/s
  step  1250/1756 | loss 2.8534 | data 0.2 ms | step 69.8 ms | 7330.8 samples/s
  step  1300/1756 | loss 2.7013 | data 0.2 ms | step 127.2 ms | 4026.0 samples/s
  step  1350/1756 | loss 2.6533 | data 0.2 ms | step 98.2 ms | 5214.5 samples/s
  step  1400/1756 | loss 2.6643 | data 0.2 ms | step 61.8 ms | 8289.7 samples/s
  step  1450/1756 | loss 2.5661 | data 0.2 ms | step 137.0 ms | 3738.3 samples/s
  step  1500/1756 | loss 2.5398 | data 0.2 ms | step 102.6 ms | 4989.0 samples/s
  step  1550/1756 | loss 2.7427 | data 0.1 ms | step 66.7 ms | 7680.5 samples/s
  step  1600/1756 | loss 2.5952 | data 0.2 ms | step 125.6 ms | 4075.7 samples/s
  step  1650/1756 | loss 2.8089 | data 0.2 ms | step 101.0 ms | 5071.0 samples/s
  step  1700/1756 | loss 2.6090 | data 0.1 ms | step 69.0 ms | 7418.8 samples/s
  step  1750/1756 | loss 2.8159 | data 0.9 ms | step 125.5 ms | 4080.7 samples/s
Training Loss: 2.836617 | 5168.7 samples/s
Peak GPU memory: 1233.8 MB
Validation Loss: 2.593278 | 6753.1 samples/s

Epoch 7/100
----------------------------------------
Learning Rate: 0.000100
  step    50/1756 | loss 2.5119 | data 1.1 ms | step 57.9 ms | 8839.9 samples/s
  step   100/1756 | loss 2.4761 | data 0.2 ms | step 110.3 ms | 4642.6 samples/s
  step   150/1756 | loss 2.5743 | data 0.2 ms | step 119.3 ms | 4292.0 samples/s
  step   200/1756 | loss 2.5309 | data 0.2 ms | step 61.8 ms | 8285.7 samples/s
  step   250/1756 | loss 2.6130 | data 0.2 ms | step 92.6 ms | 5527.1 samples/s
  step   300/1756 | loss 2.5884 | data 0.2 ms | step 136.3 ms | 3756.0 samples/s
  step   350/1756 | loss 2.5664 | data 0.2 ms | step 71.8 ms | 7134.6 samples/s
  step   400/1756 | loss 2.5088 | data 0.2 ms | step 91.8 ms | 5576.8 samples/s
  step   450/1756 | loss 2.5678 | data 0.2 ms | step 121.0 ms | 4231.4 samples/s
  step   500/1756 | loss 2.4389 | data 0.2 ms | step 76.6 ms | 6680.5 samples/s
  step   550/1756 | loss 2.4618 | data 0.2 ms | step 69.4 ms | 7375.2 samples/s
  step   600/1756 | loss 2.4604 | data 0.2 ms | step 124.5 ms | 4112.1 samples/s
  step   650/1756 | loss 2.2351 | data 0.2 ms | step 94.2 ms | 5437.0 samples/s
  step   700/1756 | loss 2.5441 | data 0.2 ms | step 62.1 ms | 8240.0 samples/s
  step   750/1756 | loss 2.4086 | data 0.2 ms | step 104.3 ms | 4907.1 samples/s
  step   800/1756 | loss 2.3954 | data 0.2 ms | step 125.6 ms | 4076.3 samples/s
  step   850/1756 | loss 2.4927 | data 0.2 ms | step 58.7 ms | 8723.6 samples/s
  step   900/1756 | loss 2.3949 | data 0.1 ms | step 80.7 ms | 6343.0 samples/s
  step   950/1756 | loss 2.4088 | data 0.2 ms | step 118.3 ms | 4328.7 samples/s
  step  1000/1756 | loss 2.4173 | data 0.2 ms | step 79.6 ms | 6433.7 samples/s
  step  1050/1756 | loss 2.3624 | data 0.2 ms | step 61.5 ms | 8326.6 samples/s
  step  1100/1756 | loss 2.3314 | data 0.2 ms | step 115.0 ms | 4452.4 samples/s
  step  1150/1756 | loss 2.5307 | data 0.2 ms | step 107.9 ms | 4746.1 samples/s
  step  1200/1756 | loss 2.2570 | data 0.1 ms | step 56.9 ms | 9002.6 samples/s
  step  1250/1756 | loss 2.3174 | data 0.2 ms | step 88.2 ms | 5804.5 samples/s
  step  1300/1756 | loss 2.2169 | data 0.2 ms | step 109.2 ms | 4689.8 samples/s
  step  1350/1756 | loss 2.3524 | data 0.2 ms | step 75.2 ms | 6807.2 samples/s
  step  1400/1756 | loss 2.2325 | data 0.2 ms | step 64.4 ms | 7956.4 samples/s
  step  1450/1756 | loss 2.3030 | data 0.2 ms | step 108.1 ms | 4737.0 samples/s
  step  1500/1756 | loss 2.3568 | data 0.2 ms | step 107.9 ms | 4745.4 samples/s
  step  1550/1756 | loss 2.0977 | data 0.2 ms | step 59.7 ms | 8570.5 samples/s
  step  1600/1756 | loss 2.2411 | data 0.2 ms | step 89.6 ms | 5711.7 samples/s
  step  1650/1756 | loss 2.2064 | data 0.2 ms | step 115.2 ms | 4443.4 samples/s
  step  1700/1756 | loss 2.3305 | data 0.2 ms | step 76.6 ms | 6685.7 samples/s
  step  1750/1756 | loss 2.1004 | data 0.6 ms | step 61.8 ms | 8290.6 samples/s
Training Loss: 2.397774 | 5678.4 samples/s
Peak GPU memory: 1233.8 MB
Validation Loss: 2.778368 | 7064.2 samples/s

Epoch 8/100
----------------------------------------
Learning Rate: 0.000100
  step    50/1756 | loss 2.3851 | data 1.0 ms | step 109.2 ms | 4687.7 samples/s
  step   100/1756 | loss 2.3585 | data 0.1 ms | step 84.6 ms | 6054.8 samples/s
  step   150/1756 | loss 2.2527 | data 0.2 ms | step 59.0 ms | 8679.8 samples/s
  step   200/1756 | loss 2.1311 | data 0.2 ms | step 109.0 ms | 4695.1 samples/s
  step   250/1756 | loss 2.2687 | data 0.2 ms | step 109.4 ms | 4680.4 samples/s
  step   300/1756 | loss 2.2008 | data 0.1 ms | step 62.4 ms | 8203.1 samples/s
  step   350/1756 | loss 2.2668 | data 0.1 ms | step 72.7 ms | 7043.2 samples/s
  step   400/1756 | loss 2.1489 | data 0.2 ms | step 120.1 ms | 4263.9 samples/s
  step   450/1756 | loss 2.1488 | data 0.2 ms | step 84.2 ms | 6084.2 samples/s
  step   500/1756 | loss 2.0405 | data 0.1 ms | step 54.5 ms | 9389.8 samples/s
  step   550/1756 | loss 2.2904 | data 0.2 ms | step 100.5 ms | 5097.0 samples/s
  step   600/1756 | loss 2.2173 | data 0.2 ms | step 103.4 ms | 4949.7 samples/s
  step   650/1756 | loss 2.1748 | data 0.2 ms | step 71.4 ms | 7167.3 samples/s
  step   700/1756 | loss 2.1723 | data 0.1 ms | step 68.6 ms | 7468.1 samples/s
  step   750/1756 | loss 2.1591 | data 0.1 ms | step 110.8 ms | 4622.8 samples/s
  step   800/1756 | loss 1.9990 | data 0.2 ms | step 97.3 ms | 5262.2 samples/s
  step   850/1756 | loss 2.1593 | data 0.2 ms | step 58.4 ms | 8773.0 samples/s
  step   900/1756 | loss 2.0377 | data 0.2 ms | step 105.9 ms | 4834.9 samples/s
  step   950/1756 | loss 2.0864 | data 0.2 ms | step 115.3 ms | 4440.3 samples/s
  step  1000/1756 | loss 2.2492 | data 0.2 ms | step 62.5 ms | 8188.0 samples/s
  step  1050/1756 | loss 2.0759 | data 0.2 ms | step 80.1 ms | 6395.1 samples/s
  step  1100/1756 | loss 2.3937 | data 0.2 ms | step 114.3 ms | 4478.1 samples/s
  step  1150/1756 | loss 1.9229 | data 0.2 ms | step 86.9 ms | 5890.4 samples/s
  step  1200/1756 | loss 1.9675 | data 0.2 ms | step 62.4 ms | 8204.0 samples/s
  step  1250/1756 | loss 2.1571 | data 0.2 ms | step 115.2 ms | 4443.4 samples/s
  step  1300/1756 | loss 2.0783 | data 0.2 ms | step 101.4 ms | 5049.4 samples/s
  step  1350/1756 | loss 2.0318 | data 0.2 ms | step 58.6 ms | 8733.3 samples/s
  step  1400/1756 | loss 2.0390 | data 0.2 ms | step 83.5 ms | 6128.2 samples/s
  step  1450/1756 | loss 2.0188 | data 0.2 ms | step 119.2 ms | 4294.2 samples/s
  step  1500/1756 | loss 1.9470 | data 0.2 ms | step 79.3 ms | 6460.2 samples/s
  step  1550/1756 | loss 2.1586 | data 0.1 ms | step 64.6 ms | 7928.3 samples/s
  step  1600/1756 | loss 1.9116 | data 0.2 ms | step 115.7 ms | 4427.1 samples/s
  step  1650/1756 | loss 1.9639 | data 0.2 ms | step 101.5 ms | 5043.3 samples/s
  step  1700/1756 | loss 2.0865 | data 0.2 ms | step 57.0 ms | 8990.3 samples/s
  step  1750/1756 | loss 1.8529 | data 0.8 ms | step 82.6 ms | 6197.7 samples/s
Training Loss: 2.128136 | 5812.3 samples/s
Peak GPU memory: 1233.8 MB
Validation Loss: 2.120854 | 7612.4 samples/s

Epoch 9/100
----------------------------------------
Learning Rate: 0.000100
  step    50/1756 | loss 2.0315 | data 1.0 ms | step 106.9 ms | 4789.1 samples/s
  step   100/1756 | loss 1.9217 | data 0.2 ms | step 88.0 ms | 5819.7 samples/s
  step   150/1756 | loss 1.9320 | data 0.2 ms | step 57.3 ms | 8933.0 samples/s
  step   200/1756 | loss 2.0271 | data 0.2 ms | step 101.6 ms | 5038.9 samples/s
  step   250/1756 | loss 1.9840 | data 0.2 ms | step 122.6 ms | 4177.2 samples/s
  step   300/1756 | loss 1.9216 | data 0.2 ms | step 59.4 ms | 8619.2 samples/s
  step   350/1756 | loss 1.9461 | data 0.2 ms | step 82.6 ms | 6199.2 samples/s
  step   400/1756 | loss 1.8278 | data 0.2 ms | step 113.0 ms | 4529.5 samples/s
  step   450/1756 | loss 1.8746 | data 0.2 ms | step 84.8 ms | 6035.4 samples/s
  step   500/1756 | loss 2.0090 | data 0.1 ms | step 55.9 ms | 9152.0 samples/s
  step   550/1756 | loss 1.9235 | data 0.2 ms | step 112.8 ms | 4539.7 samples/s
  step   600/1756 | loss 1.8741 | data 0.2 ms | step 110.6 ms | 4631.4 samples/s
  step   650/1756 | loss 1.9015 | data 0.2 ms | step 58.2 ms | 8795.9 samples/s
  step   700/1756 | loss 1.9255 | data 0.1 ms | step 78.3 ms | 6540.7 samples/s
  step   750/1756 | loss 2.0178 | data 0.2 ms | step 109.9 ms | 4657.5 samples/s
  step   800/1756 | loss 1.8975 | data 0.2 ms | step 83.0 ms | 6170.4 samples/s
  step   850/1756 | loss 1.9963 | data 0.1 ms | step 56.3 ms | 9095.0 samples/s
  step   900/1756 | loss 1.9953 | data 0.2 ms | step 108.0 ms | 4739.7 samples/s
  step   950/1756 | loss 1.7370 | data 0.2 ms | step 104.4 ms | 4906.4 samples/s
  step  1000/1756 | loss 1.9260 | data 0.1 ms | step 63.8 ms | 8030.6 samples/s
  step  1050/1756 | loss 1.9070 | data 0.1 ms | step 73.5 ms | 6964.4 samples/s
  step  1100/1756 | loss 1.8641 | data 0.2 ms | step 111.8 ms | 4581.2 samples/s
  step  1150/1756 | loss 1.7925 | data 0.2 ms | step 84.6 ms | 6049.5 samples/s
  step  1200/1756 | loss 1.6913 | data 0.2 ms | step 57.4 ms | 8922.6 samples/s
  step  1250/1756 | loss 1.8073 | data 0.1 ms | step 106.6 ms | 4802.1 samples/s
  step  1300/1756 | loss 1.7130 | data 0.1 ms | step 106.5 ms | 4809.3 samples/s
  step  1350/1756 | loss 1.8898 | data 0.1 ms | step 64.4 ms | 7950.0 samples/s
  step  1400/1756 | loss 1.7321 | data 0.1 ms | step 71.2 ms | 7191.0 samples/s
  step  1450/1756 | loss 1.8563 | data 0.2 ms | step 104.4 ms | 4905.9 samples/s
  step  1500/1756 | loss 1.7762 | data 0.2 ms | step 95.1 ms | 5386.0 samples/s
  step  1550/1756 | loss 1.7398 | data 0.2 ms | step 56.8 ms | 9018.7 samples/s
  step  1600/1756 | loss 1.8697 | data 0.2 ms | step 86.2 ms | 5942.8 samples/s
  step  1650/1756 | loss 1.8828 | data 0.2 ms | step 105.7 ms | 4845.0 samples/s
  step  1700/1756 | loss 1.8431 | data 0.2 ms | step 78.4 ms | 6534.8 samples/s
  step  1750/1756 | loss 1.8684 | data 0.7 ms | step 57.8 ms | 8856.5 samples/s
Training Loss: 1.883204 | 5932.4 samples/s
Peak GPU memory: 1233.8 MB
Validation Loss: 1.736908 | 7124.6 samples/s

Epoch 10/100
----------------------------------------
Learning Rate: 0.000100
  step    50/1756 | loss 1.8308 | data 0.8 ms | step 104.4 ms | 4906.5 samples/s
  step   100/1756 | loss 1.7493 | data 0.1 ms | step 86.1 ms | 5945.0 samples/s
  step   150/1756 | loss 1.5924 | data 0.1 ms | step 57.6 ms | 8891.8 samples/s
  step   200/1756 | loss 1.7481 | data 0.2 ms | step 93.8 ms | 5455.8 samples/s
  step   250/1756 | loss 1.7422 | data 0.2 ms | step 110.4 ms | 4638.3 samples/s
  step   300/1756 | loss 1.9191 | data 0.2 ms | step 71.2 ms | 7193.5 samples/s
  step   350/1756 | loss 1.7563 | data 0.2 ms | step 67.2 ms | 7621.7 samples/s
  step   400/1756 | loss 1.7862 | data 0.2 ms | step 108.5 ms | 4718.4 samples/s
  step   450/1756 | loss 1.8333 | data 0.2 ms | step 101.9 ms | 5024.1 samples/s
  step   500/1756 | loss 1.5814 | data 0.1 ms | step 57.6 ms | 8882.5 samples/s
  step   550/1756 | loss 1.6449 | data 0.2 ms | step 97.8 ms | 5236.5 samples/s
  step   600/1756 | loss 1.6310 | data 0.2 ms | step 107.3 ms | 4773.7 samples/s
  step   650/1756 | loss 1.7711 | data 0.2 ms | step 73.9 ms | 6932.9 samples/s
  step   700/1756 | loss 1.7917 | data 0.2 ms | step 71.2 ms | 7191.4 samples/s
  step   750/1756 | loss 1.8336 | data 0.2 ms | step 111.4 ms | 4596.1 samples/s
  step   800/1756 | loss 1.6833 | data 0.2 ms | step 98.7 ms | 5185.8 samples/s
  step   850/1756 | loss 1.6591 | data 0.2 ms | step 60.7 ms | 8440.3 samples/s
  step   900/1756 | loss 1.6732 | data 0.2 ms | step 91.3 ms | 5607.9 samples/s
  step   950/1756 | loss 1.7272 | data 0.2 ms | step 110.6 ms | 4628.4 samples/s
  step  1000/1756 | loss 1.6610 | data 0.1 ms | step 74.8 ms | 6843.4 samples/s
  step  1050/1756 | loss 1.6989 | data 0.2 ms | step 70.4 ms | 7273.4 samples/s
  step  1100/1756 | loss 1.6451 | data 0.2 ms | step 108.6 ms | 4713.4 samples/s
  step  1150/1756 | loss 1.5945 | data 0.3 ms | step 116.3 ms | 4400.6 samples/s
  step  1200/1756 | loss 1.5333 | data 0.5 ms | step 81.1 ms | 6311.6 samples/s
  step  1250/1756 | loss 1.7392 | data 0.3 ms | step 80.8 ms | 6335.4 samples/s
  step  1300/1756 | loss 1.6936 | data 0.4 ms | step 125.3 ms | 4087.6 samples/s
  step  1350/1756 | loss 1.6431 | data 0.4 ms | step 115.2 ms | 4443.0 samples/s
  step  1400/1756 | loss 1.5302 | data 0.4 ms | step 115.0 ms | 4452.8 samples/s
  step  1450/1756 | loss 1.6921 | data 0.4 ms | step 77.1 ms | 6641.0 samples/s
  step  1500/1756 | loss 1.5192 | data 0.3 ms | step 90.9 ms | 5630.4 samples/s
  step  1550/1756 | loss 1.6863 | data 0.7 ms | step 128.2 ms | 3992.3 samples/s
  step  1600/1756 | loss 1.6353 | data 0.5 ms | step 135.9 ms | 3768.0 samples/s
  step  1650/1756 | loss 1.6424 | data 0.4 ms | step 107.3 ms | 4773.7 samples/s
  step  1700/1756 | loss 1.6188 | data 0.4 ms | step 79.3 ms | 6459.3 samples/s
  step  1750/1756 | loss 1.5747 | data 2.2 ms | step 117.6 ms | 4352.0 samples/s
Training Loss: 1.686591 | 5417.8 samples/s
Peak GPU memory: 1233.8 MB
Validation Loss: 1.607760 | 6521.5 samples/s

Epoch 11/100
----------------------------------------
Learning Rate: 0.000090
  step    50/1756 | loss 1.6510 | data 1.0 ms | step 109.7 ms | 4668.5 samples/s
  step   100/1756 | loss 1.5464 | data 0.2 ms | step 108.0 ms | 4740.4 samples/s
  step   150/1756 | loss 1.4975 | data 0.2 ms | step 59.4 ms | 8618.1 samples/s
  step   200/1756 | loss 1.6310 | data 0.2 ms | step 86.4 ms | 5925.3 samples/s
  step   250/1756 | loss 1.6189 | data 0.2 ms | step 106.4 ms | 4812.3 samples/s
  step   300/1756 | loss 1.6682 | data 0.2 ms | step 78.1 ms | 6559.2 samples/s
  step   350/1756 | loss 1.4115 | data 0.1 ms | step 60.1 ms | 8513.7 samples/s
  step   400/1756 | loss 1.4582 | data 0.2 ms | step 116.5 ms | 4395.5 samples/s
  step   450/1756 | loss 1.6632 | data 0.2 ms | step 103.6 ms | 4942.7 samples/s
  step   500/1756 | loss 1.4581 | data 0.1 ms | step 57.0 ms | 8975.9 samples/s
  step   550/1756 | loss 1.5324 | data 0.1 ms | step 87.5 ms | 5850.4 samples/s
  step   600/1756 | loss 1.6009 | data 0.2 ms | step 110.5 ms | 4632.6 samples/s
  step   650/1756 | loss 1.4602 | data 0.2 ms | step 74.5 ms | 6869.0 samples/s
  step   700/1756 | loss 1.6214 | data 0.1 ms | step 63.2 ms | 8103.0 samples/s
  step   750/1756 | loss 1.6015 | data 0.1 ms | step 108.1 ms | 4738.2 samples/s
  step   800/1756 | loss 1.4440 | data 0.2 ms | step 104.3 ms | 4908.0 samples/s
  step   850/1756 | loss 1.6098 | data 0.1 ms | step 56.1 ms | 9121.7 samples/s
  step   900/1756 | loss 1.5592 | data 0.1 ms | step 86.6 ms | 5912.2 samples/s
  step   950/1756 | loss 1.3607 | data 0.2 ms | step 106.9 ms | 4787.7 samples/s
  step  1000/1756 | loss 1.5466 | data 0.2 ms | step 77.4 ms | 6612.2 samples/s
  step  1050/1756 | loss 1.4806 | data 0.2 ms | step 58.4 ms | 8762.5 samples/s
  step  1100/1756 | loss 1.6447 | data 0.2 ms | step 109.1 ms | 4694.7 samples/s
  step  1150/1756 | loss 1.6162 | data 0.2 ms | step 111.3 ms | 4601.6 samples/s
  step  1200/1756 | loss 1.5876 | data 0.1 ms | step 61.2 ms | 8369.2 samples/s
  step  1250/1756 | loss 1.4434 | data 0.2 ms | step 78.4 ms | 6534.0 samples/s
  step  1300/1756 | loss 1.4868 | data 0.2 ms | step 111.5 ms | 4590.6 samples/s
  step  1350/1756 | loss 1.4544 | data 0.2 ms | step 82.9 ms | 6174.4 samples/s
  step  1400/1756 | loss 1.5263 | data 0.2 ms | step 56.9 ms | 9001.0 samples/s
  step  1450/1756 | loss 1.3836 | data 0.2 ms | step 107.1 ms | 4782.2 samples/s
  step  1500/1756 | loss 1.3663 | data 0.2 ms | step 111.2 ms | 4605.8 samples/s
  step  1550/1756 | loss 1.3981 | data 0.2 ms | step 70.5 ms | 7259.8 samples/s
  step  1600/1756 | loss 1.4936 | data 0.1 ms | step 66.5 ms | 7698.8 samples/s
  step  1650/1756 | loss 1.4387 | data 0.2 ms | step 107.1 ms | 4780.3 samples/s
  step  1700/1756 | loss 1.4480 | data 0.2 ms | step 105.6 ms | 4848.2 samples/s
  step  1750/1756 | loss 1.4412 | data 0.9 ms | step 59.1 ms | 8665.2 samples/s
Training Loss: 1.517186 | 5870.9 samples/s
Peak GPU memory: 1233.8 MB
Validation Loss: 1.450159 | 7285.4 samples/s

Epoch 12/100
----------------------------------------
Learning Rate: 0.000090
  step    50/1756 | loss 1.4199 | data 0.9 ms | step 110.3 ms | 4640.6 samples/s
  step   100/1756 | loss 1.2846 | data 0.2 ms | step 103.9 ms | 4926.9 samples/s
  step   150/1756 | loss 1.3428 | data 0.2 ms | step 65.6 ms | 7804.7 samples/s
  step   200/1756 | loss 1.4859 | data 0.2 ms | step 75.4 ms | 6789.7 samples/s
  step   250/1756 | loss 1.4268 | data 0.2 ms | step 110.4 ms | 4638.1 samples/s
  step   300/1756 | loss 1.4472 | data 0.2 ms | step 86.0 ms | 5950.8 samples/s
  step   350/1756 | loss 1.4034 | data 0.2 ms | step 58.9 ms | 8699.1 samples/s
  step   400/1756 | loss 1.4417 | data 0.2 ms | step 120.6 ms | 4247.1 samples/s
  step   450/1756 | loss 1.4147 | data 0.2 ms | step 112.4 ms | 4555.4 samples/s
  step   500/1756 | loss 1.4669 | data 0.2 ms | step 57.8 ms | 8861.4 samples/s
  step   550/1756 | loss 1.4842 | data 0.2 ms | step 86.1 ms | 5948.8 samples/s
  step   600/1756 | loss 1.4619 | data 0.2 ms | step 114.2 ms | 4483.8 samples/s
  step   650/1756 | loss 1.5092 | data 0.2 ms | step 76.5 ms | 6692.3 samples/s
  step   700/1756 | loss 1.3782 | data 0.1 ms | step 69.5 ms | 7363.0 samples/s
  step   750/1756 | loss 1.4103 | data 0.2 ms | step 112.4 ms | 4556.3 samples/s
  step   800/1756 | loss 1.5354 | data 0.2 ms | step 99.1 ms | 5164.5 samples/s
  step   850/1756 | loss 1.3874 | data 0.2 ms | step 58.1 ms | 8816.5 samples/s
  step   900/1756 | loss 1.4422 | data 0.2 ms | step 106.5 ms | 4808.8 samples/s
  step   950/1756 | loss 1.3130 | data 0.2 ms | step 113.1 ms | 4528.6 samples/s
  step  1000/1756 | loss 1.4768 | data 0.2 ms | step 66.0 ms | 7763.4 samples/s
  step  1050/1756 | loss 1.3658 | data 0.2 ms | step 78.8 ms | 6499.0 samples/s
  step  1100/1756 | loss 1.3281 | data 0.2 ms | step 114.0 ms | 4491.7 samples/s
  step  1150/1756 | loss 1.4754 | data 0.2 ms | step 83.3 ms | 6149.2 samples/s
  step  1200/1756 | loss 1.4206 | data 0.1 ms | step 57.3 ms | 8933.2 samples/s
  step  1250/1756 | loss 1.2657 | data 0.2 ms | step 114.2 ms | 4483.0 samples/s
  step  1300/1756 | loss 1.2296 | data 0.2 ms | step 111.1 ms | 4606.4 samples/s
  step  1350/1756 | loss 1.3027 | data 0.1 ms | step 61.3 ms | 8352.5 samples/s
  step  1400/1756 | loss 1.3058 | data 0.2 ms | step 81.5 ms | 6282.8 samples/s
  step  1450/1756 | loss 1.3497 | data 0.2 ms | step 113.1 ms | 4525.8 samples/s
  step  1500/1756 | loss 1.3863 | data 0.2 ms | step 81.4 ms | 6291.2 samples/s
  step  1550/1756 | loss 1.4232 | data 0.2 ms | step 63.8 ms | 8028.8 samples/s
  step  1600/1756 | loss 1.3438 | data 0.2 ms | step 120.6 ms | 4247.0 samples/s
  step  1650/1756 | loss 1.3459 | data 0.2 ms | step 99.6 ms | 5139.3 samples/s
  step  1700/1756 | loss 1.2893 | data 0.2 ms | step 58.0 ms | 8821.7 samples/s
  step  1750/1756 | loss 1.3655 | data 1.0 ms | step 111.1 ms | 4606.8 samples/s
Training Loss: 1.391266 | 5678.9 samples/s
Peak GPU memory: 1233.8 MB
Validation Loss: 1.408809 | 7031.6 samples/s

Epoch 13/100
----------------------------------------
Learning Rate: 0.000090
  step    50/1756 | loss 1.3907 | data 1.0 ms | step 86.0 ms | 5952.1 samples/s
  step   100/1756 | loss 1.2500 | data 0.2 ms | step 56.4 ms | 9082.2 samples/s
  step   150/1756 | loss 1.4118 | data 0.4 ms | step 113.8 ms | 4498.9 samples/s
  step   200/1756 | loss 1.3845 | data 0.5 ms | step 117.2 ms | 4367.1 samples/s
  step   250/1756 | loss 1.2836 | data 0.4 ms | step 121.0 ms | 4232.5 samples/s
  step   300/1756 | loss 1.3127 | data 0.4 ms | step 87.0 ms | 5883.5 samples/s
  step   350/1756 | loss 1.3954 | data 0.4 ms | step 73.5 ms | 6961.3 samples/s
  step   400/1756 | loss 1.3576 | data 0.5 ms | step 119.2 ms | 4296.2 samples/s
  step   450/1756 | loss 1.4111 | data 0.4 ms | step 130.9 ms | 3912.1 samples/s
  step   500/1756 | loss 1.3701 | data 0.6 ms | step 135.3 ms | 3783.2 samples/s
  step   550/1756 | loss 1.3611 | data 0.4 ms | step 80.4 ms | 6368.6 samples/s
  step   600/1756 | loss 1.3353 | data 0.4 ms | step 93.4 ms | 5479.0 samples/s
  step   650/1756 | loss 1.2559 | data 0.4 ms | step 121.8 ms | 4204.7 samples/s
  step   700/1756 | loss 1.2791 | data 0.4 ms | step 121.5 ms | 4213.2 samples/s
  step   750/1756 | loss 1.3201 | data 0.6 ms | step 116.0 ms | 4414.4 samples/s
  step   800/1756 | loss 1.3088 | data 0.4 ms | step 86.5 ms | 5918.1 samples/s
  step   850/1756 | loss 1.3191 | data 0.4 ms | step 99.0 ms | 5173.2 samples/s
  step   900/1756 | loss 1.1364 | data 0.3 ms | step 114.8 ms | 4461.7 samples/s
  step   950/1756 | loss 1.2482 | data 0.2 ms | step 109.6 ms | 4673.0 samples/s
  step  1000/1756 | loss 1.3128 | data 0.2 ms | step 62.2 ms | 8229.3 samples/s
  step  1050/1756 | loss 1.2825 | data 0.1 ms | step 82.7 ms | 6187.7 samples/s
  step  1100/1756 | loss 1.3266 | data 0.2 ms | step 112.7 ms | 4544.9 samples/s
  step  1150/1756 | loss 1.2423 | data 0.2 ms | step 80.0 ms | 6396.9 samples/s
  step  1200/1756 | loss 1.2415 | data 0.2 ms | step 60.1 ms | 8517.2 samples/s
  step  1250/1756 | loss 1.2850 | data 0.2 ms | step 108.1 ms | 4735.5 samples/s
  step  1300/1756 | loss 1.2838 | data 0.2 ms | step 102.2 ms | 5008.4 samples/s
  step  1350/1756 | loss 1.2176 | data 0.2 ms | step 63.9 ms | 8010.4 samples/s
  step  1400/1756 | loss 1.2643 | data 0.1 ms | step 82.1 ms | 6238.4 samples/s
  step  1450/1756 | loss 1.3323 | data 0.2 ms | step 113.0 ms | 4530.7 samples/s
  step  1500/1756 | loss 1.3190 | data 0.2 ms | step 80.5 ms | 6363.3 samples/s
  step  1550/1756 | loss 1.2627 | data 0.1 ms | step 57.6 ms | 8883.5 samples/s
  step  1600/1756 | loss 1.3642 | data 0.2 ms | step 109.3 ms | 4684.9 samples/s
  step  1650/1756 | loss 1.2753 | data 0.2 ms | step 106.3 ms | 4816.0 samples/s
  step  1700/1756 | loss 1.2469 | data 0.1 ms | step 61.2 ms | 8372.1 samples/s
  step  1750/1756 | loss 1.2693 | data 0.9 ms | step 81.8 ms | 6259.0 samples/s
Training Loss: 1.304451 | 5351.0 samples/s
Peak GPU memory: 1233.8 MB
Validation Loss: 1.392805 | 7458.6 samples/s

Epoch 14/100
----------------------------------------
Learning Rate: 0.000090
  step    50/1756 | loss 1.2482 | data 1.1 ms | step 106.7 ms | 4798.7 samples/s
  step   100/1756 | loss 1.2843 | data 0.1 ms | step 79.5 ms | 6440.3 samples/s
  step   150/1756 | loss 1.2221 | data 0.1 ms | step 53.8 ms | 9524.3 samples/s
  step   200/1756 | loss 1.2821 | data 0.2 ms | step 108.5 ms | 4718.4 samples/s
  step   250/1756 | loss 1.2480 | data 0.2 ms | step 111.7 ms | 4582.1 samples/s
  step   300/1756 | loss 1.2830 | data 0.2 ms | step 61.3 ms | 8346.4 samples/s
  step   350/1756 | loss 1.2214 | data 0.2 ms | step 71.8 ms | 7129.3 samples/s
  step   400/1756 | loss 1.2932 | data 0.2 ms | step 106.5 ms | 4809.3 samples/s
  step   450/1756 | loss 1.2478 | data 0.2 ms | step 94.3 ms | 5430.1 samples/s
  step   500/1756 | loss 1.1730 | data 0.2 ms | step 58.2 ms | 8792.1 samples/s
  step   550/1756 | loss 1.2769 | data 0.2 ms | step 98.8 ms | 5182.4 samples/s
  step   600/1756 | loss 1.2002 | data 0.2 ms | step 114.5 ms | 4471.9 samples/s
  step   650/1756 | loss 1.2265 | data 0.2 ms | step 67.6 ms | 7572.6 samples/s
  step   700/1756 | loss 1.2003 | data 0.1 ms | step 70.8 ms | 7236.4 samples/s
  step   750/1756 | loss 1.1735 | data 0.2 ms | step 114.1 ms | 4488.0 samples/s
  step   800/1756 | loss 1.1900 | data 0.2 ms | step 89.9 ms | 5697.6 samples/s
  step   850/1756 | loss 1.1662 | data 0.2 ms | step 59.2 ms | 8651.3 samples/s
  step   900/1756 | loss 1.2585 | data 0.2 ms | step 102.9 ms | 4976.2 samples/s
  step   950/1756 | loss 1.1915 | data 0.2 ms | step 114.3 ms | 4478.5 samples/s
  step  1000/1756 | loss 1.2294 | data 0.2 ms | step 64.0 ms | 7997.5 samples/s
  step  1050/1756 | loss 1.1949 | data 0.2 ms | step 79.5 ms | 6443.1 samples/s
  step  1100/1756 | loss 1.1525 | data 0.2 ms | step 106.9 ms | 4788.0 samples/s
  step  1150/1756 | loss 1.1726 | data 0.1 ms | step 83.6 ms | 6123.6 samples/s
  step  1200/1756 | loss 1.1610 | data 0.2 ms | step 56.8 ms | 9018.6 samples/s
  step  1250/1756 | loss 1.2877 | data 0.2 ms | step 114.5 ms | 4472.4 samples/s
  step  1300/1756 | loss 1.2375 | data 0.2 ms | step 113.8 ms | 4497.5 samples/s
  step  1350/1756 | loss 1.2026 | data 0.2 ms | step 57.3 ms | 8941.1 samples/s
  step  1400/1756 | loss 1.2018 | data 0.2 ms | step 92.3 ms | 5547.0 samples/s
  step  1450/1756 | loss 1.1305 | data 0.2 ms | step 110.8 ms | 4619.8 samples/s
  step  1500/1756 | loss 1.2196 | data 0.2 ms | step 72.3 ms | 7086.1 samples/s
  step  1550/1756 | loss 1.1168 | data 0.1 ms | step 64.5 ms | 7932.5 samples/s
  step  1600/1756 | loss 1.1622 | data 0.2 ms | step 113.8 ms | 4499.4 samples/s
  step  1650/1756 | loss 1.1305 | data 0.2 ms | step 97.1 ms | 5272.0 samples/s
  step  1700/1756 | loss 1.1466 | data 0.2 ms | step 57.6 ms | 8894.0 samples/s
  step  1750/1756 | loss 1.1837 | data 0.9 ms | step 95.8 ms | 5346.7 samples/s
Training Loss: 1.208647 | 5842.0 samples/s
Peak GPU memory: 1233.8 MB
Validation Loss: 1.174543 | 6984.4 samples/s

Epoch 15/100
----------------------------------------
Learning Rate: 0.000090
  step    50/1756 | loss 1.2104 | data 0.9 ms | step 81.0 ms | 6321.1 samples/s
  step   100/1756 | loss 1.1501 | data 0.1 ms | step 56.7 ms | 9033.6 samples/s
  step   150/1756 | loss 1.2178 | data 0.2 ms | step 113.1 ms | 4528.9 samples/s
  step   200/1756 | loss 1.1873 | data 0.1 ms | step 114.4 ms | 4476.6 samples/s
  step   250/1756 | loss 1.1085 | data 0.1 ms | step 57.3 ms | 8929.7 samples/s
  step   300/1756 | loss 1.1168 | data 0.2 ms | step 100.1 ms | 5115.3 samples/s
  step   350/1756 | loss 1.1553 | data 0.2 ms | step 106.7 ms | 4800.1 samples/s
  step   400/1756 | loss 1.1641 | data 0.2 ms | step 70.2 ms | 7295.7 samples/s
  step   450/1756 | loss 1.1404 | data 0.2 ms | step 67.0 ms | 7646.6 samples/s
  step   500/1756 | loss 1.2270 | data 0.2 ms | step 111.6 ms | 4586.8 samples/s
  step   550/1756 | loss 1.1843 | data 0.2 ms | step 92.7 ms | 5525.5 samples/s
  step   600/1756 | loss 1.1003 | data 0.2 ms | step 57.3 ms | 8936.5 samples/s
  step   650/1756 | loss 1.0805 | data 0.2 ms | step 97.2 ms | 5267.5 samples/s
  step   700/1756 | loss 1.0819 | data 0.2 ms | step 124.3 ms | 4118.5 samples/s
  step   750/1756 | loss 1.2161 | data 0.2 ms | step 65.0 ms | 7874.3 samples/s
  step   800/1756 | loss 1.1456 | data 0.2 ms | step 76.6 ms | 6681.9 samples/s
  step   850/1756 | loss 1.1501 | data 0.2 ms | step 103.5 ms | 4948.0 samples/s
  step   900/1756 | loss 1.1811 | data 0.2 ms | step 89.3 ms | 5735.2 samples/s
  step   950/1756 | loss 1.0793 | data 0.2 ms | step 58.1 ms | 8810.3 samples/s
  step  1000/1756 | loss 1.1079 | data 0.2 ms | step 97.0 ms | 5280.1 samples/s
  step  1050/1756 | loss 1.0791 | data 0.2 ms | step 121.9 ms | 4198.8 samples/s
  step  1100/1756 | loss 1.0559 | data 0.2 ms | step 69.3 ms | 7384.8 samples/s
  step  1150/1756 | loss 1.1349 | data 0.1 ms | step 83.1 ms | 6158.4 samples/s
  step  1200/1756 | loss 1.1838 | data 0.2 ms | step 110.2 ms | 4647.3 samples/s
  step  1250/1756 | loss 1.0682 | data 0.2 ms | step 84.0 ms | 6096.7 samples/s
  step  1300/1756 | loss 1.1499 | data 0.1 ms | step 64.0 ms | 8005.1 samples/s
  step  1350/1756 | loss 1.1088 | data 0.2 ms | step 114.9 ms | 4454.3 samples/s
  step  1400/1756 | loss 1.1574 | data 0.2 ms | step 100.3 ms | 5103.0 samples/s
  step  1450/1756 | loss 1.0601 | data 0.2 ms | step 57.0 ms | 8984.8 samples/s
  step  1500/1756 | loss 1.2005 | data 0.2 ms | step 93.1 ms | 5500.5 samples/s
  step  1550/1756 | loss 1.0976 | data 0.2 ms | step 111.1 ms | 4608.6 samples/s
  step  1600/1756 | loss 1.1061 | data 0.2 ms | step 71.0 ms | 7208.0 samples/s
  step  1650/1756 | loss 1.0772 | data 0.2 ms | step 74.6 ms | 6863.9 samples/s
  step  1700/1756 | loss 1.0757 | data 0.1 ms | step 105.5 ms | 4854.4 samples/s
  step  1750/1756 | loss 1.1240 | data 0.8 ms | step 93.6 ms | 5467.7 samples/s
Training Loss: 1.133797 | 5803.9 samples/s
Peak GPU memory: 1233.8 MB
Validation Loss: 1.105516 | 7471.0 samples/s

Epoch 16/100
----------------------------------------
Learning Rate: 0.000090
  step    50/1756 | loss 1.0282 | data 1.0 ms | step 60.3 ms | 8489.7 samples/s
  step   100/1756 | loss 1.1031 | data 0.1 ms | step 101.2 ms | 5061.4 samples/s
  step   150/1756 | loss 1.1128 | data 0.2 ms | step 105.1 ms | 4873.4 samples/s
  step   200/1756 | loss 1.0989 | data 0.2 ms | step 69.4 ms | 7373.7 samples/s
  step   250/1756 | loss 1.0506 | data 0.1 ms | step 69.9 ms | 7321.7 samples/s
  step   300/1756 | loss 1.0871 | data 0.2 ms | step 108.7 ms | 4710.3 samples/s
  step   350/1756 | loss 1.0545 | data 0.2 ms | step 95.7 ms | 5348.6 samples/s
  step   400/1756 | loss 1.0388 | data 0.2 ms | step 58.1 ms | 8806.2 samples/s
  step   450/1756 | loss 1.0684 | data 0.2 ms | step 131.9 ms | 3881.4 samples/s
  step   500/1756 | loss 1.1298 | data 0.2 ms | step 117.6 ms | 4355.6 samples/s
  step   550/1756 | loss 0.9816 | data 0.2 ms | step 61.3 ms | 8351.0 samples/s
  step   600/1756 | loss 1.1830 | data 0.2 ms | step 104.4 ms | 4906.2 samples/s
  step   650/1756 | loss 1.0890 | data 0.2 ms | step 116.2 ms | 4407.2 samples/s
  step   700/1756 | loss 1.0163 | data 0.2 ms | step 68.5 ms | 7471.4 samples/s
  step   750/1756 | loss 1.1289 | data 0.1 ms | step 72.9 ms | 7026.1 samples/s
  step   800/1756 | loss 1.0078 | data 0.2 ms | step 106.3 ms | 4815.1 samples/s
  step   850/1756 | loss 1.0396 | data 0.2 ms | step 92.6 ms | 5528.0 samples/s
  step   900/1756 | loss 1.0280 | data 0.1 ms | step 57.3 ms | 8935.4 samples/s
  step   950/1756 | loss 1.0669 | data 0.2 ms | step 104.4 ms | 4905.6 samples/s
  step  1000/1756 | loss 1.1155 | data 0.2 ms | step 124.4 ms | 4116.3 samples/s
  step  1050/1756 | loss 1.0750 | data 0.2 ms | step 57.5 ms | 8908.6 samples/s
  step  1100/1756 | loss 1.1124 | data 0.1 ms | step 77.6 ms | 6596.0 samples/s
  step  1150/1756 | loss 1.1807 | data 0.2 ms | step 103.3 ms | 4957.4 samples/s
  step  1200/1756 | loss 1.0558 | data 0.2 ms | step 84.6 ms | 6050.3 samples/s
  step  1250/1756 | loss 1.1813 | data 0.1 ms | step 57.4 ms | 8916.7 samples/s
  step  1300/1756 | loss 1.1302 | data 0.2 ms | step 92.3 ms | 5545.3 samples/s
  step  1350/1756 | loss 0.9874 | data 0.2 ms | step 107.6 ms | 4756.4 samples/s
  step  1400/1756 | loss 1.0115 | data 0.2 ms | step 71.7 ms | 7137.4 samples/s
  step  1450/1756 | loss 1.0205 | data 0.2 ms | step 64.9 ms | 7888.2 samples/s
  step  1500/1756 | loss 1.0753 | data 0.2 ms | step 114.7 ms | 4462.7 samples/s
  step  1550/1756 | loss 1.1920 | data 0.2 ms | step 99.7 ms | 5136.8 samples/s
  step  1600/1756 | loss 1.0489 | data 0.2 ms | step 58.1 ms | 8812.7 samples/s
  step  1650/1756 | loss 1.0308 | data 0.2 ms | step 108.3 ms | 4727.3 samples/s
  step  1700/1756 | loss 1.0394 | data 0.2 ms | step 114.1 ms | 4488.8 samples/s
  step  1750/1756 | loss 0.9985 | data 0.8 ms | step 61.9 ms | 8269.3 samples/s
Training Loss: 1.074126 | 5785.3 samples/s
Peak GPU memory: 1233.8 MB
Validation Loss: 1.041716 | 7327.0 samples/s

Epoch 17/100
----------------------------------------
Learning Rate: 0.000090
  step    50/1756 | loss 1.0593 | data 1.0 ms | step 112.2 ms | 4562.3 samples/s
  step   100/1756 | loss 1.0344 | data 0.2 ms | step 116.2 ms | 4407.0 samples/s
  step   150/1756 | loss 1.0756 | data 0.2 ms | step 63.0 ms | 8121.8 samples/s
  step   200/1756 | loss 1.0127 | data 0.2 ms | step 91.2 ms | 5615.9 samples/s
  step   250/1756 | loss 0.9833 | data 0.2 ms | step 125.1 ms | 4093.4 samples/s
  step   300/1756 | loss 0.9171 | data 0.2 ms | step 70.5 ms | 7258.5 samples/s
  step   350/1756 | loss 1.0825 | data 0.1 ms | step 70.1 ms | 7308.4 samples/s
  step   400/1756 | loss 1.0375 | data 0.2 ms | step 104.6 ms | 4894.8 samples/s
  step   450/1756 | loss 0.9515 | data 0.2 ms | step 98.7 ms | 5189.7 samples/s
  step   500/1756 | loss 1.0271 | data 0.2 ms | step 57.3 ms | 8938.6 samples/s
  step   550/1756 | loss 1.1539 | data 0.2 ms | step 91.1 ms | 5619.6 samples/s
  step   600/1756 | loss 0.9842 | data 0.1 ms | step 111.5 ms | 4592.5 samples/s
  step   650/1756 | loss 0.9988 | data 0.2 ms | step 72.7 ms | 7044.2 samples/s
  step   700/1756 | loss 0.9656 | data 0.1 ms | step 64.2 ms | 7979.3 samples/s
  step   750/1756 | loss 1.0504 | data 0.2 ms | step 109.2 ms | 4688.0 samples/s
  step   800/1756 | loss 0.9926 | data 0.2 ms | step 104.7 ms | 4892.1 samples/s
  step   850/1756 | loss 1.0324 | data 0.1 ms | step 55.9 ms | 9167.4 samples/s
  step   900/1756 | loss 1.0324 | data 0.2 ms | step 88.5 ms | 5783.8 samples/s
  step   950/1756 | loss 1.0180 | data 0.2 ms | step 118.9 ms | 4307.2 samples/s
  step  1000/1756 | loss 1.0271 | data 0.2 ms | step 76.3 ms | 6707.3 samples/s
  step  1050/1756 | loss 0.9495 | data 0.2 ms | step 80.6 ms | 6354.0 samples/s
  step  1100/1756 | loss 0.9624 | data 0.2 ms | step 122.8 ms | 4168.9 samples/s
  step  1150/1756 | loss 1.1128 | data 0.2 ms | step 78.9 ms | 6492.6 samples/s
  step  1200/1756 | loss 0.9591 | data 0.2 ms | step 66.0 ms | 7758.9 samples/s
  step  1250/1756 | loss 1.1275 | data 0.2 ms | step 125.4 ms | 4084.3 samples/s
  step  1300/1756 | loss 0.9427 | data 0.2 ms | step 88.7 ms | 5773.9 samples/s
  step  1350/1756 | loss 1.0775 | data 0.2 ms | step 57.1 ms | 8961.2 samples/s
  step  1400/1756 | loss 1.0165 | data 0.2 ms | step 109.5 ms | 4676.3 samples/s
  step  1450/1756 | loss 1.0208 | data 0.2 ms | step 116.6 ms | 4392.6 samples/s
  step  1500/1756 | loss 0.9725 | data 0.2 ms | step 58.7 ms | 8728.2 samples/s
  step  1550/1756 | loss 0.9434 | data 0.2 ms | step 79.0 ms | 6477.6 samples/s
  step  1600/1756 | loss 0.9249 | data 0.2 ms | step 106.0 ms | 4828.9 samples/s
  step  1650/1756 | loss 0.9912 | data 0.2 ms | step 84.1 ms | 6084.9 samples/s
  step  1700/1756 | loss 1.0496 | data 0.2 ms | step 57.5 ms | 8907.5 samples/s
  step  1750/1756 | loss 1.0658 | data 0.8 ms | step 104.5 ms | 4898.0 samples/s
Training Loss: 1.016154 | 5704.6 samples/s
Peak GPU memory: 1233.8 MB
Validation Loss: 1.008016 | 7208.7 samples/s

Epoch 18/100
----------------------------------------
Learning Rate: 0.000090
  step    50/1756 | loss 0.9548 | data 0.9 ms | step 97.4 ms | 5256.7 samples/s
  step   100/1756 | loss 1.0652 | data 0.2 ms | step 57.6 ms | 8884.2 samples/s
  step   150/1756 | loss 0.9218 | data 0.2 ms | step 96.8 ms | 5291.3 samples/s
  step   200/1756 | loss 1.0241 | data 0.2 ms | step 111.8 ms | 4580.9 samples/s
  step   250/1756 | loss 0.9958 | data 0.2 ms | step 69.7 ms | 7342.5 samples/s
  step   300/1756 | loss 0.9818 | data 0.1 ms | step 70.6 ms | 7255.5 samples/s
  step   350/1756 | loss 0.9809 | data 0.2 ms | step 109.0 ms | 4698.6 samples/s
  step   400/1756 | loss 1.0191 | data 0.2 ms | step 97.3 ms | 5261.5 samples/s
  step   450/1756 | loss 1.0059 | data 0.2 ms | step 57.9 ms | 8843.6 samples/s
  step   500/1756 | loss 0.9189 | data 0.2 ms | step 105.9 ms | 4836.3 samples/s
  step   550/1756 | loss 0.9186 | data 0.2 ms | step 109.0 ms | 4696.1 samples/s
  step   600/1756 | loss 0.9443 | data 0.2 ms | step 65.0 ms | 7873.2 samples/s
  step   650/1756 | loss 0.9441 | data 0.2 ms | step 72.7 ms | 7045.6 samples/s
  step   700/1756 | loss 0.9636 | data 0.2 ms | step 108.2 ms | 4730.1 samples/s
  step   750/1756 | loss 0.9581 | data 0.2 ms | step 94.1 ms | 5439.8 samples/s
  step   800/1756 | loss 0.9744 | data 0.2 ms | step 56.6 ms | 9045.5 samples/s
  step   850/1756 | loss 0.9380 | data 0.2 ms | step 105.2 ms | 4866.6 samples/s
  step   900/1756 | loss 0.9778 | data 0.2 ms | step 107.6 ms | 4759.9 samples/s
  step   950/1756 | loss 0.9684 | data 0.2 ms | step 67.8 ms | 7546.4 samples/s
  step  1000/1756 | loss 0.9142 | data 0.1 ms | step 74.5 ms | 6871.1 samples/s
  step  1050/1756 | loss 0.9401 | data 0.2 ms | step 117.9 ms | 4343.5 samples/s
  step  1100/1756 | loss 0.9872 | data 0.2 ms | step 84.8 ms | 6039.7 samples/s
  step  1150/1756 | loss 0.9382 | data 0.1 ms | step 59.2 ms | 8652.3 samples/s
  step  1200/1756 | loss 0.9159 | data 0.2 ms | step 106.2 ms | 4819.3 samples/s
  step  1250/1756 | loss 0.9701 | data 0.2 ms | step 113.1 ms | 4528.1 samples/s
  step  1300/1756 | loss 1.0361 | data 0.2 ms | step 59.3 ms | 8639.3 samples/s
  step  1350/1756 | loss 0.9239 | data 0.2 ms | step 75.3 ms | 6799.5 samples/s
  step  1400/1756 | loss 1.0027 | data 0.2 ms | step 102.8 ms | 4979.9 samples/s
  step  1450/1756 | loss 0.9340 | data 0.2 ms | step 91.5 ms | 5597.1 samples/s
  step  1500/1756 | loss 1.0092 | data 0.1 ms | step 57.4 ms | 8917.5 samples/s
  step  1550/1756 | loss 0.9982 | data 0.2 ms | step 94.0 ms | 5447.2 samples/s
  step  1600/1756 | loss 1.0067 | data 0.1 ms | step 105.4 ms | 4859.4 samples/s
  step  1650/1756 | loss 0.9475 | data 0.1 ms | step 74.6 ms | 6864.6 samples/s
  step  1700/1756 | loss 0.8720 | data 0.2 ms | step 68.8 ms | 7441.6 samples/s
  step  1750/1756 | loss 0.9334 | data 0.8 ms | step 111.6 ms | 4589.0 samples/s
Training Loss: 0.965995 | 5859.1 samples/s
Peak GPU memory: 1233.8 MB
Validation Loss: 0.942917 | 7260.1 samples/s

Epoch 19/100
----------------------------------------
Learning Rate: 0.000090
  step    50/1756 | loss 0.9007 | data 0.8 ms | step 84.1 ms | 6090.8 samples/s
  step   100/1756 | loss 0.9384 | data 0.1 ms | step 57.4 ms | 8922.2 samples/s
  step   150/1756 | loss 0.9752 | data 0.2 ms | step 103.1 ms | 4965.5 samples/s
  step   200/1756 | loss 0.9420 | data 0.2 ms | step 105.3 ms | 4861.3 samples/s
  step   250/1756 | loss 0.9308 | data 0.2 ms | step 62.7 ms | 8165.5 samples/s
  step   300/1756 | loss 0.9194 | data 0.1 ms | step 69.6 ms | 7351.9 samples/s
  step   350/1756 | loss 0.9019 | data 0.2 ms | step 120.3 ms | 4256.3 samples/s
  step   400/1756 | loss 0.9352 | data 0.2 ms | step 86.3 ms | 5930.4 samples/s
  step   450/1756 | loss 0.8596 | data 0.2 ms | step 54.2 ms | 9452.5 samples/s
  step   500/1756 | loss 0.9528 | data 0.2 ms | step 108.1 ms | 4736.2 samples/s
  step   550/1756 | loss 0.8846 | data 0.2 ms | step 108.4 ms | 4724.5 samples/s
  step   600/1756 | loss 0.8431 | data 0.1 ms | step 62.0 ms | 8254.9 samples/s
  step   650/1756 | loss 0.9104 | data 0.1 ms | step 77.5 ms | 6602.5 samples/s
  step   700/1756 | loss 0.9396 | data 0.2 ms | step 110.3 ms | 4640.5 samples/s
  step   750/1756 | loss 0.9522 | data 0.2 ms | step 83.8 ms | 6107.1 samples/s
  step   800/1756 | loss 0.9377 | data 0.2 ms | step 56.8 ms | 9012.9 samples/s
  step   850/1756 | loss 0.9461 | data 0.2 ms | step 101.7 ms | 5036.8 samples/s
  step   900/1756 | loss 0.9759 | data 0.2 ms | step 112.0 ms | 4572.6 samples/s
  step   950/1756 | loss 0.9277 | data 0.2 ms | step 67.6 ms | 7569.8 samples/s
  step  1000/1756 | loss 0.9167 | data 0.2 ms | step 90.9 ms | 5629.7 samples/s
  step  1050/1756 | loss 0.9642 | data 0.2 ms | step 118.7 ms | 4312.6 samples/s
  step  1100/1756 | loss 0.9055 | data 0.2 ms | step 72.9 ms | 7024.8 samples/s
  step  1150/1756 | loss 0.9654 | data 0.2 ms | step 65.1 ms | 7866.5 samples/s
  step  1200/1756 | loss 0.9446 | data 0.2 ms | step 111.0 ms | 4612.8 samples/s
  step  1250/1756 | loss 0.9135 | data 0.2 ms | step 113.1 ms | 4527.7 samples/s
  step  1300/1756 | loss 0.8705 | data 0.2 ms | step 60.0 ms | 8540.4 samples/s
  step  1350/1756 | loss 0.9321 | data 0.2 ms | step 103.8 ms | 4933.5 samples/s
  step  1400/1756 | loss 0.9050 | data 0.2 ms | step 126.6 ms | 4044.1 samples/s
  step  1450/1756 | loss 0.8696 | data 0.2 ms | step 59.8 ms | 8562.1 samples/s
  step  1500/1756 | loss 0.9182 | data 0.1 ms | step 93.6 ms | 5467.3 samples/s
  step  1550/1756 | loss 0.8941 | data 0.2 ms | step 119.1 ms | 4298.6 samples/s
  step  1600/1756 | loss 0.9244 | data 0.1 ms | step 72.1 ms | 7100.8 samples/s
  step  1650/1756 | loss 0.9102 | data 0.1 ms | step 71.2 ms | 7189.0 samples/s
  step  1700/1756 | loss 0.9067 | data 0.2 ms | step 108.9 ms | 4700.1 samples/s
  step  1750/1756 | loss 0.8160 | data 0.7 ms | step 90.7 ms | 5643.7 samples/s
Training Loss: 0.917644 | 5771.5 samples/s
Peak GPU memory: 1233.8 MB
Validation Loss: 0.903399 | 7344.0 samples/s

Epoch 20/100
----------------------------------------
Learning Rate: 0.000090
  step    50/1756 | loss 0.7973 | data 0.8 ms | step 63.7 ms | 8037.7 samples/s
  step   100/1756 | loss 0.8458 | data 0.2 ms | step 117.0 ms | 4375.5 samples/s
  step   150/1756 | loss 0.8828 | data 0.2 ms | step 106.2 ms | 4819.0 samples/s
  step   200/1756 | loss 0.9440 | data 0.2 ms | step 56.5 ms | 9063.9 samples/s
  step   250/1756 | loss 0.9050 | data 0.1 ms | step 97.1 ms | 5271.9 samples/s
  step   300/1756 | loss 0.8644 | data 0.2 ms | step 127.7 ms | 4010.9 samples/s
  step   350/1756 | loss 0.8715 | data 0.2 ms | step 69.7 ms | 7350.0 samples/s
  step   400/1756 | loss 0.8708 | data 0.2 ms | step 84.3 ms | 6071.1 samples/s
  step   450/1756 | loss 0.8547 | data 0.2 ms | step 115.5 ms | 4433.3 samples/s
  step   500/1756 | loss 0.9134 | data 0.2 ms | step 85.0 ms | 6022.0 samples/s
  step   550/1756 | loss 0.9585 | data 0.2 ms | step 68.2 ms | 7502.9 samples/s
  step   600/1756 | loss 0.8776 | data 0.2 ms | step 124.4 ms | 4117.0 samples/s
  step   650/1756 | loss 0.8770 | data 0.2 ms | step 98.9 ms | 5175.2 samples/s
  step   700/1756 | loss 0.8049 | data 0.2 ms | step 57.3 ms | 8936.9 samples/s
  step   750/1756 | loss 0.8541 | data 0.2 ms | step 90.2 ms | 5676.1 samples/s
  step   800/1756 | loss 0.8803 | data 0.2 ms | step 113.7 ms | 4502.1 samples/s
  step   850/1756 | loss 0.8444 | data 0.2 ms | step 74.7 ms | 6856.3 samples/s
  step   900/1756 | loss 0.9345 | data 0.2 ms | step 77.9 ms | 6574.4 samples/s
  step   950/1756 | loss 0.8497 | data 0.2 ms | step 115.8 ms | 4422.7 samples/s
  step  1000/1756 | loss 0.8672 | data 0.2 ms | step 93.6 ms | 5470.3 samples/s
  step  1050/1756 | loss 0.8852 | data 0.2 ms | step 57.6 ms | 8889.0 samples/s
  step  1100/1756 | loss 0.8122 | data 0.2 ms | step 97.9 ms | 5229.6 samples/s
  step  1150/1756 | loss 0.8675 | data 0.2 ms | step 116.1 ms | 4408.6 samples/s
  step  1200/1756 | loss 0.7937 | data 0.2 ms | step 66.4 ms | 7715.4 samples/s
  step  1250/1756 | loss 0.8243 | data 0.1 ms | step 69.3 ms | 7389.3 samples/s
  step  1300/1756 | loss 0.8834 | data 0.2 ms | step 98.5 ms | 5197.5 samples/s
  step  1350/1756 | loss 0.8501 | data 0.2 ms | step 96.9 ms | 5282.7 samples/s
  step  1400/1756 | loss 0.8777 | data 0.2 ms | step 58.9 ms | 8696.2 samples/s
  step  1450/1756 | loss 0.9105 | data 0.2 ms | step 77.8 ms | 6582.5 samples/s
  step  1500/1756 | loss 0.8862 | data 0.2 ms | step 105.6 ms | 4846.8 samples/s
  step  1550/1756 | loss 0.8627 | data 0.2 ms | step 85.5 ms | 5989.0 samples/s
  step  1600/1756 | loss 0.8920 | data 0.1 ms | step 56.4 ms | 9074.9 samples/s
  step  1650/1756 | loss 0.8385 | data 0.2 ms | step 105.9 ms | 4835.8 samples/s
  step  1700/1756 | loss 0.8159 | data 0.2 ms | step 101.6 ms | 5040.7 samples/s
  step  1750/1756 | loss 0.8540 | data 0.8 ms | step 69.9 ms | 7324.4 samples/s
Training Loss: 0.867218 | 5781.9 samples/s
Peak GPU memory: 1233.8 MB
Validation Loss: 0.914104 | 7462.2 samples/s

Epoch 21/100
----------------------------------------
Learning Rate: 0.000081
  step    50/1756 | loss 0.7972 | data 0.9 ms | step 73.5 ms | 6962.0 samples/s
  step   100/1756 | loss 0.7792 | data 0.2 ms | step 119.1 ms | 4300.3 samples/s
  step   150/1756 | loss 0.8866 | data 0.1 ms | step 83.0 ms | 6165.0 samples/s
  step   200/1756 | loss 0.8199 | data 0.1 ms | step 59.3 ms | 8629.9 samples/s
  step   250/1756 | loss 0.8220 | data 0.2 ms | step 102.8 ms | 4982.9 samples/s
  step   300/1756 | loss 0.8099 | data 0.2 ms | step 113.4 ms | 4513.3 samples/s
  step   350/1756 | loss 0.7971 | data 0.2 ms | step 62.4 ms | 8200.9 samples/s
  step   400/1756 | loss 0.8337 | data 0.1 ms | step 83.6 ms | 6126.1 samples/s
  step   450/1756 | loss 0.8389 | data 0.2 ms | step 108.4 ms | 4721.3 samples/s
  step   500/1756 | loss 0.7674 | data 0.1 ms | step 83.3 ms | 6143.2 samples/s
  step   550/1756 | loss 0.8041 | data 0.2 ms | step 56.3 ms | 9091.4 samples/s
  step   600/1756 | loss 0.8639 | data 0.2 ms | step 105.4 ms | 4858.6 samples/s
  step   650/1756 | loss 0.8492 | data 0.2 ms | step 105.9 ms | 4836.8 samples/s
  step   700/1756 | loss 0.8653 | data 0.1 ms | step 59.9 ms | 8546.1 samples/s
  step   750/1756 | loss 0.7891 | data 0.2 ms | step 73.3 ms | 6986.6 samples/s
  step   800/1756 | loss 0.8421 | data 0.2 ms | step 125.0 ms | 4097.2 samples/s
  step   850/1756 | loss 0.8975 | data 0.2 ms | step 79.6 ms | 6431.2 samples/s
  step   900/1756 | loss 0.7767 | data 0.2 ms | step 56.5 ms | 9058.9 samples/s
  step   950/1756 | loss 0.8157 | data 0.2 ms | step 109.5 ms | 4675.6 samples/s
  step  1000/1756 | loss 0.7926 | data 0.2 ms | step 107.1 ms | 4779.9 samples/s
  step  1050/1756 | loss 0.8013 | data 0.1 ms | step 57.5 ms | 8908.3 samples/s
  step  1100/1756 | loss 0.8652 | data 0.1 ms | step 74.4 ms | 6878.4 samples/s
  step  1150/1756 | loss 0.8299 | data 0.2 ms | step 116.2 ms | 4405.7 samples/s
  step  1200/1756 | loss 0.7487 | data 0.2 ms | step 82.7 ms | 6192.7 samples/s
  step  1250/1756 | loss 0.9073 | data 0.2 ms | step 60.1 ms | 8518.7 samples/s
  step  1300/1756 | loss 0.8611 | data 0.2 ms | step 117.4 ms | 4362.2 samples/s
  step  1350/1756 | loss 0.8361 | data 0.2 ms | step 102.6 ms | 4992.7 samples/s
  step  1400/1756 | loss 0.7821 | data 0.1 ms | step 57.6 ms | 8889.3 samples/s
  step  1450/1756 | loss 0.7882 | data 0.2 ms | step 93.6 ms | 5468.5 samples/s
  step  1500/1756 | loss 0.8374 | data 0.2 ms | step 115.7 ms | 4425.3 samples/s
  step  1550/1756 | loss 0.7916 | data 0.2 ms | step 73.6 ms | 6953.2 samples/s
  step  1600/1756 | loss 0.8302 | data 0.1 ms | step 68.4 ms | 7482.2 samples/s
  step  1650/1756 | loss 0.8036 | data 0.2 ms | step 108.7 ms | 4710.8 samples/s
  step  1700/1756 | loss 0.8686 | data 0.2 ms | step 94.7 ms | 5406.0 samples/s
  step  1750/1756 | loss 0.8440 | data 0.8 ms | step 56.4 ms | 9079.5 samples/s
Training Loss: 0.823422 | 5890.7 samples/s
Peak GPU memory: 1233.8 MB
Validation Loss: 0.803746 | 7261.9 samples/s

Epoch 22/100
----------------------------------------
Learning Rate: 0.000081
  step    50/1756 | loss 0.7250 | data 0.8 ms | step 127.3 ms | 4022.4 samples/s
  step   100/1756 | loss 0.7842 | data 0.2 ms | step 88.3 ms | 5797.7 samples/s
  step   150/1756 | loss 0.7369 | data 0.2 ms | step 61.7 ms | 8292.9 samples/s
  step   200/1756 | loss 0.8781 | data 0.2 ms | step 122.3 ms | 4185.5 samples/s
  step   250/1756 | loss 0.7903 | data 0.2 ms | step 99.1 ms | 5166.5 samples/s
  step   300/1756 | loss 0.8500 | data 0.2 ms | step 60.6 ms | 8448.6 samples/s
  step   350/1756 | loss 0.7645 | data 0.2 ms | step 107.9 ms | 4746.2 samples/s
  step   400/1756 | loss 0.8077 | data 0.2 ms | step 114.7 ms | 4464.1 samples/s
  step   450/1756 | loss 0.8932 | data 0.2 ms | step 58.3 ms | 8775.1 samples/s
  step   500/1756 | loss 0.7653 | data 0.2 ms | step 95.1 ms | 5386.1 samples/s
  step   550/1756 | loss 0.8156 | data 0.2 ms | step 122.6 ms | 4177.6 samples/s
  step   600/1756 | loss 0.7547 | data 0.1 ms | step 66.0 ms | 7763.2 samples/s
  step   650/1756 | loss 0.8335 | data 0.1 ms | step 67.6 ms | 7570.3 samples/s
  step   700/1756 | loss 0.8038 | data 0.2 ms | step 105.9 ms | 4834.0 samples/s
  step   750/1756 | loss 0.7970 | data 0.2 ms | step 94.2 ms | 5436.2 samples/s
  step   800/1756 | loss 0.8208 | data 0.1 ms | step 56.5 ms | 9058.9 samples/s
  step   850/1756 | loss 0.6899 | data 0.2 ms | step 113.6 ms | 4508.9 samples/s
  step   900/1756 | loss 0.8080 | data 0.2 ms | step 111.3 ms | 4598.7 samples/s
  step   950/1756 | loss 0.7763 | data 0.2 ms | step 56.4 ms | 9070.9 samples/s
  step  1000/1756 | loss 0.7430 | data 0.1 ms | step 87.9 ms | 5824.5 samples/s
  step  1050/1756 | loss 0.7787 | data 0.2 ms | step 110.4 ms | 4638.1 samples/s
  step  1100/1756 | loss 0.7265 | data 0.1 ms | step 72.8 ms | 7033.8 samples/s
  step  1150/1756 | loss 0.7697 | data 0.1 ms | step 68.8 ms | 7445.9 samples/s
  step  1200/1756 | loss 0.7488 | data 0.1 ms | step 112.9 ms | 4534.3 samples/s
  step  1250/1756 | loss 0.7643 | data 0.2 ms | step 89.5 ms | 5717.5 samples/s
  step  1300/1756 | loss 0.7835 | data 0.2 ms | step 57.0 ms | 8977.5 samples/s
  step  1350/1756 | loss 0.7476 | data 0.2 ms | step 126.1 ms | 4059.3 samples/s
  step  1400/1756 | loss 0.7346 | data 0.2 ms | step 102.0 ms | 5018.3 samples/s
  step  1450/1756 | loss 0.7331 | data 0.1 ms | step 57.5 ms | 8906.8 samples/s
  step  1500/1756 | loss 0.7568 | data 0.2 ms | step 96.3 ms | 5316.3 samples/s
  step  1550/1756 | loss 0.7712 | data 0.2 ms | step 118.2 ms | 4331.0 samples/s
  step  1600/1756 | loss 0.7641 | data 0.1 ms | step 66.4 ms | 7710.3 samples/s
  step  1650/1756 | loss 0.7734 | data 0.1 ms | step 77.7 ms | 6590.3 samples/s
  step  1700/1756 | loss 0.7702 | data 0.2 ms | step 125.7 ms | 4072.1 samples/s
  step  1750/1756 | loss 0.7677 | data 1.0 ms | step 73.7 ms | 6945.4 samples/s
Training Loss: 0.777562 | 5653.6 samples/s
Peak GPU memory: 1233.8 MB
Validation Loss: 0.820038 | 7591.4 samples/s

Epoch 23/100
----------------------------------------
Learning Rate: 0.000081
  step    50/1756 | loss 0.7321 | data 0.9 ms | step 67.4 ms | 7596.7 samples/s
  step   100/1756 | loss 0.7681 | data 0.2 ms | step 108.2 ms | 4732.4 samples/s
  step   150/1756 | loss 0.7636 | data 0.2 ms | step 94.0 ms | 5447.1 samples/s
  step   200/1756 | loss 0.7229 | data 0.2 ms | step 56.6 ms | 9045.1 samples/s
  step   250/1756 | loss 0.8251 | data 0.1 ms | step 90.6 ms | 5649.1 samples/s
  step   300/1756 | loss 0.7144 | data 0.2 ms | step 107.6 ms | 4759.5 samples/s
  step   350/1756 | loss 0.7411 | data 0.1 ms | step 71.4 ms | 7168.8 samples/s
  step   400/1756 | loss 0.7422 | data 0.1 ms | step 65.3 ms | 7836.7 samples/s
  step   450/1756 | loss 0.7180 | data 0.1 ms | step 110.8 ms | 4620.0 samples/s
  step   500/1756 | loss 0.8275 | data 0.2 ms | step 97.4 ms | 5256.6 samples/s
  step   550/1756 | loss 0.7394 | data 0.2 ms | step 57.5 ms | 8900.2 samples/s
  step   600/1756 | loss 0.7294 | data 0.2 ms | step 89.4 ms | 5729.1 samples/s
  step   650/1756 | loss 0.7977 | data 0.2 ms | step 113.1 ms | 4528.2 samples/s
  step   700/1756 | loss 0.7347 | data 0.2 ms | step 74.3 ms | 6891.2 samples/s
  step   750/1756 | loss 0.7078 | data 0.2 ms | step 67.6 ms | 7577.8 samples/s
  step   800/1756 | loss 0.8797 | data 0.2 ms | step 118.7 ms | 4314.3 samples/s
  step   850/1756 | loss 0.7307 | data 0.2 ms | step 92.2 ms | 5555.1 samples/s
  step   900/1756 | loss 0.7270 | data 0.2 ms | step 57.3 ms | 8939.0 samples/s
  step   950/1756 | loss 0.6888 | data 0.2 ms | step 127.0 ms | 4031.6 samples/s
  step  1000/1756 | loss 0.6913 | data 0.2 ms | step 103.6 ms | 4941.4 samples/s
  step  1050/1756 | loss 0.7797 | data 0.1 ms | step 56.9 ms | 8998.0 samples/s
  step  1100/1756 | loss 0.6999 | data 0.2 ms | step 111.0 ms | 4614.4 samples/s
  step  1150/1756 | loss 0.7915 | data 0.2 ms | step 120.2 ms | 4259.7 samples/s
  step  1200/1756 | loss 0.7478 | data 0.1 ms | step 56.7 ms | 9030.1 samples/s
  step  1250/1756 | loss 0.7424 | data 0.2 ms | step 101.9 ms | 5024.9 samples/s
  step  1300/1756 | loss 0.8070 | data 0.2 ms | step 109.6 ms | 4670.9 samples/s
  step  1350/1756 | loss 0.7218 | data 0.2 ms | step 64.2 ms | 7972.0 samples/s
  step  1400/1756 | loss 0.7200 | data 0.1 ms | step 71.5 ms | 7156.9 samples/s
  step  1450/1756 | loss 0.7439 | data 0.2 ms | step 115.9 ms | 4417.2 samples/s
  step  1500/1756 | loss 0.7270 | data 0.1 ms | step 84.5 ms | 6061.5 samples/s
  step  1550/1756 | loss 0.7099 | data 0.2 ms | step 56.8 ms | 9010.8 samples/s
  step  1600/1756 | loss 0.6861 | data 0.2 ms | step 101.4 ms | 5049.4 samples/s
  step  1650/1756 | loss 0.7457 | data 0.2 ms | step 105.7 ms | 4842.9 samples/s
  step  1700/1756 | loss 0.7536 | data 0.2 ms | step 69.8 ms | 7331.7 samples/s
  step  1750/1756 | loss 0.7146 | data 0.8 ms | step 84.2 ms | 6078.1 samples/s
Training Loss: 0.744876 | 5807.7 samples/s
Peak GPU memory: 1233.8 MB
Validation Loss: 0.765298 | 7097.3 samples/s

Epoch 24/100
----------------------------------------
Learning Rate: 0.000081
  step    50/1756 | loss 0.7020 | data 0.9 ms | step 102.2 ms | 5010.0 samples/s
  step   100/1756 | loss 0.7235 | data 0.1 ms | step 57.6 ms | 8887.5 samples/s
  step   150/1756 | loss 0.6792 | data 0.2 ms | step 97.4 ms | 5257.2 samples/s
  step   200/1756 | loss 0.7369 | data 0.2 ms | step 114.2 ms | 4484.3 samples/s
  step   250/1756 | loss 0.7296 | data 0.2 ms | step 67.0 ms | 7641.9 samples/s
  step   300/1756 | loss 0.7751 | data 0.1 ms | step 73.1 ms | 7006.3 samples/s
  step   350/1756 | loss 0.7063 | data 0.2 ms | step 112.5 ms | 4549.2 samples/s
  step   400/1756 | loss 0.7442 | data 0.2 ms | step 91.8 ms | 5580.1 samples/s
  step   450/1756 | loss 0.7810 | data 0.2 ms | step 58.5 ms | 8747.4 samples/s
  step   500/1756 | loss 0.6964 | data 0.2 ms | step 108.4 ms | 4723.6 samples/s
  step   550/1756 | loss 0.7736 | data 0.1 ms | step 102.9 ms | 4976.1 samples/s
  step   600/1756 | loss 0.6607 | data 0.1 ms | step 65.0 ms | 7874.0 samples/s
  step   650/1756 | loss 0.7405 | data 0.1 ms | step 71.9 ms | 7124.9 samples/s
  step   700/1756 | loss 0.6727 | data 0.2 ms | step 115.2 ms | 4444.3 samples/s
  step   750/1756 | loss 0.7214 | data 0.1 ms | step 85.0 ms | 6026.1 samples/s
  step   800/1756 | loss 0.7414 | data 0.1 ms | step 57.4 ms | 8915.3 samples/s
  step   850/1756 | loss 0.7455 | data 0.2 ms | step 110.6 ms | 4629.8 samples/s
  step   900/1756 | loss 0.7299 | data 0.2 ms | step 110.1 ms | 4650.4 samples/s
  step   950/1756 | loss 0.7174 | data 0.2 ms | step 58.3 ms | 8781.0 samples/s
  step  1000/1756 | loss 0.7473 | data 0.1 ms | step 84.1 ms | 6084.4 samples/s
  step  1050/1756 | loss 0.7541 | data 0.2 ms | step 104.4 ms | 4902.3 samples/s
  step  1100/1756 | loss 0.6652 | data 0.2 ms | step 83.2 ms | 6153.4 samples/s
  step  1150/1756 | loss 0.6266 | data 0.2 ms | step 63.5 ms | 8064.2 samples/s
  step  1200/1756 | loss 0.7108 | data 0.2 ms | step 109.1 ms | 4694.4 samples/s
  step  1250/1756 | loss 0.7261 | data 0.2 ms | step 107.3 ms | 4773.9 samples/s
  step  1300/1756 | loss 0.6950 | data 0.2 ms | step 58.0 ms | 8830.2 samples/s
  step  1350/1756 | loss 0.6653 | data 0.2 ms | step 88.7 ms | 5774.1 samples/s
  step  1400/1756 | loss 0.7515 | data 0.2 ms | step 111.1 ms | 4606.9 samples/s
  step  1450/1756 | loss 0.6821 | data 0.2 ms | step 72.5 ms | 7062.0 samples/s
  step  1500/1756 | loss 0.6344 | data 0.2 ms | step 61.9 ms | 8272.6 samples/s
  step  1550/1756 | loss 0.7223 | data 0.2 ms | step 113.0 ms | 4532.9 samples/s
  step  1600/1756 | loss 0.7052 | data 0.2 ms | step 98.0 ms | 5224.3 samples/s
  step  1650/1756 | loss 0.7492 | data 0.2 ms | step 56.3 ms | 9089.2 samples/s
  step  1700/1756 | loss 0.7554 | data 0.2 ms | step 86.2 ms | 5936.8 samples/s
  step  1750/1756 | loss 0.7482 | data 1.0 ms | step 105.6 ms | 4849.4 samples/s
Training Loss: 0.717621 | 5845.6 samples/s
Peak GPU memory: 1233.8 MB
Validation Loss: 0.754097 | 7237.8 samples/s

Epoch 25/100
----------------------------------------
Learning Rate: 0.000081
  step    50/1756 | loss 0.7477 | data 0.8 ms | step 59.3 ms | 8634.0 samples/s
  step   100/1756 | loss 0.6852 | data 0.2 ms | step 97.5 ms | 5250.7 samples/s
  step   150/1756 | loss 0.6564 | data 0.2 ms | step 104.2 ms | 4914.3 samples/s
  step   200/1756 | loss 0.7041 | data 0.2 ms | step 71.8 ms | 7126.1 samples/s
  step   250/1756 | loss 0.7064 | data 0.2 ms | step 64.9 ms | 7895.0 samples/s
  step   300/1756 | loss 0.6757 | data 0.2 ms | step 109.4 ms | 4680.4 samples/s
  step   350/1756 | loss 0.7452 | data 0.2 ms | step 108.2 ms | 4732.3 samples/s
  step   400/1756 | loss 0.6675 | data 0.2 ms | step 56.6 ms | 9053.0 samples/s
  step   450/1756 | loss 0.6741 | data 0.2 ms | step 88.2 ms | 5802.3 samples/s
  step   500/1756 | loss 0.7419 | data 0.2 ms | step 110.4 ms | 4638.4 samples/s
  step   550/1756 | loss 0.6575 | data 0.1 ms | step 75.6 ms | 6770.6 samples/s
  step   600/1756 | loss 0.7918 | data 0.2 ms | step 63.2 ms | 8102.1 samples/s
  step   650/1756 | loss 0.7642 | data 0.2 ms | step 127.3 ms | 4023.3 samples/s
  step   700/1756 | loss 0.6789 | data 0.2 ms | step 91.1 ms | 5620.8 samples/s
  step   750/1756 | loss 0.6532 | data 0.2 ms | step 58.6 ms | 8735.1 samples/s
  step   800/1756 | loss 0.6602 | data 0.2 ms | step 108.0 ms | 4740.7 samples/s
  step   850/1756 | loss 0.7231 | data 0.2 ms | step 108.7 ms | 4711.9 samples/s
  step   900/1756 | loss 0.7016 | data 0.2 ms | step 59.4 ms | 8621.2 samples/s
  step   950/1756 | loss 0.6372 | data 0.1 ms | step 83.7 ms | 6120.2 samples/s
  step  1000/1756 | loss 0.6997 | data 0.2 ms | step 110.5 ms | 4634.1 samples/s
  step  1050/1756 | loss 0.6708 | data 0.2 ms | step 78.1 ms | 6558.7 samples/s
  step  1100/1756 | loss 0.6882 | data 0.1 ms | step 57.8 ms | 8863.4 samples/s
  step  1150/1756 | loss 0.9155 | data 0.2 ms | step 105.5 ms | 4854.1 samples/s
  step  1200/1756 | loss 0.6634 | data 0.2 ms | step 105.9 ms | 4836.8 samples/s
  step  1250/1756 | loss 0.7009 | data 0.2 ms | step 57.9 ms | 8846.9 samples/s
  step  1300/1756 | loss 0.6513 | data 0.2 ms | step 80.1 ms | 6394.6 samples/s
  step  1350/1756 | loss 0.6731 | data 0.1 ms | step 109.1 ms | 4695.0 samples/s
  step  1400/1756 | loss 0.6881 | data 0.1 ms | step 78.6 ms | 6516.9 samples/s
  step  1450/1756 | loss 0.6662 | data 0.1 ms | step 53.3 ms | 9597.9 samples/s
  step  1500/1756 | loss 0.6295 | data 0.2 ms | step 114.0 ms | 4492.6 samples/s
  step  1550/1756 | loss 0.6070 | data 0.2 ms | step 111.7 ms | 4585.0 samples/s
  step  1600/1756 | loss 0.6733 | data 0.1 ms | step 56.4 ms | 9081.0 samples/s
  step  1650/1756 | loss 0.6281 | data 0.2 ms | step 81.9 ms | 6248.6 samples/s
  step  1700/1756 | loss 0.7501 | data 0.2 ms | step 115.1 ms | 4448.6 samples/s
  step  1750/1756 | loss 0.5972 | data 1.0 ms | step 75.9 ms | 6745.7 samples/s
Training Loss: 0.690150 | 5904.6 samples/s
Peak GPU memory: 1233.8 MB
Validation Loss: 0.651050 | 7406.3 samples/s

Epoch 26/100
----------------------------------------
Learning Rate: 0.000081
  step    50/1756 | loss 0.6394 | data 2.6 ms | step 74.8 ms | 6844.7 samples/s
  step   100/1756 | loss 0.6513 | data 0.2 ms | step 108.3 ms | 4727.8 samples/s
  step   150/1756 | loss 0.7095 | data 0.2 ms | step 84.0 ms | 6097.0 samples/s
  step   200/1756 | loss 0.6757 | data 0.1 ms | step 54.1 ms | 9463.6 samples/s
  step   250/1756 | loss 0.7541 | data 0.2 ms | step 110.5 ms | 4634.2 samples/s
  step   300/1756 | loss 0.6749 | data 0.2 ms | step 108.7 ms | 4708.3 samples/s
  step   350/1756 | loss 0.6547 | data 0.1 ms | step 61.2 ms | 8362.7 samples/s
  step   400/1756 | loss 0.6191 | data 0.2 ms | step 85.7 ms | 5977.0 samples/s
  step   450/1756 | loss 0.6714 | data 0.2 ms | step 122.7 ms | 4172.7 samples/s
  step   500/1756 | loss 0.6794 | data 0.2 ms | step 78.3 ms | 6539.3 samples/s
  step   550/1756 | loss 0.6884 | data 0.2 ms | step 58.9 ms | 8690.7 samples/s
  step   600/1756 | loss 0.7289 | data 0.2 ms | step 119.6 ms | 4281.7 samples/s
  step   650/1756 | loss 0.5843 | data 0.2 ms | step 97.7 ms | 5238.4 samples/s
  step   700/1756 | loss 0.6626 | data 0.2 ms | step 57.1 ms | 8964.5 samples/s
  step   750/1756 | loss 0.6431 | data 0.2 ms | step 96.3 ms | 5315.4 samples/s
  step   800/1756 | loss 0.6859 | data 0.2 ms | step 117.9 ms | 4343.6 samples/s
  step   850/1756 | loss 0.7295 | data 0.2 ms | step 68.2 ms | 7504.8 samples/s
  step   900/1756 | loss 0.6185 | data 0.2 ms | step 80.6 ms | 6353.9 samples/s
  step   950/1756 | loss 0.6653 | data 0.2 ms | step 103.3 ms | 4954.4 samples/s
  step  1000/1756 | loss 0.6784 | data 0.2 ms | step 91.5 ms | 5597.9 samples/s
  step  1050/1756 | loss 0.6527 | data 0.2 ms | step 59.7 ms | 8580.0 samples/s
  step  1100/1756 | loss 0.6569 | data 0.2 ms | step 119.4 ms | 4288.7 samples/s
  step  1150/1756 | loss 0.6426 | data 0.2 ms | step 106.8 ms | 4793.5 samples/s
  step  1200/1756 | loss 0.6407 | data 0.1 ms | step 56.9 ms | 9001.1 samples/s
  step  1250/1756 | loss 0.6154 | data 0.2 ms | step 86.4 ms | 5922.9 samples/s
  step  1300/1756 | loss 0.5982 | data 0.2 ms | step 113.8 ms | 4499.5 samples/s
  step  1350/1756 | loss 0.5997 | data 0.1 ms | step 71.7 ms | 7140.0 samples/s
  step  1400/1756 | loss 0.6906 | data 0.1 ms | step 66.0 ms | 7755.5 samples/s
  step  1450/1756 | loss 0.6628 | data 0.2 ms | step 111.0 ms | 4611.6 samples/s
  step  1500/1756 | loss 0.6384 | data 0.2 ms | step 97.7 ms | 5243.2 samples/s
  step  1550/1756 | loss 0.6274 | data 0.2 ms | step 56.9 ms | 9000.1 samples/s
  step  1600/1756 | loss 0.7081 | data 0.2 ms | step 89.5 ms | 5718.6 samples/s
  step  1650/1756 | loss 0.6820 | data 0.2 ms | step 115.9 ms | 4415.9 samples/s
  step  1700/1756 | loss 0.5850 | data 0.1 ms | step 69.4 ms | 7377.8 samples/s
  step  1750/1756 | loss 0.5846 | data 0.8 ms | step 67.0 ms | 7646.4 samples/s
Training Loss: 0.656824 | 5834.3 samples/s
Peak GPU memory: 1233.8 MB
Validation Loss: 0.640321 | 7448.4 samples/s

Epoch 27/100
----------------------------------------
Learning Rate: 0.000081
  step    50/1756 | loss 0.6588 | data 0.9 ms | step 106.9 ms | 4788.4 samples/s
  step   100/1756 | loss 0.6456 | data 0.2 ms | step 82.1 ms | 6240.0 samples/s
  step   150/1756 | loss 0.6939 | data 0.2 ms | step 53.2 ms | 9630.5 samples/s
  step   200/1756 | loss 0.5696 | data 0.1 ms | step 104.6 ms | 4893.3 samples/s
  step   250/1756 | loss 0.6145 | data 0.2 ms | step 104.3 ms | 4909.3 samples/s
  step   300/1756 | loss 0.5956 | data 0.1 ms | step 66.2 ms | 7736.8 samples/s
  step   350/1756 | loss 0.5888 | data 0.2 ms | step 77.8 ms | 6577.1 samples/s
  step   400/1756 | loss 0.6628 | data 0.2 ms | step 117.9 ms | 4342.1 samples/s
  step   450/1756 | loss 0.5876 | data 0.2 ms | step 80.1 ms | 6390.9 samples/s
  step   500/1756 | loss 0.6177 | data 0.1 ms | step 64.7 ms | 7914.2 samples/s
  step   550/1756 | loss 0.5838 | data 0.2 ms | step 113.3 ms | 4519.0 samples/s
  step   600/1756 | loss 0.6329 | data 0.2 ms | step 99.0 ms | 5172.5 samples/s
  step   650/1756 | loss 0.6340 | data 0.1 ms | step 56.8 ms | 9013.4 samples/s
  step   700/1756 | loss 0.6404 | data 0.2 ms | step 98.8 ms | 5179.9 samples/s
  step   750/1756 | loss 0.6306 | data 0.2 ms | step 108.0 ms | 4739.0 samples/s
  step   800/1756 | loss 0.6964 | data 0.2 ms | step 68.0 ms | 7533.7 samples/s
  step   850/1756 | loss 0.6316 | data 0.2 ms | step 71.3 ms | 7181.7 samples/s
  step   900/1756 | loss 0.6058 | data 0.2 ms | step 113.1 ms | 4525.4 samples/s
  step   950/1756 | loss 0.6151 | data 0.2 ms | step 87.3 ms | 5865.6 samples/s
  step  1000/1756 | loss 0.6488 | data 0.2 ms | step 57.0 ms | 8975.5 samples/s
  step  1050/1756 | loss 0.7025 | data 0.2 ms | step 94.3 ms | 5428.8 samples/s
  step  1100/1756 | loss 0.5960 | data 0.2 ms | step 110.4 ms | 4635.8 samples/s
  step  1150/1756 | loss 0.6262 | data 0.2 ms | step 67.3 ms | 7606.0 samples/s
  step  1200/1756 | loss 0.5928 | data 0.1 ms | step 64.3 ms | 7960.8 samples/s
  step  1250/1756 | loss 0.6034 | data 0.2 ms | step 103.4 ms | 4949.7 samples/s
  step  1300/1756 | loss 0.6086 | data 0.2 ms | step 102.2 ms | 5010.2 samples/s
  step  1350/1756 | loss 0.6557 | data 0.2 ms | step 56.8 ms | 9015.2 samples/s
  step  1400/1756 | loss 0.5907 | data 0.2 ms | step 85.4 ms | 5995.6 samples/s
  step  1450/1756 | loss 0.6456 | data 0.2 ms | step 133.2 ms | 3844.7 samples/s
  step  1500/1756 | loss 0.6433 | data 0.1 ms | step 64.0 ms | 8002.7 samples/s
  step  1550/1756 | loss 0.6137 | data 0.2 ms | step 76.3 ms | 6709.0 samples/s
  step  1600/1756 | loss 0.6406 | data 0.2 ms | step 112.7 ms | 4541.4 samples/s
  step  1650/1756 | loss 0.6390 | data 0.2 ms | step 79.2 ms | 6463.4 samples/s
  step  1700/1756 | loss 0.6085 | data 0.2 ms | step 56.8 ms | 9010.4 samples/s
  step  1750/1756 | loss 0.5872 | data 0.9 ms | step 113.0 ms | 4532.4 samples/s
Training Loss: 0.625598 | 5867.2 samples/s
Peak GPU memory: 1233.8 MB
Validation Loss: 0.609439 | 6964.2 samples/s

Epoch 28/100
----------------------------------------
Learning Rate: 0.000081
  step    50/1756 | loss 0.5534 | data 1.1 ms | step 68.2 ms | 7508.5 samples/s
  step   100/1756 | loss 0.5846 | data 0.1 ms | step 75.9 ms | 6748.2 samples/s
  step   150/1756 | loss 0.5992 | data 0.2 ms | step 123.6 ms | 4144.0 samples/s
  step   200/1756 | loss 0.6442 | data 0.2 ms | step 77.8 ms | 6583.5 samples/s
  step   250/1756 | loss 0.6443 | data 0.2 ms | step 66.2 ms | 7738.9 samples/s
  step   300/1756 | loss 0.6120 | data 0.2 ms | step 123.5 ms | 4145.9 samples/s
  step   350/1756 | loss 0.5981 | data 0.1 ms | step 91.3 ms | 5607.7 samples/s
  step   400/1756 | loss 0.6693 | data 0.2 ms | step 60.9 ms | 8412.2 samples/s
  step   450/1756 | loss 0.5956 | data 0.2 ms | step 109.5 ms | 4674.4 samples/s
  step   500/1756 | loss 0.5851 | data 0.2 ms | step 106.9 ms | 4788.3 samples/s
  step   550/1756 | loss 0.5859 | data 0.2 ms | step 56.4 ms | 9085.0 samples/s
  step   600/1756 | loss 0.5644 | data 0.2 ms | step 87.0 ms | 5883.0 samples/s
  step   650/1756 | loss 0.6098 | data 0.2 ms | step 114.9 ms | 4454.3 samples/s
  step   700/1756 | loss 0.6342 | data 0.2 ms | step 73.6 ms | 6952.1 samples/s
  step   750/1756 | loss 0.6558 | data 0.1 ms | step 76.6 ms | 6686.7 samples/s
  step   800/1756 | loss 0.6021 | data 0.2 ms | step 140.7 ms | 3638.6 samples/s
  step   850/1756 | loss 0.6236 | data 0.1 ms | step 77.5 ms | 6603.7 samples/s
  step   900/1756 | loss 0.6003 | data 0.1 ms | step 69.9 ms | 7319.6 samples/s
  step   950/1756 | loss 0.6202 | data 0.2 ms | step 124.6 ms | 4108.4 samples/s
  step  1000/1756 | loss 0.6014 | data 0.2 ms | step 91.9 ms | 5572.1 samples/s
  step  1050/1756 | loss 0.5539 | data 0.1 ms | step 63.5 ms | 8063.2 samples/s
  step  1100/1756 | loss 0.6425 | data 0.2 ms | step 121.0 ms | 4232.1 samples/s
  step  1150/1756 | loss 0.5796 | data 0.1 ms | step 106.0 ms | 4829.8 samples/s
  step  1200/1756 | loss 0.5962 | data 0.1 ms | step 57.5 ms | 8900.2 samples/s
  step  1250/1756 | loss 0.6142 | data 0.1 ms | step 115.3 ms | 4441.0 samples/s
  step  1300/1756 | loss 0.6044 | data 0.2 ms | step 111.2 ms | 4603.8 samples/s
  step  1350/1756 | loss 0.6170 | data 0.2 ms | step 64.4 ms | 7948.8 samples/s
  step  1400/1756 | loss 0.6196 | data 0.2 ms | step 88.3 ms | 5800.8 samples/s
  step  1450/1756 | loss 0.5747 | data 0.2 ms | step 127.0 ms | 4031.3 samples/s
  step  1500/1756 | loss 0.5875 | data 0.2 ms | step 74.1 ms | 6909.7 samples/s
  step  1550/1756 | loss 0.5819 | data 0.2 ms | step 76.5 ms | 6697.0 samples/s
  step  1600/1756 | loss 0.5523 | data 0.2 ms | step 127.9 ms | 4001.8 samples/s
  step  1650/1756 | loss 0.5468 | data 0.2 ms | step 83.6 ms | 6122.6 samples/s
  step  1700/1756 | loss 0.5944 | data 0.2 ms | step 68.0 ms | 7524.4 samples/s
  step  1750/1756 | loss 0.5855 | data 0.9 ms | step 134.9 ms | 3795.6 samples/s
Training Loss: 0.600592 | 5529.0 samples/s
Peak GPU memory: 1233.8 MB
Validation Loss: 0.574722 | 6871.8 samples/s

Epoch 29/100
----------------------------------------
Learning Rate: 0.000081
  step    50/1756 | loss 0.6886 | data 0.7 ms | step 57.4 ms | 8913.9 samples/s
  step   100/1756 | loss 0.5387 | data 0.2 ms | step 104.5 ms | 4901.2 samples/s
  step   150/1756 | loss 0.5598 | data 0.2 ms | step 122.4 ms | 4182.1 samples/s
  step   200/1756 | loss 0.5526 | data 0.2 ms | step 62.6 ms | 8181.2 samples/s
  step   250/1756 | loss 0.5705 | data 0.1 ms | step 89.8 ms | 5701.1 samples/s
  step   300/1756 | loss 0.5651 | data 0.2 ms | step 129.4 ms | 3955.8 samples/s
  step   350/1756 | loss 0.5993 | data 0.1 ms | step 72.7 ms | 7040.3 samples/s
  step   400/1756 | loss 0.6013 | data 0.1 ms | step 83.4 ms | 6142.6 samples/s
  step   450/1756 | loss 0.6111 | data 0.2 ms | step 135.2 ms | 3785.9 samples/s
  step   500/1756 | loss 0.6386 | data 0.2 ms | step 74.4 ms | 6885.4 samples/s
  step   550/1756 | loss 0.5573 | data 0.1 ms | step 79.0 ms | 6479.0 samples/s
  step   600/1756 | loss 0.5598 | data 0.2 ms | step 117.0 ms | 4375.9 samples/s
  step   650/1756 | loss 0.5850 | data 0.2 ms | step 86.8 ms | 5899.7 samples/s
  step   700/1756 | loss 0.5603 | data 0.1 ms | step 55.9 ms | 9162.5 samples/s
  step   750/1756 | loss 0.5380 | data 0.2 ms | step 127.9 ms | 4004.5 samples/s
  step   800/1756 | loss 0.5677 | data 0.2 ms | step 107.3 ms | 4771.2 samples/s
  step   850/1756 | loss 0.6224 | data 0.2 ms | step 57.4 ms | 8920.8 samples/s
  step   900/1756 | loss 0.5534 | data 0.2 ms | step 105.1 ms | 4869.3 samples/s
  step   950/1756 | loss 0.5841 | data 0.2 ms | step 119.4 ms | 4288.4 samples/s
  step  1000/1756 | loss 0.6209 | data 0.1 ms | step 64.4 ms | 7945.9 samples/s
  step  1050/1756 | loss 0.5445 | data 0.2 ms | step 79.5 ms | 6441.1 samples/s
  step  1100/1756 | loss 0.6412 | data 0.2 ms | step 118.5 ms | 4319.9 samples/s
  step  1150/1756 | loss 0.5876 | data 0.2 ms | step 86.4 ms | 5926.4 samples/s
  step  1200/1756 | loss 0.5764 | data 0.1 ms | step 60.8 ms | 8425.3 samples/s
  step  1250/1756 | loss 0.5408 | data 0.2 ms | step 112.3 ms | 4557.8 samples/s
  step  1300/1756 | loss 0.5570 | data 0.2 ms | step 113.8 ms | 4499.4 samples/s
  step  1350/1756 | loss 0.6036 | data 0.1 ms | step 57.4 ms | 8916.9 samples/s
  step  1400/1756 | loss 0.5743 | data 0.2 ms | step 95.3 ms | 5371.0 samples/s
  step  1450/1756 | loss 0.5217 | data 0.2 ms | step 129.5 ms | 3952.9 samples/s
  step  1500/1756 | loss 0.5081 | data 0.1 ms | step 65.0 ms | 7876.8 samples/s
  step  1550/1756 | loss 0.5405 | data 0.2 ms | step 85.1 ms | 6018.4 samples/s
  step  1600/1756 | loss 0.5411 | data 0.2 ms | step 122.2 ms | 4189.5 samples/s
  step  1650/1756 | loss 0.5364 | data 0.2 ms | step 80.2 ms | 6386.8 samples/s
  step  1700/1756 | loss 0.5527 | data 0.2 ms | step 72.8 ms | 7029.7 samples/s
  step  1750/1756 | loss 0.5668 | data 0.8 ms | step 132.8 ms | 3856.3 samples/s
Training Loss: 0.573066 | 5485.8 samples/s
Peak GPU memory: 1233.8 MB
Validation Loss: 0.565438 | 6826.6 samples/s

Epoch 30/100
----------------------------------------
Learning Rate: 0.000081
  step    50/1756 | loss 0.5482 | data 0.9 ms | step 68.5 ms | 7469.7 samples/s
  step   100/1756 | loss 0.5293 | data 0.2 ms | step 136.9 ms | 3738.8 samples/s
  step   150/1756 | loss 0.5455 | data 0.2 ms | step 88.7 ms | 5771.6 samples/s
  step   200/1756 | loss 0.6083 | data 0.2 ms | step 71.6 ms | 7146.3 samples/s
  step   250/1756 | loss 0.5409 | data 0.2 ms | step 132.1 ms | 3876.8 samples/s
  step   300/1756 | loss 0.5134 | data 0.1 ms | step 88.4 ms | 5792.2 samples/s
  step   350/1756 | loss 0.5710 | data 0.2 ms | step 62.4 ms | 8205.9 samples/s
  step   400/1756 | loss 0.6690 | data 0.2 ms | step 115.0 ms | 4451.6 samples/s
  step   450/1756 | loss 0.5579 | data 0.2 ms | step 109.6 ms | 4673.5 samples/s
  step   500/1756 | loss 0.5553 | data 0.2 ms | step 57.2 ms | 8944.7 samples/s
  step   550/1756 | loss 0.5730 | data 0.2 ms | step 107.4 ms | 4768.5 samples/s
  step   600/1756 | loss 0.5142 | data 0.2 ms | step 128.9 ms | 3972.0 samples/s
  step   650/1756 | loss 0.5663 | data 0.2 ms | step 57.3 ms | 8931.7 samples/s
  step   700/1756 | loss 0.5629 | data 0.2 ms | step 100.9 ms | 5074.2 samples/s
  step   750/1756 | loss 0.6404 | data 0.1 ms | step 132.2 ms | 3873.4 samples/s
  step   800/1756 | loss 0.5517 | data 0.2 ms | step 58.9 ms | 8697.4 samples/s
  step   850/1756 | loss 0.5564 | data 0.2 ms | step 93.7 ms | 5461.6 samples/s
  step   900/1756 | loss 0.5613 | data 0.2 ms | step 141.2 ms | 3626.1 samples/s
  step   950/1756 | loss 0.5441 | data 0.2 ms | step 58.9 ms | 8694.9 samples/s
  step  1000/1756 | loss 0.5011 | data 0.2 ms | step 91.3 ms | 5609.9 samples/s
  step  1050/1756 | loss 0.5155 | data 0.2 ms | step 126.5 ms | 4045.8 samples/s
  step  1100/1756 | loss 0.5134 | data 0.1 ms | step 70.3 ms | 7285.5 samples/s
  step  1150/1756 | loss 0.5346 | data 0.1 ms | step 70.5 ms | 7260.1 samples/s
  step  1200/1756 | loss 0.5826 | data 0.2 ms | step 117.1 ms | 4372.0 samples/s
  step  1250/1756 | loss 0.5267 | data 0.2 ms | step 95.9 ms | 5340.5 samples/s
  step  1300/1756 | loss 0.5707 | data 0.1 ms | step 56.0 ms | 9146.1 samples/s
  step  1350/1756 | loss 0.5351 | data 0.2 ms | step 127.7 ms | 4010.1 samples/s
  step  1400/1756 | loss 0.5769 | data 0.2 ms | step 108.2 ms | 4732.6 samples/s
  step  1450/1756 | loss 0.5840 | data 0.1 ms | step 57.2 ms | 8945.5 samples/s
  step  1500/1756 | loss 0.4730 | data 0.1 ms | step 95.1 ms | 5382.9 samples/s
  step  1550/1756 | loss 0.6044 | data 0.1 ms | step 118.7 ms | 4313.3 samples/s
  step  1600/1756 | loss 0.5656 | data 0.2 ms | step 72.7 ms | 7038.8 samples/s
  step  1650/1756 | loss 0.5772 | data 0.2 ms | step 78.4 ms | 6530.5 samples/s
  step  1700/1756 | loss 0.5383 | data 0.2 ms | step 135.9 ms | 3766.3 samples/s
  step  1750/1756 | loss 0.5536 | data 0.9 ms | step 78.0 ms | 6567.1 samples/s
Training Loss: 0.555946 | 5419.5 samples/s
Peak GPU memory: 1233.8 MB
Validation Loss: 0.546106 | 7134.3 samples/s

Epoch 31/100
----------------------------------------
Learning Rate: 0.000073
  step    50/1756 | loss 0.5029 | data 0.9 ms | step 133.2 ms | 3844.9 samples/s
  step   100/1756 | loss 0.5079 | data 0.2 ms | step 96.7 ms | 5294.8 samples/s
  step   150/1756 | loss 0.5559 | data 0.2 ms | step 57.6 ms | 8896.1 samples/s
  step   200/1756 | loss 0.5151 | data 0.2 ms | step 122.9 ms | 4164.4 samples/s
  step   250/1756 | loss 0.5460 | data 0.2 ms | step 113.6 ms | 4506.8 samples/s
  step   300/1756 | loss 0.5631 | data 0.1 ms | step 57.2 ms | 8958.7 samples/s
  step   350/1756 | loss 0.4995 | data 0.2 ms | step 102.7 ms | 4984.6 samples/s
  step   400/1756 | loss 0.5335 | data 0.2 ms | step 130.6 ms | 3919.1 samples/s
  step   450/1756 | loss 0.5164 | data 0.1 ms | step 59.2 ms | 8644.6 samples/s
  step   500/1756 | loss 0.4971 | data 0.1 ms | step 87.1 ms | 5876.7 samples/s
  step   550/1756 | loss 0.5319 | data 0.2 ms | step 121.4 ms | 4218.5 samples/s
  step   600/1756 | loss 0.4572 | data 0.2 ms | step 76.0 ms | 6735.1 samples/s
  step   650/1756 | loss 0.4850 | data 0.1 ms | step 75.3 ms | 6800.2 samples/s
  step   700/1756 | loss 0.5043 | data 0.2 ms | step 142.5 ms | 3592.2 samples/s
  step   750/1756 | loss 0.5212 | data 0.1 ms | step 78.3 ms | 6540.1 samples/s
  step   800/1756 | loss 0.5634 | data 0.1 ms | step 71.2 ms | 7194.4 samples/s
  step   850/1756 | loss 0.5455 | data 0.2 ms | step 125.2 ms | 4090.9 samples/s
  step   900/1756 | loss 0.5594 | data 0.1 ms | step 89.9 ms | 5692.5 samples/s
  step   950/1756 | loss 0.5884 | data 0.1 ms | step 56.2 ms | 9103.3 samples/s
  step  1000/1756 | loss 0.4699 | data 0.2 ms | step 125.7 ms | 4073.0 samples/s
  step  1050/1756 | loss 0.5262 | data 0.1 ms | step 108.4 ms | 4722.2 samples/s
  step  1100/1756 | loss 0.5273 | data 0.1 ms | step 57.6 ms | 8894.5 samples/s
  step  1150/1756 | loss 0.5170 | data 0.2 ms | step 125.4 ms | 4082.3 samples/s
  step  1200/1756 | loss 0.5553 | data 0.2 ms | step 110.7 ms | 4623.8 samples/s
  step  1250/1756 | loss 0.5927 | data 0.1 ms | step 57.3 ms | 8929.4 samples/s
  step  1300/1756 | loss 0.5151 | data 0.2 ms | step 105.5 ms | 4855.0 samples/s
  step  1350/1756 | loss 0.5004 | data 0.2 ms | step 129.3 ms | 3960.7 samples/s
  step  1400/1756 | loss 0.4925 | data 0.1 ms | step 57.4 ms | 8922.1 samples/s
  step  1450/1756 | loss 0.5511 | data 0.2 ms | step 88.9 ms | 5758.3 samples/s
  step  1500/1756 | loss 0.5378 | data 0.2 ms | step 125.0 ms | 4096.0 samples/s
  step  1550/1756 | loss 0.5106 | data 0.2 ms | step 71.9 ms | 7124.6 samples/s
  step  1600/1756 | loss 0.5130 | data 0.1 ms | step 76.6 ms | 6687.2 samples/s
  step  1650/1756 | loss 0.5082 | data 0.2 ms | step 123.5 ms | 4145.0 samples/s
  step  1700/1756 | loss 0.4943 | data 0.2 ms | step 87.5 ms | 5854.5 samples/s
  step  1750/1756 | loss 0.5934 | data 0.6 ms | step 63.8 ms | 8024.8 samples/s
Training Loss: 0.525897 | 5407.4 samples/s
Peak GPU memory: 1233.8 MB
Validation Loss: 0.519987 | 6644.4 samples/s

Epoch 32/100
----------------------------------------
Learning Rate: 0.000073
  step    50/1756 | loss 0.5378 | data 0.9 ms | step 118.3 ms | 4327.3 samples/s
  step   100/1756 | loss 0.5253 | data 0.1 ms | step 56.9 ms | 9001.7 samples/s
  step   150/1756 | loss 0.5663 | data 0.1 ms | step 84.5 ms | 6056.0 samples/s
  step   200/1756 | loss 0.4888 | data 0.2 ms | step 117.1 ms | 4372.6 samples/s
  step   250/1756 | loss 0.5684 | data 0.1 ms | step 79.6 ms | 6435.8 samples/s
  step   300/1756 | loss 0.4792 | data 0.2 ms | step 61.5 ms | 8323.8 samples/s
  step   350/1756 | loss 0.4784 | data 0.2 ms | step 114.8 ms | 4458.7 samples/s
  step   400/1756 | loss 0.5069 | data 0.2 ms | step 109.3 ms | 4685.3 samples/s
  step   450/1756 | loss 0.5042 | data 0.1 ms | step 57.4 ms | 8922.2 samples/s
  step   500/1756 | loss 0.5730 | data 0.2 ms | step 112.7 ms | 4541.8 samples/s
  step   550/1756 | loss 0.5337 | data 0.2 ms | step 120.7 ms | 4241.3 samples/s
  step   600/1756 | loss 0.4873 | data 0.2 ms | step 58.3 ms | 8781.0 samples/s
  step   650/1756 | loss 0.5125 | data 0.2 ms | step 98.6 ms | 5191.3 samples/s
  step   700/1756 | loss 0.4965 | data 0.2 ms | step 130.3 ms | 3928.3 samples/s
  step   750/1756 | loss 0.5079 | data 0.1 ms | step 62.8 ms | 8150.2 samples/s
  step   800/1756 | loss 0.5545 | data 0.1 ms | step 89.6 ms | 5712.1 samples/s
  step   850/1756 | loss 0.4939 | data 0.2 ms | step 139.1 ms | 3679.6 samples/s
  step   900/1756 | loss 0.5192 | data 0.1 ms | step 65.0 ms | 7874.8 samples/s
  step   950/1756 | loss 0.5467 | data 0.1 ms | step 82.4 ms | 6213.0 samples/s
  step  1000/1756 | loss 0.5609 | data 0.2 ms | step 121.3 ms | 4219.6 samples/s
  step  1050/1756 | loss 0.5118 | data 0.2 ms | step 81.2 ms | 6302.4 samples/s
  step  1100/1756 | loss 0.4984 | data 0.1 ms | step 67.7 ms | 7558.2 samples/s
  step  1150/1756 | loss 0.4833 | data 0.2 ms | step 133.9 ms | 3823.3 samples/s
  step  1200/1756 | loss 0.4861 | data 0.2 ms | step 88.4 ms | 5794.4 samples/s
  step  1250/1756 | loss 0.4973 | data 0.1 ms | step 54.0 ms | 9486.3 samples/s
  step  1300/1756 | loss 0.5171 | data 0.2 ms | step 121.9 ms | 4198.7 samples/s
  step  1350/1756 | loss 0.5125 | data 0.2 ms | step 109.8 ms | 4662.8 samples/s
  step  1400/1756 | loss 0.4853 | data 0.2 ms | step 59.7 ms | 8580.6 samples/s
  step  1450/1756 | loss 0.4809 | data 0.1 ms | step 89.4 ms | 5724.3 samples/s
  step  1500/1756 | loss 0.4834 | data 0.2 ms | step 143.1 ms | 3578.0 samples/s
  step  1550/1756 | loss 0.5358 | data 0.1 ms | step 61.1 ms | 8383.4 samples/s
  step  1600/1756 | loss 0.5123 | data 0.1 ms | step 88.2 ms | 5803.6 samples/s
  step  1650/1756 | loss 0.4794 | data 0.2 ms | step 124.2 ms | 4123.8 samples/s
  step  1700/1756 | loss 0.4688 | data 0.1 ms | step 73.8 ms | 6939.0 samples/s
  step  1750/1756 | loss 0.4654 | data 0.8 ms | step 72.1 ms | 7096.9 samples/s
Training Loss: 0.510077 | 5507.7 samples/s
Peak GPU memory: 1233.8 MB
Validation Loss: 0.502348 | 6506.3 samples/s

Epoch 33/100
----------------------------------------
Learning Rate: 0.000073
  step    50/1756 | loss 0.5164 | data 0.9 ms | step 93.0 ms | 5506.2 samples/s
  step   100/1756 | loss 0.4778 | data 0.2 ms | step 57.2 ms | 8958.4 samples/s
  step   150/1756 | loss 0.4718 | data 0.2 ms | step 126.4 ms | 4051.5 samples/s
  step   200/1756 | loss 0.4666 | data 0.2 ms | step 110.1 ms | 4651.8 samples/s
  step   250/1756 | loss 0.4711 | data 0.1 ms | step 57.2 ms | 8952.8 samples/s
  step   300/1756 | loss 0.4774 | data 0.1 ms | step 102.7 ms | 4987.0 samples/s
  step   350/1756 | loss 0.5183 | data 0.2 ms | step 134.2 ms | 3814.2 samples/s
  step   400/1756 | loss 0.5147 | data 0.1 ms | step 57.5 ms | 8908.6 samples/s
  step   450/1756 | loss 0.4971 | data 0.2 ms | step 102.5 ms | 4992.9 samples/s
  step   500/1756 | loss 0.4723 | data 0.2 ms | step 133.5 ms | 3835.5 samples/s
  step   550/1756 | loss 0.4754 | data 0.2 ms | step 57.5 ms | 8910.0 samples/s
  step   600/1756 | loss 0.5050 | data 0.2 ms | step 97.0 ms | 5276.6 samples/s
  step   650/1756 | loss 0.5393 | data 0.2 ms | step 130.1 ms | 3934.5 samples/s
  step   700/1756 | loss 0.5354 | data 0.1 ms | step 60.7 ms | 8432.3 samples/s
  step   750/1756 | loss 0.4996 | data 0.2 ms | step 83.0 ms | 6166.0 samples/s
  step   800/1756 | loss 0.4766 | data 0.2 ms | step 129.5 ms | 3953.9 samples/s
  step   850/1756 | loss 0.4756 | data 0.1 ms | step 77.6 ms | 6596.8 samples/s
  step   900/1756 | loss 0.4382 | data 0.2 ms | step 75.2 ms | 6810.6 samples/s
  step   950/1756 | loss 0.5184 | data 0.2 ms | step 153.5 ms | 3336.5 samples/s
  step  1000/1756 | loss 0.4971 | data 0.1 ms | step 68.2 ms | 7505.0 samples/s
  step  1050/1756 | loss 0.4779 | data 0.2 ms | step 90.5 ms | 5659.9 samples/s
  step  1100/1756 | loss 0.5064 | data 0.1 ms | step 126.8 ms | 4038.3 samples/s
  step  1150/1756 | loss 0.4786 | data 0.1 ms | step 73.2 ms | 6994.8 samples/s
  step  1200/1756 | loss 0.4686 | data 0.1 ms | step 72.5 ms | 7066.7 samples/s
  step  1250/1756 | loss 0.4747 | data 0.1 ms | step 113.8 ms | 4497.3 samples/s
  step  1300/1756 | loss 0.4581 | data 0.1 ms | step 96.5 ms | 5305.4 samples/s
  step  1350/1756 | loss 0.4825 | data 0.1 ms | step 57.5 ms | 8911.4 samples/s
  step  1400/1756 | loss 0.5141 | data 0.1 ms | step 113.6 ms | 4506.5 samples/s
  step  1450/1756 | loss 0.4878 | data 0.2 ms | step 115.6 ms | 4430.1 samples/s
  step  1500/1756 | loss 0.4988 | data 0.2 ms | step 61.5 ms | 8328.1 samples/s
  step  1550/1756 | loss 0.4662 | data 0.2 ms | step 91.0 ms | 5623.8 samples/s
  step  1600/1756 | loss 0.4919 | data 0.1 ms | step 141.0 ms | 3631.4 samples/s
  step  1650/1756 | loss 0.4743 | data 0.2 ms | step 60.0 ms | 8534.1 samples/s
  step  1700/1756 | loss 0.4577 | data 0.2 ms | step 84.2 ms | 6082.0 samples/s
  step  1750/1756 | loss 0.4458 | data 0.9 ms | step 129.8 ms | 3943.9 samples/s
Training Loss: 0.486321 | 5370.0 samples/s
Peak GPU memory: 1233.8 MB
Validation Loss: 0.465656 | 6984.7 samples/s

Epoch 34/100
----------------------------------------
Learning Rate: 0.000073
  step    50/1756 | loss 0.4917 | data 0.8 ms | step 79.0 ms | 6480.3 samples/s
  step   100/1756 | loss 0.5242 | data 0.2 ms | step 152.0 ms | 3369.3 samples/s
  step   150/1756 | loss 0.4835 | data 0.1 ms | step 66.3 ms | 7727.9 samples/s
  step   200/1756 | loss 0.5526 | data 0.1 ms | step 87.7 ms | 5840.9 samples/s
  step   250/1756 | loss 0.4820 | data 0.2 ms | step 115.0 ms | 4453.9 samples/s
  step   300/1756 | loss 0.4624 | data 0.1 ms | step 82.4 ms | 6216.2 samples/s
  step   350/1756 | loss 0.5277 | data 0.1 ms | step 67.4 ms | 7600.8 samples/s
  step   400/1756 | loss 0.4663 | data 0.2 ms | step 141.1 ms | 3627.8 samples/s
  step   450/1756 | loss 0.4690 | data 0.1 ms | step 86.5 ms | 5920.8 samples/s
  step   500/1756 | loss 0.4689 | data 0.1 ms | step 66.4 ms | 7708.3 samples/s
  step   550/1756 | loss 0.4685 | data 0.2 ms | step 142.7 ms | 3588.9 samples/s
  step   600/1756 | loss 0.5001 | data 0.2 ms | step 86.7 ms | 5906.5 samples/s
  step   650/1756 | loss 0.4998 | data 0.2 ms | step 75.6 ms | 6771.1 samples/s
  step   700/1756 | loss 0.4847 | data 0.2 ms | step 132.0 ms | 3878.0 samples/s
  step   750/1756 | loss 0.5221 | data 0.1 ms | step 81.1 ms | 6309.9 samples/s
  step   800/1756 | loss 0.4257 | data 0.2 ms | step 64.9 ms | 7893.5 samples/s
  step   850/1756 | loss 0.4480 | data 0.2 ms | step 116.6 ms | 4392.1 samples/s
  step   900/1756 | loss 0.4921 | data 0.2 ms | step 106.0 ms | 4828.5 samples/s
  step   950/1756 | loss 0.4522 | data 0.2 ms | step 57.0 ms | 8987.8 samples/s
  step  1000/1756 | loss 0.4851 | data 0.2 ms | step 111.2 ms | 4604.8 samples/s
  step  1050/1756 | loss 0.4985 | data 0.2 ms | step 124.7 ms | 4106.5 samples/s
  step  1100/1756 | loss 0.5417 | data 0.2 ms | step 57.1 ms | 8968.2 samples/s
  step  1150/1756 | loss 0.4795 | data 0.2 ms | step 83.6 ms | 6122.1 samples/s
  step  1200/1756 | loss 0.5069 | data 0.1 ms | step 109.9 ms | 4656.7 samples/s
  step  1250/1756 | loss 0.4385 | data 0.1 ms | step 85.3 ms | 5998.9 samples/s
  step  1300/1756 | loss 0.4705 | data 0.1 ms | step 59.0 ms | 8674.7 samples/s
  step  1350/1756 | loss 0.4469 | data 0.2 ms | step 120.2 ms | 4259.8 samples/s
  step  1400/1756 | loss 0.4438 | data 0.1 ms | step 110.9 ms | 4614.8 samples/s
  step  1450/1756 | loss 0.4771 | data 0.1 ms | step 57.4 ms | 8920.0 samples/s
  step  1500/1756 | loss 0.5018 | data 0.2 ms | step 96.2 ms | 5320.9 samples/s
  step  1550/1756 | loss 0.4567 | data 0.2 ms | step 121.1 ms | 4228.4 samples/s
  step  1600/1756 | loss 0.4498 | data 0.2 ms | step 69.7 ms | 7348.8 samples/s
  step  1650/1756 | loss 0.4601 | data 0.2 ms | step 88.0 ms | 5816.2 samples/s
  step  1700/1756 | loss 0.4654 | data 0.2 ms | step 124.9 ms | 4097.8 samples/s
  step  1750/1756 | loss 0.4791 | data 1.0 ms | step 76.2 ms | 6719.6 samples/s
Training Loss: 0.480542 | 5432.2 samples/s
Peak GPU memory: 1233.8 MB
Validation Loss: 0.532530 | 7183.1 samples/s

Epoch 35/100
----------------------------------------
Learning Rate: 0.000073
  step    50/1756 | loss 0.5430 | data 0.7 ms | step 143.7 ms | 3563.7 samples/s
  step   100/1756 | loss 0.4379 | data 0.2 ms | step 97.0 ms | 5278.4 samples/s
  step   150/1756 | loss 0.4345 | data 0.2 ms | step 60.5 ms | 8462.8 samples/s
  step   200/1756 | loss 0.4581 | data 0.2 ms | step 120.1 ms | 4262.2 samples/s
  step   250/1756 | loss 0.4586 | data 0.2 ms | step 108.2 ms | 4730.5 samples/s
  step   300/1756 | loss 0.4703 | data 0.1 ms | step 57.2 ms | 8945.5 samples/s
  step   350/1756 | loss 0.5436 | data 0.1 ms | step 97.1 ms | 5274.5 samples/s
  step   400/1756 | loss 0.4839 | data 0.2 ms | step 122.0 ms | 4196.6 samples/s
  step   450/1756 | loss 0.4235 | data 0.1 ms | step 68.9 ms | 7433.5 samples/s
  step   500/1756 | loss 0.4780 | data 0.2 ms | step 78.0 ms | 6564.3 samples/s
  step   550/1756 | loss 0.4466 | data 0.2 ms | step 118.2 ms | 4333.4 samples/s
  step   600/1756 | loss 0.4053 | data 0.1 ms | step 87.7 ms | 5835.1 samples/s
  step   650/1756 | loss 0.5040 | data 0.1 ms | step 54.9 ms | 9320.7 samples/s
  step   700/1756 | loss 0.4772 | data 0.2 ms | step 142.3 ms | 3597.0 samples/s
  step   750/1756 | loss 0.4730 | data 0.2 ms | step 93.7 ms | 5464.6 samples/s
  step   800/1756 | loss 0.4342 | data 0.1 ms | step 57.1 ms | 8967.4 samples/s
  step   850/1756 | loss 0.4757 | data 0.2 ms | step 131.3 ms | 3899.1 samples/s
  step   900/1756 | loss 0.4242 | data 0.2 ms | step 104.7 ms | 4890.7 samples/s
  step   950/1756 | loss 0.4649 | data 0.1 ms | step 57.5 ms | 8907.5 samples/s
  step  1000/1756 | loss 0.4310 | data 0.2 ms | step 112.1 ms | 4567.7 samples/s
  step  1050/1756 | loss 0.4533 | data 0.2 ms | step 124.5 ms | 4113.8 samples/s
  step  1100/1756 | loss 0.4479 | data 0.1 ms | step 56.5 ms | 9068.1 samples/s
  step  1150/1756 | loss 0.4591 | data 0.2 ms | step 88.8 ms | 5762.9 samples/s
  step  1200/1756 | loss 0.4542 | data 0.2 ms | step 119.3 ms | 4292.8 samples/s
  step  1250/1756 | loss 0.4512 | data 0.2 ms | step 76.9 ms | 6660.3 samples/s
  step  1300/1756 | loss 0.4775 | data 0.1 ms | step 74.0 ms | 6920.3 samples/s
  step  1350/1756 | loss 0.4888 | data 0.2 ms | step 122.5 ms | 4179.1 samples/s
  step  1400/1756 | loss 0.4730 | data 0.2 ms | step 91.9 ms | 5569.1 samples/s
  step  1450/1756 | loss 0.4212 | data 0.1 ms | step 60.2 ms | 8506.6 samples/s
  step  1500/1756 | loss 0.4382 | data 0.2 ms | step 119.9 ms | 4268.5 samples/s
  step  1550/1756 | loss 0.4280 | data 0.2 ms | step 110.7 ms | 4623.1 samples/s
  step  1600/1756 | loss 0.4354 | data 0.2 ms | step 57.5 ms | 8908.0 samples/s
  step  1650/1756 | loss 0.4744 | data 0.2 ms | step 104.0 ms | 4922.0 samples/s
  step  1700/1756 | loss 0.4361 | data 0.2 ms | step 123.6 ms | 4142.6 samples/s
  step  1750/1756 | loss 0.5178 | data 0.9 ms | step 62.4 ms | 8210.4 samples/s
Training Loss: 0.460998 | 5427.0 samples/s
Peak GPU memory: 1233.8 MB
Validation Loss: 0.507645 | 7000.9 samples/s

Epoch 36/100
----------------------------------------
Learning Rate: 0.000073
  step    50/1756 | loss 0.4813 | data 1.0 ms | step 134.6 ms | 3803.7 samples/s
  step   100/1756 | loss 0.4636 | data 0.2 ms | step 87.7 ms | 5839.0 samples/s
  step   150/1756 | loss 0.4689 | data 0.1 ms | step 75.2 ms | 6804.4 samples/s
  step   200/1756 | loss 0.4632 | data 0.2 ms | step 131.3 ms | 3900.7 samples/s
  step   250/1756 | loss 0.4423 | data 0.1 ms | step 85.3 ms | 5999.7 samples/s
  step   300/1756 | loss 0.4496 | data 0.1 ms | step 67.2 ms | 7621.8 samples/s
  step   350/1756 | loss 0.4667 | data 0.2 ms | step 153.4 ms | 3337.8 samples/s
  step   400/1756 | loss 0.4438 | data 0.2 ms | step 77.0 ms | 6649.8 samples/s
  step   450/1756 | loss 0.4145 | data 0.1 ms | step 69.1 ms | 7413.5 samples/s
  step   500/1756 | loss 0.4869 | data 0.2 ms | step 140.1 ms | 3654.2 samples/s
  step   550/1756 | loss 0.5361 | data 0.2 ms | step 80.7 ms | 6344.2 samples/s
  step   600/1756 | loss 0.4706 | data 0.1 ms | step 71.3 ms | 7177.6 samples/s
  step   650/1756 | loss 0.4454 | data 0.2 ms | step 120.5 ms | 4250.4 samples/s
  step   700/1756 | loss 0.4106 | data 0.2 ms | step 94.1 ms | 5443.7 samples/s
  step   750/1756 | loss 0.4434 | data 0.1 ms | step 57.0 ms | 8979.4 samples/s
  step   800/1756 | loss 0.4297 | data 0.1 ms | step 112.9 ms | 4535.5 samples/s
  step   850/1756 | loss 0.4458 | data 0.2 ms | step 122.9 ms | 4164.4 samples/s
  step   900/1756 | loss 0.4732 | data 0.2 ms | step 57.2 ms | 8957.6 samples/s
  step   950/1756 | loss 0.4704 | data 0.2 ms | step 95.6 ms | 5355.6 samples/s
  step  1000/1756 | loss 0.4019 | data 0.2 ms | step 136.3 ms | 3755.1 samples/s
  step  1050/1756 | loss 0.4717 | data 0.2 ms | step 59.1 ms | 8665.3 samples/s
  step  1100/1756 | loss 0.4217 | data 0.1 ms | step 86.0 ms | 5954.9 samples/s
  step  1150/1756 | loss 0.4557 | data 0.2 ms | step 119.6 ms | 4282.3 samples/s
  step  1200/1756 | loss 0.4538 | data 0.1 ms | step 77.2 ms | 6632.7 samples/s
  step  1250/1756 | loss 0.4880 | data 0.2 ms | step 62.6 ms | 8174.5 samples/s
  step  1300/1756 | loss 0.4688 | data 0.2 ms | step 137.4 ms | 3727.0 samples/s
  step  1350/1756 | loss 0.4183 | data 0.1 ms | step 92.4 ms | 5540.7 samples/s
  step  1400/1756 | loss 0.4464 | data 0.1 ms | step 55.6 ms | 9207.3 samples/s
  step  1450/1756 | loss 0.4626 | data 0.2 ms | step 120.0 ms | 4266.0 samples/s
  step  1500/1756 | loss 0.4066 | data 0.2 ms | step 115.2 ms | 4442.7 samples/s
  step  1550/1756 | loss 0.4650 | data 0.2 ms | step 57.6 ms | 8887.8 samples/s
  step  1600/1756 | loss 0.4144 | data 0.2 ms | step 99.0 ms | 5169.2 samples/s
  step  1650/1756 | loss 0.4760 | data 0.2 ms | step 136.9 ms | 3741.0 samples/s
  step  1700/1756 | loss 0.4507 | data 0.1 ms | step 57.4 ms | 8917.0 samples/s
  step  1750/1756 | loss 0.4487 | data 0.8 ms | step 94.3 ms | 5429.8 samples/s
Training Loss: 0.452752 | 5359.4 samples/s
Peak GPU memory: 1233.8 MB
Validation Loss: 0.438979 | 6404.1 samples/s

Epoch 37/100
----------------------------------------
Learning Rate: 0.000073
  step    50/1756 | loss 0.4090 | data 1.0 ms | step 64.0 ms | 7999.9 samples/s
  step   100/1756 | loss 0.4643 | data 0.1 ms | step 80.7 ms | 6342.4 samples/s
  step   150/1756 | loss 0.4216 | data 0.2 ms | step 121.6 ms | 4208.9 samples/s
  step   200/1756 | loss 0.4199 | data 0.2 ms | step 84.2 ms | 6078.8 samples/s
  step   250/1756 | loss 0.4452 | data 0.1 ms | step 67.7 ms | 7567.6 samples/s
  step   300/1756 | loss 0.3758 | data 0.2 ms | step 121.3 ms | 4219.7 samples/s
  step   350/1756 | loss 0.4965 | data 0.2 ms | step 97.9 ms | 5227.6 samples/s
  step   400/1756 | loss 0.4314 | data 0.1 ms | step 57.4 ms | 8913.8 samples/s
  step   450/1756 | loss 0.4953 | data 0.2 ms | step 129.1 ms | 3965.3 samples/s
  step   500/1756 | loss 0.4342 | data 0.2 ms | step 107.5 ms | 4762.7 samples/s
  step   550/1756 | loss 0.4212 | data 0.2 ms | step 57.4 ms | 8920.0 samples/s
  step   600/1756 | loss 0.4005 | data 0.2 ms | step 118.9 ms | 4306.5 samples/s
  step   650/1756 | loss 0.4468 | data 0.2 ms | step 114.1 ms | 4487.9 samples/s
  step   700/1756 | loss 0.4484 | data 0.1 ms | step 58.5 ms | 8759.6 samples/s
  step   750/1756 | loss 0.4504 | data 0.2 ms | step 95.3 ms | 5370.7 samples/s
  step   800/1756 | loss 0.4094 | data 0.2 ms | step 137.5 ms | 3723.4 samples/s
  step   850/1756 | loss 0.4300 | data 0.1 ms | step 59.7 ms | 8570.4 samples/s
  step   900/1756 | loss 0.4295 | data 0.1 ms | step 86.3 ms | 5931.5 samples/s
  step   950/1756 | loss 0.4399 | data 0.2 ms | step 128.7 ms | 3977.3 samples/s
  step  1000/1756 | loss 0.4984 | data 0.2 ms | step 74.9 ms | 6833.0 samples/s
  step  1050/1756 | loss 0.4289 | data 0.2 ms | step 82.9 ms | 6174.0 samples/s
  step  1100/1756 | loss 0.3877 | data 0.2 ms | step 125.0 ms | 4097.2 samples/s
  step  1150/1756 | loss 0.4196 | data 0.1 ms | step 80.8 ms | 6340.5 samples/s
  step  1200/1756 | loss 0.4884 | data 0.2 ms | step 65.5 ms | 7820.0 samples/s
  step  1250/1756 | loss 0.4409 | data 0.2 ms | step 116.2 ms | 4406.2 samples/s
  step  1300/1756 | loss 0.4416 | data 0.2 ms | step 102.5 ms | 4996.6 samples/s
  step  1350/1756 | loss 0.4380 | data 0.2 ms | step 56.4 ms | 9082.5 samples/s
  step  1400/1756 | loss 0.4234 | data 0.2 ms | step 85.8 ms | 5970.4 samples/s
  step  1450/1756 | loss 0.4005 | data 0.2 ms | step 109.2 ms | 4689.1 samples/s
  step  1500/1756 | loss 0.4291 | data 0.1 ms | step 78.8 ms | 6497.0 samples/s
  step  1550/1756 | loss 0.4110 | data 0.2 ms | step 59.9 ms | 8549.5 samples/s
  step  1600/1756 | loss 0.4250 | data 0.2 ms | step 120.0 ms | 4267.8 samples/s
  step  1650/1756 | loss 0.4058 | data 0.2 ms | step 112.8 ms | 4540.0 samples/s
  step  1700/1756 | loss 0.4487 | data 0.2 ms | step 59.0 ms | 8673.5 samples/s
  step  1750/1756 | loss 0.4466 | data 0.9 ms | step 95.8 ms | 5343.8 samples/s
Training Loss: 0.434472 | 5569.6 samples/s
Peak GPU memory: 1233.8 MB
Validation Loss: 0.732174 | 6614.0 samples/s

Epoch 38/100
----------------------------------------
Learning Rate: 0.000073
  step    50/1756 | loss 0.4830 | data 0.8 ms | step 70.9 ms | 7223.4 samples/s
  step   100/1756 | loss 0.4527 | data 0.2 ms | step 67.5 ms | 7586.4 samples/s
  step   150/1756 | loss 0.4004 | data 0.2 ms | step 116.6 ms | 4390.9 samples/s
  step   200/1756 | loss 0.4080 | data 0.2 ms | step 89.5 ms | 5721.9 samples/s
  step   250/1756 | loss 0.3726 | data 0.1 ms | step 56.1 ms | 9122.0 samples/s
  step   300/1756 | loss 0.4058 | data 0.2 ms | step 96.0 ms | 5335.5 samples/s
  step   350/1756 | loss 0.4308 | data 0.2 ms | step 103.8 ms | 4932.3 samples/s
  step   400/1756 | loss 0.3938 | data 0.2 ms | step 71.5 ms | 7157.1 samples/s
  step   450/1756 | loss 0.4304 | data 0.2 ms | step 63.2 ms | 8106.3 samples/s
  step   500/1756 | loss 0.4052 | data 0.2 ms | step 122.6 ms | 4175.5 samples/s
  step   550/1756 | loss 0.4089 | data 0.1 ms | step 91.8 ms | 5579.9 samples/s
  step   600/1756 | loss 0.3902 | data 0.2 ms | step 57.0 ms | 8976.0 samples/s
  step   650/1756 | loss 0.4325 | data 0.2 ms | step 109.1 ms | 4693.1 samples/s
  step   700/1756 | loss 0.4437 | data 0.2 ms | step 113.5 ms | 4510.6 samples/s
  step   750/1756 | loss 0.4405 | data 0.1 ms | step 59.3 ms | 8630.4 samples/s
  step   800/1756 | loss 0.3995 | data 0.2 ms | step 75.7 ms | 6765.7 samples/s
  step   850/1756 | loss 0.4140 | data 0.2 ms | step 116.0 ms | 4413.9 samples/s
  step   900/1756 | loss 0.4264 | data 0.2 ms | step 91.1 ms | 5622.2 samples/s
  step   950/1756 | loss 0.4493 | data 0.2 ms | step 75.2 ms | 6808.3 samples/s
  step  1000/1756 | loss 0.4188 | data 0.2 ms | step 132.4 ms | 3867.6 samples/s
  step  1050/1756 | loss 0.4279 | data 0.2 ms | step 96.5 ms | 5303.0 samples/s
  step  1100/1756 | loss 0.4189 | data 0.2 ms | step 68.0 ms | 7529.0 samples/s
  step  1150/1756 | loss 0.4349 | data 0.2 ms | step 130.1 ms | 3935.2 samples/s
  step  1200/1756 | loss 0.4295 | data 0.1 ms | step 97.5 ms | 5250.2 samples/s
  step  1250/1756 | loss 0.4716 | data 0.1 ms | step 75.3 ms | 6800.4 samples/s
  step  1300/1756 | loss 0.3992 | data 0.2 ms | step 112.5 ms | 4551.4 samples/s
  step  1350/1756 | loss 0.4226 | data 0.2 ms | step 96.3 ms | 5317.1 samples/s
  step  1400/1756 | loss 0.4050 | data 0.1 ms | step 57.3 ms | 8931.5 samples/s
  step  1450/1756 | loss 0.3798 | data 0.2 ms | step 112.5 ms | 4549.6 samples/s
  step  1500/1756 | loss 0.4373 | data 0.2 ms | step 119.9 ms | 4271.7 samples/s
  step  1550/1756 | loss 0.4192 | data 0.1 ms | step 61.2 ms | 8362.9 samples/s
  step  1600/1756 | loss 0.4066 | data 0.2 ms | step 116.1 ms | 4411.0 samples/s
  step  1650/1756 | loss 0.4135 | data 0.2 ms | step 115.2 ms | 4443.4 samples/s
  step  1700/1756 | loss 0.3642 | data 0.2 ms | step 66.7 ms | 7672.3 samples/s
  step  1750/1756 | loss 0.4240 | data 0.8 ms | step 84.0 ms | 6094.9 samples/s
Training Loss: 0.418861 | 5609.8 samples/s
Peak GPU memory: 1233.8 MB
Validation Loss: 0.502661 | 7051.1 samples/s

Epoch 39/100
----------------------------------------
Learning Rate: 0.000073
  step    50/1756 | loss 0.4172 | data 0.8 ms | step 102.3 ms | 5003.0 samples/s
  step   100/1756 | loss 0.4196 | data 0.1 ms | step 57.4 ms | 8919.5 samples/s
  step   150/1756 | loss 0.4275 | data 0.1 ms | step 82.8 ms | 6180.7 samples/s
  step   200/1756 | loss 0.4174 | data 0.2 ms | step 109.2 ms | 4687.7 samples/s
  step   250/1756 | loss 0.4472 | data 0.1 ms | step 77.8 ms | 6583.6 samples/s
  step   300/1756 | loss 0.4168 | data 0.1 ms | step 56.7 ms | 9036.8 samples/s
  step   350/1756 | loss 0.4193 | data 0.2 ms | step 115.1 ms | 4447.3 samples/s
  step   400/1756 | loss 0.4277 | data 0.2 ms | step 107.0 ms | 4783.2 samples/s
  step   450/1756 | loss 0.4064 | data 0.2 ms | step 56.6 ms | 9039.9 samples/s
  step   500/1756 | loss 0.4080 | data 0.1 ms | step 78.5 ms | 6523.3 samples/s
  step   550/1756 | loss 0.3960 | data 0.2 ms | step 106.4 ms | 4812.3 samples/s
  step   600/1756 | loss 0.4319 | data 0.2 ms | step 81.2 ms | 6306.8 samples/s
  step   650/1756 | loss 0.4117 | data 0.1 ms | step 56.8 ms | 9019.7 samples/s
  step   700/1756 | loss 0.4408 | data 0.2 ms | step 106.8 ms | 4795.0 samples/s
  step   750/1756 | loss 0.3835 | data 0.2 ms | step 106.6 ms | 4803.8 samples/s
  step   800/1756 | loss 0.3647 | data 0.2 ms | step 64.5 ms | 7935.6 samples/s
  step   850/1756 | loss 0.3647 | data 0.2 ms | step 71.3 ms | 7177.1 samples/s
  step   900/1756 | loss 0.4082 | data 0.2 ms | step 108.7 ms | 4711.7 samples/s
  step   950/1756 | loss 0.4568 | data 0.1 ms | step 92.9 ms | 5513.8 samples/s
  step  1000/1756 | loss 0.3887 | data 0.2 ms | step 57.4 ms | 8926.1 samples/s
  step  1050/1756 | loss 0.4089 | data 0.1 ms | step 90.4 ms | 5663.7 samples/s
  step  1100/1756 | loss 0.4137 | data 0.2 ms | step 104.6 ms | 4896.5 samples/s
  step  1150/1756 | loss 0.4007 | data 0.1 ms | step 75.8 ms | 6754.2 samples/s
  step  1200/1756 | loss 0.3877 | data 0.1 ms | step 57.6 ms | 8895.1 samples/s
  step  1250/1756 | loss 0.4265 | data 0.2 ms | step 107.2 ms | 4777.5 samples/s
  step  1300/1756 | loss 0.4026 | data 0.2 ms | step 113.8 ms | 4501.0 samples/s
  step  1350/1756 | loss 0.3857 | data 0.1 ms | step 55.4 ms | 9244.0 samples/s
  step  1400/1756 | loss 0.4564 | data 0.2 ms | step 83.5 ms | 6132.8 samples/s
  step  1450/1756 | loss 0.4291 | data 0.2 ms | step 110.0 ms | 4654.5 samples/s
  step  1500/1756 | loss 0.4025 | data 0.1 ms | step 77.9 ms | 6571.1 samples/s
  step  1550/1756 | loss 0.4463 | data 0.1 ms | step 55.2 ms | 9282.6 samples/s
  step  1600/1756 | loss 0.4148 | data 0.2 ms | step 113.6 ms | 4508.1 samples/s
  step  1650/1756 | loss 0.3975 | data 0.2 ms | step 113.0 ms | 4529.6 samples/s
  step  1700/1756 | loss 0.3855 | data 0.1 ms | step 57.0 ms | 8986.8 samples/s
  step  1750/1756 | loss 0.3822 | data 0.9 ms | step 96.3 ms | 5316.5 samples/s
Training Loss: 0.411458 | 5950.7 samples/s
Peak GPU memory: 1233.8 MB
Validation Loss: 0.410379 | 7038.5 samples/s

Epoch 40/100
----------------------------------------
Learning Rate: 0.000073
  step    50/1756 | loss 0.4378 | data 1.0 ms | step 86.6 ms | 5915.2 samples/s
  step   100/1756 | loss 0.4117 | data 0.1 ms | step 56.9 ms | 9000.8 samples/s
  step   150/1756 | loss 0.3990 | data 0.2 ms | step 102.4 ms | 5000.8 samples/s
  step   200/1756 | loss 0.3478 | data 0.2 ms | step 117.3 ms | 4364.9 samples/s
  step   250/1756 | loss 0.4103 | data 0.1 ms | step 62.3 ms | 8222.7 samples/s
  step   300/1756 | loss 0.4159 | data 0.1 ms | step 75.3 ms | 6795.4 samples/s
  step   350/1756 | loss 0.4027 | data 0.1 ms | step 105.5 ms | 4854.3 samples/s
  step   400/1756 | loss 0.3974 | data 0.1 ms | step 88.2 ms | 5803.2 samples/s
  step   450/1756 | loss 0.4372 | data 0.2 ms | step 57.2 ms | 8951.3 samples/s
  step   500/1756 | loss 0.4206 | data 0.2 ms | step 99.1 ms | 5165.7 samples/s
  step   550/1756 | loss 0.3786 | data 0.2 ms | step 114.3 ms | 4478.7 samples/s
  step   600/1756 | loss 0.4176 | data 0.1 ms | step 66.4 ms | 7705.3 samples/s
  step   650/1756 | loss 0.3892 | data 0.1 ms | step 75.1 ms | 6817.9 samples/s
  step   700/1756 | loss 0.4030 | data 0.2 ms | step 107.4 ms | 4765.3 samples/s
  step   750/1756 | loss 0.4043 | data 0.2 ms | step 87.2 ms | 5873.9 samples/s
  step   800/1756 | loss 0.3819 | data 0.2 ms | step 57.3 ms | 8927.7 samples/s
  step   850/1756 | loss 0.3946 | data 0.2 ms | step 107.3 ms | 4771.8 samples/s
  step   900/1756 | loss 0.4499 | data 0.1 ms | step 121.3 ms | 4220.0 samples/s
  step   950/1756 | loss 0.4068 | data 0.2 ms | step 55.7 ms | 9194.7 samples/s
  step  1000/1756 | loss 0.4282 | data 0.2 ms | step 87.8 ms | 5831.3 samples/s
  step  1050/1756 | loss 0.4000 | data 0.2 ms | step 114.8 ms | 4459.9 samples/s
  step  1100/1756 | loss 0.3717 | data 0.2 ms | step 71.0 ms | 7214.4 samples/s
  step  1150/1756 | loss 0.4094 | data 0.1 ms | step 61.9 ms | 8268.4 samples/s
  step  1200/1756 | loss 0.4162 | data 0.2 ms | step 105.0 ms | 4876.7 samples/s
  step  1250/1756 | loss 0.3761 | data 0.1 ms | step 110.9 ms | 4618.0 samples/s
  step  1300/1756 | loss 0.3810 | data 0.2 ms | step 57.6 ms | 8885.8 samples/s
  step  1350/1756 | loss 0.4104 | data 0.2 ms | step 89.9 ms | 5696.9 samples/s
  step  1400/1756 | loss 0.4199 | data 0.2 ms | step 120.2 ms | 4260.4 samples/s
  step  1450/1756 | loss 0.3772 | data 0.1 ms | step 74.4 ms | 6884.4 samples/s
  step  1500/1756 | loss 0.3957 | data 0.2 ms | step 76.0 ms | 6736.0 samples/s
  step  1550/1756 | loss 0.4120 | data 0.2 ms | step 133.3 ms | 3840.3 samples/s
  step  1600/1756 | loss 0.4187 | data 0.2 ms | step 79.6 ms | 6430.2 samples/s
  step  1650/1756 | loss 0.4032 | data 0.1 ms | step 60.2 ms | 8499.2 samples/s
  step  1700/1756 | loss 0.3980 | data 0.2 ms | step 123.4 ms | 4150.2 samples/s
  step  1750/1756 | loss 0.3964 | data 0.7 ms | step 104.4 ms | 4905.2 samples/s
Training Loss: 0.403474 | 5765.5 samples/s
Peak GPU memory: 1233.8 MB
Validation Loss: 0.382577 | 7123.8 samples/s

Epoch 41/100
----------------------------------------
Learning Rate: 0.000066
  step    50/1756 | loss 0.4226 | data 0.9 ms | step 74.3 ms | 6893.2 samples/s
  step   100/1756 | loss 0.3759 | data 0.2 ms | step 120.6 ms | 4244.9 samples/s
  step   150/1756 | loss 0.3670 | data 0.1 ms | step 89.2 ms | 5738.8 samples/s
  step   200/1756 | loss 0.3526 | data 0.2 ms | step 58.2 ms | 8800.4 samples/s
  step   250/1756 | loss 0.4202 | data 0.2 ms | step 131.5 ms | 3893.6 samples/s
  step   300/1756 | loss 0.4184 | data 0.2 ms | step 101.2 ms | 5060.5 samples/s
  step   350/1756 | loss 0.3290 | data 0.2 ms | step 57.2 ms | 8946.5 samples/s
  step   400/1756 | loss 0.3778 | data 0.2 ms | step 116.5 ms | 4395.3 samples/s
  step   450/1756 | loss 0.3706 | data 0.2 ms | step 119.4 ms | 4287.5 samples/s
  step   500/1756 | loss 0.3806 | data 0.2 ms | step 57.4 ms | 8919.0 samples/s
  step   550/1756 | loss 0.3844 | data 0.1 ms | step 101.8 ms | 5029.3 samples/s
  step   600/1756 | loss 0.3992 | data 0.2 ms | step 120.6 ms | 4245.9 samples/s
  step   650/1756 | loss 0.3682 | data 0.1 ms | step 65.9 ms | 7766.5 samples/s
  step   700/1756 | loss 0.3540 | data 0.2 ms | step 81.2 ms | 6302.2 samples/s
  step   750/1756 | loss 0.3883 | data 0.2 ms | step 120.8 ms | 4238.2 samples/s
  step   800/1756 | loss 0.3475 | data 0.2 ms | step 82.6 ms | 6196.4 samples/s
  step   850/1756 | loss 0.3841 | data 0.1 ms | step 61.4 ms | 8334.4 samples/s
  step   900/1756 | loss 0.3985 | data 0.2 ms | step 120.5 ms | 4250.4 samples/s
  step   950/1756 | loss 0.3792 | data 0.2 ms | step 106.5 ms | 4808.8 samples/s
  step  1000/1756 | loss 0.3760 | data 0.2 ms | step 57.5 ms | 8907.4 samples/s
  step  1050/1756 | loss 0.3609 | data 0.2 ms | step 110.7 ms | 4625.8 samples/s
  step  1100/1756 | loss 0.4038 | data 0.2 ms | step 111.2 ms | 4605.5 samples/s
  step  1150/1756 | loss 0.3767 | data 0.1 ms | step 65.8 ms | 7785.3 samples/s
  step  1200/1756 | loss 0.3849 | data 0.2 ms | step 73.3 ms | 6982.6 samples/s
  step  1250/1756 | loss 0.3794 | data 0.2 ms | step 120.6 ms | 4245.6 samples/s
  step  1300/1756 | loss 0.3616 | data 0.2 ms | step 91.2 ms | 5614.2 samples/s
  step  1350/1756 | loss 0.3867 | data 0.1 ms | step 57.6 ms | 8891.1 samples/s
  step  1400/1756 | loss 0.3805 | data 0.2 ms | step 123.6 ms | 4142.9 samples/s
  step  1450/1756 | loss 0.3731 | data 0.2 ms | step 108.6 ms | 4712.8 samples/s
  step  1500/1756 | loss 0.3646 | data 0.2 ms | step 57.3 ms | 8940.4 samples/s
  step  1550/1756 | loss 0.3983 | data 0.1 ms | step 105.5 ms | 4852.1 samples/s
  step  1600/1756 | loss 0.3744 | data 0.2 ms | step 124.0 ms | 4130.0 samples/s
  step  1650/1756 | loss 0.4128 | data 0.2 ms | step 60.4 ms | 8477.6 samples/s
  step  1700/1756 | loss 0.4119 | data 0.2 ms | step 81.7 ms | 6270.4 samples/s
  step  1750/1756 | loss 0.3526 | data 0.8 ms | step 117.3 ms | 4363.5 samples/s
Training Loss: 0.380458 | 5503.6 samples/s
Peak GPU memory: 1233.8 MB
Validation Loss: 0.396907 | 6905.8 samples/s

Epoch 42/100
----------------------------------------
Learning Rate: 0.000066
  step    50/1756 | loss 0.3997 | data 0.8 ms | step 57.4 ms | 8917.1 samples/s
  step   100/1756 | loss 0.3781 | data 0.2 ms | step 95.4 ms | 5369.4 samples/s
  step   150/1756 | loss 0.3520 | data 0.2 ms | step 118.7 ms | 4312.4 samples/s
  step   200/1756 | loss 0.3657 | data 0.2 ms | step 71.3 ms | 7176.1 samples/s
  step   250/1756 | loss 0.3261 | data 0.1 ms | step 71.4 ms | 7166.8 samples/s
  step   300/1756 | loss 0.3967 | data 0.2 ms | step 116.0 ms | 4412.0 samples/s
  step   350/1756 | loss 0.4063 | data 0.2 ms | step 95.1 ms | 5382.8 samples/s
  step   400/1756 | loss 0.4173 | data 0.1 ms | step 57.3 ms | 8929.0 samples/s
  step   450/1756 | loss 0.3669 | data 0.2 ms | step 118.2 ms | 4332.1 samples/s
  step   500/1756 | loss 0.3830 | data 0.2 ms | step 117.9 ms | 4343.0 samples/s
  step   550/1756 | loss 0.3885 | data 0.1 ms | step 57.2 ms | 8957.7 samples/s
  step   600/1756 | loss 0.3678 | data 0.2 ms | step 106.5 ms | 4805.6 samples/s
  step   650/1756 | loss 0.3767 | data 0.2 ms | step 129.5 ms | 3953.4 samples/s
  step   700/1756 | loss 0.3787 | data 0.2 ms | step 57.5 ms | 8910.8 samples/s
  step   750/1756 | loss 0.3726 | data 0.2 ms | step 94.3 ms | 5432.2 samples/s
  step   800/1756 | loss 0.3880 | data 0.2 ms | step 125.8 ms | 4069.8 samples/s
  step   850/1756 | loss 0.3890 | data 0.1 ms | step 68.4 ms | 7486.0 samples/s
  step   900/1756 | loss 0.3594 | data 0.2 ms | step 76.1 ms | 6726.3 samples/s
  step   950/1756 | loss 0.3629 | data 0.2 ms | step 114.2 ms | 4484.3 samples/s
  step  1000/1756 | loss 0.3827 | data 0.1 ms | step 90.6 ms | 5649.7 samples/s
  step  1050/1756 | loss 0.4103 | data 0.1 ms | step 57.4 ms | 8912.7 samples/s
  step  1100/1756 | loss 0.3705 | data 0.2 ms | step 122.0 ms | 4197.2 samples/s
  step  1150/1756 | loss 0.3482 | data 0.2 ms | step 113.8 ms | 4498.5 samples/s
  step  1200/1756 | loss 0.3475 | data 0.2 ms | step 57.5 ms | 8911.5 samples/s
  step  1250/1756 | loss 0.3723 | data 0.1 ms | step 113.4 ms | 4516.5 samples/s
  step  1300/1756 | loss 0.3611 | data 0.2 ms | step 122.7 ms | 4172.5 samples/s
  step  1350/1756 | loss 0.3416 | data 0.1 ms | step 57.5 ms | 8909.6 samples/s
  step  1400/1756 | loss 0.3686 | data 0.1 ms | step 93.0 ms | 5505.3 samples/s
  step  1450/1756 | loss 0.3672 | data 0.2 ms | step 133.7 ms | 3830.0 samples/s
  step  1500/1756 | loss 0.3975 | data 0.1 ms | step 63.7 ms | 8033.2 samples/s
  step  1550/1756 | loss 0.3531 | data 0.1 ms | step 84.9 ms | 6033.6 samples/s
  step  1600/1756 | loss 0.4260 | data 0.1 ms | step 111.7 ms | 4584.5 samples/s
  step  1650/1756 | loss 0.3755 | data 0.1 ms | step 83.0 ms | 6166.7 samples/s
  step  1700/1756 | loss 0.3944 | data 0.2 ms | step 56.7 ms | 9027.3 samples/s
  step  1750/1756 | loss 0.3605 | data 0.9 ms | step 115.3 ms | 4442.1 samples/s
Training Loss: 0.375759 | 5550.9 samples/s
Peak GPU memory: 1233.8 MB
Validation Loss: 0.377790 | 6886.6 samples/s

Epoch 43/100
----------------------------------------
Learning Rate: 0.000066
  step    50/1756 | loss 0.3467 | data 0.9 ms | step 82.7 ms | 6190.0 samples/s
  step   100/1756 | loss 0.3512 | data 0.2 ms | step 59.2 ms | 8652.2 samples/s
  step   150/1756 | loss 0.3506 | data 0.2 ms | step 125.8 ms | 4070.3 samples/s
  step   200/1756 | loss 0.3321 | data 0.2 ms | step 104.2 ms | 4915.7 samples/s
  step   250/1756 | loss 0.3856 | data 0.1 ms | step 57.4 ms | 8922.0 samples/s
  step   300/1756 | loss 0.3643 | data 0.2 ms | step 107.6 ms | 4757.8 samples/s
  step   350/1756 | loss 0.4078 | data 0.2 ms | step 108.6 ms | 4715.6 samples/s
  step   400/1756 | loss 0.3719 | data 0.2 ms | step 70.7 ms | 7246.8 samples/s
  step   450/1756 | loss 0.4072 | data 0.2 ms | step 74.6 ms | 6867.7 samples/s
  step   500/1756 | loss 0.3562 | data 0.2 ms | step 126.3 ms | 4054.2 samples/s
  step   550/1756 | loss 0.3779 | data 0.2 ms | step 87.0 ms | 5885.7 samples/s
  step   600/1756 | loss 0.3298 | data 0.2 ms | step 62.5 ms | 8192.6 samples/s
  step   650/1756 | loss 0.3856 | data 0.2 ms | step 138.9 ms | 3685.0 samples/s
  step   700/1756 | loss 0.3392 | data 0.2 ms | step 90.1 ms | 5681.6 samples/s
  step   750/1756 | loss 0.3808 | data 0.2 ms | step 60.8 ms | 8417.6 samples/s
  step   800/1756 | loss 0.3527 | data 0.2 ms | step 128.6 ms | 3982.6 samples/s
  step   850/1756 | loss 0.3508 | data 0.2 ms | step 100.6 ms | 5089.3 samples/s
  step   900/1756 | loss 0.4023 | data 0.1 ms | step 57.4 ms | 8913.6 samples/s
  step   950/1756 | loss 0.3392 | data 0.2 ms | step 101.9 ms | 5024.1 samples/s
  step  1000/1756 | loss 0.3763 | data 0.2 ms | step 121.3 ms | 4222.5 samples/s
  step  1050/1756 | loss 0.3939 | data 0.1 ms | step 66.3 ms | 7727.5 samples/s
  step  1100/1756 | loss 0.3741 | data 0.2 ms | step 84.5 ms | 6059.1 samples/s
  step  1150/1756 | loss 0.3531 | data 0.2 ms | step 140.0 ms | 3658.0 samples/s
  step  1200/1756 | loss 0.3857 | data 0.1 ms | step 69.0 ms | 7416.9 samples/s
  step  1250/1756 | loss 0.4098 | data 0.1 ms | step 87.8 ms | 5833.0 samples/s
  step  1300/1756 | loss 0.3466 | data 0.2 ms | step 123.1 ms | 4157.5 samples/s
  step  1350/1756 | loss 0.3706 | data 0.1 ms | step 77.5 ms | 6603.2 samples/s
  step  1400/1756 | loss 0.3886 | data 0.2 ms | step 66.0 ms | 7756.7 samples/s
  step  1450/1756 | loss 0.3596 | data 0.2 ms | step 117.8 ms | 4344.7 samples/s
  step  1500/1756 | loss 0.3859 | data 0.2 ms | step 101.6 ms | 5037.5 samples/s
  step  1550/1756 | loss 0.3575 | data 0.1 ms | step 57.6 ms | 8881.9 samples/s
  step  1600/1756 | loss 0.3472 | data 0.1 ms | step 103.8 ms | 4930.5 samples/s
  step  1650/1756 | loss 0.3381 | data 0.2 ms | step 125.3 ms | 4085.8 samples/s
  step  1700/1756 | loss 0.3335 | data 0.2 ms | step 62.2 ms | 8229.9 samples/s
  step  1750/1756 | loss 0.3664 | data 0.8 ms | step 96.4 ms | 5308.9 samples/s
Training Loss: 0.366011 | 5515.7 samples/s
Peak GPU memory: 1233.8 MB
Validation Loss: 0.358940 | 6379.9 samples/s

Epoch 44/100
----------------------------------------
Learning Rate: 0.000066
  step    50/1756 | loss 0.3703 | data 0.8 ms | step 62.8 ms | 8159.3 samples/s
  step   100/1756 | loss 0.3545 | data 0.2 ms | step 84.5 ms | 6059.2 samples/s
  step   150/1756 | loss 0.3669 | data 0.2 ms | step 116.4 ms | 4397.6 samples/s
  step   200/1756 | loss 0.4068 | data 0.1 ms | step 83.2 ms | 6156.8 samples/s
  step   250/1756 | loss 0.3353 | data 0.1 ms | step 58.6 ms | 8743.1 samples/s
  step   300/1756 | loss 0.3500 | data 0.2 ms | step 112.3 ms | 4560.2 samples/s
  step   350/1756 | loss 0.3533 | data 0.2 ms | step 118.2 ms | 4330.3 samples/s
  step   400/1756 | loss 0.3422 | data 0.1 ms | step 57.5 ms | 8903.9 samples/s
  step   450/1756 | loss 0.3465 | data 0.1 ms | step 89.9 ms | 5696.9 samples/s
  step   500/1756 | loss 0.3525 | data 0.2 ms | step 113.8 ms | 4499.2 samples/s
  step   550/1756 | loss 0.3513 | data 0.1 ms | step 77.6 ms | 6596.7 samples/s
  step   600/1756 | loss 0.3426 | data 0.2 ms | step 63.9 ms | 8010.9 samples/s
  step   650/1756 | loss 0.4111 | data 0.2 ms | step 135.5 ms | 3779.2 samples/s
  step   700/1756 | loss 0.3622 | data 0.2 ms | step 93.2 ms | 5496.1 samples/s
  step   750/1756 | loss 0.3762 | data 0.1 ms | step 59.5 ms | 8601.1 samples/s
  step   800/1756 | loss 0.3743 | data 0.2 ms | step 125.7 ms | 4074.1 samples/s
  step   850/1756 | loss 0.3654 | data 0.1 ms | step 105.1 ms | 4873.1 samples/s
  step   900/1756 | loss 0.3517 | data 0.2 ms | step 57.5 ms | 8900.7 samples/s
  step   950/1756 | loss 0.3603 | data 0.2 ms | step 104.3 ms | 4911.0 samples/s
  step  1000/1756 | loss 0.3799 | data 0.2 ms | step 126.3 ms | 4054.0 samples/s
  step  1050/1756 | loss 0.3602 | data 0.1 ms | step 60.2 ms | 8504.0 samples/s
  step  1100/1756 | loss 0.3713 | data 0.1 ms | step 83.7 ms | 6119.9 samples/s
  step  1150/1756 | loss 0.3630 | data 0.2 ms | step 117.6 ms | 4353.9 samples/s
  step  1200/1756 | loss 0.3780 | data 0.2 ms | step 82.1 ms | 6238.6 samples/s
  step  1250/1756 | loss 0.3993 | data 0.2 ms | step 61.8 ms | 8290.8 samples/s
  step  1300/1756 | loss 0.3578 | data 0.2 ms | step 131.0 ms | 3907.4 samples/s
  step  1350/1756 | loss 0.3351 | data 0.2 ms | step 97.1 ms | 5271.3 samples/s
  step  1400/1756 | loss 0.3318 | data 0.1 ms | step 56.4 ms | 9076.0 samples/s
  step  1450/1756 | loss 0.3840 | data 0.2 ms | step 127.1 ms | 4029.4 samples/s
  step  1500/1756 | loss 0.3417 | data 0.1 ms | step 108.9 ms | 4699.7 samples/s
  step  1550/1756 | loss 0.3505 | data 0.1 ms | step 57.7 ms | 8875.7 samples/s
  step  1600/1756 | loss 0.3442 | data 0.2 ms | step 103.4 ms | 4954.0 samples/s
  step  1650/1756 | loss 0.3599 | data 0.2 ms | step 122.5 ms | 4178.1 samples/s
  step  1700/1756 | loss 0.3693 | data 0.1 ms | step 62.2 ms | 8232.2 samples/s
  step  1750/1756 | loss 0.3506 | data 0.8 ms | step 84.1 ms | 6089.0 samples/s
Training Loss: 0.361242 | 5589.8 samples/s
Peak GPU memory: 1233.8 MB
Validation Loss: 0.402430 | 7957.6 samples/s

Epoch 45/100
----------------------------------------
Learning Rate: 0.000066
  step    50/1756 | loss 0.3742 | data 0.7 ms | step 37.8 ms | 13531.1 samples/s
  step   100/1756 | loss 0.3834 | data 0.1 ms | step 37.7 ms | 13598.1 samples/s
  step   150/1756 | loss 0.3503 | data 0.1 ms | step 37.6 ms | 13615.5 samples/s
  step   200/1756 | loss 0.3580 | data 0.1 ms | step 37.6 ms | 13599.5 samples/s
  step   250/1756 | loss 0.3415 | data 0.1 ms | step 37.9 ms | 13519.0 samples/s
  step   300/1756 | loss 0.3243 | data 0.1 ms | step 37.8 ms | 13542.6 samples/s
  step   350/1756 | loss 0.3431 | data 0.1 ms | step 37.7 ms | 13582.6 samples/s
  step   400/1756 | loss 0.3685 | data 0.1 ms | step 37.5 ms | 13657.4 samples/s
  step   450/1756 | loss 0.3462 | data 0.1 ms | step 37.8 ms | 13537.8 samples/s
  step   500/1756 | loss 0.3489 | data 0.1 ms | step 37.7 ms | 13593.5 samples/s
  step   550/1756 | loss 0.3934 | data 0.1 ms | step 37.7 ms | 13576.3 samples/s
  step   600/1756 | loss 0.3469 | data 0.1 ms | step 37.7 ms | 13591.8 samples/s
  step   650/1756 | loss 0.3857 | data 0.1 ms | step 37.5 ms | 13658.4 samples/s
  step   700/1756 | loss 0.3667 | data 0.1 ms | step 37.6 ms | 13604.7 samples/s
  step   750/1756 | loss 0.3833 | data 0.1 ms | step 37.7 ms | 13576.8 samples/s
  step   800/1756 | loss 0.3347 | data 0.1 ms | step 37.9 ms | 13521.3 samples/s
  step   850/1756 | loss 0.3340 | data 0.1 ms | step 37.8 ms | 13546.4 samples/s
  step   900/1756 | loss 0.3221 | data 0.1 ms | step 37.7 ms | 13590.6 samples/s
  step   950/1756 | loss 0.3651 | data 0.1 ms | step 37.8 ms | 13534.1 samples/s
  step  1000/1756 | loss 0.3354 | data 0.1 ms | step 37.7 ms | 13586.8 samples/s
  step  1050/1756 | loss 0.3421 | data 0.1 ms | step 37.8 ms | 13543.7 samples/s
  step  1100/1756 | loss 0.3298 | data 0.1 ms | step 37.7 ms | 13579.4 samples/s
  step  1150/1756 | loss 0.3622 | data 0.1 ms | step 37.6 ms | 13626.2 samples/s
  step  1200/1756 | loss 0.3449 | data 0.1 ms | step 37.7 ms | 13593.0 samples/s
  step  1250/1756 | loss 0.3562 | data 0.1 ms | step 37.7 ms | 13575.1 samples/s
  step  1300/1756 | loss 0.3496 | data 0.1 ms | step 37.6 ms | 13599.9 samples/s
  step  1350/1756 | loss 0.3746 | data 0.1 ms | step 37.6 ms | 13613.8 samples/s
  step  1400/1756 | loss 0.3119 | data 0.1 ms | step 37.6 ms | 13599.4 samples/s
  step  1450/1756 | loss 0.3537 | data 0.1 ms | step 37.7 ms | 13582.2 samples/s
  step  1500/1756 | loss 0.3636 | data 0.1 ms | step 37.8 ms | 13537.8 samples/s
  step  1550/1756 | loss 0.3785 | data 0.1 ms | step 37.8 ms | 13531.8 samples/s
  step  1600/1756 | loss 0.3601 | data 0.1 ms | step 37.7 ms | 13566.0 samples/s
  step  1650/1756 | loss 0.3450 | data 0.1 ms | step 37.0 ms | 13839.4 samples/s
  step  1700/1756 | loss 0.3704 | data 0.1 ms | step 37.4 ms | 13697.3 samples/s
  step  1750/1756 | loss 0.3570 | data 0.6 ms | step 37.4 ms | 13673.7 samples/s
Training Loss: 0.354411 | 13590.5 samples/s
Peak GPU memory: 1233.8 MB
Validation Loss: 0.339799 | 17718.3 samples/s

Epoch 46/100
----------------------------------------
Learning Rate: 0.000066
  step    50/1756 | loss 0.3556 | data 0.7 ms | step 37.4 ms | 13694.1 samples/s
  step   100/1756 | loss 0.3424 | data 0.1 ms | step 37.1 ms | 13809.5 samples/s
  step   150/1756 | loss 0.3331 | data 0.1 ms | step 37.1 ms | 13807.9 samples/s
  step   200/1756 | loss 0.3721 | data 0.1 ms | step 37.2 ms | 13779.3 samples/s
  step   250/1756 | loss 0.3768 | data 0.1 ms | step 37.0 ms | 13845.3 samples/s
  step   300/1756 | loss 0.3402 | data 0.1 ms | step 37.3 ms | 13734.4 samples/s
  step   350/1756 | loss 0.3662 | data 0.1 ms | step 37.6 ms | 13611.7 samples/s
  step   400/1756 | loss 0.3690 | data 0.1 ms | step 37.7 ms | 13591.1 samples/s
  step   450/1756 | loss 0.3124 | data 0.1 ms | step 37.6 ms | 13632.1 samples/s
  step   500/1756 | loss 0.3474 | data 0.1 ms | step 37.8 ms | 13561.6 samples/s
  step   550/1756 | loss 0.3576 | data 0.1 ms | step 37.6 ms | 13605.6 samples/s
  step   600/1756 | loss 0.3188 | data 0.1 ms | step 37.8 ms | 13546.1 samples/s
  step   650/1756 | loss 0.3354 | data 0.1 ms | step 37.7 ms | 13565.3 samples/s
  step   700/1756 | loss 0.3140 | data 0.1 ms | step 37.9 ms | 13518.6 samples/s
  step   750/1756 | loss 0.3685 | data 0.1 ms | step 37.6 ms | 13600.8 samples/s
  step   800/1756 | loss 0.3655 | data 0.1 ms | step 37.7 ms | 13578.8 samples/s
  step   850/1756 | loss 0.3600 | data 0.1 ms | step 37.7 ms | 13595.5 samples/s
  step   900/1756 | loss 0.3162 | data 0.1 ms | step 37.6 ms | 13605.2 samples/s
  step   950/1756 | loss 0.3537 | data 0.1 ms | step 37.6 ms | 13607.9 samples/s
  step  1000/1756 | loss 0.3496 | data 0.1 ms | step 37.8 ms | 13541.3 samples/s
  step  1050/1756 | loss 0.3837 | data 0.1 ms | step 37.9 ms | 13498.4 samples/s
  step  1100/1756 | loss 0.3287 | data 0.1 ms | step 37.7 ms | 13566.1 samples/s
  step  1150/1756 | loss 0.3625 | data 0.1 ms | step 37.6 ms | 13604.0 samples/s
  step  1200/1756 | loss 0.4086 | data 0.1 ms | step 37.8 ms | 13538.3 samples/s
  step  1250/1756 | loss 0.3358 | data 0.1 ms | step 37.9 ms | 13524.6 samples/s
  step  1300/1756 | loss 0.3329 | data 0.1 ms | step 37.7 ms | 13597.3 samples/s
  step  1350/1756 | loss 0.3410 | data 0.1 ms | step 37.8 ms | 13559.1 samples/s
  step  1400/1756 | loss 0.3477 | data 0.1 ms | step 37.8 ms | 13528.0 samples/s
  step  1450/1756 | loss 0.3184 | data 0.1 ms | step 37.6 ms | 13621.3 samples/s
  step  1500/1756 | loss 0.3237 | data 0.1 ms | step 37.6 ms | 13612.7 samples/s
  step  1550/1756 | loss 0.3557 | data 0.1 ms | step 37.7 ms | 13568.3 samples/s
  step  1600/1756 | loss 0.3442 | data 0.1 ms | step 37.7 ms | 13564.2 samples/s
  step  1650/1756 | loss 0.3619 | data 0.1 ms | step 37.7 ms | 13583.3 samples/s
  step  1700/1756 | loss 0.3442 | data 0.1 ms | step 37.8 ms | 13531.1 samples/s
  step  1750/1756 | loss 0.3362 | data 0.6 ms | step 37.8 ms | 13557.4 samples/s
Training Loss: 0.347771 | 13605.8 samples/s
Peak GPU memory: 1233.8 MB
Validation Loss: 0.367292 | 17675.0 samples/s

Epoch 47/100
----------------------------------------
Learning Rate: 0.000066
  step    50/1756 | loss 0.3584 | data 0.7 ms | step 37.8 ms | 13536.7 samples/s
  step   100/1756 | loss 0.3007 | data 0.1 ms | step 37.8 ms | 13554.2 samples/s
  step   150/1756 | loss 0.3610 | data 0.1 ms | step 37.8 ms | 13552.3 samples/s
  step   200/1756 | loss 0.3669 | data 0.1 ms | step 37.7 ms | 13586.2 samples/s
  step   250/1756 | loss 0.3489 | data 0.1 ms | step 37.5 ms | 13647.0 samples/s
  step   300/1756 | loss 0.3390 | data 0.1 ms | step 37.5 ms | 13653.9 samples/s
  step   350/1756 | loss 0.3217 | data 0.1 ms | step 37.6 ms | 13612.1 samples/s
  step   400/1756 | loss 0.3364 | data 0.1 ms | step 37.7 ms | 13587.2 samples/s
  step   450/1756 | loss 0.3172 | data 0.1 ms | step 37.8 ms | 13534.8 samples/s
  step   500/1756 | loss 0.3451 | data 0.1 ms | step 37.8 ms | 13539.9 samples/s
  step   550/1756 | loss 0.3258 | data 0.1 ms | step 37.6 ms | 13607.9 samples/s
  step   600/1756 | loss 0.3256 | data 0.1 ms | step 37.7 ms | 13582.2 samples/s
  step   650/1756 | loss 0.3774 | data 0.1 ms | step 37.7 ms | 13587.5 samples/s
  step   700/1756 | loss 0.3673 | data 0.1 ms | step 37.7 ms | 13595.2 samples/s
  step   750/1756 | loss 0.3288 | data 0.1 ms | step 37.5 ms | 13648.0 samples/s
  step   800/1756 | loss 0.3170 | data 0.1 ms | step 37.7 ms | 13596.6 samples/s
  step   850/1756 | loss 0.3577 | data 0.1 ms | step 37.6 ms | 13604.8 samples/s
  step   900/1756 | loss 0.3336 | data 0.1 ms | step 37.7 ms | 13587.4 samples/s
  step   950/1756 | loss 0.3757 | data 0.1 ms | step 37.7 ms | 13565.4 samples/s
  step  1000/1756 | loss 0.3171 | data 0.1 ms | step 37.5 ms | 13662.9 samples/s
  step  1050/1756 | loss 0.3354 | data 0.1 ms | step 37.0 ms | 13840.5 samples/s
  step  1100/1756 | loss 0.3047 | data 0.1 ms | step 37.2 ms | 13747.1 samples/s
  step  1150/1756 | loss 0.3260 | data 0.1 ms | step 37.0 ms | 13832.6 samples/s
  step  1200/1756 | loss 0.3099 | data 0.1 ms | step 36.9 ms | 13858.3 samples/s
  step  1250/1756 | loss 0.3494 | data 0.1 ms | step 37.0 ms | 13829.3 samples/s
  step  1300/1756 | loss 0.3251 | data 0.1 ms | step 37.1 ms | 13819.0 samples/s
  step  1350/1756 | loss 0.3227 | data 0.1 ms | step 37.2 ms | 13745.2 samples/s
  step  1400/1756 | loss 0.3380 | data 0.1 ms | step 37.1 ms | 13791.9 samples/s
  step  1450/1756 | loss 0.3302 | data 0.1 ms | step 37.1 ms | 13819.1 samples/s
  step  1500/1756 | loss 0.3555 | data 0.1 ms | step 37.2 ms | 13751.9 samples/s
  step  1550/1756 | loss 0.3267 | data 0.1 ms | step 37.1 ms | 13787.4 samples/s
  step  1600/1756 | loss 0.3561 | data 0.1 ms | step 37.2 ms | 13763.4 samples/s
  step  1650/1756 | loss 0.3565 | data 0.1 ms | step 37.2 ms | 13764.6 samples/s
  step  1700/1756 | loss 0.3341 | data 0.1 ms | step 37.2 ms | 13760.7 samples/s
  step  1750/1756 | loss 0.3263 | data 0.6 ms | step 37.1 ms | 13819.0 samples/s
Training Loss: 0.337738 | 13674.5 samples/s
Peak GPU memory: 1233.8 MB
Validation Loss: 0.345202 | 17627.8 samples/s

Epoch 48/100
----------------------------------------
Learning Rate: 0.000066
  step    50/1756 | loss 0.3180 | data 0.7 ms | step 38.1 ms | 13445.1 samples/s
  step   100/1756 | loss 0.3371 | data 0.1 ms | step 37.7 ms | 13570.3 samples/s
  step   150/1756 | loss 0.3820 | data 0.1 ms | step 37.7 ms | 13592.0 samples/s
  step   200/1756 | loss 0.3432 | data 0.1 ms | step 37.7 ms | 13573.5 samples/s
  step   250/1756 | loss 0.3019 | data 0.1 ms | step 37.6 ms | 13602.0 samples/s
  step   300/1756 | loss 0.3536 | data 0.1 ms | step 37.6 ms | 13604.6 samples/s
  step   350/1756 | loss 0.3166 | data 0.1 ms | step 37.6 ms | 13611.8 samples/s
  step   400/1756 | loss 0.3314 | data 0.1 ms | step 37.6 ms | 13599.8 samples/s
  step   450/1756 | loss 0.3238 | data 0.1 ms | step 37.7 ms | 13574.8 samples/s
  step   500/1756 | loss 0.3022 | data 0.1 ms | step 37.6 ms | 13627.7 samples/s
  step   550/1756 | loss 0.3298 | data 0.1 ms | step 37.7 ms | 13578.4 samples/s
  step   600/1756 | loss 0.3569 | data 0.1 ms | step 37.7 ms | 13564.1 samples/s
  step   650/1756 | loss 0.3931 | data 0.1 ms | step 37.6 ms | 13618.9 samples/s
  step   700/1756 | loss 0.3413 | data 0.1 ms | step 37.6 ms | 13634.1 samples/s
  step   750/1756 | loss 0.3437 | data 0.1 ms | step 37.6 ms | 13609.7 samples/s
  step   800/1756 | loss 0.3438 | data 0.1 ms | step 37.7 ms | 13564.4 samples/s
  step   850/1756 | loss 0.3231 | data 0.1 ms | step 37.6 ms | 13625.5 samples/s
  step   900/1756 | loss 0.3070 | data 0.1 ms | step 37.7 ms | 13597.8 samples/s
  step   950/1756 | loss 0.3313 | data 0.1 ms | step 37.8 ms | 13560.5 samples/s
  step  1000/1756 | loss 0.3798 | data 0.1 ms | step 37.6 ms | 13634.9 samples/s
  step  1050/1756 | loss 0.3518 | data 0.1 ms | step 37.5 ms | 13635.9 samples/s
  step  1100/1756 | loss 0.3612 | data 0.1 ms | step 37.8 ms | 13554.3 samples/s
  step  1150/1756 | loss 0.2992 | data 0.1 ms | step 37.6 ms | 13616.8 samples/s
  step  1200/1756 | loss 0.3194 | data 0.1 ms | step 37.6 ms | 13623.7 samples/s
  step  1250/1756 | loss 0.3543 | data 0.1 ms | step 37.8 ms | 13542.7 samples/s
  step  1300/1756 | loss 0.3585 | data 0.1 ms | step 37.7 ms | 13590.3 samples/s
  step  1350/1756 | loss 0.3347 | data 0.1 ms | step 37.7 ms | 13570.8 samples/s
  step  1400/1756 | loss 0.3181 | data 0.1 ms | step 37.7 ms | 13567.0 samples/s
  step  1450/1756 | loss 0.3146 | data 0.1 ms | step 37.5 ms | 13641.6 samples/s
  step  1500/1756 | loss 0.3308 | data 0.1 ms | step 37.7 ms | 13588.5 samples/s
  step  1550/1756 | loss 0.2999 | data 0.1 ms | step 37.8 ms | 13557.0 samples/s
  step  1600/1756 | loss 0.3176 | data 0.1 ms | step 37.7 ms | 13573.7 samples/s
  step  1650/1756 | loss 0.3256 | data 0.1 ms | step 37.7 ms | 13583.5 samples/s
  step  1700/1756 | loss 0.3213 | data 0.1 ms | step 37.7 ms | 13577.2 samples/s
  step  1750/1756 | loss 0.3336 | data 0.6 ms | step 37.8 ms | 13545.5 samples/s
Training Loss: 0.334344 | 13585.1 samples/s
Peak GPU memory: 1233.8 MB
Validation Loss: 0.339679 | 17650.6 samples/s

Epoch 49/100
----------------------------------------
Learning Rate: 0.000066
  step    50/1756 | loss 0.3291 | data 0.7 ms | step 37.8 ms | 13546.1 samples/s
  step   100/1756 | loss 0.3291 | data 0.1 ms | step 37.5 ms | 13635.4 samples/s
  step   150/1756 | loss 0.3376 | data 0.1 ms | step 37.5 ms | 13656.1 samples/s
  step   200/1756 | loss 0.3335 | data 0.1 ms | step 37.8 ms | 13553.4 samples/s
  step   250/1756 | loss 0.3300 | data 0.1 ms | step 37.6 ms | 13615.1 samples/s
  step   300/1756 | loss 0.3257 | data 0.1 ms | step 37.7 ms | 13563.9 samples/s
  step   350/1756 | loss 0.3005 | data 0.1 ms | step 37.7 ms | 13586.6 samples/s
  step   400/1756 | loss 0.3185 | data 0.1 ms | step 37.7 ms | 13583.6 samples/s
  step   450/1756 | loss 0.3135 | data 0.1 ms | step 37.7 ms | 13588.8 samples/s
  step   500/1756 | loss 0.3388 | data 0.1 ms | step 37.7 ms | 13598.2 samples/s
  step   550/1756 | loss 0.3181 | data 0.1 ms | step 37.6 ms | 13625.9 samples/s
  step   600/1756 | loss 0.3284 | data 0.1 ms | step 37.8 ms | 13556.9 samples/s
  step   650/1756 | loss 0.3144 | data 0.1 ms | step 37.6 ms | 13605.7 samples/s
  step   700/1756 | loss 0.3383 | data 0.1 ms | step 37.5 ms | 13639.5 samples/s
  step   750/1756 | loss 0.3448 | data 0.1 ms | step 37.7 ms | 13585.2 samples/s
  step   800/1756 | loss 0.3146 | data 0.1 ms | step 37.7 ms | 13573.8 samples/s
  step   850/1756 | loss 0.3303 | data 0.1 ms | step 37.7 ms | 13583.4 samples/s
  step   900/1756 | loss 0.2939 | data 0.1 ms | step 37.6 ms | 13618.3 samples/s
  step   950/1756 | loss 0.3156 | data 0.1 ms | step 37.5 ms | 13644.2 samples/s
  step  1000/1756 | loss 0.3440 | data 0.1 ms | step 37.8 ms | 13555.8 samples/s
  step  1050/1756 | loss 0.3287 | data 0.1 ms | step 37.7 ms | 13589.1 samples/s
  step  1100/1756 | loss 0.3441 | data 0.1 ms | step 37.7 ms | 13580.3 samples/s
  step  1150/1756 | loss 0.3032 | data 0.1 ms | step 37.8 ms | 13562.5 samples/s
  step  1200/1756 | loss 0.3209 | data 0.1 ms | step 37.5 ms | 13637.4 samples/s
  step  1250/1756 | loss 0.3189 | data 0.1 ms | step 37.7 ms | 13563.9 samples/s
  step  1300/1756 | loss 0.3183 | data 0.1 ms | step 37.7 ms | 13597.5 samples/s
  step  1350/1756 | loss 0.3117 | data 0.1 ms | step 37.6 ms | 13613.2 samples/s
  step  1400/1756 | loss 0.3357 | data 0.1 ms | step 37.5 ms | 13640.7 samples/s
  step  1450/1756 | loss 0.3272 | data 0.1 ms | step 37.7 ms | 13595.9 samples/s
  step  1500/1756 | loss 0.2862 | data 0.1 ms | step 37.8 ms | 13528.9 samples/s
  step  1550/1756 | loss 0.3223 | data 0.1 ms | step 37.7 ms | 13567.6 samples/s
  step  1600/1756 | loss 0.3382 | data 0.1 ms | step 37.6 ms | 13601.8 samples/s
  step  1650/1756 | loss 0.3147 | data 0.1 ms | step 37.5 ms | 13647.9 samples/s
  step  1700/1756 | loss 0.3293 | data 0.1 ms | step 37.6 ms | 13613.1 samples/s
  step  1750/1756 | loss 0.3088 | data 0.6 ms | step 37.8 ms | 13551.5 samples/s
Training Loss: 0.322906 | 13593.2 samples/s
Peak GPU memory: 1233.8 MB
Validation Loss: 0.352233 | 17622.5 samples/s

Epoch 50/100
----------------------------------------
Learning Rate: 0.000066
  step    50/1756 | loss 0.3076 | data 0.7 ms | step 37.8 ms | 13538.5 samples/s
  step   100/1756 | loss 0.3070 | data 0.1 ms | step 37.7 ms | 13578.3 samples/s
  step   150/1756 | loss 0.3228 | data 0.1 ms | step 37.6 ms | 13604.5 samples/s
  step   200/1756 | loss 0.3081 | data 0.1 ms | step 37.8 ms | 13541.0 samples/s
  step   250/1756 | loss 0.3289 | data 0.1 ms | step 37.6 ms | 13615.3 samples/s
  step   300/1756 | loss 0.2814 | data 0.1 ms | step 37.7 ms | 13583.1 samples/s
  step   350/1756 | loss 0.3127 | data 0.1 ms | step 37.7 ms | 13598.3 samples/s
  step   400/1756 | loss 0.2995 | data 0.1 ms | step 37.7 ms | 13575.5 samples/s
  step   450/1756 | loss 0.3322 | data 0.1 ms | step 37.6 ms | 13618.3 samples/s
  step   500/1756 | loss 0.3095 | data 0.1 ms | step 37.7 ms | 13574.2 samples/s
  step   550/1756 | loss 0.3008 | data 0.1 ms | step 37.7 ms | 13593.5 samples/s
  step   600/1756 | loss 0.3538 | data 0.1 ms | step 37.7 ms | 13592.7 samples/s
  step   650/1756 | loss 0.3444 | data 0.1 ms | step 37.6 ms | 13625.4 samples/s
  step   700/1756 | loss 0.3097 | data 0.1 ms | step 37.5 ms | 13645.7 samples/s
  step   750/1756 | loss 0.3284 | data 0.1 ms | step 37.5 ms | 13635.4 samples/s
  step   800/1756 | loss 0.3000 | data 0.1 ms | step 37.8 ms | 13543.8 samples/s
  step   850/1756 | loss 0.3167 | data 0.1 ms | step 37.8 ms | 13550.8 samples/s
  step   900/1756 | loss 0.3160 | data 0.1 ms | step 37.6 ms | 13600.2 samples/s
  step   950/1756 | loss 0.3059 | data 0.1 ms | step 37.5 ms | 13641.2 samples/s
  step  1000/1756 | loss 0.3182 | data 0.1 ms | step 37.6 ms | 13612.7 samples/s
  step  1050/1756 | loss 0.3488 | data 0.1 ms | step 37.5 ms | 13637.4 samples/s
  step  1100/1756 | loss 0.3508 | data 0.1 ms | step 37.8 ms | 13548.8 samples/s
  step  1150/1756 | loss 0.3110 | data 0.1 ms | step 37.7 ms | 13576.8 samples/s
  step  1200/1756 | loss 0.2929 | data 0.1 ms | step 37.7 ms | 13595.1 samples/s
  step  1250/1756 | loss 0.3129 | data 0.1 ms | step 37.5 ms | 13642.7 samples/s
  step  1300/1756 | loss 0.3790 | data 0.1 ms | step 37.7 ms | 13566.9 samples/s
  step  1350/1756 | loss 0.3162 | data 0.1 ms | step 37.6 ms | 13617.7 samples/s
  step  1400/1756 | loss 0.3111 | data 0.1 ms | step 37.8 ms | 13557.6 samples/s
  step  1450/1756 | loss 0.3128 | data 0.1 ms | step 37.7 ms | 13588.1 samples/s
  step  1500/1756 | loss 0.3244 | data 0.1 ms | step 37.5 ms | 13661.7 samples/s
  step  1550/1756 | loss 0.3320 | data 0.1 ms | step 37.5 ms | 13651.2 samples/s
  step  1600/1756 | loss 0.2998 | data 0.1 ms | step 37.8 ms | 13554.4 samples/s
  step  1650/1756 | loss 0.2843 | data 0.1 ms | step 37.8 ms | 13555.2 samples/s
  step  1700/1756 | loss 0.3203 | data 0.1 ms | step 37.6 ms | 13627.9 samples/s
  step  1750/1756 | loss 0.3461 | data 0.7 ms | step 37.7 ms | 13595.8 samples/s
Training Loss: 0.318459 | 13594.1 samples/s
Peak GPU memory: 1233.8 MB
Validation Loss: 0.307354 | 17651.0 samples/s

Epoch 51/100
----------------------------------------
Learning Rate: 0.000059
  step    50/1756 | loss 0.3146 | data 0.7 ms | step 37.9 ms | 13519.6 samples/s
  step   100/1756 | loss 0.3175 | data 0.1 ms | step 37.7 ms | 13572.4 samples/s
  step   150/1756 | loss 0.3179 | data 0.1 ms | step 37.8 ms | 13546.4 samples/s
  step   200/1756 | loss 0.3159 | data 0.1 ms | step 37.7 ms | 13564.7 samples/s
  step   250/1756 | loss 0.3015 | data 0.1 ms | step 37.6 ms | 13614.2 samples/s
  step   300/1756 | loss 0.3046 | data 0.1 ms | step 37.6 ms | 13600.6 samples/s
  step   350/1756 | loss 0.3166 | data 0.1 ms | step 37.7 ms | 13579.1 samples/s
  step   400/1756 | loss 0.3118 | data 0.1 ms | step 37.6 ms | 13609.7 samples/s
  step   450/1756 | loss 0.3340 | data 0.1 ms | step 37.7 ms | 13565.4 samples/s
  step   500/1756 | loss 0.2717 | data 0.1 ms | step 37.7 ms | 13587.7 samples/s
  step   550/1756 | loss 0.2851 | data 0.1 ms | step 37.5 ms | 13648.2 samples/s
  step   600/1756 | loss 0.3004 | data 0.1 ms | step 37.6 ms | 13606.0 samples/s
  step   650/1756 | loss 0.3154 | data 0.1 ms | step 37.6 ms | 13603.7 samples/s
  step   700/1756 | loss 0.2997 | data 0.1 ms | step 37.5 ms | 13657.3 samples/s
  step   750/1756 | loss 0.3191 | data 0.1 ms | step 37.5 ms | 13657.0 samples/s
  step   800/1756 | loss 0.2868 | data 0.1 ms | step 37.6 ms | 13633.8 samples/s
  step   850/1756 | loss 0.3166 | data 0.1 ms | step 37.7 ms | 13567.5 samples/s
  step   900/1756 | loss 0.3167 | data 0.1 ms | step 37.8 ms | 13548.4 samples/s
  step   950/1756 | loss 0.3120 | data 0.1 ms | step 37.7 ms | 13581.8 samples/s
  step  1000/1756 | loss 0.3195 | data 0.1 ms | step 37.8 ms | 13542.5 samples/s
  step  1050/1756 | loss 0.3021 | data 0.1 ms | step 37.8 ms | 13555.6 samples/s
  step  1100/1756 | loss 0.2977 | data 0.1 ms | step 37.7 ms | 13590.3 samples/s
  step  1150/1756 | loss 0.2989 | data 0.1 ms | step 37.9 ms | 13526.8 samples/s
  step  1200/1756 | loss 0.3211 | data 0.1 ms | step 37.8 ms | 13560.7 samples/s
  step  1250/1756 | loss 0.2880 | data 0.1 ms | step 37.8 ms | 13548.9 samples/s
  step  1300/1756 | loss 0.3260 | data 0.1 ms | step 37.6 ms | 13626.1 samples/s
  step  1350/1756 | loss 0.2913 | data 0.1 ms | step 37.6 ms | 13620.1 samples/s
  step  1400/1756 | loss 0.2942 | data 0.1 ms | step 37.6 ms | 13602.7 samples/s
  step  1450/1756 | loss 0.2962 | data 0.1 ms | step 37.8 ms | 13553.4 samples/s
  step  1500/1756 | loss 0.3457 | data 0.1 ms | step 37.7 ms | 13574.3 samples/s
  step  1550/1756 | loss 0.3004 | data 0.1 ms | step 37.6 ms | 13629.5 samples/s
  step  1600/1756 | loss 0.2944 | data 0.1 ms | step 37.6 ms | 13614.4 samples/s
  step  1650/1756 | loss 0.3107 | data 0.1 ms | step 37.7 ms | 13571.9 samples/s
  step  1700/1756 | loss 0.2933 | data 0.1 ms | step 37.7 ms | 13585.7 samples/s
  step  1750/1756 | loss 0.3332 | data 0.6 ms | step 37.9 ms | 13510.2 samples/s
Training Loss: 0.307673 | 13583.6 samples/s
Peak GPU memory: 1233.8 MB
Validation Loss: 0.314281 | 17609.4 samples/s

Epoch 52/100
----------------------------------------
Learning Rate: 0.000059
  step    50/1756 | loss 0.3172 | data 0.8 ms | step 37.8 ms | 13528.7 samples/s
  step   100/1756 | loss 0.3098 | data 0.1 ms | step 37.8 ms | 13540.1 samples/s
  step   150/1756 | loss 0.2840 | data 0.1 ms | step 37.7 ms | 13598.4 samples/s
  step   200/1756 | loss 0.3417 | data 0.1 ms | step 37.5 ms | 13661.4 samples/s
  step   250/1756 | loss 0.3055 | data 0.1 ms | step 37.7 ms | 13571.9 samples/s
  step   300/1756 | loss 0.2840 | data 0.1 ms | step 37.5 ms | 13641.2 samples/s
  step   350/1756 | loss 0.2855 | data 0.1 ms | step 37.5 ms | 13648.4 samples/s
  step   400/1756 | loss 0.3045 | data 0.1 ms | step 37.5 ms | 13640.6 samples/s
  step   450/1756 | loss 0.3061 | data 0.1 ms | step 37.7 ms | 13584.0 samples/s
  step   500/1756 | loss 0.2879 | data 0.1 ms | step 37.6 ms | 13606.6 samples/s
  step   550/1756 | loss 0.2974 | data 0.1 ms | step 37.7 ms | 13590.2 samples/s
  step   600/1756 | loss 0.2984 | data 0.1 ms | step 37.7 ms | 13566.5 samples/s
  step   650/1756 | loss 0.3237 | data 0.1 ms | step 37.7 ms | 13589.9 samples/s
  step   700/1756 | loss 0.2982 | data 0.1 ms | step 37.6 ms | 13621.2 samples/s
  step   750/1756 | loss 0.2778 | data 0.1 ms | step 37.9 ms | 13516.6 samples/s
  step   800/1756 | loss 0.3048 | data 0.1 ms | step 37.8 ms | 13551.4 samples/s
  step   850/1756 | loss 0.2937 | data 0.1 ms | step 37.8 ms | 13561.2 samples/s
  step   900/1756 | loss 0.3216 | data 0.1 ms | step 37.6 ms | 13609.0 samples/s
  step   950/1756 | loss 0.3054 | data 0.1 ms | step 37.9 ms | 13516.9 samples/s
  step  1000/1756 | loss 0.3029 | data 0.1 ms | step 37.7 ms | 13565.9 samples/s
  step  1050/1756 | loss 0.2990 | data 0.1 ms | step 37.5 ms | 13638.1 samples/s
  step  1100/1756 | loss 0.3180 | data 0.1 ms | step 37.7 ms | 13597.5 samples/s
  step  1150/1756 | loss 0.2707 | data 0.1 ms | step 37.7 ms | 13588.0 samples/s
  step  1200/1756 | loss 0.3156 | data 0.1 ms | step 37.7 ms | 13566.1 samples/s
  step  1250/1756 | loss 0.3371 | data 0.1 ms | step 37.5 ms | 13638.5 samples/s
  step  1300/1756 | loss 0.3070 | data 0.1 ms | step 37.6 ms | 13600.2 samples/s
  step  1350/1756 | loss 0.3180 | data 0.1 ms | step 37.7 ms | 13565.5 samples/s
  step  1400/1756 | loss 0.2783 | data 0.1 ms | step 37.6 ms | 13601.8 samples/s
  step  1450/1756 | loss 0.2858 | data 0.1 ms | step 37.8 ms | 13552.2 samples/s
  step  1500/1756 | loss 0.2911 | data 0.1 ms | step 37.6 ms | 13632.5 samples/s
  step  1550/1756 | loss 0.2817 | data 0.1 ms | step 37.6 ms | 13623.9 samples/s
  step  1600/1756 | loss 0.2952 | data 0.1 ms | step 37.6 ms | 13601.5 samples/s
  step  1650/1756 | loss 0.2731 | data 0.1 ms | step 37.4 ms | 13701.9 samples/s
  step  1700/1756 | loss 0.3049 | data 0.1 ms | step 37.7 ms | 13579.9 samples/s
  step  1750/1756 | loss 0.3103 | data 0.6 ms | step 37.8 ms | 13560.5 samples/s
Training Loss: 0.300947 | 13591.8 samples/s
Peak GPU memory: 1233.8 MB
Validation Loss: 0.301060 | 17580.7 samples/s

Epoch 53/100
----------------------------------------
Learning Rate: 0.000059
  step    50/1756 | loss 0.3137 | data 0.8 ms | step 37.8 ms | 13556.8 samples/s
  step   100/1756 | loss 0.2974 | data 0.1 ms | step 37.7 ms | 13589.3 samples/s
  step   150/1756 | loss 0.3083 | data 0.1 ms | step 37.6 ms | 13608.6 samples/s
  step   200/1756 | loss 0.3085 | data 0.1 ms | step 37.6 ms | 13603.0 samples/s
  step   250/1756 | loss 0.2935 | data 0.1 ms | step 37.6 ms | 13621.5 samples/s
  step   300/1756 | loss 0.3053 | data 0.1 ms | step 37.7 ms | 13592.2 samples/s
  step   350/1756 | loss 0.3155 | data 0.1 ms | step 37.5 ms | 13640.3 samples/s
  step   400/1756 | loss 0.3058 | data 0.1 ms | step 37.7 ms | 13572.8 samples/s
  step   450/1756 | loss 0.2968 | data 0.1 ms | step 37.8 ms | 13554.6 samples/s
  step   500/1756 | loss 0.3222 | data 0.1 ms | step 37.8 ms | 13560.9 samples/s
  step   550/1756 | loss 0.2746 | data 0.1 ms | step 37.6 ms | 13609.5 samples/s
  step   600/1756 | loss 0.2919 | data 0.1 ms | step 37.9 ms | 13525.9 samples/s
  step   650/1756 | loss 0.3102 | data 0.1 ms | step 37.6 ms | 13602.2 samples/s
  step   700/1756 | loss 0.2929 | data 0.1 ms | step 37.6 ms | 13634.3 samples/s
  step   750/1756 | loss 0.2950 | data 0.1 ms | step 37.5 ms | 13666.8 samples/s
  step   800/1756 | loss 0.2683 | data 0.1 ms | step 37.8 ms | 13562.5 samples/s
  step   850/1756 | loss 0.3391 | data 0.1 ms | step 37.7 ms | 13566.9 samples/s
  step   900/1756 | loss 0.2921 | data 0.1 ms | step 37.6 ms | 13604.4 samples/s
  step   950/1756 | loss 0.2877 | data 0.1 ms | step 37.6 ms | 13626.4 samples/s
  step  1000/1756 | loss 0.2868 | data 0.1 ms | step 37.9 ms | 13522.2 samples/s
  step  1050/1756 | loss 0.2987 | data 0.1 ms | step 37.8 ms | 13537.8 samples/s
  step  1100/1756 | loss 0.2871 | data 0.1 ms | step 37.5 ms | 13656.4 samples/s
  step  1150/1756 | loss 0.2922 | data 0.1 ms | step 37.6 ms | 13612.1 samples/s
  step  1200/1756 | loss 0.2656 | data 0.1 ms | step 37.8 ms | 13556.0 samples/s
  step  1250/1756 | loss 0.3221 | data 0.1 ms | step 37.9 ms | 13510.0 samples/s
  step  1300/1756 | loss 0.2990 | data 0.1 ms | step 37.7 ms | 13589.1 samples/s
  step  1350/1756 | loss 0.3352 | data 0.1 ms | step 37.6 ms | 13629.5 samples/s
  step  1400/1756 | loss 0.2852 | data 0.1 ms | step 37.7 ms | 13598.6 samples/s
  step  1450/1756 | loss 0.2795 | data 0.1 ms | step 37.5 ms | 13642.8 samples/s
  step  1500/1756 | loss 0.2944 | data 0.1 ms | step 37.7 ms | 13595.0 samples/s
  step  1550/1756 | loss 0.3284 | data 0.1 ms | step 37.7 ms | 13589.9 samples/s
  step  1600/1756 | loss 0.2782 | data 0.1 ms | step 37.6 ms | 13607.8 samples/s
  step  1650/1756 | loss 0.2799 | data 0.1 ms | step 37.6 ms | 13616.2 samples/s
  step  1700/1756 | loss 0.2728 | data 0.1 ms | step 37.6 ms | 13614.0 samples/s
  step  1750/1756 | loss 0.2917 | data 0.7 ms | step 37.7 ms | 13581.4 samples/s
Training Loss: 0.297616 | 13591.7 samples/s
Peak GPU memory: 1233.8 MB
Validation Loss: 0.321781 | 17604.3 samples/s

Epoch 54/100
----------------------------------------
Learning Rate: 0.000059
  step    50/1756 | loss 0.2835 | data 0.6 ms | step 37.8 ms | 13540.0 samples/s
  step   100/1756 | loss 0.3011 | data 0.1 ms | step 37.7 ms | 13574.3 samples/s
  step   150/1756 | loss 0.2764 | data 0.1 ms | step 37.6 ms | 13606.6 samples/s
  step   200/1756 | loss 0.2891 | data 0.1 ms | step 37.6 ms | 13632.8 samples/s
  step   250/1756 | loss 0.2918 | data 0.1 ms | step 37.5 ms | 13671.4 samples/s
  step   300/1756 | loss 0.2592 | data 0.1 ms | step 37.8 ms | 13552.8 samples/s
  step   350/1756 | loss 0.2888 | data 0.1 ms | step 37.8 ms | 13558.3 samples/s
  step   400/1756 | loss 0.2795 | data 0.1 ms | step 37.6 ms | 13625.8 samples/s
  step   450/1756 | loss 0.2657 | data 0.1 ms | step 37.5 ms | 13643.2 samples/s
  step   500/1756 | loss 0.3150 | data 0.1 ms | step 37.9 ms | 13519.9 samples/s
  step   550/1756 | loss 0.2854 | data 0.1 ms | step 37.7 ms | 13573.0 samples/s
  step   600/1756 | loss 0.3093 | data 0.1 ms | step 37.7 ms | 13569.5 samples/s
  step   650/1756 | loss 0.2923 | data 0.1 ms | step 37.7 ms | 13582.2 samples/s
  step   700/1756 | loss 0.2883 | data 0.1 ms | step 37.7 ms | 13573.5 samples/s
  step   750/1756 | loss 0.3127 | data 0.1 ms | step 37.7 ms | 13569.6 samples/s
  step   800/1756 | loss 0.2870 | data 0.1 ms | step 37.9 ms | 13513.6 samples/s
  step   850/1756 | loss 0.2906 | data 0.1 ms | step 37.7 ms | 13580.7 samples/s
  step   900/1756 | loss 0.2836 | data 0.1 ms | step 37.7 ms | 13575.1 samples/s
  step   950/1756 | loss 0.3145 | data 0.1 ms | step 37.7 ms | 13572.6 samples/s
  step  1000/1756 | loss 0.2889 | data 0.1 ms | step 37.8 ms | 13541.7 samples/s
  step  1050/1756 | loss 0.2913 | data 0.1 ms | step 37.7 ms | 13598.3 samples/s
  step  1100/1756 | loss 0.2858 | data 0.1 ms | step 37.6 ms | 13616.5 samples/s
  step  1150/1756 | loss 0.3109 | data 0.1 ms | step 37.9 ms | 13517.6 samples/s
  step  1200/1756 | loss 0.2687 | data 0.1 ms | step 37.7 ms | 13586.5 samples/s
  step  1250/1756 | loss 0.2908 | data 0.1 ms | step 37.7 ms | 13591.9 samples/s
  step  1300/1756 | loss 0.2750 | data 0.1 ms | step 37.6 ms | 13599.3 samples/s
  step  1350/1756 | loss 0.2891 | data 0.1 ms | step 37.8 ms | 13558.5 samples/s
  step  1400/1756 | loss 0.3127 | data 0.1 ms | step 37.7 ms | 13589.7 samples/s
  step  1450/1756 | loss 0.2910 | data 0.1 ms | step 37.7 ms | 13579.1 samples/s
  step  1500/1756 | loss 0.2778 | data 0.1 ms | step 37.7 ms | 13571.8 samples/s
  step  1550/1756 | loss 0.2746 | data 0.1 ms | step 37.9 ms | 13526.4 samples/s
  step  1600/1756 | loss 0.3024 | data 0.1 ms | step 37.7 ms | 13568.0 samples/s
  step  1650/1756 | loss 0.2850 | data 0.1 ms | step 37.6 ms | 13600.8 samples/s
  step  1700/1756 | loss 0.3000 | data 0.1 ms | step 37.7 ms | 13590.2 samples/s
  step  1750/1756 | loss 0.3109 | data 0.6 ms | step 37.7 ms | 13565.5 samples/s
Training Loss: 0.290474 | 13576.8 samples/s
Peak GPU memory: 1233.8 MB
Validation Loss: 0.294178 | 17666.2 samples/s

Epoch 55/100
----------------------------------------
Learning Rate: 0.000059
  step    50/1756 | loss 0.3106 | data 0.7 ms | step 37.9 ms | 13497.6 samples/s
  step   100/1756 | loss 0.3263 | data 0.1 ms | step 37.7 ms | 13593.4 samples/s
  step   150/1756 | loss 0.2982 | data 0.1 ms | step 37.7 ms | 13572.0 samples/s
  step   200/1756 | loss 0.2811 | data 0.1 ms | step 37.7 ms | 13580.6 samples/s
  step   250/1756 | loss 0.2835 | data 0.1 ms | step 37.7 ms | 13596.6 samples/s
  step   300/1756 | loss 0.3137 | data 0.1 ms | step 37.7 ms | 13588.0 samples/s
  step   350/1756 | loss 0.2760 | data 0.1 ms | step 37.6 ms | 13606.3 samples/s
  step   400/1756 | loss 0.2742 | data 0.1 ms | step 37.9 ms | 13522.7 samples/s
  step   450/1756 | loss 0.2683 | data 0.1 ms | step 37.7 ms | 13568.9 samples/s
  step   500/1756 | loss 0.3338 | data 0.1 ms | step 37.8 ms | 13562.0 samples/s
  step   550/1756 | loss 0.2815 | data 0.1 ms | step 37.8 ms | 13536.0 samples/s
  step   600/1756 | loss 0.2947 | data 0.1 ms | step 37.8 ms | 13559.7 samples/s
  step   650/1756 | loss 0.2821 | data 0.1 ms | step 37.6 ms | 13604.5 samples/s
  step   700/1756 | loss 0.3000 | data 0.1 ms | step 37.7 ms | 13596.6 samples/s
  step   750/1756 | loss 0.2829 | data 0.1 ms | step 37.6 ms | 13626.2 samples/s
  step   800/1756 | loss 0.3004 | data 0.1 ms | step 37.7 ms | 13588.2 samples/s
  step   850/1756 | loss 0.3105 | data 0.1 ms | step 37.8 ms | 13549.6 samples/s
  step   900/1756 | loss 0.2668 | data 0.1 ms | step 37.7 ms | 13569.3 samples/s
  step   950/1756 | loss 0.2705 | data 0.1 ms | step 37.7 ms | 13592.1 samples/s
  step  1000/1756 | loss 0.2814 | data 0.1 ms | step 37.8 ms | 13554.7 samples/s
  step  1050/1756 | loss 0.2648 | data 0.1 ms | step 37.9 ms | 13524.7 samples/s
  step  1100/1756 | loss 0.2930 | data 0.1 ms | step 37.7 ms | 13584.1 samples/s
  step  1150/1756 | loss 0.2811 | data 0.1 ms | step 37.7 ms | 13563.1 samples/s
  step  1200/1756 | loss 0.2585 | data 0.1 ms | step 37.7 ms | 13597.1 samples/s
  step  1250/1756 | loss 0.2738 | data 0.1 ms | step 37.5 ms | 13658.1 samples/s
  step  1300/1756 | loss 0.2684 | data 0.1 ms | step 37.5 ms | 13661.3 samples/s
  step  1350/1756 | loss 0.2718 | data 0.1 ms | step 37.6 ms | 13599.7 samples/s
  step  1400/1756 | loss 0.2750 | data 0.1 ms | step 37.6 ms | 13599.4 samples/s
  step  1450/1756 | loss 0.3014 | data 0.1 ms | step 37.9 ms | 13503.7 samples/s
  step  1500/1756 | loss 0.3014 | data 0.1 ms | step 37.8 ms | 13552.3 samples/s
  step  1550/1756 | loss 0.2549 | data 0.1 ms | step 37.7 ms | 13580.4 samples/s
  step  1600/1756 | loss 0.2892 | data 0.1 ms | step 37.4 ms | 13672.3 samples/s
  step  1650/1756 | loss 0.2935 | data 0.1 ms | step 37.7 ms | 13566.1 samples/s
  step  1700/1756 | loss 0.3121 | data 0.1 ms | step 37.6 ms | 13618.2 samples/s
  step  1750/1756 | loss 0.3065 | data 0.6 ms | step 37.8 ms | 13532.2 samples/s
Training Loss: 0.287978 | 13577.9 samples/s
Peak GPU memory: 1233.8 MB
Validation Loss: 0.296995 | 17639.2 samples/s

Epoch 56/100
----------------------------------------
Learning Rate: 0.000059
  step    50/1756 | loss 0.3179 | data 0.6 ms | step 37.9 ms | 13509.9 samples/s
  step   100/1756 | loss 0.3083 | data 0.1 ms | step 37.6 ms | 13632.2 samples/s
  step   150/1756 | loss 0.2789 | data 0.1 ms | step 37.7 ms | 13580.6 samples/s
  step   200/1756 | loss 0.2788 | data 0.1 ms | step 37.6 ms | 13607.9 samples/s
  step   250/1756 | loss 0.2807 | data 0.1 ms | step 37.7 ms | 13598.3 samples/s
  step   300/1756 | loss 0.2700 | data 0.1 ms | step 37.5 ms | 13663.1 samples/s
  step   350/1756 | loss 0.2937 | data 0.1 ms | step 37.7 ms | 13566.7 samples/s
  step   400/1756 | loss 0.2823 | data 0.1 ms | step 37.5 ms | 13651.0 samples/s
  step   450/1756 | loss 0.3007 | data 0.1 ms | step 37.5 ms | 13635.4 samples/s
  step   500/1756 | loss 0.2604 | data 0.1 ms | step 37.8 ms | 13554.1 samples/s
  step   550/1756 | loss 0.3085 | data 0.1 ms | step 37.7 ms | 13565.0 samples/s
  step   600/1756 | loss 0.3095 | data 0.1 ms | step 37.8 ms | 13552.7 samples/s
  step   650/1756 | loss 0.3270 | data 0.1 ms | step 37.7 ms | 13574.5 samples/s
  step   700/1756 | loss 0.3318 | data 0.1 ms | step 37.5 ms | 13639.3 samples/s
  step   750/1756 | loss 0.3210 | data 0.1 ms | step 37.6 ms | 13620.0 samples/s
  step   800/1756 | loss 0.3110 | data 0.1 ms | step 37.5 ms | 13635.7 samples/s
  step   850/1756 | loss 0.2541 | data 0.1 ms | step 37.4 ms | 13680.4 samples/s
  step   900/1756 | loss 0.2889 | data 0.1 ms | step 37.7 ms | 13580.2 samples/s
  step   950/1756 | loss 0.2932 | data 0.1 ms | step 37.6 ms | 13604.6 samples/s
  step  1000/1756 | loss 0.2662 | data 0.1 ms | step 37.7 ms | 13596.8 samples/s
  step  1050/1756 | loss 0.2948 | data 0.1 ms | step 37.6 ms | 13605.0 samples/s
  step  1100/1756 | loss 0.2876 | data 0.1 ms | step 37.6 ms | 13632.1 samples/s
  step  1150/1756 | loss 0.2664 | data 0.1 ms | step 37.8 ms | 13559.2 samples/s
  step  1200/1756 | loss 0.2752 | data 0.1 ms | step 37.7 ms | 13568.8 samples/s
  step  1250/1756 | loss 0.2693 | data 0.1 ms | step 37.6 ms | 13606.1 samples/s
  step  1300/1756 | loss 0.2664 | data 0.1 ms | step 37.7 ms | 13570.7 samples/s
  step  1350/1756 | loss 0.2741 | data 0.1 ms | step 37.7 ms | 13583.9 samples/s
  step  1400/1756 | loss 0.2813 | data 0.1 ms | step 37.8 ms | 13552.3 samples/s
  step  1450/1756 | loss 0.2575 | data 0.1 ms | step 37.7 ms | 13564.2 samples/s
  step  1500/1756 | loss 0.2642 | data 0.1 ms | step 37.6 ms | 13606.9 samples/s
  step  1550/1756 | loss 0.2770 | data 0.1 ms | step 37.8 ms | 13547.3 samples/s
  step  1600/1756 | loss 0.2716 | data 0.1 ms | step 37.7 ms | 13588.2 samples/s
  step  1650/1756 | loss 0.2638 | data 0.1 ms | step 37.6 ms | 13633.5 samples/s
  step  1700/1756 | loss 0.3161 | data 0.1 ms | step 37.7 ms | 13583.7 samples/s
  step  1750/1756 | loss 0.2584 | data 0.6 ms | step 37.8 ms | 13546.3 samples/s
Training Loss: 0.286022 | 13592.8 samples/s
Peak GPU memory: 1233.8 MB
Validation Loss: 0.314644 | 17591.3 samples/s

Epoch 57/100
----------------------------------------
Learning Rate: 0.000059
  step    50/1756 | loss 0.3059 | data 0.6 ms | step 37.8 ms | 13527.6 samples/s
  step   100/1756 | loss 0.2771 | data 0.1 ms | step 37.7 ms | 13596.1 samples/s
  step   150/1756 | loss 0.2620 | data 0.1 ms | step 37.6 ms | 13604.3 samples/s
  step   200/1756 | loss 0.2646 | data 0.1 ms | step 37.6 ms | 13614.8 samples/s
  step   250/1756 | loss 0.2851 | data 0.1 ms | step 37.7 ms | 13571.1 samples/s
  step   300/1756 | loss 0.2580 | data 0.1 ms | step 37.5 ms | 13645.1 samples/s
  step   350/1756 | loss 0.2638 | data 0.1 ms | step 37.8 ms | 13537.1 samples/s
  step   400/1756 | loss 0.2792 | data 0.1 ms | step 37.7 ms | 13591.7 samples/s
  step   450/1756 | loss 0.2628 | data 0.1 ms | step 37.6 ms | 13619.0 samples/s
  step   500/1756 | loss 0.3077 | data 0.1 ms | step 37.6 ms | 13627.9 samples/s
  step   550/1756 | loss 0.2764 | data 0.1 ms | step 37.7 ms | 13565.7 samples/s
  step   600/1756 | loss 0.2812 | data 0.1 ms | step 37.6 ms | 13623.8 samples/s
  step   650/1756 | loss 0.2966 | data 0.1 ms | step 37.4 ms | 13674.8 samples/s
  step   700/1756 | loss 0.2714 | data 0.1 ms | step 37.5 ms | 13671.1 samples/s
  step   750/1756 | loss 0.3068 | data 0.1 ms | step 37.6 ms | 13616.1 samples/s
  step   800/1756 | loss 0.2661 | data 0.1 ms | step 37.7 ms | 13593.7 samples/s
  step   850/1756 | loss 0.3053 | data 0.1 ms | step 37.5 ms | 13659.7 samples/s
  step   900/1756 | loss 0.2610 | data 0.1 ms | step 37.6 ms | 13631.8 samples/s
  step   950/1756 | loss 0.2693 | data 0.1 ms | step 37.7 ms | 13584.6 samples/s
  step  1000/1756 | loss 0.2809 | data 0.1 ms | step 37.7 ms | 13569.4 samples/s
  step  1050/1756 | loss 0.2641 | data 0.1 ms | step 37.8 ms | 13554.6 samples/s
  step  1100/1756 | loss 0.2451 | data 0.1 ms | step 37.7 ms | 13585.0 samples/s
  step  1150/1756 | loss 0.2881 | data 0.1 ms | step 37.6 ms | 13605.8 samples/s
  step  1200/1756 | loss 0.2721 | data 0.1 ms | step 37.8 ms | 13536.6 samples/s
  step  1250/1756 | loss 0.2365 | data 0.1 ms | step 37.8 ms | 13545.8 samples/s
  step  1300/1756 | loss 0.2608 | data 0.1 ms | step 37.5 ms | 13661.0 samples/s
  step  1350/1756 | loss 0.2675 | data 0.1 ms | step 37.6 ms | 13625.2 samples/s
  step  1400/1756 | loss 0.2742 | data 0.1 ms | step 37.6 ms | 13609.9 samples/s
  step  1450/1756 | loss 0.2771 | data 0.1 ms | step 38.1 ms | 13432.3 samples/s
  step  1500/1756 | loss 0.2847 | data 0.1 ms | step 37.1 ms | 13803.4 samples/s
  step  1550/1756 | loss 0.2840 | data 0.1 ms | step 37.3 ms | 13742.7 samples/s
  step  1600/1756 | loss 0.2627 | data 0.1 ms | step 37.6 ms | 13610.6 samples/s
  step  1650/1756 | loss 0.2900 | data 0.1 ms | step 37.5 ms | 13654.7 samples/s
  step  1700/1756 | loss 0.2736 | data 0.1 ms | step 37.5 ms | 13653.5 samples/s
  step  1750/1756 | loss 0.2974 | data 0.7 ms | step 39.8 ms | 12872.6 samples/s
Training Loss: 0.275947 | 13587.0 samples/s
Peak GPU memory: 1233.8 MB
Validation Loss: 0.285077 | 17098.6 samples/s

Epoch 58/100
----------------------------------------
Learning Rate: 0.000059
  step    50/1756 | loss 0.2880 | data 0.7 ms | step 40.2 ms | 12727.8 samples/s
  step   100/1756 | loss 0.2855 | data 0.1 ms | step 38.3 ms | 13364.2 samples/s
  step   150/1756 | loss 0.2639 | data 0.1 ms | step 38.7 ms | 13245.9 samples/s
  step   200/1756 | loss 0.2792 | data 0.1 ms | step 38.7 ms | 13232.8 samples/s
  step   250/1756 | loss 0.3413 | data 0.1 ms | step 38.6 ms | 13266.8 samples/s
  step   300/1756 | loss 0.2524 | data 0.1 ms | step 38.9 ms | 13165.6 samples/s
  step   350/1756 | loss 0.2727 | data 0.1 ms | step 40.2 ms | 12735.0 samples/s
  step   400/1756 | loss 0.2590 | data 0.1 ms | step 38.1 ms | 13431.5 samples/s
  step   450/1756 | loss 0.2716 | data 0.1 ms | step 39.7 ms | 12898.1 samples/s
  step   500/1756 | loss 0.2661 | data 0.1 ms | step 38.1 ms | 13432.1 samples/s
  step   550/1756 | loss 0.2565 | data 0.1 ms | step 37.8 ms | 13557.6 samples/s
  step   600/1756 | loss 0.2474 | data 0.1 ms | step 37.8 ms | 13559.0 samples/s
  step   650/1756 | loss 0.3006 | data 0.1 ms | step 38.1 ms | 13431.6 samples/s
  step   700/1756 | loss 0.2692 | data 0.1 ms | step 38.0 ms | 13457.8 samples/s
  step   750/1756 | loss 0.2528 | data 0.1 ms | step 38.3 ms | 13367.6 samples/s
  step   800/1756 | loss 0.2552 | data 0.1 ms | step 37.7 ms | 13576.5 samples/s
  step   850/1756 | loss 0.2805 | data 0.1 ms | step 38.8 ms | 13200.3 samples/s
  step   900/1756 | loss 0.2679 | data 0.1 ms | step 39.7 ms | 12889.3 samples/s
  step   950/1756 | loss 0.2735 | data 0.1 ms | step 37.3 ms | 13718.5 samples/s
  step  1000/1756 | loss 0.2649 | data 0.1 ms | step 37.1 ms | 13782.6 samples/s
  step  1050/1756 | loss 0.2892 | data 0.1 ms | step 36.9 ms | 13873.2 samples/s
  step  1100/1756 | loss 0.2945 | data 0.1 ms | step 37.1 ms | 13809.7 samples/s
  step  1150/1756 | loss 0.2581 | data 0.1 ms | step 37.3 ms | 13718.7 samples/s
  step  1200/1756 | loss 0.2739 | data 0.1 ms | step 37.2 ms | 13752.4 samples/s
  step  1250/1756 | loss 0.2800 | data 0.1 ms | step 37.2 ms | 13763.2 samples/s
  step  1300/1756 | loss 0.2637 | data 0.1 ms | step 37.3 ms | 13708.6 samples/s
  step  1350/1756 | loss 0.2630 | data 0.1 ms | step 37.0 ms | 13828.5 samples/s
  step  1400/1756 | loss 0.2871 | data 0.1 ms | step 37.2 ms | 13772.8 samples/s
  step  1450/1756 | loss 0.2763 | data 0.1 ms | step 37.1 ms | 13817.8 samples/s
  step  1500/1756 | loss 0.2852 | data 0.1 ms | step 37.1 ms | 13794.2 samples/s
  step  1550/1756 | loss 0.2573 | data 0.1 ms | step 37.3 ms | 13726.5 samples/s
  step  1600/1756 | loss 0.2705 | data 0.1 ms | step 37.2 ms | 13752.3 samples/s
  step  1650/1756 | loss 0.2662 | data 0.1 ms | step 37.2 ms | 13754.4 samples/s
  step  1700/1756 | loss 0.2826 | data 0.1 ms | step 37.1 ms | 13802.0 samples/s
  step  1750/1756 | loss 0.2695 | data 0.7 ms | step 37.3 ms | 13729.2 samples/s
Training Loss: 0.273075 | 13495.5 samples/s
Peak GPU memory: 1233.8 MB
Validation Loss: 0.266677 | 17741.9 samples/s

Epoch 59/100
----------------------------------------
Learning Rate: 0.000059
  step    50/1756 | loss 0.2817 | data 0.6 ms | step 37.3 ms | 13723.7 samples/s
  step   100/1756 | loss 0.2738 | data 0.1 ms | step 37.3 ms | 13744.7 samples/s
  step   150/1756 | loss 0.2891 | data 0.1 ms | step 37.3 ms | 13718.5 samples/s
  step   200/1756 | loss 0.2786 | data 0.1 ms | step 37.3 ms | 13734.4 samples/s
  step   250/1756 | loss 0.2549 | data 0.1 ms | step 37.3 ms | 13744.8 samples/s
  step   300/1756 | loss 0.3113 | data 0.1 ms | step 37.2 ms | 13748.7 samples/s
  step   350/1756 | loss 0.2965 | data 0.1 ms | step 38.7 ms | 13220.8 samples/s
  step   400/1756 | loss 0.2719 | data 0.1 ms | step 39.7 ms | 12883.6 samples/s
  step   450/1756 | loss 0.2390 | data 0.1 ms | step 38.8 ms | 13178.9 samples/s
  step   500/1756 | loss 0.2630 | data 0.1 ms | step 38.0 ms | 13460.2 samples/s
  step   550/1756 | loss 0.2755 | data 0.1 ms | step 37.8 ms | 13546.9 samples/s
  step   600/1756 | loss 0.2710 | data 0.1 ms | step 37.5 ms | 13655.4 samples/s
  step   650/1756 | loss 0.2595 | data 0.1 ms | step 37.4 ms | 13707.0 samples/s
  step   700/1756 | loss 0.2759 | data 0.1 ms | step 37.6 ms | 13630.0 samples/s
  step   750/1756 | loss 0.2501 | data 0.1 ms | step 39.8 ms | 12869.3 samples/s
  step   800/1756 | loss 0.2681 | data 0.1 ms | step 38.8 ms | 13203.5 samples/s
  step   850/1756 | loss 0.2864 | data 0.1 ms | step 39.3 ms | 13030.1 samples/s
  step   900/1756 | loss 0.2683 | data 0.1 ms | step 40.1 ms | 12766.0 samples/s
  step   950/1756 | loss 0.2664 | data 0.1 ms | step 38.8 ms | 13210.9 samples/s
  step  1000/1756 | loss 0.2639 | data 0.1 ms | step 39.1 ms | 13107.1 samples/s
  step  1050/1756 | loss 0.2705 | data 0.1 ms | step 39.0 ms | 13139.3 samples/s
  step  1100/1756 | loss 0.2715 | data 0.1 ms | step 38.5 ms | 13306.3 samples/s
  step  1150/1756 | loss 0.2622 | data 0.1 ms | step 38.3 ms | 13371.3 samples/s
  step  1200/1756 | loss 0.2713 | data 0.1 ms | step 37.6 ms | 13627.4 samples/s
  step  1250/1756 | loss 0.2702 | data 0.1 ms | step 37.3 ms | 13710.3 samples/s
  step  1300/1756 | loss 0.3149 | data 0.1 ms | step 37.6 ms | 13599.8 samples/s
  step  1350/1756 | loss 0.2690 | data 0.1 ms | step 37.5 ms | 13635.6 samples/s
  step  1400/1756 | loss 0.2676 | data 0.1 ms | step 38.3 ms | 13352.1 samples/s
  step  1450/1756 | loss 0.2815 | data 0.1 ms | step 38.9 ms | 13164.5 samples/s
  step  1500/1756 | loss 0.2657 | data 0.1 ms | step 38.5 ms | 13288.0 samples/s
  step  1550/1756 | loss 0.2539 | data 0.1 ms | step 38.3 ms | 13362.1 samples/s
  step  1600/1756 | loss 0.2671 | data 0.1 ms | step 37.5 ms | 13661.9 samples/s
  step  1650/1756 | loss 0.2743 | data 0.1 ms | step 37.4 ms | 13678.4 samples/s
  step  1700/1756 | loss 0.2439 | data 0.1 ms | step 37.3 ms | 13735.1 samples/s
  step  1750/1756 | loss 0.2649 | data 0.6 ms | step 37.4 ms | 13676.0 samples/s
Training Loss: 0.271348 | 13427.1 samples/s
Peak GPU memory: 1233.8 MB
Validation Loss: 0.293367 | 17592.3 samples/s

Epoch 60/100
----------------------------------------
Learning Rate: 0.000059
  step    50/1756 | loss 0.2526 | data 0.8 ms | step 37.6 ms | 13612.7 samples/s
  step   100/1756 | loss 0.2612 | data 0.1 ms | step 37.5 ms | 13637.5 samples/s
  step   150/1756 | loss 0.2589 | data 0.1 ms | step 37.3 ms | 13724.0 samples/s
  step   200/1756 | loss 0.2604 | data 0.1 ms | step 37.4 ms | 13697.8 samples/s
  step   250/1756 | loss 0.2813 | data 0.1 ms | step 37.2 ms | 13752.2 samples/s
  step   300/1756 | loss 0.2519 | data 0.1 ms | step 37.5 ms | 13658.0 samples/s
  step   350/1756 | loss 0.2652 | data 0.1 ms | step 37.4 ms | 13702.1 samples/s
  step   400/1756 | loss 0.2824 | data 0.1 ms | step 37.5 ms | 13667.3 samples/s
  step   450/1756 | loss 0.2654 | data 0.1 ms | step 37.4 ms | 13686.9 samples/s
  step   500/1756 | loss 0.2954 | data 0.1 ms | step 37.4 ms | 13707.8 samples/s
  step   550/1756 | loss 0.2651 | data 0.1 ms | step 37.3 ms | 13712.8 samples/s
  step   600/1756 | loss 0.2665 | data 0.1 ms | step 37.3 ms | 13734.5 samples/s
  step   650/1756 | loss 0.2853 | data 0.1 ms | step 37.3 ms | 13710.8 samples/s
  step   700/1756 | loss 0.2883 | data 0.1 ms | step 37.3 ms | 13715.9 samples/s
  step   750/1756 | loss 0.2798 | data 0.1 ms | step 37.5 ms | 13648.0 samples/s
  step   800/1756 | loss 0.2779 | data 0.1 ms | step 37.5 ms | 13667.0 samples/s
  step   850/1756 | loss 0.2639 | data 0.1 ms | step 37.5 ms | 13662.8 samples/s
  step   900/1756 | loss 0.2875 | data 0.1 ms | step 37.2 ms | 13745.1 samples/s
  step   950/1756 | loss 0.2784 | data 0.1 ms | step 37.3 ms | 13741.6 samples/s
  step  1000/1756 | loss 0.2617 | data 0.1 ms | step 37.4 ms | 13692.5 samples/s
  step  1050/1756 | loss 0.2860 | data 0.1 ms | step 37.5 ms | 13637.8 samples/s
  step  1100/1756 | loss 0.2662 | data 0.1 ms | step 37.3 ms | 13723.9 samples/s
  step  1150/1756 | loss 0.3001 | data 0.1 ms | step 37.4 ms | 13675.1 samples/s
  step  1200/1756 | loss 0.2985 | data 0.1 ms | step 37.5 ms | 13645.9 samples/s
  step  1250/1756 | loss 0.2748 | data 0.1 ms | step 37.4 ms | 13700.0 samples/s
  step  1300/1756 | loss 0.2461 | data 0.1 ms | step 37.4 ms | 13701.6 samples/s
  step  1350/1756 | loss 0.2352 | data 0.1 ms | step 37.5 ms | 13668.1 samples/s
  step  1400/1756 | loss 0.3014 | data 0.1 ms | step 37.5 ms | 13664.3 samples/s
  step  1450/1756 | loss 0.2878 | data 0.1 ms | step 37.5 ms | 13664.6 samples/s
  step  1500/1756 | loss 0.2961 | data 0.1 ms | step 37.6 ms | 13615.2 samples/s
  step  1550/1756 | loss 0.2728 | data 0.1 ms | step 38.1 ms | 13437.3 samples/s
  step  1600/1756 | loss 0.2379 | data 0.1 ms | step 38.9 ms | 13169.0 samples/s
  step  1650/1756 | loss 0.2409 | data 0.1 ms | step 40.4 ms | 12665.4 samples/s
  step  1700/1756 | loss 0.2641 | data 0.1 ms | step 38.8 ms | 13185.0 samples/s
  step  1750/1756 | loss 0.2482 | data 0.7 ms | step 39.1 ms | 13083.3 samples/s
Training Loss: 0.270866 | 13598.2 samples/s
Peak GPU memory: 1233.8 MB
Validation Loss: 0.257227 | 17427.9 samples/s

Epoch 61/100
----------------------------------------
Learning Rate: 0.000053
  step    50/1756 | loss 0.2609 | data 0.8 ms | step 37.3 ms | 13729.6 samples/s
  step   100/1756 | loss 0.2534 | data 0.1 ms | step 37.1 ms | 13797.4 samples/s
  step   150/1756 | loss 0.2518 | data 0.1 ms | step 37.1 ms | 13790.7 samples/s
  step   200/1756 | loss 0.2642 | data 0.1 ms | step 37.3 ms | 13727.3 samples/s
  step   250/1756 | loss 0.2370 | data 0.1 ms | step 37.3 ms | 13740.9 samples/s
  step   300/1756 | loss 0.2615 | data 0.1 ms | step 37.4 ms | 13681.2 samples/s
  step   350/1756 | loss 0.2621 | data 0.1 ms | step 37.3 ms | 13729.7 samples/s
  step   400/1756 | loss 0.2301 | data 0.1 ms | step 37.1 ms | 13802.1 samples/s
  step   450/1756 | loss 0.2534 | data 0.1 ms | step 37.2 ms | 13754.0 samples/s
  step   500/1756 | loss 0.2520 | data 0.1 ms | step 37.0 ms | 13822.5 samples/s
  step   550/1756 | loss 0.2586 | data 0.1 ms | step 37.4 ms | 13705.0 samples/s
  step   600/1756 | loss 0.2704 | data 0.1 ms | step 37.0 ms | 13819.7 samples/s
  step   650/1756 | loss 0.2465 | data 0.1 ms | step 37.1 ms | 13806.2 samples/s
  step   700/1756 | loss 0.2628 | data 0.1 ms | step 37.3 ms | 13730.8 samples/s
  step   750/1756 | loss 0.2883 | data 0.1 ms | step 37.3 ms | 13744.3 samples/s
  step   800/1756 | loss 0.2625 | data 0.1 ms | step 37.3 ms | 13719.7 samples/s
  step   850/1756 | loss 0.2659 | data 0.1 ms | step 37.2 ms | 13759.2 samples/s
  step   900/1756 | loss 0.2398 | data 0.1 ms | step 37.2 ms | 13747.8 samples/s
  step   950/1756 | loss 0.2580 | data 0.1 ms | step 37.3 ms | 13740.0 samples/s
  step  1000/1756 | loss 0.2560 | data 0.1 ms | step 37.4 ms | 13692.9 samples/s
  step  1050/1756 | loss 0.2389 | data 0.1 ms | step 37.3 ms | 13726.7 samples/s
  step  1100/1756 | loss 0.2471 | data 0.1 ms | step 37.1 ms | 13802.8 samples/s
  step  1150/1756 | loss 0.2503 | data 0.1 ms | step 37.2 ms | 13772.4 samples/s
  step  1200/1756 | loss 0.2591 | data 0.1 ms | step 37.2 ms | 13746.1 samples/s
  step  1250/1756 | loss 0.2484 | data 0.1 ms | step 37.1 ms | 13783.2 samples/s
  step  1300/1756 | loss 0.2728 | data 0.1 ms | step 37.2 ms | 13763.6 samples/s
  step  1350/1756 | loss 0.2563 | data 0.1 ms | step 37.1 ms | 13799.3 samples/s
  step  1400/1756 | loss 0.2681 | data 0.1 ms | step 37.1 ms | 13790.1 samples/s
  step  1450/1756 | loss 0.2536 | data 0.1 ms | step 37.2 ms | 13761.9 samples/s
  step  1500/1756 | loss 0.2822 | data 0.1 ms | step 37.1 ms | 13812.5 samples/s
  step  1550/1756 | loss 0.2784 | data 0.1 ms | step 37.1 ms | 13818.2 samples/s
  step  1600/1756 | loss 0.2604 | data 0.1 ms | step 37.1 ms | 13802.9 samples/s
  step  1650/1756 | loss 0.2487 | data 0.1 ms | step 37.2 ms | 13776.1 samples/s
  step  1700/1756 | loss 0.2563 | data 0.1 ms | step 37.2 ms | 13754.3 samples/s
  step  1750/1756 | loss 0.3020 | data 0.6 ms | step 37.5 ms | 13668.2 samples/s
Training Loss: 0.258882 | 13758.8 samples/s
Peak GPU memory: 1233.8 MB
Validation Loss: 0.287003 | 17748.1 samples/s

Epoch 62/100
----------------------------------------
Learning Rate: 0.000053
  step    50/1756 | loss 0.2531 | data 0.7 ms | step 37.4 ms | 13707.1 samples/s
  step   100/1756 | loss 0.2789 | data 0.1 ms | step 37.1 ms | 13809.8 samples/s
  step   150/1756 | loss 0.2477 | data 0.1 ms | step 37.3 ms | 13714.4 samples/s
  step   200/1756 | loss 0.2636 | data 0.1 ms | step 37.2 ms | 13761.2 samples/s
  step   250/1756 | loss 0.2414 | data 0.1 ms | step 37.2 ms | 13757.9 samples/s
  step   300/1756 | loss 0.2490 | data 0.1 ms | step 37.2 ms | 13758.4 samples/s
  step   350/1756 | loss 0.2418 | data 0.1 ms | step 37.3 ms | 13742.5 samples/s
  step   400/1756 | loss 0.2837 | data 0.1 ms | step 37.4 ms | 13701.6 samples/s
  step   450/1756 | loss 0.2885 | data 0.1 ms | step 37.1 ms | 13794.6 samples/s
  step   500/1756 | loss 0.2436 | data 0.1 ms | step 37.1 ms | 13808.7 samples/s
  step   550/1756 | loss 0.2357 | data 0.1 ms | step 37.1 ms | 13788.1 samples/s
  step   600/1756 | loss 0.2383 | data 0.1 ms | step 37.2 ms | 13781.7 samples/s
  step   650/1756 | loss 0.2366 | data 0.1 ms | step 37.2 ms | 13747.4 samples/s
  step   700/1756 | loss 0.2870 | data 0.1 ms | step 37.2 ms | 13765.8 samples/s
  step   750/1756 | loss 0.2553 | data 0.1 ms | step 37.0 ms | 13840.2 samples/s
  step   800/1756 | loss 0.2553 | data 0.1 ms | step 37.1 ms | 13807.7 samples/s
  step   850/1756 | loss 0.2437 | data 0.1 ms | step 37.3 ms | 13718.5 samples/s
  step   900/1756 | loss 0.2449 | data 0.1 ms | step 37.2 ms | 13754.9 samples/s
  step   950/1756 | loss 0.2383 | data 0.1 ms | step 37.3 ms | 13744.4 samples/s
  step  1000/1756 | loss 0.2630 | data 0.1 ms | step 37.1 ms | 13804.6 samples/s
  step  1050/1756 | loss 0.2670 | data 0.1 ms | step 37.3 ms | 13731.1 samples/s
  step  1100/1756 | loss 0.2584 | data 0.1 ms | step 37.2 ms | 13749.6 samples/s
  step  1150/1756 | loss 0.2443 | data 0.1 ms | step 37.2 ms | 13766.9 samples/s
  step  1200/1756 | loss 0.2565 | data 0.1 ms | step 37.3 ms | 13738.4 samples/s
  step  1250/1756 | loss 0.2488 | data 0.1 ms | step 37.1 ms | 13784.3 samples/s
  step  1300/1756 | loss 0.2328 | data 0.1 ms | step 37.0 ms | 13825.7 samples/s
  step  1350/1756 | loss 0.2459 | data 0.1 ms | step 37.1 ms | 13784.2 samples/s
  step  1400/1756 | loss 0.2543 | data 0.1 ms | step 37.3 ms | 13734.6 samples/s
  step  1450/1756 | loss 0.2300 | data 0.1 ms | step 37.4 ms | 13688.9 samples/s
  step  1500/1756 | loss 0.2614 | data 0.1 ms | step 37.3 ms | 13731.3 samples/s
  step  1550/1756 | loss 0.2711 | data 0.1 ms | step 37.1 ms | 13813.4 samples/s
  step  1600/1756 | loss 0.2562 | data 0.1 ms | step 37.1 ms | 13803.7 samples/s
  step  1650/1756 | loss 0.2286 | data 0.1 ms | step 37.1 ms | 13802.4 samples/s
  step  1700/1756 | loss 0.2745 | data 0.1 ms | step 37.1 ms | 13783.8 samples/s
  step  1750/1756 | loss 0.2439 | data 0.6 ms | step 37.3 ms | 13727.4 samples/s
Training Loss: 0.253218 | 13763.9 samples/s
Peak GPU memory: 1233.8 MB
Validation Loss: 0.281921 | 17732.7 samples/s

Epoch 63/100
----------------------------------------
Learning Rate: 0.000053
  step    50/1756 | loss 0.2782 | data 0.6 ms | step 37.3 ms | 13728.1 samples/s
  step   100/1756 | loss 0.2798 | data 0.1 ms | step 37.2 ms | 13770.7 samples/s
  step   150/1756 | loss 0.2403 | data 0.1 ms | step 37.3 ms | 13715.5 samples/s
  step   200/1756 | loss 0.2329 | data 0.1 ms | step 37.2 ms | 13768.3 samples/s
  step   250/1756 | loss 0.2412 | data 0.1 ms | step 37.2 ms | 13758.1 samples/s
  step   300/1756 | loss 0.2398 | data 0.1 ms | step 37.1 ms | 13791.0 samples/s
  step   350/1756 | loss 0.2451 | data 0.1 ms | step 37.4 ms | 13704.8 samples/s
  step   400/1756 | loss 0.2199 | data 0.1 ms | step 37.2 ms | 13759.4 samples/s
  step   450/1756 | loss 0.2441 | data 0.1 ms | step 37.2 ms | 13778.5 samples/s
  step   500/1756 | loss 0.2494 | data 0.1 ms | step 37.2 ms | 13752.4 samples/s
  step   550/1756 | loss 0.2702 | data 0.1 ms | step 37.0 ms | 13828.9 samples/s
  step   600/1756 | loss 0.2470 | data 0.1 ms | step 37.3 ms | 13743.0 samples/s
  step   650/1756 | loss 0.2346 | data 0.1 ms | step 37.4 ms | 13697.5 samples/s
  step   700/1756 | loss 0.2403 | data 0.1 ms | step 37.3 ms | 13721.7 samples/s
  step   750/1756 | loss 0.2220 | data 0.1 ms | step 37.3 ms | 13737.4 samples/s
  step   800/1756 | loss 0.2686 | data 0.1 ms | step 37.1 ms | 13784.7 samples/s
  step   850/1756 | loss 0.2706 | data 0.1 ms | step 37.0 ms | 13822.5 samples/s
  step   900/1756 | loss 0.2734 | data 0.1 ms | step 37.3 ms | 13735.9 samples/s
  step   950/1756 | loss 0.2556 | data 0.1 ms | step 37.3 ms | 13735.2 samples/s
  step  1000/1756 | loss 0.2340 | data 0.1 ms | step 37.1 ms | 13787.9 samples/s
  step  1050/1756 | loss 0.2489 | data 0.1 ms | step 37.2 ms | 13758.9 samples/s
  step  1100/1756 | loss 0.2436 | data 0.1 ms | step 37.1 ms | 13806.7 samples/s
  step  1150/1756 | loss 0.2644 | data 0.1 ms | step 37.1 ms | 13788.2 samples/s
  step  1200/1756 | loss 0.2221 | data 0.1 ms | step 37.0 ms | 13830.7 samples/s
  step  1250/1756 | loss 0.2316 | data 0.1 ms | step 37.2 ms | 13778.6 samples/s
  step  1300/1756 | loss 0.2543 | data 0.1 ms | step 37.2 ms | 13779.2 samples/s
  step  1350/1756 | loss 0.2477 | data 0.1 ms | step 37.2 ms | 13774.6 samples/s
  step  1400/1756 | loss 0.2627 | data 0.1 ms | step 37.1 ms | 13785.7 samples/s
  step  1450/1756 | loss 0.2436 | data 0.1 ms | step 37.1 ms | 13782.3 samples/s
  step  1500/1756 | loss 0.2524 | data 0.1 ms | step 37.1 ms | 13798.5 samples/s
  step  1550/1756 | loss 0.2415 | data 0.1 ms | step 37.3 ms | 13719.5 samples/s
  step  1600/1756 | loss 0.2597 | data 0.1 ms | step 37.2 ms | 13759.0 samples/s
  step  1650/1756 | loss 0.2309 | data 0.1 ms | step 37.3 ms | 13730.3 samples/s
  step  1700/1756 | loss 0.2371 | data 0.1 ms | step 37.2 ms | 13776.1 samples/s
  step  1750/1756 | loss 0.2568 | data 0.7 ms | step 37.2 ms | 13760.7 samples/s
Training Loss: 0.247910 | 13762.9 samples/s
Peak GPU memory: 1233.8 MB
Validation Loss: 0.237949 | 17661.9 samples/s

Epoch 64/100
----------------------------------------
Learning Rate: 0.000053
  step    50/1756 | loss 0.2636 | data 0.8 ms | step 37.5 ms | 13665.2 samples/s
  step   100/1756 | loss 0.2917 | data 0.1 ms | step 37.2 ms | 13777.8 samples/s
  step   150/1756 | loss 0.2820 | data 0.1 ms | step 37.0 ms | 13846.6 samples/s
  step   200/1756 | loss 0.2206 | data 0.1 ms | step 37.1 ms | 13813.4 samples/s
  step   250/1756 | loss 0.2586 | data 0.1 ms | step 37.2 ms | 13763.4 samples/s
  step   300/1756 | loss 0.2297 | data 0.1 ms | step 37.3 ms | 13724.7 samples/s
  step   350/1756 | loss 0.2524 | data 0.1 ms | step 37.2 ms | 13754.2 samples/s
  step   400/1756 | loss 0.2476 | data 0.1 ms | step 37.2 ms | 13755.1 samples/s
  step   450/1756 | loss 0.2613 | data 0.1 ms | step 37.1 ms | 13793.0 samples/s
  step   500/1756 | loss 0.2214 | data 0.1 ms | step 37.4 ms | 13678.2 samples/s
  step   550/1756 | loss 0.2509 | data 0.1 ms | step 37.3 ms | 13716.6 samples/s
  step   600/1756 | loss 0.2398 | data 0.1 ms | step 37.1 ms | 13784.4 samples/s
  step   650/1756 | loss 0.2428 | data 0.1 ms | step 37.1 ms | 13817.1 samples/s
  step   700/1756 | loss 0.2627 | data 0.1 ms | step 37.2 ms | 13747.8 samples/s
  step   750/1756 | loss 0.2345 | data 0.1 ms | step 37.0 ms | 13832.6 samples/s
  step   800/1756 | loss 0.2466 | data 0.1 ms | step 37.0 ms | 13834.5 samples/s
  step   850/1756 | loss 0.2492 | data 0.1 ms | step 37.2 ms | 13777.6 samples/s
  step   900/1756 | loss 0.2554 | data 0.1 ms | step 37.2 ms | 13777.6 samples/s
  step   950/1756 | loss 0.2421 | data 0.1 ms | step 37.1 ms | 13785.7 samples/s
  step  1000/1756 | loss 0.2535 | data 0.1 ms | step 37.2 ms | 13779.8 samples/s
  step  1050/1756 | loss 0.2445 | data 0.1 ms | step 37.3 ms | 13725.3 samples/s
  step  1100/1756 | loss 0.2628 | data 0.1 ms | step 37.3 ms | 13724.6 samples/s
  step  1150/1756 | loss 0.2320 | data 0.1 ms | step 37.2 ms | 13767.0 samples/s
  step  1200/1756 | loss 0.2304 | data 0.1 ms | step 37.1 ms | 13810.2 samples/s
  step  1250/1756 | loss 0.2460 | data 0.1 ms | step 37.4 ms | 13704.1 samples/s
  step  1300/1756 | loss 0.2477 | data 0.1 ms | step 37.2 ms | 13765.8 samples/s
  step  1350/1756 | loss 0.2263 | data 0.1 ms | step 37.3 ms | 13732.0 samples/s
  step  1400/1756 | loss 0.2394 | data 0.1 ms | step 39.0 ms | 13113.9 samples/s
  step  1450/1756 | loss 0.2494 | data 0.1 ms | step 37.7 ms | 13567.1 samples/s
  step  1500/1756 | loss 0.2417 | data 0.1 ms | step 37.8 ms | 13534.6 samples/s
  step  1550/1756 | loss 0.2426 | data 0.1 ms | step 37.8 ms | 13530.9 samples/s
  step  1600/1756 | loss 0.2310 | data 0.1 ms | step 37.6 ms | 13605.1 samples/s
  step  1650/1756 | loss 0.2498 | data 0.1 ms | step 38.4 ms | 13326.7 samples/s
  step  1700/1756 | loss 0.2176 | data 0.1 ms | step 37.5 ms | 13662.9 samples/s
  step  1750/1756 | loss 0.2454 | data 0.7 ms | step 37.6 ms | 13624.0 samples/s
Training Loss: 0.246112 | 13700.1 samples/s
Peak GPU memory: 1233.8 MB
Validation Loss: 0.283043 | 17589.6 samples/s

Epoch 65/100
----------------------------------------
Learning Rate: 0.000053
  step    50/1756 | loss 0.2383 | data 0.7 ms | step 38.0 ms | 13459.1 samples/s
  step   100/1756 | loss 0.2327 | data 0.1 ms | step 37.8 ms | 13544.0 samples/s
  step   150/1756 | loss 0.2528 | data 0.1 ms | step 37.6 ms | 13611.2 samples/s
  step   200/1756 | loss 0.2279 | data 0.1 ms | step 37.7 ms | 13594.3 samples/s
  step   250/1756 | loss 0.2281 | data 0.1 ms | step 37.6 ms | 13628.5 samples/s
  step   300/1756 | loss 0.2153 | data 0.1 ms | step 37.7 ms | 13569.5 samples/s
  step   350/1756 | loss 0.2157 | data 0.1 ms | step 37.6 ms | 13612.5 samples/s
  step   400/1756 | loss 0.2449 | data 0.1 ms | step 37.5 ms | 13635.7 samples/s
  step   450/1756 | loss 0.2642 | data 0.1 ms | step 37.8 ms | 13539.8 samples/s
  step   500/1756 | loss 0.2680 | data 0.1 ms | step 37.7 ms | 13574.1 samples/s
  step   550/1756 | loss 0.2466 | data 0.1 ms | step 37.8 ms | 13527.4 samples/s
  step   600/1756 | loss 0.2538 | data 0.1 ms | step 37.8 ms | 13543.1 samples/s
  step   650/1756 | loss 0.2515 | data 0.1 ms | step 37.7 ms | 13590.9 samples/s
  step   700/1756 | loss 0.2481 | data 0.1 ms | step 37.5 ms | 13659.7 samples/s
  step   750/1756 | loss 0.2433 | data 0.1 ms | step 37.5 ms | 13638.6 samples/s
  step   800/1756 | loss 0.2249 | data 0.1 ms | step 37.8 ms | 13561.3 samples/s
  step   850/1756 | loss 0.2352 | data 0.1 ms | step 37.8 ms | 13560.0 samples/s
  step   900/1756 | loss 0.2291 | data 0.1 ms | step 37.6 ms | 13598.9 samples/s
  step   950/1756 | loss 0.2589 | data 0.1 ms | step 37.7 ms | 13566.2 samples/s
  step  1000/1756 | loss 0.2406 | data 0.1 ms | step 37.8 ms | 13555.7 samples/s
  step  1050/1756 | loss 0.2505 | data 0.1 ms | step 37.7 ms | 13597.9 samples/s
  step  1100/1756 | loss 0.2417 | data 0.1 ms | step 37.7 ms | 13592.3 samples/s
  step  1150/1756 | loss 0.2563 | data 0.1 ms | step 37.6 ms | 13608.5 samples/s
  step  1200/1756 | loss 0.2512 | data 0.1 ms | step 37.5 ms | 13663.1 samples/s
  step  1250/1756 | loss 0.2266 | data 0.1 ms | step 37.6 ms | 13602.6 samples/s
  step  1300/1756 | loss 0.2132 | data 0.1 ms | step 37.5 ms | 13639.5 samples/s
  step  1350/1756 | loss 0.2300 | data 0.1 ms | step 37.6 ms | 13602.7 samples/s
  step  1400/1756 | loss 0.2412 | data 0.1 ms | step 37.6 ms | 13614.2 samples/s
  step  1450/1756 | loss 0.2597 | data 0.1 ms | step 37.5 ms | 13640.8 samples/s
  step  1500/1756 | loss 0.2250 | data 0.1 ms | step 37.8 ms | 13556.7 samples/s
  step  1550/1756 | loss 0.2440 | data 0.1 ms | step 37.8 ms | 13545.4 samples/s
  step  1600/1756 | loss 0.2470 | data 0.1 ms | step 37.8 ms | 13551.2 samples/s
  step  1650/1756 | loss 0.2437 | data 0.1 ms | step 37.7 ms | 13586.1 samples/s
  step  1700/1756 | loss 0.2432 | data 0.1 ms | step 37.6 ms | 13622.6 samples/s
  step  1750/1756 | loss 0.2404 | data 0.6 ms | step 37.8 ms | 13535.1 samples/s
Training Loss: 0.240914 | 13584.2 samples/s
Peak GPU memory: 1233.8 MB
Validation Loss: 0.241086 | 17605.7 samples/s

Epoch 66/100
----------------------------------------
Learning Rate: 0.000053
  step    50/1756 | loss 0.2129 | data 0.7 ms | step 38.0 ms | 13475.6 samples/s
  step   100/1756 | loss 0.2395 | data 0.1 ms | step 37.7 ms | 13576.7 samples/s
  step   150/1756 | loss 0.2529 | data 0.1 ms | step 37.7 ms | 13573.5 samples/s
  step   200/1756 | loss 0.2409 | data 0.1 ms | step 37.6 ms | 13627.7 samples/s
  step   250/1756 | loss 0.2577 | data 0.1 ms | step 37.8 ms | 13558.0 samples/s
  step   300/1756 | loss 0.2595 | data 0.1 ms | step 37.7 ms | 13579.4 samples/s
  step   350/1756 | loss 0.2342 | data 0.1 ms | step 37.6 ms | 13635.0 samples/s
  step   400/1756 | loss 0.2326 | data 0.1 ms | step 37.6 ms | 13607.9 samples/s
  step   450/1756 | loss 0.2351 | data 0.1 ms | step 37.4 ms | 13683.5 samples/s
  step   500/1756 | loss 0.2317 | data 0.1 ms | step 37.6 ms | 13619.2 samples/s
  step   550/1756 | loss 0.2317 | data 0.1 ms | step 37.7 ms | 13594.0 samples/s
  step   600/1756 | loss 0.2334 | data 0.1 ms | step 37.7 ms | 13585.6 samples/s
  step   650/1756 | loss 0.2593 | data 0.1 ms | step 37.5 ms | 13638.7 samples/s
  step   700/1756 | loss 0.2473 | data 0.1 ms | step 37.8 ms | 13561.2 samples/s
  step   750/1756 | loss 0.2278 | data 0.1 ms | step 37.8 ms | 13556.4 samples/s
  step   800/1756 | loss 0.2322 | data 0.1 ms | step 37.6 ms | 13626.5 samples/s
  step   850/1756 | loss 0.2473 | data 0.1 ms | step 37.6 ms | 13612.7 samples/s
  step   900/1756 | loss 0.2486 | data 0.1 ms | step 37.6 ms | 13604.2 samples/s
  step   950/1756 | loss 0.2572 | data 0.1 ms | step 37.7 ms | 13581.1 samples/s
  step  1000/1756 | loss 0.2349 | data 0.1 ms | step 37.5 ms | 13650.0 samples/s
  step  1050/1756 | loss 0.2195 | data 0.1 ms | step 37.5 ms | 13647.1 samples/s
  step  1100/1756 | loss 0.2496 | data 0.1 ms | step 37.7 ms | 13578.3 samples/s
  step  1150/1756 | loss 0.2523 | data 0.1 ms | step 37.9 ms | 13521.0 samples/s
  step  1200/1756 | loss 0.2397 | data 0.1 ms | step 37.8 ms | 13552.6 samples/s
  step  1250/1756 | loss 0.2413 | data 0.1 ms | step 37.7 ms | 13571.5 samples/s
  step  1300/1756 | loss 0.2482 | data 0.1 ms | step 37.7 ms | 13583.7 samples/s
  step  1350/1756 | loss 0.2292 | data 0.1 ms | step 37.7 ms | 13583.2 samples/s
  step  1400/1756 | loss 0.2384 | data 0.1 ms | step 37.7 ms | 13591.1 samples/s
  step  1450/1756 | loss 0.2265 | data 0.1 ms | step 37.6 ms | 13602.4 samples/s
  step  1500/1756 | loss 0.2180 | data 0.1 ms | step 37.6 ms | 13617.1 samples/s
  step  1550/1756 | loss 0.2188 | data 0.1 ms | step 37.5 ms | 13645.7 samples/s
  step  1600/1756 | loss 0.2267 | data 0.1 ms | step 37.7 ms | 13596.4 samples/s
  step  1650/1756 | loss 0.2192 | data 0.1 ms | step 37.7 ms | 13579.6 samples/s
  step  1700/1756 | loss 0.2279 | data 0.1 ms | step 37.7 ms | 13595.8 samples/s
  step  1750/1756 | loss 0.2470 | data 0.6 ms | step 37.5 ms | 13657.4 samples/s
Training Loss: 0.237636 | 13595.0 samples/s
Peak GPU memory: 1233.8 MB
Validation Loss: 0.235908 | 17636.2 samples/s

Epoch 67/100
----------------------------------------
Learning Rate: 0.000053
  step    50/1756 | loss 0.2397 | data 0.7 ms | step 37.8 ms | 13542.3 samples/s
  step   100/1756 | loss 0.2421 | data 0.1 ms | step 37.6 ms | 13628.5 samples/s
  step   150/1756 | loss 0.2462 | data 0.1 ms | step 37.5 ms | 13635.5 samples/s
  step   200/1756 | loss 0.2362 | data 0.1 ms | step 37.5 ms | 13639.0 samples/s
  step   250/1756 | loss 0.2493 | data 0.1 ms | step 37.7 ms | 13594.4 samples/s
  step   300/1756 | loss 0.2271 | data 0.1 ms | step 37.5 ms | 13644.6 samples/s
  step   350/1756 | loss 0.2471 | data 0.1 ms | step 37.6 ms | 13623.5 samples/s
  step   400/1756 | loss 0.2464 | data 0.1 ms | step 37.6 ms | 13606.2 samples/s
  step   450/1756 | loss 0.2352 | data 0.1 ms | step 37.8 ms | 13550.6 samples/s
  step   500/1756 | loss 0.2644 | data 0.1 ms | step 37.5 ms | 13645.3 samples/s
  step   550/1756 | loss 0.2215 | data 0.1 ms | step 37.5 ms | 13645.9 samples/s
  step   600/1756 | loss 0.2210 | data 0.1 ms | step 37.6 ms | 13618.4 samples/s
  step   650/1756 | loss 0.2439 | data 0.1 ms | step 37.6 ms | 13627.5 samples/s
  step   700/1756 | loss 0.2374 | data 0.1 ms | step 37.6 ms | 13627.4 samples/s
  step   750/1756 | loss 0.2681 | data 0.1 ms | step 37.7 ms | 13594.6 samples/s
  step   800/1756 | loss 0.2380 | data 0.1 ms | step 37.5 ms | 13645.4 samples/s
  step   850/1756 | loss 0.2281 | data 0.1 ms | step 37.6 ms | 13632.5 samples/s
  step   900/1756 | loss 0.2414 | data 0.1 ms | step 37.5 ms | 13668.7 samples/s
  step   950/1756 | loss 0.2279 | data 0.1 ms | step 37.6 ms | 13614.9 samples/s
  step  1000/1756 | loss 0.2121 | data 0.1 ms | step 37.6 ms | 13619.6 samples/s
  step  1050/1756 | loss 0.2193 | data 0.1 ms | step 37.6 ms | 13617.5 samples/s
  step  1100/1756 | loss 0.2352 | data 0.1 ms | step 37.7 ms | 13581.6 samples/s
  step  1150/1756 | loss 0.2290 | data 0.1 ms | step 37.3 ms | 13736.4 samples/s
  step  1200/1756 | loss 0.2484 | data 0.1 ms | step 37.9 ms | 13512.2 samples/s
  step  1250/1756 | loss 0.2428 | data 0.1 ms | step 37.7 ms | 13573.3 samples/s
  step  1300/1756 | loss 0.2337 | data 0.1 ms | step 37.6 ms | 13622.8 samples/s
  step  1350/1756 | loss 0.2616 | data 0.1 ms | step 37.6 ms | 13621.2 samples/s
  step  1400/1756 | loss 0.2581 | data 0.1 ms | step 37.7 ms | 13584.6 samples/s
  step  1450/1756 | loss 0.2282 | data 0.1 ms | step 37.7 ms | 13592.0 samples/s
  step  1500/1756 | loss 0.2340 | data 0.1 ms | step 37.4 ms | 13683.9 samples/s
  step  1550/1756 | loss 0.2404 | data 0.1 ms | step 37.8 ms | 13542.1 samples/s
  step  1600/1756 | loss 0.2194 | data 0.1 ms | step 37.5 ms | 13642.5 samples/s
  step  1650/1756 | loss 0.2352 | data 0.1 ms | step 37.6 ms | 13632.8 samples/s
  step  1700/1756 | loss 0.2256 | data 0.1 ms | step 37.4 ms | 13673.9 samples/s
  step  1750/1756 | loss 0.2501 | data 0.6 ms | step 37.6 ms | 13627.1 samples/s
Training Loss: 0.238097 | 13616.9 samples/s
Peak GPU memory: 1233.8 MB
Validation Loss: 0.234051 | 17685.2 samples/s

Epoch 68/100
----------------------------------------
Learning Rate: 0.000053
  step    50/1756 | loss 0.2490 | data 0.8 ms | step 37.8 ms | 13543.9 samples/s
  step   100/1756 | loss 0.2735 | data 0.1 ms | step 38.4 ms | 13321.3 samples/s
  step   150/1756 | loss 0.2347 | data 0.1 ms | step 37.7 ms | 13593.8 samples/s
  step   200/1756 | loss 0.2325 | data 0.1 ms | step 37.4 ms | 13686.2 samples/s
  step   250/1756 | loss 0.2304 | data 0.1 ms | step 37.7 ms | 13567.7 samples/s
  step   300/1756 | loss 0.2477 | data 0.1 ms | step 37.5 ms | 13668.0 samples/s
  step   350/1756 | loss 0.2389 | data 0.1 ms | step 37.7 ms | 13587.6 samples/s
  step   400/1756 | loss 0.2321 | data 0.1 ms | step 37.7 ms | 13585.8 samples/s
  step   450/1756 | loss 0.2258 | data 0.1 ms | step 37.5 ms | 13668.8 samples/s
  step   500/1756 | loss 0.2321 | data 0.1 ms | step 37.6 ms | 13610.9 samples/s
  step   550/1756 | loss 0.2400 | data 0.1 ms | step 37.8 ms | 13555.2 samples/s
  step   600/1756 | loss 0.2409 | data 0.1 ms | step 37.6 ms | 13618.3 samples/s
  step   650/1756 | loss 0.2338 | data 0.1 ms | step 37.7 ms | 13571.0 samples/s
  step   700/1756 | loss 0.2220 | data 0.1 ms | step 37.5 ms | 13658.0 samples/s
  step   750/1756 | loss 0.2111 | data 0.1 ms | step 37.5 ms | 13648.3 samples/s
  step   800/1756 | loss 0.2580 | data 0.1 ms | step 37.7 ms | 13581.4 samples/s
  step   850/1756 | loss 0.2228 | data 0.1 ms | step 37.7 ms | 13586.3 samples/s
  step   900/1756 | loss 0.2195 | data 0.1 ms | step 37.6 ms | 13600.6 samples/s
  step   950/1756 | loss 0.2235 | data 0.1 ms | step 37.7 ms | 13567.6 samples/s
  step  1000/1756 | loss 0.2231 | data 0.1 ms | step 37.6 ms | 13599.2 samples/s
  step  1050/1756 | loss 0.2227 | data 0.1 ms | step 37.6 ms | 13621.9 samples/s
  step  1100/1756 | loss 0.2131 | data 0.1 ms | step 37.4 ms | 13677.7 samples/s
  step  1150/1756 | loss 0.2312 | data 0.1 ms | step 37.7 ms | 13588.6 samples/s
  step  1200/1756 | loss 0.2470 | data 0.1 ms | step 37.7 ms | 13598.2 samples/s
  step  1250/1756 | loss 0.2376 | data 0.1 ms | step 37.5 ms | 13661.0 samples/s
  step  1300/1756 | loss 0.2599 | data 0.1 ms | step 37.5 ms | 13664.8 samples/s
  step  1350/1756 | loss 0.2254 | data 0.1 ms | step 37.7 ms | 13567.7 samples/s
  step  1400/1756 | loss 0.2501 | data 0.1 ms | step 37.6 ms | 13614.2 samples/s
  step  1450/1756 | loss 0.2224 | data 0.1 ms | step 37.7 ms | 13587.4 samples/s
  step  1500/1756 | loss 0.2163 | data 0.1 ms | step 37.6 ms | 13614.8 samples/s
  step  1550/1756 | loss 0.2403 | data 0.1 ms | step 37.5 ms | 13650.7 samples/s
  step  1600/1756 | loss 0.2202 | data 0.1 ms | step 37.7 ms | 13588.0 samples/s
  step  1650/1756 | loss 0.2449 | data 0.1 ms | step 37.5 ms | 13667.7 samples/s
  step  1700/1756 | loss 0.2435 | data 0.1 ms | step 37.4 ms | 13700.2 samples/s
  step  1750/1756 | loss 0.2179 | data 0.6 ms | step 37.7 ms | 13567.8 samples/s
Training Loss: 0.233738 | 13603.5 samples/s
Peak GPU memory: 1233.8 MB
Validation Loss: 0.257427 | 17629.9 samples/s

Epoch 69/100
----------------------------------------
Learning Rate: 0.000053
  step    50/1756 | loss 0.2441 | data 0.7 ms | step 38.0 ms | 13484.0 samples/s
  step   100/1756 | loss 0.2306 | data 0.1 ms | step 37.8 ms | 13546.4 samples/s
  step   150/1756 | loss 0.2348 | data 0.1 ms | step 37.7 ms | 13572.9 samples/s
  step   200/1756 | loss 0.2226 | data 0.1 ms | step 37.8 ms | 13534.2 samples/s
  step   250/1756 | loss 0.2195 | data 0.1 ms | step 37.7 ms | 13596.2 samples/s
  step   300/1756 | loss 0.2368 | data 0.1 ms | step 37.7 ms | 13588.9 samples/s
  step   350/1756 | loss 0.2257 | data 0.1 ms | step 37.8 ms | 13546.1 samples/s
  step   400/1756 | loss 0.2169 | data 0.1 ms | step 37.8 ms | 13544.0 samples/s
  step   450/1756 | loss 0.2356 | data 0.1 ms | step 37.7 ms | 13591.5 samples/s
  step   500/1756 | loss 0.2212 | data 0.1 ms | step 37.5 ms | 13650.0 samples/s
  step   550/1756 | loss 0.2322 | data 0.1 ms | step 37.5 ms | 13665.3 samples/s
  step   600/1756 | loss 0.2174 | data 0.1 ms | step 37.5 ms | 13647.0 samples/s
  step   650/1756 | loss 0.2231 | data 0.1 ms | step 37.6 ms | 13600.9 samples/s
  step   700/1756 | loss 0.2366 | data 0.1 ms | step 37.6 ms | 13634.1 samples/s
  step   750/1756 | loss 0.2275 | data 0.1 ms | step 37.7 ms | 13585.1 samples/s
  step   800/1756 | loss 0.2030 | data 0.1 ms | step 37.5 ms | 13635.8 samples/s
  step   850/1756 | loss 0.2264 | data 0.1 ms | step 37.5 ms | 13647.4 samples/s
  step   900/1756 | loss 0.2093 | data 0.1 ms | step 37.7 ms | 13598.7 samples/s
  step   950/1756 | loss 0.2579 | data 0.1 ms | step 37.6 ms | 13611.0 samples/s
  step  1000/1756 | loss 0.2309 | data 0.1 ms | step 37.7 ms | 13571.9 samples/s
  step  1050/1756 | loss 0.2264 | data 0.1 ms | step 37.6 ms | 13604.6 samples/s
  step  1100/1756 | loss 0.2268 | data 0.1 ms | step 37.7 ms | 13569.9 samples/s
  step  1150/1756 | loss 0.2438 | data 0.1 ms | step 37.6 ms | 13601.8 samples/s
  step  1200/1756 | loss 0.2147 | data 0.1 ms | step 37.7 ms | 13596.5 samples/s
  step  1250/1756 | loss 0.2320 | data 0.1 ms | step 37.7 ms | 13594.3 samples/s
  step  1300/1756 | loss 0.2476 | data 0.1 ms | step 37.6 ms | 13627.9 samples/s
  step  1350/1756 | loss 0.2184 | data 0.1 ms | step 37.7 ms | 13576.8 samples/s
  step  1400/1756 | loss 0.2506 | data 0.1 ms | step 37.8 ms | 13535.9 samples/s
  step  1450/1756 | loss 0.2562 | data 0.1 ms | step 37.6 ms | 13599.5 samples/s
  step  1500/1756 | loss 0.2164 | data 0.1 ms | step 37.6 ms | 13625.4 samples/s
  step  1550/1756 | loss 0.2365 | data 0.1 ms | step 37.6 ms | 13601.7 samples/s
  step  1600/1756 | loss 0.2041 | data 0.1 ms | step 37.5 ms | 13638.9 samples/s
  step  1650/1756 | loss 0.2442 | data 0.1 ms | step 37.6 ms | 13624.6 samples/s
  step  1700/1756 | loss 0.2285 | data 0.1 ms | step 37.8 ms | 13540.9 samples/s
  step  1750/1756 | loss 0.2468 | data 0.6 ms | step 37.7 ms | 13596.0 samples/s
Training Loss: 0.229921 | 13592.8 samples/s
Peak GPU memory: 1233.8 MB
Validation Loss: 0.265340 | 17601.6 samples/s

Epoch 70/100
----------------------------------------
Learning Rate: 0.000053
  step    50/1756 | loss 0.2493 | data 0.7 ms | step 37.7 ms | 13573.6 samples/s
  step   100/1756 | loss 0.2322 | data 0.1 ms | step 37.6 ms | 13605.0 samples/s
  step   150/1756 | loss 0.2455 | data 0.1 ms | step 37.5 ms | 13636.6 samples/s
  step   200/1756 | loss 0.2246 | data 0.1 ms | step 37.5 ms | 13640.9 samples/s
  step   250/1756 | loss 0.2472 | data 0.1 ms | step 37.6 ms | 13632.8 samples/s
  step   300/1756 | loss 0.2477 | data 0.1 ms | step 37.6 ms | 13616.2 samples/s
  step   350/1756 | loss 0.2361 | data 0.1 ms | step 37.8 ms | 13548.3 samples/s
  step   400/1756 | loss 0.2341 | data 0.1 ms | step 37.8 ms | 13554.8 samples/s
  step   450/1756 | loss 0.2241 | data 0.1 ms | step 37.8 ms | 13538.3 samples/s
  step   500/1756 | loss 0.2047 | data 0.1 ms | step 37.9 ms | 13526.2 samples/s
  step   550/1756 | loss 0.2229 | data 0.1 ms | step 37.7 ms | 13572.8 samples/s
  step   600/1756 | loss 0.2227 | data 0.1 ms | step 37.5 ms | 13644.0 samples/s
  step   650/1756 | loss 0.2222 | data 0.1 ms | step 37.7 ms | 13571.5 samples/s
  step   700/1756 | loss 0.2170 | data 0.1 ms | step 37.7 ms | 13570.7 samples/s
  step   750/1756 | loss 0.2135 | data 0.1 ms | step 37.7 ms | 13595.2 samples/s
  step   800/1756 | loss 0.2277 | data 0.1 ms | step 37.7 ms | 13564.3 samples/s
  step   850/1756 | loss 0.2542 | data 0.1 ms | step 37.7 ms | 13581.2 samples/s
  step   900/1756 | loss 0.2180 | data 0.1 ms | step 37.6 ms | 13618.1 samples/s
  step   950/1756 | loss 0.2107 | data 0.1 ms | step 37.8 ms | 13546.7 samples/s
  step  1000/1756 | loss 0.2145 | data 0.1 ms | step 37.8 ms | 13541.1 samples/s
  step  1050/1756 | loss 0.2203 | data 0.1 ms | step 37.8 ms | 13558.6 samples/s
  step  1100/1756 | loss 0.1992 | data 0.1 ms | step 37.8 ms | 13562.6 samples/s
  step  1150/1756 | loss 0.2144 | data 0.1 ms | step 37.6 ms | 13615.4 samples/s
  step  1200/1756 | loss 0.2217 | data 0.1 ms | step 37.6 ms | 13629.6 samples/s
  step  1250/1756 | loss 0.2114 | data 0.1 ms | step 37.8 ms | 13543.5 samples/s
  step  1300/1756 | loss 0.2065 | data 0.1 ms | step 37.8 ms | 13531.9 samples/s
  step  1350/1756 | loss 0.2156 | data 0.1 ms | step 37.6 ms | 13607.1 samples/s
  step  1400/1756 | loss 0.2323 | data 0.1 ms | step 37.7 ms | 13578.3 samples/s
  step  1450/1756 | loss 0.2331 | data 0.1 ms | step 37.6 ms | 13618.0 samples/s
  step  1500/1756 | loss 0.2229 | data 0.1 ms | step 37.7 ms | 13598.6 samples/s
  step  1550/1756 | loss 0.2398 | data 0.1 ms | step 37.7 ms | 13583.8 samples/s
  step  1600/1756 | loss 0.2208 | data 0.1 ms | step 37.7 ms | 13593.7 samples/s
  step  1650/1756 | loss 0.2308 | data 0.1 ms | step 37.7 ms | 13592.2 samples/s
  step  1700/1756 | loss 0.2032 | data 0.1 ms | step 37.6 ms | 13601.6 samples/s
  step  1750/1756 | loss 0.2072 | data 0.6 ms | step 37.6 ms | 13631.9 samples/s
Training Loss: 0.224247 | 13585.4 samples/s
Peak GPU memory: 1233.8 MB
Validation Loss: 0.242542 | 17660.9 samples/s

Epoch 71/100
----------------------------------------
Learning Rate: 0.000048
  step    50/1756 | loss 0.2234 | data 0.7 ms | step 37.8 ms | 13541.1 samples/s
  step   100/1756 | loss 0.2147 | data 0.1 ms | step 37.7 ms | 13594.4 samples/s
  step   150/1756 | loss 0.2150 | data 0.1 ms | step 37.5 ms | 13642.9 samples/s
  step   200/1756 | loss 0.2089 | data 0.1 ms | step 37.8 ms | 13549.3 samples/s
  step   250/1756 | loss 0.2168 | data 0.1 ms | step 37.7 ms | 13596.3 samples/s
  step   300/1756 | loss 0.2139 | data 0.1 ms | step 37.6 ms | 13611.4 samples/s
  step   350/1756 | loss 0.2330 | data 0.1 ms | step 37.8 ms | 13562.2 samples/s
  step   400/1756 | loss 0.2472 | data 0.1 ms | step 37.6 ms | 13626.9 samples/s
  step   450/1756 | loss 0.2268 | data 0.1 ms | step 37.6 ms | 13604.2 samples/s
  step   500/1756 | loss 0.2223 | data 0.1 ms | step 37.7 ms | 13587.9 samples/s
  step   550/1756 | loss 0.2083 | data 0.1 ms | step 37.7 ms | 13565.8 samples/s
  step   600/1756 | loss 0.2056 | data 0.1 ms | step 37.6 ms | 13617.6 samples/s
  step   650/1756 | loss 0.1996 | data 0.1 ms | step 37.6 ms | 13605.6 samples/s
  step   700/1756 | loss 0.2036 | data 0.1 ms | step 37.6 ms | 13635.1 samples/s
  step   750/1756 | loss 0.2286 | data 0.1 ms | step 37.7 ms | 13596.6 samples/s
  step   800/1756 | loss 0.2468 | data 0.1 ms | step 37.7 ms | 13583.9 samples/s
  step   850/1756 | loss 0.2259 | data 0.1 ms | step 37.5 ms | 13655.8 samples/s
  step   900/1756 | loss 0.2025 | data 0.1 ms | step 37.6 ms | 13620.8 samples/s
  step   950/1756 | loss 0.2033 | data 0.1 ms | step 37.7 ms | 13598.2 samples/s
  step  1000/1756 | loss 0.2342 | data 0.1 ms | step 37.4 ms | 13671.8 samples/s
  step  1050/1756 | loss 0.2059 | data 0.1 ms | step 37.8 ms | 13557.1 samples/s
  step  1100/1756 | loss 0.2121 | data 0.1 ms | step 37.7 ms | 13569.2 samples/s
  step  1150/1756 | loss 0.2244 | data 0.1 ms | step 37.7 ms | 13566.3 samples/s
  step  1200/1756 | loss 0.2077 | data 0.1 ms | step 37.5 ms | 13648.6 samples/s
  step  1250/1756 | loss 0.2173 | data 0.1 ms | step 37.4 ms | 13705.4 samples/s
  step  1300/1756 | loss 0.1946 | data 0.1 ms | step 37.5 ms | 13637.1 samples/s
  step  1350/1756 | loss 0.2299 | data 0.1 ms | step 37.6 ms | 13624.9 samples/s
  step  1400/1756 | loss 0.2218 | data 0.1 ms | step 37.6 ms | 13630.8 samples/s
  step  1450/1756 | loss 0.2101 | data 0.1 ms | step 37.5 ms | 13652.1 samples/s
  step  1500/1756 | loss 0.2338 | data 0.1 ms | step 37.7 ms | 13597.7 samples/s
  step  1550/1756 | loss 0.2160 | data 0.1 ms | step 37.6 ms | 13609.6 samples/s
  step  1600/1756 | loss 0.2069 | data 0.1 ms | step 37.4 ms | 13687.2 samples/s
  step  1650/1756 | loss 0.2163 | data 0.1 ms | step 37.7 ms | 13596.8 samples/s
  step  1700/1756 | loss 0.2331 | data 0.1 ms | step 37.7 ms | 13593.0 samples/s
  step  1750/1756 | loss 0.2171 | data 0.6 ms | step 37.7 ms | 13583.9 samples/s
Training Loss: 0.217760 | 13608.0 samples/s
Peak GPU memory: 1233.8 MB
Validation Loss: 0.213972 | 17740.3 samples/s

Epoch 72/100
----------------------------------------
Learning Rate: 0.000048
  step    50/1756 | loss 0.2191 | data 0.7 ms | step 37.6 ms | 13619.7 samples/s
  step   100/1756 | loss 0.2255 | data 0.1 ms | step 37.3 ms | 13728.8 samples/s
  step   150/1756 | loss 0.2260 | data 0.1 ms | step 37.0 ms | 13832.9 samples/s
  step   200/1756 | loss 0.2139 | data 0.1 ms | step 37.2 ms | 13764.6 samples/s
  step   250/1756 | loss 0.2119 | data 0.1 ms | step 37.2 ms | 13781.1 samples/s
  step   300/1756 | loss 0.2031 | data 0.1 ms | step 37.1 ms | 13810.8 samples/s
  step   350/1756 | loss 0.2293 | data 0.1 ms | step 36.9 ms | 13880.9 samples/s
  step   400/1756 | loss 0.2130 | data 0.1 ms | step 37.0 ms | 13819.2 samples/s
  step   450/1756 | loss 0.1864 | data 0.1 ms | step 37.3 ms | 13737.3 samples/s
  step   500/1756 | loss 0.2022 | data 0.1 ms | step 37.1 ms | 13794.0 samples/s
  step   550/1756 | loss 0.2290 | data 0.1 ms | step 37.2 ms | 13781.4 samples/s
  step   600/1756 | loss 0.2084 | data 0.1 ms | step 37.1 ms | 13804.3 samples/s
  step   650/1756 | loss 0.2239 | data 0.1 ms | step 37.1 ms | 13813.4 samples/s
  step   700/1756 | loss 0.2048 | data 0.1 ms | step 37.2 ms | 13746.3 samples/s
  step   750/1756 | loss 0.2152 | data 0.1 ms | step 37.4 ms | 13698.1 samples/s
  step   800/1756 | loss 0.2136 | data 0.1 ms | step 37.2 ms | 13776.9 samples/s
  step   850/1756 | loss 0.2136 | data 0.1 ms | step 37.2 ms | 13756.0 samples/s
  step   900/1756 | loss 0.2178 | data 0.1 ms | step 37.5 ms | 13650.6 samples/s
  step   950/1756 | loss 0.2069 | data 0.1 ms | step 37.2 ms | 13759.1 samples/s
  step  1000/1756 | loss 0.2178 | data 0.1 ms | step 37.1 ms | 13787.2 samples/s
  step  1050/1756 | loss 0.2243 | data 0.1 ms | step 36.9 ms | 13881.4 samples/s
  step  1100/1756 | loss 0.2368 | data 0.1 ms | step 37.2 ms | 13748.4 samples/s
  step  1150/1756 | loss 0.2376 | data 0.1 ms | step 37.0 ms | 13825.3 samples/s
  step  1200/1756 | loss 0.2158 | data 0.1 ms | step 37.2 ms | 13767.4 samples/s
  step  1250/1756 | loss 0.2087 | data 0.1 ms | step 36.8 ms | 13899.9 samples/s
  step  1300/1756 | loss 0.2200 | data 0.1 ms | step 37.2 ms | 13768.3 samples/s
  step  1350/1756 | loss 0.2251 | data 0.1 ms | step 38.0 ms | 13476.7 samples/s
  step  1400/1756 | loss 0.2078 | data 0.1 ms | step 37.7 ms | 13579.1 samples/s
  step  1450/1756 | loss 0.2128 | data 0.1 ms | step 37.6 ms | 13617.4 samples/s
  step  1500/1756 | loss 0.2182 | data 0.1 ms | step 37.5 ms | 13637.5 samples/s
  step  1550/1756 | loss 0.2362 | data 0.1 ms | step 37.5 ms | 13662.5 samples/s
  step  1600/1756 | loss 0.2175 | data 0.1 ms | step 37.3 ms | 13711.5 samples/s
  step  1650/1756 | loss 0.2146 | data 0.1 ms | step 37.7 ms | 13574.5 samples/s
  step  1700/1756 | loss 0.2292 | data 0.1 ms | step 37.7 ms | 13588.9 samples/s
  step  1750/1756 | loss 0.2216 | data 0.6 ms | step 37.8 ms | 13542.3 samples/s
Training Loss: 0.217843 | 13729.5 samples/s
Peak GPU memory: 1233.8 MB
Validation Loss: 0.252089 | 17627.5 samples/s

Epoch 73/100
----------------------------------------
Learning Rate: 0.000048
  step    50/1756 | loss 0.2247 | data 0.7 ms | step 37.7 ms | 13577.8 samples/s
  step   100/1756 | loss 0.2203 | data 0.1 ms | step 37.5 ms | 13665.2 samples/s
  step   150/1756 | loss 0.2213 | data 0.1 ms | step 37.5 ms | 13635.8 samples/s
  step   200/1756 | loss 0.2157 | data 0.1 ms | step 37.6 ms | 13614.4 samples/s
  step   250/1756 | loss 0.2040 | data 0.1 ms | step 37.7 ms | 13586.9 samples/s
  step   300/1756 | loss 0.1930 | data 0.1 ms | step 37.6 ms | 13634.3 samples/s
  step   350/1756 | loss 0.2047 | data 0.1 ms | step 37.5 ms | 13637.5 samples/s
  step   400/1756 | loss 0.2153 | data 0.1 ms | step 37.6 ms | 13615.3 samples/s
  step   450/1756 | loss 0.2023 | data 0.1 ms | step 37.7 ms | 13575.9 samples/s
  step   500/1756 | loss 0.1995 | data 0.1 ms | step 37.8 ms | 13557.2 samples/s
  step   550/1756 | loss 0.2159 | data 0.1 ms | step 37.7 ms | 13589.1 samples/s
  step   600/1756 | loss 0.2036 | data 0.1 ms | step 37.7 ms | 13578.5 samples/s
  step   650/1756 | loss 0.2054 | data 0.1 ms | step 37.6 ms | 13629.1 samples/s
  step   700/1756 | loss 0.2057 | data 0.1 ms | step 37.6 ms | 13615.7 samples/s
  step   750/1756 | loss 0.2269 | data 0.1 ms | step 37.7 ms | 13593.6 samples/s
  step   800/1756 | loss 0.2174 | data 0.1 ms | step 37.8 ms | 13559.4 samples/s
  step   850/1756 | loss 0.2188 | data 0.1 ms | step 37.6 ms | 13611.4 samples/s
  step   900/1756 | loss 0.2032 | data 0.1 ms | step 37.6 ms | 13620.5 samples/s
  step   950/1756 | loss 0.2054 | data 0.1 ms | step 37.8 ms | 13549.4 samples/s
  step  1000/1756 | loss 0.2016 | data 0.1 ms | step 37.8 ms | 13547.8 samples/s
  step  1050/1756 | loss 0.1999 | data 0.1 ms | step 37.5 ms | 13652.9 samples/s
  step  1100/1756 | loss 0.2285 | data 0.1 ms | step 37.6 ms | 13615.3 samples/s
  step  1150/1756 | loss 0.2254 | data 0.1 ms | step 37.9 ms | 13512.4 samples/s
  step  1200/1756 | loss 0.2129 | data 0.1 ms | step 37.7 ms | 13580.0 samples/s
  step  1250/1756 | loss 0.1909 | data 0.1 ms | step 37.7 ms | 13596.7 samples/s
  step  1300/1756 | loss 0.2128 | data 0.1 ms | step 37.7 ms | 13574.9 samples/s
  step  1350/1756 | loss 0.1943 | data 0.1 ms | step 37.8 ms | 13544.7 samples/s
  step  1400/1756 | loss 0.2004 | data 0.1 ms | step 37.9 ms | 13519.8 samples/s
  step  1450/1756 | loss 0.2107 | data 0.1 ms | step 37.7 ms | 13567.2 samples/s
  step  1500/1756 | loss 0.2056 | data 0.1 ms | step 37.9 ms | 13526.7 samples/s
  step  1550/1756 | loss 0.1962 | data 0.1 ms | step 37.7 ms | 13590.4 samples/s
  step  1600/1756 | loss 0.2122 | data 0.1 ms | step 37.7 ms | 13582.6 samples/s
  step  1650/1756 | loss 0.2151 | data 0.1 ms | step 37.8 ms | 13551.9 samples/s
  step  1700/1756 | loss 0.2199 | data 0.1 ms | step 37.7 ms | 13568.5 samples/s
  step  1750/1756 | loss 0.2142 | data 0.6 ms | step 37.8 ms | 13542.3 samples/s
Training Loss: 0.209877 | 13585.0 samples/s
Peak GPU memory: 1233.8 MB
Validation Loss: 0.232854 | 17663.2 samples/s

Epoch 74/100
----------------------------------------
Learning Rate: 0.000048
  step    50/1756 | loss 0.2156 | data 0.6 ms | step 37.9 ms | 13512.1 samples/s
  step   100/1756 | loss 0.2215 | data 0.1 ms | step 37.7 ms | 13579.4 samples/s
  step   150/1756 | loss 0.2146 | data 0.1 ms | step 37.8 ms | 13534.4 samples/s
  step   200/1756 | loss 0.1977 | data 0.1 ms | step 37.6 ms | 13625.7 samples/s
  step   250/1756 | loss 0.1960 | data 0.1 ms | step 37.6 ms | 13628.6 samples/s
  step   300/1756 | loss 0.2312 | data 0.1 ms | step 37.7 ms | 13586.9 samples/s
  step   350/1756 | loss 0.2074 | data 0.1 ms | step 37.8 ms | 13545.1 samples/s
  step   400/1756 | loss 0.2025 | data 0.1 ms | step 37.7 ms | 13587.6 samples/s
  step   450/1756 | loss 0.2030 | data 0.1 ms | step 37.5 ms | 13642.2 samples/s
  step   500/1756 | loss 0.2058 | data 0.1 ms | step 37.8 ms | 13559.3 samples/s
  step   550/1756 | loss 0.2198 | data 0.1 ms | step 37.6 ms | 13600.7 samples/s
  step   600/1756 | loss 0.2040 | data 0.1 ms | step 37.6 ms | 13603.2 samples/s
  step   650/1756 | loss 0.2141 | data 0.1 ms | step 37.8 ms | 13551.7 samples/s
  step   700/1756 | loss 0.2124 | data 0.1 ms | step 37.8 ms | 13541.4 samples/s
  step   750/1756 | loss 0.2217 | data 0.1 ms | step 37.8 ms | 13554.5 samples/s
  step   800/1756 | loss 0.2157 | data 0.1 ms | step 37.8 ms | 13561.7 samples/s
  step   850/1756 | loss 0.2136 | data 0.1 ms | step 37.8 ms | 13552.4 samples/s
  step   900/1756 | loss 0.2195 | data 0.1 ms | step 37.7 ms | 13596.9 samples/s
  step   950/1756 | loss 0.2224 | data 0.1 ms | step 37.8 ms | 13534.9 samples/s
  step  1000/1756 | loss 0.2176 | data 0.1 ms | step 37.6 ms | 13629.4 samples/s
  step  1050/1756 | loss 0.2143 | data 0.1 ms | step 37.7 ms | 13593.4 samples/s
  step  1100/1756 | loss 0.2248 | data 0.1 ms | step 37.6 ms | 13608.0 samples/s
  step  1150/1756 | loss 0.2173 | data 0.1 ms | step 37.7 ms | 13585.3 samples/s
  step  1200/1756 | loss 0.2148 | data 0.1 ms | step 37.7 ms | 13578.1 samples/s
  step  1250/1756 | loss 0.1890 | data 0.1 ms | step 37.5 ms | 13635.8 samples/s
  step  1300/1756 | loss 0.2087 | data 0.1 ms | step 37.6 ms | 13631.1 samples/s
  step  1350/1756 | loss 0.2124 | data 0.1 ms | step 37.6 ms | 13602.5 samples/s
  step  1400/1756 | loss 0.2230 | data 0.1 ms | step 37.8 ms | 13528.8 samples/s
  step  1450/1756 | loss 0.2183 | data 0.1 ms | step 37.5 ms | 13642.5 samples/s
  step  1500/1756 | loss 0.2080 | data 0.1 ms | step 37.6 ms | 13610.1 samples/s
  step  1550/1756 | loss 0.2033 | data 0.1 ms | step 37.6 ms | 13604.5 samples/s
  step  1600/1756 | loss 0.2071 | data 0.1 ms | step 37.7 ms | 13586.2 samples/s
  step  1650/1756 | loss 0.2093 | data 0.1 ms | step 37.7 ms | 13588.1 samples/s
  step  1700/1756 | loss 0.2338 | data 0.1 ms | step 37.7 ms | 13566.5 samples/s
  step  1750/1756 | loss 0.1962 | data 0.6 ms | step 37.9 ms | 13505.8 samples/s
Training Loss: 0.212298 | 13581.0 samples/s
Peak GPU memory: 1233.8 MB
Validation Loss: 0.217451 | 17573.8 samples/s

Epoch 75/100
----------------------------------------
Learning Rate: 0.000048
  step    50/1756 | loss 0.2134 | data 0.8 ms | step 37.9 ms | 13492.3 samples/s
  step   100/1756 | loss 0.2061 | data 0.1 ms | step 37.5 ms | 13665.8 samples/s
  step   150/1756 | loss 0.2101 | data 0.1 ms | step 37.5 ms | 13655.1 samples/s
  step   200/1756 | loss 0.2193 | data 0.1 ms | step 37.5 ms | 13656.3 samples/s
  step   250/1756 | loss 0.2199 | data 0.1 ms | step 37.5 ms | 13657.7 samples/s
  step   300/1756 | loss 0.2222 | data 0.1 ms | step 37.7 ms | 13580.3 samples/s
  step   350/1756 | loss 0.2076 | data 0.1 ms | step 37.6 ms | 13607.5 samples/s
  step   400/1756 | loss 0.2262 | data 0.1 ms | step 37.8 ms | 13552.6 samples/s
  step   450/1756 | loss 0.2137 | data 0.1 ms | step 37.7 ms | 13567.5 samples/s
  step   500/1756 | loss 0.1923 | data 0.1 ms | step 37.7 ms | 13575.7 samples/s
  step   550/1756 | loss 0.2161 | data 0.1 ms | step 37.6 ms | 13607.9 samples/s
  step   600/1756 | loss 0.2124 | data 0.1 ms | step 38.1 ms | 13440.6 samples/s
  step   650/1756 | loss 0.2043 | data 0.1 ms | step 37.6 ms | 13608.8 samples/s
  step   700/1756 | loss 0.2069 | data 0.1 ms | step 37.5 ms | 13637.8 samples/s
  step   750/1756 | loss 0.2095 | data 0.1 ms | step 37.7 ms | 13565.1 samples/s
  step   800/1756 | loss 0.2158 | data 0.1 ms | step 37.8 ms | 13541.0 samples/s
  step   850/1756 | loss 0.2102 | data 0.1 ms | step 37.8 ms | 13533.6 samples/s
  step   900/1756 | loss 0.2191 | data 0.1 ms | step 37.7 ms | 13593.0 samples/s
  step   950/1756 | loss 0.2126 | data 0.1 ms | step 37.8 ms | 13540.0 samples/s
  step  1000/1756 | loss 0.2024 | data 0.1 ms | step 37.8 ms | 13548.5 samples/s
  step  1050/1756 | loss 0.2254 | data 0.1 ms | step 37.8 ms | 13539.3 samples/s
  step  1100/1756 | loss 0.2096 | data 0.1 ms | step 37.7 ms | 13596.4 samples/s
  step  1150/1756 | loss 0.2091 | data 0.1 ms | step 37.6 ms | 13631.6 samples/s
  step  1200/1756 | loss 0.2170 | data 0.1 ms | step 37.6 ms | 13633.9 samples/s
  step  1250/1756 | loss 0.2198 | data 0.1 ms | step 37.7 ms | 13576.7 samples/s
  step  1300/1756 | loss 0.2130 | data 0.1 ms | step 37.8 ms | 13551.4 samples/s
  step  1350/1756 | loss 0.2115 | data 0.1 ms | step 37.5 ms | 13639.1 samples/s
  step  1400/1756 | loss 0.2218 | data 0.1 ms | step 37.7 ms | 13592.2 samples/s
  step  1450/1756 | loss 0.2093 | data 0.1 ms | step 37.6 ms | 13630.2 samples/s
  step  1500/1756 | loss 0.2079 | data 0.1 ms | step 37.9 ms | 13519.1 samples/s
  step  1550/1756 | loss 0.2138 | data 0.1 ms | step 37.7 ms | 13574.9 samples/s
  step  1600/1756 | loss 0.2134 | data 0.1 ms | step 37.7 ms | 13590.0 samples/s
  step  1650/1756 | loss 0.1985 | data 0.1 ms | step 37.8 ms | 13528.3 samples/s
  step  1700/1756 | loss 0.1937 | data 0.1 ms | step 37.6 ms | 13615.7 samples/s
  step  1750/1756 | loss 0.1967 | data 0.7 ms | step 37.8 ms | 13555.8 samples/s
Training Loss: 0.211387 | 13581.3 samples/s
Peak GPU memory: 1233.8 MB
Validation Loss: 0.206364 | 17623.2 samples/s

Epoch 76/100
----------------------------------------
Learning Rate: 0.000048
  step    50/1756 | loss 0.2156 | data 0.8 ms | step 37.8 ms | 13540.2 samples/s
  step   100/1756 | loss 0.2235 | data 0.1 ms | step 37.7 ms | 13586.2 samples/s
  step   150/1756 | loss 0.2347 | data 0.1 ms | step 37.6 ms | 13600.3 samples/s
  step   200/1756 | loss 0.2194 | data 0.1 ms | step 37.6 ms | 13633.9 samples/s
  step   250/1756 | loss 0.2075 | data 0.1 ms | step 37.5 ms | 13653.1 samples/s
  step   300/1756 | loss 0.1903 | data 0.1 ms | step 37.6 ms | 13628.4 samples/s
  step   350/1756 | loss 0.2226 | data 0.1 ms | step 37.7 ms | 13583.5 samples/s
  step   400/1756 | loss 0.2248 | data 0.1 ms | step 37.7 ms | 13584.0 samples/s
  step   450/1756 | loss 0.1941 | data 0.1 ms | step 37.7 ms | 13567.1 samples/s
  step   500/1756 | loss 0.2073 | data 0.1 ms | step 37.7 ms | 13581.3 samples/s
  step   550/1756 | loss 0.2126 | data 0.1 ms | step 37.5 ms | 13659.9 samples/s
  step   600/1756 | loss 0.2106 | data 0.1 ms | step 37.6 ms | 13613.4 samples/s
  step   650/1756 | loss 0.1862 | data 0.1 ms | step 37.7 ms | 13569.9 samples/s
  step   700/1756 | loss 0.1994 | data 0.1 ms | step 37.6 ms | 13626.5 samples/s
  step   750/1756 | loss 0.1946 | data 0.1 ms | step 37.8 ms | 13546.3 samples/s
  step   800/1756 | loss 0.2203 | data 0.1 ms | step 37.6 ms | 13613.0 samples/s
  step   850/1756 | loss 0.2054 | data 0.1 ms | step 37.7 ms | 13588.0 samples/s
  step   900/1756 | loss 0.1921 | data 0.1 ms | step 37.7 ms | 13567.6 samples/s
  step   950/1756 | loss 0.2020 | data 0.1 ms | step 37.7 ms | 13596.3 samples/s
  step  1000/1756 | loss 0.1984 | data 0.1 ms | step 37.7 ms | 13588.8 samples/s
  step  1050/1756 | loss 0.2072 | data 0.1 ms | step 37.8 ms | 13552.6 samples/s
  step  1100/1756 | loss 0.2087 | data 0.1 ms | step 37.8 ms | 13529.3 samples/s
  step  1150/1756 | loss 0.2014 | data 0.1 ms | step 37.7 ms | 13574.3 samples/s
  step  1200/1756 | loss 0.2245 | data 0.1 ms | step 37.6 ms | 13603.3 samples/s
  step  1250/1756 | loss 0.2269 | data 0.1 ms | step 37.6 ms | 13610.1 samples/s
  step  1300/1756 | loss 0.2122 | data 0.1 ms | step 37.8 ms | 13535.0 samples/s
  step  1350/1756 | loss 0.2356 | data 0.1 ms | step 37.7 ms | 13578.7 samples/s
  step  1400/1756 | loss 0.1993 | data 0.1 ms | step 37.7 ms | 13589.9 samples/s
  step  1450/1756 | loss 0.2328 | data 0.1 ms | step 37.7 ms | 13564.0 samples/s
  step  1500/1756 | loss 0.2076 | data 0.1 ms | step 37.7 ms | 13597.5 samples/s
  step  1550/1756 | loss 0.1875 | data 0.1 ms | step 37.8 ms | 13555.6 samples/s
  step  1600/1756 | loss 0.1929 | data 0.1 ms | step 37.6 ms | 13624.1 samples/s
  step  1650/1756 | loss 0.2169 | data 0.1 ms | step 37.6 ms | 13625.4 samples/s
  step  1700/1756 | loss 0.2136 | data 0.1 ms | step 37.8 ms | 13536.2 samples/s
  step  1750/1756 | loss 0.1855 | data 0.7 ms | step 38.0 ms | 13477.3 samples/s
Training Loss: 0.208835 | 13584.2 samples/s
Peak GPU memory: 1233.8 MB
Validation Loss: 0.200404 | 17665.9 samples/s

Epoch 77/100
----------------------------------------
Learning Rate: 0.000048
  step    50/1756 | loss 0.2127 | data 0.8 ms | step 37.8 ms | 13554.6 samples/s
  step   100/1756 | loss 0.2374 | data 0.1 ms | step 37.6 ms | 13610.3 samples/s
  step   150/1756 | loss 0.2101 | data 0.1 ms | step 37.5 ms | 13635.9 samples/s
  step   200/1756 | loss 0.1990 | data 0.1 ms | step 37.6 ms | 13612.8 samples/s
  step   250/1756 | loss 0.2047 | data 0.1 ms | step 37.6 ms | 13617.3 samples/s
  step   300/1756 | loss 0.2008 | data 0.1 ms | step 37.5 ms | 13651.0 samples/s
  step   350/1756 | loss 0.1885 | data 0.1 ms | step 37.6 ms | 13605.7 samples/s
  step   400/1756 | loss 0.2031 | data 0.1 ms | step 37.6 ms | 13604.7 samples/s
  step   450/1756 | loss 0.2204 | data 0.1 ms | step 37.6 ms | 13622.0 samples/s
  step   500/1756 | loss 0.2152 | data 0.1 ms | step 37.7 ms | 13578.5 samples/s
  step   550/1756 | loss 0.2269 | data 0.1 ms | step 37.6 ms | 13616.9 samples/s
  step   600/1756 | loss 0.2035 | data 0.1 ms | step 37.8 ms | 13532.1 samples/s
  step   650/1756 | loss 0.2069 | data 0.1 ms | step 37.7 ms | 13586.2 samples/s
  step   700/1756 | loss 0.1994 | data 0.1 ms | step 37.6 ms | 13612.8 samples/s
  step   750/1756 | loss 0.1859 | data 0.1 ms | step 37.8 ms | 13531.7 samples/s
  step   800/1756 | loss 0.1986 | data 0.1 ms | step 37.7 ms | 13572.7 samples/s
  step   850/1756 | loss 0.1827 | data 0.1 ms | step 37.6 ms | 13627.1 samples/s
  step   900/1756 | loss 0.2120 | data 0.1 ms | step 37.6 ms | 13631.0 samples/s
  step   950/1756 | loss 0.2139 | data 0.1 ms | step 37.7 ms | 13583.7 samples/s
  step  1000/1756 | loss 0.2020 | data 0.1 ms | step 37.7 ms | 13594.5 samples/s
  step  1050/1756 | loss 0.2131 | data 0.1 ms | step 37.8 ms | 13532.6 samples/s
  step  1100/1756 | loss 0.2020 | data 0.1 ms | step 37.7 ms | 13590.9 samples/s
  step  1150/1756 | loss 0.1950 | data 0.1 ms | step 37.8 ms | 13560.5 samples/s
  step  1200/1756 | loss 0.1914 | data 0.1 ms | step 37.8 ms | 13540.5 samples/s
  step  1250/1756 | loss 0.1922 | data 0.1 ms | step 37.7 ms | 13587.6 samples/s
  step  1300/1756 | loss 0.1976 | data 0.1 ms | step 37.7 ms | 13569.1 samples/s
  step  1350/1756 | loss 0.1898 | data 0.1 ms | step 37.9 ms | 13502.0 samples/s
  step  1400/1756 | loss 0.2064 | data 0.1 ms | step 37.8 ms | 13530.5 samples/s
  step  1450/1756 | loss 0.2150 | data 0.1 ms | step 37.7 ms | 13568.2 samples/s
  step  1500/1756 | loss 0.2301 | data 0.1 ms | step 37.7 ms | 13598.7 samples/s
  step  1550/1756 | loss 0.1972 | data 0.1 ms | step 37.8 ms | 13528.1 samples/s
  step  1600/1756 | loss 0.2219 | data 0.1 ms | step 37.6 ms | 13612.4 samples/s
  step  1650/1756 | loss 0.1896 | data 0.1 ms | step 37.7 ms | 13589.2 samples/s
  step  1700/1756 | loss 0.1982 | data 0.1 ms | step 37.7 ms | 13592.4 samples/s
  step  1750/1756 | loss 0.1908 | data 0.7 ms | step 38.0 ms | 13479.9 samples/s
Training Loss: 0.204403 | 13580.3 samples/s
Peak GPU memory: 1233.8 MB
Validation Loss: 0.212465 | 17626.8 samples/s

Epoch 78/100
----------------------------------------
Learning Rate: 0.000048
  step    50/1756 | loss 0.1933 | data 0.7 ms | step 37.8 ms | 13537.0 samples/s
  step   100/1756 | loss 0.1797 | data 0.1 ms | step 37.8 ms | 13557.9 samples/s
  step   150/1756 | loss 0.2198 | data 0.1 ms | step 37.7 ms | 13594.7 samples/s
  step   200/1756 | loss 0.1996 | data 0.1 ms | step 37.8 ms | 13542.8 samples/s
  step   250/1756 | loss 0.2093 | data 0.1 ms | step 37.8 ms | 13541.5 samples/s
  step   300/1756 | loss 0.2033 | data 0.1 ms | step 37.7 ms | 13578.2 samples/s
  step   350/1756 | loss 0.2084 | data 0.1 ms | step 37.6 ms | 13615.7 samples/s
  step   400/1756 | loss 0.1983 | data 0.1 ms | step 37.5 ms | 13653.7 samples/s
  step   450/1756 | loss 0.2040 | data 0.1 ms | step 37.8 ms | 13548.4 samples/s
  step   500/1756 | loss 0.2212 | data 0.1 ms | step 37.6 ms | 13634.8 samples/s
  step   550/1756 | loss 0.2231 | data 0.1 ms | step 37.8 ms | 13527.8 samples/s
  step   600/1756 | loss 0.1966 | data 0.1 ms | step 37.8 ms | 13538.9 samples/s
  step   650/1756 | loss 0.1933 | data 0.1 ms | step 37.7 ms | 13588.6 samples/s
  step   700/1756 | loss 0.2108 | data 0.1 ms | step 37.9 ms | 13523.4 samples/s
  step   750/1756 | loss 0.2029 | data 0.1 ms | step 37.7 ms | 13565.8 samples/s
  step   800/1756 | loss 0.1993 | data 0.1 ms | step 37.4 ms | 13685.6 samples/s
  step   850/1756 | loss 0.1812 | data 0.1 ms | step 37.3 ms | 13712.2 samples/s
  step   900/1756 | loss 0.1762 | data 0.1 ms | step 37.5 ms | 13662.3 samples/s
  step   950/1756 | loss 0.2083 | data 0.1 ms | step 37.4 ms | 13677.3 samples/s
  step  1000/1756 | loss 0.1965 | data 0.1 ms | step 37.4 ms | 13691.0 samples/s
  step  1050/1756 | loss 0.1997 | data 0.1 ms | step 37.4 ms | 13698.7 samples/s
  step  1100/1756 | loss 0.1946 | data 0.1 ms | step 37.5 ms | 13646.7 samples/s
  step  1150/1756 | loss 0.1927 | data 0.1 ms | step 37.5 ms | 13652.7 samples/s
  step  1200/1756 | loss 0.2008 | data 0.1 ms | step 37.5 ms | 13665.9 samples/s
  step  1250/1756 | loss 0.1921 | data 0.1 ms | step 37.5 ms | 13660.8 samples/s
  step  1300/1756 | loss 0.2132 | data 0.1 ms | step 37.2 ms | 13754.5 samples/s
  step  1350/1756 | loss 0.1877 | data 0.1 ms | step 37.4 ms | 13703.9 samples/s
  step  1400/1756 | loss 0.2042 | data 0.1 ms | step 37.6 ms | 13627.8 samples/s
  step  1450/1756 | loss 0.1889 | data 0.1 ms | step 37.6 ms | 13605.2 samples/s
  step  1500/1756 | loss 0.2110 | data 0.1 ms | step 37.5 ms | 13652.3 samples/s
  step  1550/1756 | loss 0.2083 | data 0.1 ms | step 37.4 ms | 13674.8 samples/s
  step  1600/1756 | loss 0.1980 | data 0.1 ms | step 37.4 ms | 13689.3 samples/s
  step  1650/1756 | loss 0.2018 | data 0.1 ms | step 37.6 ms | 13600.9 samples/s
  step  1700/1756 | loss 0.2110 | data 0.1 ms | step 37.6 ms | 13604.0 samples/s
  step  1750/1756 | loss 0.1895 | data 0.7 ms | step 37.5 ms | 13660.3 samples/s
Training Loss: 0.200655 | 13623.4 samples/s
Peak GPU memory: 1233.8 MB
Validation Loss: 0.202303 | 17700.6 samples/s

Epoch 79/100
----------------------------------------
Learning Rate: 0.000048
  step    50/1756 | loss 0.2233 | data 0.8 ms | step 37.5 ms | 13639.6 samples/s
  step   100/1756 | loss 0.2343 | data 0.1 ms | step 37.4 ms | 13684.4 samples/s
  step   150/1756 | loss 0.2058 | data 0.1 ms | step 37.4 ms | 13678.6 samples/s
  step   200/1756 | loss 0.1901 | data 0.1 ms | step 37.4 ms | 13695.7 samples/s
  step   250/1756 | loss 0.1954 | data 0.1 ms | step 37.5 ms | 13671.1 samples/s
  step   300/1756 | loss 0.2032 | data 0.1 ms | step 37.4 ms | 13677.0 samples/s
  step   350/1756 | loss 0.1978 | data 0.1 ms | step 37.4 ms | 13671.7 samples/s
  step   400/1756 | loss 0.2048 | data 0.1 ms | step 37.5 ms | 13661.2 samples/s
  step   450/1756 | loss 0.2006 | data 0.1 ms | step 37.5 ms | 13640.7 samples/s
  step   500/1756 | loss 0.2058 | data 0.1 ms | step 37.7 ms | 13589.1 samples/s
  step   550/1756 | loss 0.1866 | data 0.1 ms | step 37.4 ms | 13693.8 samples/s
  step   600/1756 | loss 0.2282 | data 0.1 ms | step 37.4 ms | 13686.0 samples/s
  step   650/1756 | loss 0.2061 | data 0.1 ms | step 37.6 ms | 13621.3 samples/s
  step   700/1756 | loss 0.2161 | data 0.1 ms | step 37.5 ms | 13659.7 samples/s
  step   750/1756 | loss 0.2300 | data 0.1 ms | step 37.6 ms | 13626.6 samples/s
  step   800/1756 | loss 0.1855 | data 0.1 ms | step 37.5 ms | 13661.7 samples/s
  step   850/1756 | loss 0.1876 | data 0.1 ms | step 37.5 ms | 13670.9 samples/s
  step   900/1756 | loss 0.1922 | data 0.1 ms | step 37.5 ms | 13668.9 samples/s
  step   950/1756 | loss 0.1974 | data 0.1 ms | step 37.5 ms | 13658.1 samples/s
  step  1000/1756 | loss 0.2189 | data 0.1 ms | step 37.6 ms | 13610.1 samples/s
  step  1050/1756 | loss 0.2069 | data 0.1 ms | step 37.4 ms | 13681.5 samples/s
  step  1100/1756 | loss 0.1964 | data 0.1 ms | step 37.4 ms | 13683.9 samples/s
  step  1150/1756 | loss 0.2077 | data 0.1 ms | step 37.6 ms | 13634.0 samples/s
  step  1200/1756 | loss 0.2069 | data 0.1 ms | step 37.5 ms | 13639.6 samples/s
  step  1250/1756 | loss 0.2075 | data 0.1 ms | step 37.6 ms | 13618.7 samples/s
  step  1300/1756 | loss 0.1903 | data 0.1 ms | step 37.5 ms | 13657.9 samples/s
  step  1350/1756 | loss 0.2110 | data 0.1 ms | step 37.6 ms | 13611.3 samples/s
  step  1400/1756 | loss 0.2109 | data 0.1 ms | step 37.4 ms | 13674.7 samples/s
  step  1450/1756 | loss 0.2166 | data 0.1 ms | step 37.3 ms | 13719.0 samples/s
  step  1500/1756 | loss 0.1911 | data 0.1 ms | step 37.4 ms | 13689.3 samples/s
  step  1550/1756 | loss 0.1999 | data 0.1 ms | step 37.5 ms | 13656.7 samples/s
  step  1600/1756 | loss 0.1969 | data 0.1 ms | step 37.7 ms | 13585.9 samples/s
  step  1650/1756 | loss 0.1795 | data 0.1 ms | step 37.5 ms | 13670.9 samples/s
  step  1700/1756 | loss 0.1906 | data 0.1 ms | step 37.3 ms | 13722.6 samples/s
  step  1750/1756 | loss 0.2021 | data 0.7 ms | step 37.6 ms | 13601.7 samples/s
Training Loss: 0.203341 | 13656.4 samples/s
Peak GPU memory: 1233.8 MB
Validation Loss: 0.193635 | 17712.9 samples/s

Epoch 80/100
----------------------------------------
Learning Rate: 0.000048
  step    50/1756 | loss 0.1781 | data 0.7 ms | step 37.7 ms | 13570.4 samples/s
  step   100/1756 | loss 0.2340 | data 0.1 ms | step 37.6 ms | 13599.7 samples/s
  step   150/1756 | loss 0.1850 | data 0.1 ms | step 37.4 ms | 13684.4 samples/s
  step   200/1756 | loss 0.2141 | data 0.1 ms | step 37.6 ms | 13618.3 samples/s
  step   250/1756 | loss 0.1824 | data 0.1 ms | step 37.6 ms | 13612.3 samples/s
  step   300/1756 | loss 0.2149 | data 0.1 ms | step 37.4 ms | 13691.5 samples/s
  step   350/1756 | loss 0.2338 | data 0.1 ms | step 37.4 ms | 13678.5 samples/s
  step   400/1756 | loss 0.1921 | data 0.1 ms | step 37.5 ms | 13657.3 samples/s
  step   450/1756 | loss 0.1824 | data 0.1 ms | step 37.5 ms | 13646.7 samples/s
  step   500/1756 | loss 0.1932 | data 0.1 ms | step 37.5 ms | 13666.2 samples/s
  step   550/1756 | loss 0.2038 | data 0.1 ms | step 37.5 ms | 13670.0 samples/s
  step   600/1756 | loss 0.1943 | data 0.1 ms | step 37.6 ms | 13626.1 samples/s
  step   650/1756 | loss 0.1996 | data 0.1 ms | step 37.4 ms | 13688.3 samples/s
  step   700/1756 | loss 0.1889 | data 0.1 ms | step 37.4 ms | 13698.5 samples/s
  step   750/1756 | loss 0.1945 | data 0.1 ms | step 37.7 ms | 13589.3 samples/s
  step   800/1756 | loss 0.2035 | data 0.1 ms | step 37.6 ms | 13606.6 samples/s
  step   850/1756 | loss 0.1977 | data 0.1 ms | step 37.6 ms | 13632.7 samples/s
  step   900/1756 | loss 0.1794 | data 0.1 ms | step 37.5 ms | 13650.1 samples/s
  step   950/1756 | loss 0.1897 | data 0.1 ms | step 37.5 ms | 13650.1 samples/s
  step  1000/1756 | loss 0.2070 | data 0.1 ms | step 37.6 ms | 13602.6 samples/s
  step  1050/1756 | loss 0.2495 | data 0.1 ms | step 37.4 ms | 13687.8 samples/s
  step  1100/1756 | loss 0.2031 | data 0.1 ms | step 37.5 ms | 13668.3 samples/s
  step  1150/1756 | loss 0.1762 | data 0.1 ms | step 37.5 ms | 13649.4 samples/s
  step  1200/1756 | loss 0.1874 | data 0.1 ms | step 37.6 ms | 13601.7 samples/s
  step  1250/1756 | loss 0.1908 | data 0.1 ms | step 37.4 ms | 13691.3 samples/s
  step  1300/1756 | loss 0.2132 | data 0.1 ms | step 37.4 ms | 13688.7 samples/s
  step  1350/1756 | loss 0.1986 | data 0.1 ms | step 37.4 ms | 13678.1 samples/s
  step  1400/1756 | loss 0.1980 | data 0.1 ms | step 37.5 ms | 13642.3 samples/s
  step  1450/1756 | loss 0.2219 | data 0.1 ms | step 37.5 ms | 13642.2 samples/s
  step  1500/1756 | loss 0.2028 | data 0.1 ms | step 37.7 ms | 13592.7 samples/s
  step  1550/1756 | loss 0.2077 | data 0.1 ms | step 37.4 ms | 13676.3 samples/s
  step  1600/1756 | loss 0.2016 | data 0.1 ms | step 37.5 ms | 13644.9 samples/s
  step  1650/1756 | loss 0.1803 | data 0.1 ms | step 37.5 ms | 13650.3 samples/s
  step  1700/1756 | loss 0.1992 | data 0.1 ms | step 37.7 ms | 13581.3 samples/s
  step  1750/1756 | loss 0.1884 | data 0.6 ms | step 37.5 ms | 13646.3 samples/s
Training Loss: 0.199652 | 13643.9 samples/s
Peak GPU memory: 1233.8 MB
Validation Loss: 0.203769 | 17737.5 samples/s

Epoch 81/100
----------------------------------------
Learning Rate: 0.000043
  step    50/1756 | loss 0.2038 | data 0.8 ms | step 37.6 ms | 13605.7 samples/s
  step   100/1756 | loss 0.1704 | data 0.1 ms | step 37.5 ms | 13638.7 samples/s
  step   150/1756 | loss 0.1993 | data 0.1 ms | step 37.5 ms | 13657.4 samples/s
  step   200/1756 | loss 0.1825 | data 0.1 ms | step 37.4 ms | 13673.9 samples/s
  step   250/1756 | loss 0.2000 | data 0.1 ms | step 37.5 ms | 13668.3 samples/s
  step   300/1756 | loss 0.1938 | data 0.1 ms | step 37.6 ms | 13603.4 samples/s
  step   350/1756 | loss 0.1834 | data 0.1 ms | step 37.4 ms | 13686.1 samples/s
  step   400/1756 | loss 0.1818 | data 0.1 ms | step 37.6 ms | 13616.8 samples/s
  step   450/1756 | loss 0.1936 | data 0.1 ms | step 37.4 ms | 13696.3 samples/s
  step   500/1756 | loss 0.1959 | data 0.1 ms | step 37.5 ms | 13663.7 samples/s
  step   550/1756 | loss 0.1954 | data 0.1 ms | step 37.6 ms | 13620.9 samples/s
  step   600/1756 | loss 0.1975 | data 0.1 ms | step 37.6 ms | 13610.2 samples/s
  step   650/1756 | loss 0.1966 | data 0.1 ms | step 37.4 ms | 13700.3 samples/s
  step   700/1756 | loss 0.1868 | data 0.1 ms | step 37.4 ms | 13696.4 samples/s
  step   750/1756 | loss 0.1739 | data 0.1 ms | step 37.4 ms | 13679.1 samples/s
  step   800/1756 | loss 0.2014 | data 0.1 ms | step 37.5 ms | 13662.6 samples/s
  step   850/1756 | loss 0.1971 | data 0.1 ms | step 37.4 ms | 13678.2 samples/s
  step   900/1756 | loss 0.1880 | data 0.1 ms | step 37.6 ms | 13624.6 samples/s
  step   950/1756 | loss 0.1896 | data 0.1 ms | step 37.6 ms | 13632.1 samples/s
  step  1000/1756 | loss 0.2089 | data 0.1 ms | step 37.4 ms | 13702.9 samples/s
  step  1050/1756 | loss 0.1727 | data 0.1 ms | step 37.3 ms | 13715.0 samples/s
  step  1100/1756 | loss 0.1699 | data 0.1 ms | step 37.5 ms | 13656.5 samples/s
  step  1150/1756 | loss 0.1723 | data 0.1 ms | step 37.4 ms | 13674.2 samples/s
  step  1200/1756 | loss 0.2057 | data 0.1 ms | step 37.8 ms | 13536.7 samples/s
  step  1250/1756 | loss 0.1935 | data 0.1 ms | step 37.3 ms | 13716.1 samples/s
  step  1300/1756 | loss 0.1883 | data 0.1 ms | step 37.4 ms | 13681.9 samples/s
  step  1350/1756 | loss 0.1765 | data 0.1 ms | step 37.5 ms | 13671.5 samples/s
  step  1400/1756 | loss 0.1945 | data 0.1 ms | step 37.5 ms | 13659.0 samples/s
  step  1450/1756 | loss 0.1957 | data 0.1 ms | step 37.6 ms | 13629.3 samples/s
  step  1500/1756 | loss 0.2015 | data 0.1 ms | step 37.6 ms | 13610.1 samples/s
  step  1550/1756 | loss 0.1832 | data 0.1 ms | step 37.5 ms | 13644.4 samples/s
  step  1600/1756 | loss 0.1930 | data 0.1 ms | step 37.4 ms | 13687.9 samples/s
  step  1650/1756 | loss 0.1851 | data 0.1 ms | step 37.4 ms | 13682.5 samples/s
  step  1700/1756 | loss 0.1919 | data 0.1 ms | step 37.5 ms | 13651.2 samples/s
  step  1750/1756 | loss 0.1846 | data 0.6 ms | step 37.5 ms | 13658.3 samples/s
Training Loss: 0.190057 | 13655.9 samples/s
Peak GPU memory: 1233.8 MB
Validation Loss: 0.199539 | 17658.1 samples/s

Epoch 82/100
----------------------------------------
Learning Rate: 0.000043
  step    50/1756 | loss 0.1929 | data 0.8 ms | step 37.7 ms | 13592.6 samples/s
  step   100/1756 | loss 0.2031 | data 0.1 ms | step 37.3 ms | 13708.6 samples/s
  step   150/1756 | loss 0.2002 | data 0.1 ms | step 37.3 ms | 13723.0 samples/s
  step   200/1756 | loss 0.2136 | data 0.1 ms | step 37.4 ms | 13689.4 samples/s
  step   250/1756 | loss 0.1953 | data 0.1 ms | step 37.4 ms | 13672.6 samples/s
  step   300/1756 | loss 0.1907 | data 0.1 ms | step 37.4 ms | 13686.1 samples/s
  step   350/1756 | loss 0.1930 | data 0.1 ms | step 37.5 ms | 13643.9 samples/s
  step   400/1756 | loss 0.1859 | data 0.1 ms | step 37.4 ms | 13681.5 samples/s
  step   450/1756 | loss 0.2061 | data 0.1 ms | step 37.4 ms | 13682.8 samples/s
  step   500/1756 | loss 0.1895 | data 0.1 ms | step 37.4 ms | 13698.7 samples/s
  step   550/1756 | loss 0.1936 | data 0.1 ms | step 37.6 ms | 13620.3 samples/s
  step   600/1756 | loss 0.1862 | data 0.1 ms | step 37.4 ms | 13677.1 samples/s
  step   650/1756 | loss 0.1741 | data 0.1 ms | step 37.5 ms | 13635.3 samples/s
  step   700/1756 | loss 0.1910 | data 0.1 ms | step 37.5 ms | 13653.6 samples/s
  step   750/1756 | loss 0.1907 | data 0.1 ms | step 37.4 ms | 13684.8 samples/s
  step   800/1756 | loss 0.1883 | data 0.1 ms | step 37.4 ms | 13682.5 samples/s
  step   850/1756 | loss 0.1843 | data 0.1 ms | step 37.6 ms | 13633.4 samples/s
  step   900/1756 | loss 0.1964 | data 0.1 ms | step 37.5 ms | 13655.1 samples/s
  step   950/1756 | loss 0.1958 | data 0.1 ms | step 37.7 ms | 13592.1 samples/s
  step  1000/1756 | loss 0.1793 | data 0.1 ms | step 37.7 ms | 13581.4 samples/s
  step  1050/1756 | loss 0.1789 | data 0.1 ms | step 37.5 ms | 13654.6 samples/s
  step  1100/1756 | loss 0.1893 | data 0.1 ms | step 37.5 ms | 13652.0 samples/s
  step  1150/1756 | loss 0.2090 | data 0.1 ms | step 37.5 ms | 13647.4 samples/s
  step  1200/1756 | loss 0.1764 | data 0.1 ms | step 37.4 ms | 13681.1 samples/s
  step  1250/1756 | loss 0.2103 | data 0.1 ms | step 37.4 ms | 13678.0 samples/s
  step  1300/1756 | loss 0.1835 | data 0.1 ms | step 37.4 ms | 13701.6 samples/s
  step  1350/1756 | loss 0.1822 | data 0.1 ms | step 37.5 ms | 13647.4 samples/s
  step  1400/1756 | loss 0.1800 | data 0.1 ms | step 37.6 ms | 13621.3 samples/s
  step  1450/1756 | loss 0.2085 | data 0.1 ms | step 37.4 ms | 13705.2 samples/s
  step  1500/1756 | loss 0.2083 | data 0.1 ms | step 37.3 ms | 13743.1 samples/s
  step  1550/1756 | loss 0.2005 | data 0.1 ms | step 37.3 ms | 13725.5 samples/s
  step  1600/1756 | loss 0.1797 | data 0.1 ms | step 37.1 ms | 13812.6 samples/s
  step  1650/1756 | loss 0.1964 | data 0.1 ms | step 36.8 ms | 13906.2 samples/s
  step  1700/1756 | loss 0.2006 | data 0.1 ms | step 36.9 ms | 13893.5 samples/s
  step  1750/1756 | loss 0.1782 | data 0.6 ms | step 37.0 ms | 13823.9 samples/s
Training Loss: 0.192244 | 13687.0 samples/s
Peak GPU memory: 1233.8 MB
Validation Loss: 0.206337 | 17848.0 samples/s

Epoch 83/100
----------------------------------------
Learning Rate: 0.000043
  step    50/1756 | loss 0.1976 | data 0.8 ms | step 37.6 ms | 13625.2 samples/s
  step   100/1756 | loss 0.1789 | data 0.1 ms | step 36.9 ms | 13858.6 samples/s
  step   150/1756 | loss 0.1712 | data 0.1 ms | step 36.9 ms | 13861.8 samples/s
  step   200/1756 | loss 0.1850 | data 0.1 ms | step 36.8 ms | 13895.8 samples/s
  step   250/1756 | loss 0.1679 | data 0.1 ms | step 37.0 ms | 13840.7 samples/s
  step   300/1756 | loss 0.1868 | data 0.1 ms | step 37.0 ms | 13854.8 samples/s
  step   350/1756 | loss 0.1848 | data 0.1 ms | step 37.0 ms | 13839.9 samples/s
  step   400/1756 | loss 0.1764 | data 0.1 ms | step 37.0 ms | 13827.5 samples/s
  step   450/1756 | loss 0.1992 | data 0.1 ms | step 37.0 ms | 13820.3 samples/s
  step   500/1756 | loss 0.1838 | data 0.1 ms | step 37.0 ms | 13854.2 samples/s
  step   550/1756 | loss 0.1776 | data 0.1 ms | step 37.0 ms | 13829.0 samples/s
  step   600/1756 | loss 0.1907 | data 0.1 ms | step 37.0 ms | 13821.2 samples/s
  step   650/1756 | loss 0.1762 | data 0.1 ms | step 36.9 ms | 13862.3 samples/s
  step   700/1756 | loss 0.1867 | data 0.1 ms | step 37.0 ms | 13826.2 samples/s
  step   750/1756 | loss 0.2082 | data 0.1 ms | step 37.2 ms | 13769.2 samples/s
  step   800/1756 | loss 0.1892 | data 0.1 ms | step 37.4 ms | 13680.4 samples/s
  step   850/1756 | loss 0.1794 | data 0.1 ms | step 37.6 ms | 13624.4 samples/s
  step   900/1756 | loss 0.1842 | data 0.1 ms | step 37.5 ms | 13650.3 samples/s
  step   950/1756 | loss 0.1993 | data 0.1 ms | step 37.5 ms | 13668.5 samples/s
  step  1000/1756 | loss 0.2065 | data 0.1 ms | step 37.3 ms | 13717.7 samples/s
  step  1050/1756 | loss 0.1982 | data 0.1 ms | step 37.5 ms | 13671.2 samples/s
  step  1100/1756 | loss 0.1820 | data 0.1 ms | step 37.6 ms | 13631.4 samples/s
  step  1150/1756 | loss 0.1798 | data 0.1 ms | step 37.6 ms | 13616.9 samples/s
  step  1200/1756 | loss 0.2137 | data 0.1 ms | step 37.5 ms | 13656.8 samples/s
  step  1250/1756 | loss 0.1711 | data 0.1 ms | step 37.5 ms | 13638.1 samples/s
  step  1300/1756 | loss 0.1815 | data 0.1 ms | step 37.6 ms | 13634.7 samples/s
  step  1350/1756 | loss 0.1871 | data 0.1 ms | step 37.4 ms | 13695.3 samples/s
  step  1400/1756 | loss 0.1798 | data 0.1 ms | step 37.4 ms | 13671.7 samples/s
  step  1450/1756 | loss 0.1822 | data 0.1 ms | step 37.5 ms | 13638.4 samples/s
  step  1500/1756 | loss 0.1781 | data 0.1 ms | step 37.6 ms | 13618.4 samples/s
  step  1550/1756 | loss 0.1910 | data 0.1 ms | step 37.5 ms | 13644.9 samples/s
  step  1600/1756 | loss 0.1795 | data 0.1 ms | step 37.6 ms | 13625.8 samples/s
  step  1650/1756 | loss 0.1867 | data 0.1 ms | step 37.5 ms | 13667.3 samples/s
  step  1700/1756 | loss 0.1968 | data 0.1 ms | step 37.4 ms | 13688.1 samples/s
  step  1750/1756 | loss 0.1772 | data 0.6 ms | step 37.6 ms | 13624.3 samples/s
Training Loss: 0.186194 | 13724.8 samples/s
Peak GPU memory: 1233.8 MB
Validation Loss: 0.222849 | 17696.3 samples/s

Epoch 84/100
----------------------------------------
Learning Rate: 0.000043
  step    50/1756 | loss 0.1936 | data 0.8 ms | step 37.0 ms | 13829.0 samples/s
  step   100/1756 | loss 0.1884 | data 0.1 ms | step 37.2 ms | 13778.7 samples/s
  step   150/1756 | loss 0.1731 | data 0.1 ms | step 37.0 ms | 13833.6 samples/s
  step   200/1756 | loss 0.1713 | data 0.1 ms | step 36.9 ms | 13864.3 samples/s
  step   250/1756 | loss 0.1917 | data 0.1 ms | step 36.8 ms | 13894.5 samples/s
  step   300/1756 | loss 0.1737 | data 0.1 ms | step 37.0 ms | 13824.1 samples/s
  step   350/1756 | loss 0.2033 | data 0.1 ms | step 36.9 ms | 13860.4 samples/s
  step   400/1756 | loss 0.1799 | data 0.1 ms | step 36.9 ms | 13881.9 samples/s
  step   450/1756 | loss 0.1907 | data 0.1 ms | step 37.1 ms | 13798.4 samples/s
  step   500/1756 | loss 0.1880 | data 0.1 ms | step 37.0 ms | 13839.4 samples/s
  step   550/1756 | loss 0.1823 | data 0.1 ms | step 36.8 ms | 13924.9 samples/s
  step   600/1756 | loss 0.2023 | data 0.1 ms | step 37.0 ms | 13851.6 samples/s
  step   650/1756 | loss 0.1873 | data 0.1 ms | step 37.0 ms | 13855.3 samples/s
  step   700/1756 | loss 0.1860 | data 0.1 ms | step 37.1 ms | 13812.1 samples/s
  step   750/1756 | loss 0.1870 | data 0.1 ms | step 37.1 ms | 13794.8 samples/s
  step   800/1756 | loss 0.1991 | data 0.1 ms | step 37.3 ms | 13741.0 samples/s
  step   850/1756 | loss 0.1881 | data 0.1 ms | step 37.6 ms | 13605.1 samples/s
  step   900/1756 | loss 0.1851 | data 0.1 ms | step 37.6 ms | 13622.1 samples/s
  step   950/1756 | loss 0.1922 | data 0.1 ms | step 37.5 ms | 13653.7 samples/s
  step  1000/1756 | loss 0.1809 | data 0.1 ms | step 37.4 ms | 13690.3 samples/s
  step  1050/1756 | loss 0.1906 | data 0.1 ms | step 37.7 ms | 13580.6 samples/s
  step  1100/1756 | loss 0.1660 | data 0.1 ms | step 37.5 ms | 13655.1 samples/s
  step  1150/1756 | loss 0.1703 | data 0.1 ms | step 37.6 ms | 13633.9 samples/s
  step  1200/1756 | loss 0.1825 | data 0.1 ms | step 37.3 ms | 13714.0 samples/s
  step  1250/1756 | loss 0.1826 | data 0.1 ms | step 37.3 ms | 13710.0 samples/s
  step  1300/1756 | loss 0.2051 | data 0.1 ms | step 37.5 ms | 13654.1 samples/s
  step  1350/1756 | loss 0.1876 | data 0.1 ms | step 37.4 ms | 13696.1 samples/s
  step  1400/1756 | loss 0.1782 | data 0.1 ms | step 37.5 ms | 13667.0 samples/s
  step  1450/1756 | loss 0.1732 | data 0.1 ms | step 37.5 ms | 13646.3 samples/s
  step  1500/1756 | loss 0.1815 | data 0.1 ms | step 37.5 ms | 13648.5 samples/s
  step  1550/1756 | loss 0.1729 | data 0.1 ms | step 37.5 ms | 13647.0 samples/s
  step  1600/1756 | loss 0.2032 | data 0.1 ms | step 37.6 ms | 13630.7 samples/s
  step  1650/1756 | loss 0.1766 | data 0.1 ms | step 37.6 ms | 13617.2 samples/s
  step  1700/1756 | loss 0.1932 | data 0.1 ms | step 37.5 ms | 13646.8 samples/s
  step  1750/1756 | loss 0.1818 | data 0.6 ms | step 37.7 ms | 13590.0 samples/s
Training Loss: 0.185519 | 13731.6 samples/s
Peak GPU memory: 1233.8 MB
Validation Loss: 0.184385 | 17590.5 samples/s

Epoch 85/100
----------------------------------------
Learning Rate: 0.000043
  step    50/1756 | loss 0.1923 | data 0.7 ms | step 40.9 ms | 12531.0 samples/s
  step   100/1756 | loss 0.1828 | data 0.1 ms | step 40.7 ms | 12577.4 samples/s
  step   150/1756 | loss 0.1999 | data 0.1 ms | step 36.9 ms | 13883.4 samples/s
  step   200/1756 | loss 0.1916 | data 0.1 ms | step 37.0 ms | 13821.7 samples/s
  step   250/1756 | loss 0.1823 | data 0.1 ms | step 37.1 ms | 13809.0 samples/s
  step   300/1756 | loss 0.1681 | data 0.1 ms | step 36.7 ms | 13944.1 samples/s
  step   350/1756 | loss 0.1885 | data 0.1 ms | step 36.9 ms | 13863.6 samples/s
  step   400/1756 | loss 0.1776 | data 0.1 ms | step 36.8 ms | 13894.3 samples/s
  step   450/1756 | loss 0.1908 | data 0.1 ms | step 36.8 ms | 13895.6 samples/s
  step   500/1756 | loss 0.1825 | data 0.1 ms | step 36.9 ms | 13866.6 samples/s
  step   550/1756 | loss 0.1685 | data 0.1 ms | step 40.6 ms | 12596.4 samples/s
  step   600/1756 | loss 0.1921 | data 0.1 ms | step 43.3 ms | 11816.4 samples/s
  step   650/1756 | loss 0.1879 | data 0.1 ms | step 40.8 ms | 12550.3 samples/s
  step   700/1756 | loss 0.1923 | data 0.1 ms | step 36.9 ms | 13889.8 samples/s
  step   750/1756 | loss 0.1758 | data 0.1 ms | step 36.9 ms | 13860.7 samples/s
  step   800/1756 | loss 0.1925 | data 0.1 ms | step 36.9 ms | 13859.7 samples/s
  step   850/1756 | loss 0.2062 | data 0.1 ms | step 37.0 ms | 13848.6 samples/s
  step   900/1756 | loss 0.1966 | data 0.1 ms | step 36.7 ms | 13945.3 samples/s
  step   950/1756 | loss 0.1800 | data 0.1 ms | step 36.8 ms | 13907.0 samples/s
  step  1000/1756 | loss 0.1884 | data 0.1 ms | step 37.0 ms | 13853.8 samples/s
  step  1050/1756 | loss 0.2012 | data 0.1 ms | step 37.0 ms | 13823.5 samples/s
  step  1100/1756 | loss 0.1739 | data 0.1 ms | step 37.0 ms | 13825.2 samples/s
  step  1150/1756 | loss 0.1903 | data 0.1 ms | step 37.1 ms | 13793.3 samples/s
  step  1200/1756 | loss 0.1805 | data 0.1 ms | step 37.1 ms | 13798.9 samples/s
  step  1250/1756 | loss 0.1688 | data 0.1 ms | step 36.9 ms | 13876.3 samples/s
  step  1300/1756 | loss 0.1830 | data 0.1 ms | step 37.0 ms | 13840.9 samples/s
  step  1350/1756 | loss 0.1674 | data 0.1 ms | step 37.6 ms | 13600.0 samples/s
  step  1400/1756 | loss 0.1727 | data 0.1 ms | step 40.4 ms | 12664.0 samples/s
  step  1450/1756 | loss 0.1697 | data 0.2 ms | step 40.2 ms | 12737.1 samples/s
  step  1500/1756 | loss 0.1911 | data 0.1 ms | step 38.1 ms | 13452.3 samples/s
  step  1550/1756 | loss 0.1890 | data 0.1 ms | step 38.0 ms | 13466.8 samples/s
  step  1600/1756 | loss 0.2095 | data 0.1 ms | step 38.7 ms | 13234.7 samples/s
  step  1650/1756 | loss 0.1742 | data 0.1 ms | step 36.6 ms | 13982.1 samples/s
  step  1700/1756 | loss 0.1961 | data 0.1 ms | step 36.9 ms | 13860.2 samples/s
  step  1750/1756 | loss 0.2100 | data 0.6 ms | step 37.7 ms | 13563.8 samples/s
Training Loss: 0.186052 | 13511.0 samples/s
Peak GPU memory: 1233.8 MB
Validation Loss: 0.189159 | 17907.2 samples/s

Epoch 86/100
----------------------------------------
Learning Rate: 0.000043
  step    50/1756 | loss 0.1809 | data 0.7 ms | step 36.7 ms | 13945.8 samples/s
  step   100/1756 | loss 0.1863 | data 0.1 ms | step 36.7 ms | 13957.9 samples/s
  step   150/1756 | loss 0.2076 | data 0.1 ms | step 36.6 ms | 13995.9 samples/s
  step   200/1756 | loss 0.1928 | data 0.1 ms | step 36.7 ms | 13943.9 samples/s
  step   250/1756 | loss 0.1954 | data 0.1 ms | step 36.6 ms | 13972.6 samples/s
  step   300/1756 | loss 0.1885 | data 0.1 ms | step 36.7 ms | 13937.2 samples/s
  step   350/1756 | loss 0.1597 | data 0.1 ms | step 36.9 ms | 13888.3 samples/s
  step   400/1756 | loss 0.1727 | data 0.1 ms | step 37.0 ms | 13845.1 samples/s
  step   450/1756 | loss 0.1679 | data 0.1 ms | step 36.5 ms | 14011.2 samples/s
  step   500/1756 | loss 0.1765 | data 0.1 ms | step 36.7 ms | 13963.4 samples/s
  step   550/1756 | loss 0.1866 | data 0.1 ms | step 36.6 ms | 13995.6 samples/s
  step   600/1756 | loss 0.1873 | data 0.1 ms | step 36.6 ms | 13993.4 samples/s
  step   650/1756 | loss 0.1817 | data 0.1 ms | step 36.9 ms | 13859.9 samples/s
  step   700/1756 | loss 0.1845 | data 0.1 ms | step 36.8 ms | 13909.6 samples/s
  step   750/1756 | loss 0.1829 | data 0.1 ms | step 36.5 ms | 14022.9 samples/s
  step   800/1756 | loss 0.1756 | data 0.1 ms | step 36.6 ms | 13994.6 samples/s
  step   850/1756 | loss 0.1729 | data 0.1 ms | step 36.5 ms | 14020.3 samples/s
  step   900/1756 | loss 0.1846 | data 0.1 ms | step 36.4 ms | 14052.7 samples/s
  step   950/1756 | loss 0.1798 | data 0.1 ms | step 36.5 ms | 14009.2 samples/s
  step  1000/1756 | loss 0.1703 | data 0.1 ms | step 36.5 ms | 14039.8 samples/s
  step  1050/1756 | loss 0.1587 | data 0.1 ms | step 36.5 ms | 14015.8 samples/s
  step  1100/1756 | loss 0.1862 | data 0.1 ms | step 36.5 ms | 14030.4 samples/s
  step  1150/1756 | loss 0.2101 | data 0.1 ms | step 36.4 ms | 14048.6 samples/s
  step  1200/1756 | loss 0.1918 | data 0.1 ms | step 36.6 ms | 14004.7 samples/s
  step  1250/1756 | loss 0.1917 | data 0.1 ms | step 36.7 ms | 13958.5 samples/s
  step  1300/1756 | loss 0.1824 | data 0.1 ms | step 36.6 ms | 13976.8 samples/s
  step  1350/1756 | loss 0.1636 | data 0.1 ms | step 36.5 ms | 14022.6 samples/s
  step  1400/1756 | loss 0.1783 | data 0.1 ms | step 36.5 ms | 14038.3 samples/s
  step  1450/1756 | loss 0.1755 | data 0.1 ms | step 36.5 ms | 14013.4 samples/s
  step  1500/1756 | loss 0.1770 | data 0.1 ms | step 36.6 ms | 13988.9 samples/s
  step  1550/1756 | loss 0.1964 | data 0.1 ms | step 36.7 ms | 13953.4 samples/s
  step  1600/1756 | loss 0.1753 | data 0.1 ms | step 36.5 ms | 14018.2 samples/s
  step  1650/1756 | loss 0.1968 | data 0.1 ms | step 36.5 ms | 14023.2 samples/s
  step  1700/1756 | loss 0.1794 | data 0.1 ms | step 36.5 ms | 14043.2 samples/s
  step  1750/1756 | loss 0.1907 | data 0.6 ms | step 36.6 ms | 14004.8 samples/s
Training Loss: 0.182447 | 13984.3 samples/s
Peak GPU memory: 1233.8 MB
Validation Loss: 0.179601 | 17964.2 samples/s

Epoch 87/100
----------------------------------------
Learning Rate: 0.000043
  step    50/1756 | loss 0.1837 | data 0.6 ms | step 36.9 ms | 13879.7 samples/s
  step   100/1756 | loss 0.1849 | data 0.1 ms | step 36.8 ms | 13926.0 samples/s
  step   150/1756 | loss 0.1877 | data 0.1 ms | step 36.6 ms | 13986.9 samples/s
  step   200/1756 | loss 0.1779 | data 0.1 ms | step 36.5 ms | 14043.1 samples/s
  step   250/1756 | loss 0.1824 | data 0.1 ms | step 36.7 ms | 13963.1 samples/s
  step   300/1756 | loss 0.1822 | data 0.1 ms | step 36.5 ms | 14015.9 samples/s
  step   350/1756 | loss 0.2010 | data 0.1 ms | step 36.7 ms | 13939.1 samples/s
  step   400/1756 | loss 0.1707 | data 0.1 ms | step 36.6 ms | 14008.0 samples/s
  step   450/1756 | loss 0.1856 | data 0.1 ms | step 36.7 ms | 13934.0 samples/s
  step   500/1756 | loss 0.1924 | data 0.1 ms | step 36.6 ms | 13973.2 samples/s
  step   550/1756 | loss 0.1791 | data 0.1 ms | step 36.7 ms | 13951.9 samples/s
  step   600/1756 | loss 0.1701 | data 0.1 ms | step 36.6 ms | 13980.9 samples/s
  step   650/1756 | loss 0.1972 | data 0.1 ms | step 36.5 ms | 14038.6 samples/s
  step   700/1756 | loss 0.2032 | data 0.1 ms | step 36.6 ms | 13994.1 samples/s
  step   750/1756 | loss 0.1799 | data 0.1 ms | step 37.0 ms | 13855.6 samples/s
  step   800/1756 | loss 0.1822 | data 0.1 ms | step 37.0 ms | 13844.6 samples/s
  step   850/1756 | loss 0.1754 | data 0.1 ms | step 37.3 ms | 13723.3 samples/s
  step   900/1756 | loss 0.1624 | data 0.1 ms | step 37.1 ms | 13796.6 samples/s
  step   950/1756 | loss 0.1702 | data 0.1 ms | step 37.1 ms | 13789.3 samples/s
  step  1000/1756 | loss 0.1901 | data 0.1 ms | step 37.3 ms | 13734.7 samples/s
  step  1050/1756 | loss 0.1717 | data 0.1 ms | step 37.2 ms | 13770.1 samples/s
  step  1100/1756 | loss 0.1941 | data 0.1 ms | step 37.1 ms | 13806.6 samples/s
  step  1150/1756 | loss 0.1815 | data 0.1 ms | step 37.0 ms | 13832.1 samples/s
  step  1200/1756 | loss 0.1764 | data 0.1 ms | step 36.9 ms | 13857.3 samples/s
  step  1250/1756 | loss 0.1936 | data 0.1 ms | step 37.0 ms | 13830.6 samples/s
  step  1300/1756 | loss 0.1914 | data 0.1 ms | step 37.0 ms | 13836.7 samples/s
  step  1350/1756 | loss 0.1858 | data 0.1 ms | step 37.0 ms | 13821.5 samples/s
  step  1400/1756 | loss 0.1821 | data 0.1 ms | step 37.0 ms | 13820.7 samples/s
  step  1450/1756 | loss 0.1620 | data 0.1 ms | step 36.9 ms | 13882.9 samples/s
  step  1500/1756 | loss 0.1956 | data 0.1 ms | step 37.0 ms | 13843.8 samples/s
  step  1550/1756 | loss 0.1949 | data 0.1 ms | step 37.2 ms | 13772.1 samples/s
  step  1600/1756 | loss 0.1890 | data 0.1 ms | step 37.3 ms | 13744.1 samples/s
  step  1650/1756 | loss 0.1620 | data 0.1 ms | step 37.1 ms | 13797.5 samples/s
  step  1700/1756 | loss 0.1795 | data 0.1 ms | step 37.3 ms | 13735.9 samples/s
  step  1750/1756 | loss 0.1748 | data 0.7 ms | step 37.3 ms | 13743.1 samples/s
Training Loss: 0.182644 | 13868.2 samples/s
Peak GPU memory: 1233.8 MB
Validation Loss: 0.203957 | 17893.8 samples/s

Epoch 88/100
----------------------------------------
Learning Rate: 0.000043
  step    50/1756 | loss 0.1810 | data 0.6 ms | step 37.3 ms | 13727.0 samples/s
  step   100/1756 | loss 0.1833 | data 0.1 ms | step 37.3 ms | 13709.7 samples/s
  step   150/1756 | loss 0.1782 | data 0.1 ms | step 37.3 ms | 13738.6 samples/s
  step   200/1756 | loss 0.1734 | data 0.1 ms | step 37.3 ms | 13740.5 samples/s
  step   250/1756 | loss 0.1997 | data 0.1 ms | step 37.0 ms | 13828.3 samples/s
  step   300/1756 | loss 0.1841 | data 0.1 ms | step 37.0 ms | 13823.5 samples/s
  step   350/1756 | loss 0.1834 | data 0.1 ms | step 37.1 ms | 13790.8 samples/s
  step   400/1756 | loss 0.1668 | data 0.1 ms | step 37.2 ms | 13780.5 samples/s
  step   450/1756 | loss 0.1774 | data 0.1 ms | step 37.2 ms | 13760.8 samples/s
  step   500/1756 | loss 0.1612 | data 0.1 ms | step 37.1 ms | 13785.4 samples/s
  step   550/1756 | loss 0.1856 | data 0.1 ms | step 37.0 ms | 13842.9 samples/s
  step   600/1756 | loss 0.2186 | data 0.1 ms | step 37.0 ms | 13837.0 samples/s
  step   650/1756 | loss 0.1891 | data 0.1 ms | step 37.1 ms | 13783.1 samples/s
  step   700/1756 | loss 0.1692 | data 0.1 ms | step 37.2 ms | 13761.2 samples/s
  step   750/1756 | loss 0.1787 | data 0.1 ms | step 37.1 ms | 13783.7 samples/s
  step   800/1756 | loss 0.1831 | data 0.1 ms | step 37.3 ms | 13727.4 samples/s
  step   850/1756 | loss 0.1869 | data 0.1 ms | step 37.3 ms | 13739.6 samples/s
  step   900/1756 | loss 0.1782 | data 0.1 ms | step 37.0 ms | 13840.8 samples/s
  step   950/1756 | loss 0.1772 | data 0.1 ms | step 36.9 ms | 13870.1 samples/s
  step  1000/1756 | loss 0.1868 | data 0.1 ms | step 37.0 ms | 13850.2 samples/s
  step  1050/1756 | loss 0.1963 | data 0.1 ms | step 37.2 ms | 13757.6 samples/s
  step  1100/1756 | loss 0.1787 | data 0.1 ms | step 37.2 ms | 13755.6 samples/s
  step  1150/1756 | loss 0.1638 | data 0.1 ms | step 37.4 ms | 13682.9 samples/s
  step  1200/1756 | loss 0.1684 | data 0.1 ms | step 37.4 ms | 13691.9 samples/s
  step  1250/1756 | loss 0.1782 | data 0.1 ms | step 37.1 ms | 13791.1 samples/s
  step  1300/1756 | loss 0.1792 | data 0.1 ms | step 37.2 ms | 13759.5 samples/s
  step  1350/1756 | loss 0.1673 | data 0.1 ms | step 37.3 ms | 13725.3 samples/s
  step  1400/1756 | loss 0.1616 | data 0.1 ms | step 37.2 ms | 13781.0 samples/s
  step  1450/1756 | loss 0.1730 | data 0.1 ms | step 37.2 ms | 13746.5 samples/s
  step  1500/1756 | loss 0.1842 | data 0.1 ms | step 37.2 ms | 13759.1 samples/s
  step  1550/1756 | loss 0.1889 | data 0.1 ms | step 37.2 ms | 13777.8 samples/s
  step  1600/1756 | loss 0.2417 | data 0.1 ms | step 37.1 ms | 13786.6 samples/s
  step  1650/1756 | loss 0.1772 | data 0.1 ms | step 37.1 ms | 13815.4 samples/s
  step  1700/1756 | loss 0.1723 | data 0.1 ms | step 37.3 ms | 13741.7 samples/s
  step  1750/1756 | loss 0.1813 | data 0.6 ms | step 37.4 ms | 13694.9 samples/s
Training Loss: 0.181598 | 13769.2 samples/s
Peak GPU memory: 1233.8 MB
Validation Loss: 0.182268 | 17867.6 samples/s

Epoch 89/100
----------------------------------------
Learning Rate: 0.000043
  step    50/1756 | loss 0.1911 | data 0.7 ms | step 37.4 ms | 13685.3 samples/s
  step   100/1756 | loss 0.1816 | data 0.1 ms | step 37.1 ms | 13790.2 samples/s
  step   150/1756 | loss 0.1781 | data 0.1 ms | step 37.1 ms | 13818.7 samples/s
  step   200/1756 | loss 0.1589 | data 0.1 ms | step 37.2 ms | 13776.8 samples/s
  step   250/1756 | loss 0.1766 | data 0.1 ms | step 37.1 ms | 13809.8 samples/s
  step   300/1756 | loss 0.1753 | data 0.1 ms | step 37.1 ms | 13784.2 samples/s
  step   350/1756 | loss 0.1777 | data 0.1 ms | step 37.2 ms | 13758.8 samples/s
  step   400/1756 | loss 0.1693 | data 0.1 ms | step 37.0 ms | 13841.8 samples/s
  step   450/1756 | loss 0.1731 | data 0.1 ms | step 37.1 ms | 13800.5 samples/s
  step   500/1756 | loss 0.1829 | data 0.1 ms | step 37.3 ms | 13725.4 samples/s
  step   550/1756 | loss 0.1770 | data 0.1 ms | step 37.2 ms | 13760.2 samples/s
  step   600/1756 | loss 0.1709 | data 0.1 ms | step 37.1 ms | 13809.1 samples/s
  step   650/1756 | loss 0.1629 | data 0.1 ms | step 37.1 ms | 13817.6 samples/s
  step   700/1756 | loss 0.1849 | data 0.1 ms | step 36.9 ms | 13859.8 samples/s
  step   750/1756 | loss 0.1981 | data 0.1 ms | step 37.2 ms | 13773.6 samples/s
  step   800/1756 | loss 0.1851 | data 0.1 ms | step 37.1 ms | 13793.6 samples/s
  step   850/1756 | loss 0.1940 | data 0.1 ms | step 37.0 ms | 13827.4 samples/s
  step   900/1756 | loss 0.1881 | data 0.1 ms | step 37.0 ms | 13833.6 samples/s
  step   950/1756 | loss 0.2011 | data 0.1 ms | step 36.8 ms | 13905.9 samples/s
  step  1000/1756 | loss 0.1631 | data 0.1 ms | step 36.9 ms | 13890.5 samples/s
  step  1050/1756 | loss 0.1815 | data 0.1 ms | step 36.9 ms | 13872.4 samples/s
  step  1100/1756 | loss 0.2004 | data 0.1 ms | step 37.0 ms | 13826.1 samples/s
  step  1150/1756 | loss 0.1798 | data 0.1 ms | step 37.1 ms | 13803.0 samples/s
  step  1200/1756 | loss 0.1760 | data 0.1 ms | step 37.1 ms | 13794.7 samples/s
  step  1250/1756 | loss 0.1611 | data 0.1 ms | step 37.2 ms | 13767.1 samples/s
  step  1300/1756 | loss 0.2017 | data 0.1 ms | step 37.1 ms | 13795.1 samples/s
  step  1350/1756 | loss 0.1878 | data 0.1 ms | step 37.0 ms | 13844.5 samples/s
  step  1400/1756 | loss 0.1704 | data 0.1 ms | step 37.0 ms | 13841.0 samples/s
  step  1450/1756 | loss 0.1758 | data 0.1 ms | step 37.1 ms | 13803.7 samples/s
  step  1500/1756 | loss 0.1671 | data 0.1 ms | step 37.0 ms | 13847.6 samples/s
  step  1550/1756 | loss 0.1847 | data 0.1 ms | step 37.1 ms | 13794.4 samples/s
  step  1600/1756 | loss 0.1901 | data 0.1 ms | step 37.1 ms | 13789.8 samples/s
  step  1650/1756 | loss 0.1781 | data 0.1 ms | step 37.2 ms | 13777.3 samples/s
  step  1700/1756 | loss 0.1990 | data 0.1 ms | step 37.1 ms | 13797.5 samples/s
  step  1750/1756 | loss 0.1752 | data 0.6 ms | step 37.5 ms | 13656.2 samples/s
Training Loss: 0.180531 | 13799.8 samples/s
Peak GPU memory: 1233.8 MB
Validation Loss: 0.208242 | 17911.8 samples/s

Epoch 90/100
----------------------------------------
Learning Rate: 0.000043
  step    50/1756 | loss 0.1771 | data 0.6 ms | step 37.4 ms | 13707.4 samples/s
  step   100/1756 | loss 0.1709 | data 0.1 ms | step 37.1 ms | 13790.7 samples/s
  step   150/1756 | loss 0.1709 | data 0.1 ms | step 37.1 ms | 13795.0 samples/s
  step   200/1756 | loss 0.1765 | data 0.1 ms | step 37.0 ms | 13823.7 samples/s
  step   250/1756 | loss 0.1757 | data 0.1 ms | step 37.3 ms | 13715.1 samples/s
  step   300/1756 | loss 0.1630 | data 0.1 ms | step 37.3 ms | 13738.7 samples/s
  step   350/1756 | loss 0.1840 | data 0.1 ms | step 37.1 ms | 13789.6 samples/s
  step   400/1756 | loss 0.1914 | data 0.1 ms | step 37.3 ms | 13743.3 samples/s
  step   450/1756 | loss 0.1866 | data 0.1 ms | step 37.2 ms | 13769.6 samples/s
  step   500/1756 | loss 0.1822 | data 0.1 ms | step 37.2 ms | 13768.5 samples/s
  step   550/1756 | loss 0.1881 | data 0.1 ms | step 37.1 ms | 13811.1 samples/s
  step   600/1756 | loss 0.1686 | data 0.1 ms | step 37.0 ms | 13835.6 samples/s
  step   650/1756 | loss 0.1815 | data 0.1 ms | step 37.2 ms | 13773.5 samples/s
  step   700/1756 | loss 0.1865 | data 0.1 ms | step 37.3 ms | 13730.4 samples/s
  step   750/1756 | loss 0.1953 | data 0.1 ms | step 37.3 ms | 13737.4 samples/s
  step   800/1756 | loss 0.1724 | data 0.1 ms | step 37.0 ms | 13819.9 samples/s
  step   850/1756 | loss 0.1729 | data 0.1 ms | step 37.2 ms | 13747.8 samples/s
  step   900/1756 | loss 0.1692 | data 0.1 ms | step 37.4 ms | 13674.9 samples/s
  step   950/1756 | loss 0.1665 | data 0.1 ms | step 37.1 ms | 13785.8 samples/s
  step  1000/1756 | loss 0.1588 | data 0.1 ms | step 36.9 ms | 13883.5 samples/s
  step  1050/1756 | loss 0.1738 | data 0.1 ms | step 36.9 ms | 13868.9 samples/s
  step  1100/1756 | loss 0.1595 | data 0.1 ms | step 37.1 ms | 13806.5 samples/s
  step  1150/1756 | loss 0.1756 | data 0.1 ms | step 37.1 ms | 13805.2 samples/s
  step  1200/1756 | loss 0.1707 | data 0.1 ms | step 37.2 ms | 13747.9 samples/s
  step  1250/1756 | loss 0.1861 | data 0.1 ms | step 37.2 ms | 13778.1 samples/s
  step  1300/1756 | loss 0.1857 | data 0.1 ms | step 37.0 ms | 13822.1 samples/s
  step  1350/1756 | loss 0.1605 | data 0.1 ms | step 37.1 ms | 13788.5 samples/s
  step  1400/1756 | loss 0.1811 | data 0.1 ms | step 37.2 ms | 13780.1 samples/s
  step  1450/1756 | loss 0.1846 | data 0.1 ms | step 36.9 ms | 13868.0 samples/s
  step  1500/1756 | loss 0.1832 | data 0.1 ms | step 37.2 ms | 13771.4 samples/s
  step  1550/1756 | loss 0.1801 | data 0.1 ms | step 37.0 ms | 13847.0 samples/s
  step  1600/1756 | loss 0.1934 | data 0.1 ms | step 37.0 ms | 13822.8 samples/s
  step  1650/1756 | loss 0.1736 | data 0.1 ms | step 37.2 ms | 13778.7 samples/s
  step  1700/1756 | loss 0.1711 | data 0.1 ms | step 37.3 ms | 13729.2 samples/s
  step  1750/1756 | loss 0.1640 | data 0.7 ms | step 37.4 ms | 13704.8 samples/s
Training Loss: 0.176540 | 13779.2 samples/s
Peak GPU memory: 1233.8 MB
Validation Loss: 0.171658 | 17788.1 samples/s

Epoch 91/100
----------------------------------------
Learning Rate: 0.000039
  step    50/1756 | loss 0.1532 | data 0.7 ms | step 37.3 ms | 13722.7 samples/s
  step   100/1756 | loss 0.1676 | data 0.1 ms | step 37.0 ms | 13826.8 samples/s
  step   150/1756 | loss 0.1552 | data 0.1 ms | step 37.0 ms | 13839.6 samples/s
  step   200/1756 | loss 0.1601 | data 0.1 ms | step 37.1 ms | 13793.3 samples/s
  step   250/1756 | loss 0.1721 | data 0.1 ms | step 36.9 ms | 13857.0 samples/s
  step   300/1756 | loss 0.1778 | data 0.1 ms | step 36.9 ms | 13884.0 samples/s
  step   350/1756 | loss 0.1713 | data 0.1 ms | step 37.2 ms | 13772.3 samples/s
  step   400/1756 | loss 0.1749 | data 0.1 ms | step 37.3 ms | 13709.7 samples/s
  step   450/1756 | loss 0.1682 | data 0.1 ms | step 37.2 ms | 13759.7 samples/s
  step   500/1756 | loss 0.1801 | data 0.1 ms | step 37.1 ms | 13799.2 samples/s
  step   550/1756 | loss 0.1738 | data 0.1 ms | step 37.3 ms | 13728.4 samples/s
  step   600/1756 | loss 0.1689 | data 0.1 ms | step 37.1 ms | 13806.4 samples/s
  step   650/1756 | loss 0.1917 | data 0.1 ms | step 37.0 ms | 13855.2 samples/s
  step   700/1756 | loss 0.1813 | data 0.1 ms | step 37.1 ms | 13806.2 samples/s
  step   750/1756 | loss 0.1732 | data 0.1 ms | step 37.3 ms | 13733.0 samples/s
  step   800/1756 | loss 0.1642 | data 0.1 ms | step 37.2 ms | 13780.3 samples/s
  step   850/1756 | loss 0.1809 | data 0.1 ms | step 37.2 ms | 13774.7 samples/s
  step   900/1756 | loss 0.1603 | data 0.1 ms | step 37.3 ms | 13714.8 samples/s
  step   950/1756 | loss 0.1760 | data 0.1 ms | step 37.3 ms | 13743.7 samples/s
  step  1000/1756 | loss 0.1648 | data 0.1 ms | step 37.2 ms | 13746.0 samples/s
  step  1050/1756 | loss 0.1787 | data 0.1 ms | step 37.3 ms | 13713.8 samples/s
  step  1100/1756 | loss 0.1741 | data 0.1 ms | step 37.3 ms | 13732.3 samples/s
  step  1150/1756 | loss 0.1758 | data 0.1 ms | step 37.1 ms | 13810.1 samples/s
  step  1200/1756 | loss 0.1770 | data 0.1 ms | step 37.0 ms | 13840.6 samples/s
  step  1250/1756 | loss 0.1606 | data 0.1 ms | step 37.0 ms | 13853.6 samples/s
  step  1300/1756 | loss 0.1867 | data 0.1 ms | step 37.4 ms | 13706.5 samples/s
  step  1350/1756 | loss 0.1733 | data 0.1 ms | step 37.1 ms | 13798.5 samples/s
  step  1400/1756 | loss 0.1651 | data 0.1 ms | step 37.3 ms | 13735.8 samples/s
  step  1450/1756 | loss 0.1665 | data 0.1 ms | step 37.0 ms | 13840.7 samples/s
  step  1500/1756 | loss 0.1757 | data 0.1 ms | step 37.1 ms | 13812.0 samples/s
  step  1550/1756 | loss 0.1674 | data 0.1 ms | step 37.3 ms | 13734.7 samples/s
  step  1600/1756 | loss 0.1718 | data 0.1 ms | step 37.2 ms | 13775.1 samples/s
  step  1650/1756 | loss 0.1927 | data 0.1 ms | step 37.1 ms | 13787.3 samples/s
  step  1700/1756 | loss 0.1583 | data 0.1 ms | step 37.2 ms | 13764.2 samples/s
  step  1750/1756 | loss 0.1700 | data 0.7 ms | step 37.5 ms | 13667.3 samples/s
Training Loss: 0.171632 | 13776.1 samples/s
Peak GPU memory: 1233.8 MB
Validation Loss: 0.175403 | 17776.9 samples/s

Epoch 92/100
----------------------------------------
Learning Rate: 0.000039
  step    50/1756 | loss 0.1712 | data 0.6 ms | step 37.4 ms | 13677.8 samples/s
  step   100/1756 | loss 0.1713 | data 0.1 ms | step 37.3 ms | 13730.3 samples/s
  step   150/1756 | loss 0.1639 | data 0.1 ms | step 37.2 ms | 13751.6 samples/s
  step   200/1756 | loss 0.1831 | data 0.1 ms | step 37.2 ms | 13747.9 samples/s
  step   250/1756 | loss 0.1741 | data 0.1 ms | step 37.4 ms | 13686.7 samples/s
  step   300/1756 | loss 0.1661 | data 0.1 ms | step 37.1 ms | 13792.9 samples/s
  step   350/1756 | loss 0.1781 | data 0.1 ms | step 37.4 ms | 13677.6 samples/s
  step   400/1756 | loss 0.1562 | data 0.1 ms | step 37.4 ms | 13706.2 samples/s
  step   450/1756 | loss 0.1703 | data 0.1 ms | step 37.2 ms | 13757.6 samples/s
  step   500/1756 | loss 0.1542 | data 0.1 ms | step 37.3 ms | 13723.5 samples/s
  step   550/1756 | loss 0.1630 | data 0.1 ms | step 37.5 ms | 13669.6 samples/s
  step   600/1756 | loss 0.1762 | data 0.1 ms | step 37.3 ms | 13712.5 samples/s
  step   650/1756 | loss 0.1807 | data 0.1 ms | step 37.2 ms | 13760.2 samples/s
  step   700/1756 | loss 0.1812 | data 0.1 ms | step 37.1 ms | 13810.6 samples/s
  step   750/1756 | loss 0.1841 | data 0.1 ms | step 37.1 ms | 13797.2 samples/s
  step   800/1756 | loss 0.1700 | data 0.1 ms | step 37.3 ms | 13725.3 samples/s
  step   850/1756 | loss 0.1687 | data 0.1 ms | step 37.4 ms | 13682.7 samples/s
  step   900/1756 | loss 0.1770 | data 0.1 ms | step 37.4 ms | 13701.7 samples/s
  step   950/1756 | loss 0.1657 | data 0.1 ms | step 37.2 ms | 13765.5 samples/s
  step  1000/1756 | loss 0.1737 | data 0.1 ms | step 37.2 ms | 13756.9 samples/s
  step  1050/1756 | loss 0.1633 | data 0.1 ms | step 37.2 ms | 13746.0 samples/s
  step  1100/1756 | loss 0.1747 | data 0.1 ms | step 37.2 ms | 13756.7 samples/s
  step  1150/1756 | loss 0.1791 | data 0.1 ms | step 37.4 ms | 13692.6 samples/s
  step  1200/1756 | loss 0.1656 | data 0.1 ms | step 37.5 ms | 13651.3 samples/s
  step  1250/1756 | loss 0.1739 | data 0.1 ms | step 37.3 ms | 13708.5 samples/s
  step  1300/1756 | loss 0.1515 | data 0.1 ms | step 37.2 ms | 13775.2 samples/s
  step  1350/1756 | loss 0.1727 | data 0.1 ms | step 37.5 ms | 13671.3 samples/s
  step  1400/1756 | loss 0.1611 | data 0.1 ms | step 37.5 ms | 13650.6 samples/s
  step  1450/1756 | loss 0.1760 | data 0.1 ms | step 37.4 ms | 13694.6 samples/s
  step  1500/1756 | loss 0.1709 | data 0.1 ms | step 37.4 ms | 13691.9 samples/s
  step  1550/1756 | loss 0.1753 | data 0.1 ms | step 37.4 ms | 13673.2 samples/s
  step  1600/1756 | loss 0.2027 | data 0.1 ms | step 37.3 ms | 13714.6 samples/s
  step  1650/1756 | loss 0.1688 | data 0.1 ms | step 37.5 ms | 13661.1 samples/s
  step  1700/1756 | loss 0.1791 | data 0.1 ms | step 37.2 ms | 13756.6 samples/s
  step  1750/1756 | loss 0.1728 | data 0.6 ms | step 37.6 ms | 13609.6 samples/s
Training Loss: 0.171758 | 13715.1 samples/s
Peak GPU memory: 1233.8 MB
Validation Loss: 0.174859 | 17816.4 samples/s

Epoch 93/100
----------------------------------------
Learning Rate: 0.000039
  step    50/1756 | loss 0.1591 | data 0.8 ms | step 37.5 ms | 13636.1 samples/s
  step   100/1756 | loss 0.1766 | data 0.1 ms | step 37.4 ms | 13686.2 samples/s
  step   150/1756 | loss 0.1958 | data 0.1 ms | step 37.3 ms | 13710.0 samples/s
  step   200/1756 | loss 0.1700 | data 0.1 ms | step 37.4 ms | 13692.7 samples/s
  step   250/1756 | loss 0.1798 | data 0.1 ms | step 37.4 ms | 13692.1 samples/s
  step   300/1756 | loss 0.1726 | data 0.1 ms | step 37.5 ms | 13666.8 samples/s
  step   350/1756 | loss 0.1843 | data 0.1 ms | step 37.6 ms | 13607.8 samples/s
  step   400/1756 | loss 0.1714 | data 0.1 ms | step 37.3 ms | 13723.9 samples/s
  step   450/1756 | loss 0.1800 | data 0.1 ms | step 37.2 ms | 13770.1 samples/s
  step   500/1756 | loss 0.1683 | data 0.1 ms | step 37.5 ms | 13662.3 samples/s
  step   550/1756 | loss 0.1657 | data 0.1 ms | step 37.4 ms | 13675.2 samples/s
  step   600/1756 | loss 0.1846 | data 0.1 ms | step 37.2 ms | 13780.6 samples/s
  step   650/1756 | loss 0.1654 | data 0.1 ms | step 37.0 ms | 13833.7 samples/s
  step   700/1756 | loss 0.1475 | data 0.1 ms | step 36.8 ms | 13908.6 samples/s
  step   750/1756 | loss 0.1684 | data 0.1 ms | step 37.4 ms | 13698.7 samples/s
  step   800/1756 | loss 0.1719 | data 0.1 ms | step 37.5 ms | 13657.5 samples/s
  step   850/1756 | loss 0.1576 | data 0.1 ms | step 37.6 ms | 13631.3 samples/s
  step   900/1756 | loss 0.1879 | data 0.1 ms | step 37.5 ms | 13645.5 samples/s
  step   950/1756 | loss 0.1797 | data 0.1 ms | step 37.6 ms | 13630.6 samples/s
  step  1000/1756 | loss 0.1786 | data 0.1 ms | step 37.5 ms | 13665.7 samples/s
  step  1050/1756 | loss 0.1611 | data 0.1 ms | step 37.1 ms | 13789.6 samples/s
  step  1100/1756 | loss 0.1823 | data 0.1 ms | step 37.1 ms | 13803.7 samples/s
  step  1150/1756 | loss 0.1653 | data 0.1 ms | step 37.2 ms | 13746.3 samples/s
  step  1200/1756 | loss 0.1743 | data 0.1 ms | step 37.4 ms | 13687.0 samples/s
  step  1250/1756 | loss 0.1707 | data 0.1 ms | step 37.3 ms | 13722.3 samples/s
  step  1300/1756 | loss 0.1737 | data 0.1 ms | step 37.2 ms | 13772.1 samples/s
  step  1350/1756 | loss 0.1615 | data 0.1 ms | step 37.2 ms | 13746.5 samples/s
  step  1400/1756 | loss 0.1642 | data 0.1 ms | step 37.1 ms | 13786.4 samples/s
  step  1450/1756 | loss 0.1522 | data 0.1 ms | step 37.1 ms | 13817.5 samples/s
  step  1500/1756 | loss 0.1664 | data 0.1 ms | step 36.9 ms | 13887.2 samples/s
  step  1550/1756 | loss 0.1780 | data 0.1 ms | step 37.3 ms | 13739.5 samples/s
  step  1600/1756 | loss 0.1655 | data 0.1 ms | step 37.3 ms | 13724.6 samples/s
  step  1650/1756 | loss 0.1782 | data 0.1 ms | step 37.2 ms | 13781.6 samples/s
  step  1700/1756 | loss 0.1827 | data 0.1 ms | step 37.3 ms | 13721.7 samples/s
  step  1750/1756 | loss 0.1856 | data 0.6 ms | step 37.5 ms | 13636.4 samples/s
Training Loss: 0.172238 | 13722.1 samples/s
Peak GPU memory: 1233.8 MB
Validation Loss: 0.185814 | 17829.9 samples/s

Epoch 94/100
----------------------------------------
Learning Rate: 0.000039
  step    50/1756 | loss 0.1621 | data 0.7 ms | step 37.4 ms | 13684.3 samples/s
  step   100/1756 | loss 0.2126 | data 0.1 ms | step 37.4 ms | 13683.8 samples/s
  step   150/1756 | loss 0.1697 | data 0.1 ms | step 37.1 ms | 13809.4 samples/s
  step   200/1756 | loss 0.1551 | data 0.1 ms | step 36.8 ms | 13897.6 samples/s
  step   250/1756 | loss 0.1642 | data 0.1 ms | step 37.2 ms | 13765.0 samples/s
  step   300/1756 | loss 0.1796 | data 0.1 ms | step 37.1 ms | 13802.8 samples/s
  step   350/1756 | loss 0.1720 | data 0.1 ms | step 37.3 ms | 13728.5 samples/s
  step   400/1756 | loss 0.1774 | data 0.1 ms | step 37.3 ms | 13740.9 samples/s
  step   450/1756 | loss 0.1508 | data 0.1 ms | step 37.4 ms | 13703.8 samples/s
  step   500/1756 | loss 0.1529 | data 0.1 ms | step 37.3 ms | 13716.5 samples/s
  step   550/1756 | loss 0.1632 | data 0.1 ms | step 37.3 ms | 13710.6 samples/s
  step   600/1756 | loss 0.1612 | data 0.1 ms | step 37.1 ms | 13787.1 samples/s
  step   650/1756 | loss 0.1547 | data 0.1 ms | step 37.3 ms | 13743.7 samples/s
  step   700/1756 | loss 0.1709 | data 0.1 ms | step 37.1 ms | 13799.1 samples/s
  step   750/1756 | loss 0.1661 | data 0.1 ms | step 37.1 ms | 13786.7 samples/s
  step   800/1756 | loss 0.1582 | data 0.1 ms | step 37.0 ms | 13823.0 samples/s
  step   850/1756 | loss 0.1757 | data 0.1 ms | step 37.2 ms | 13771.8 samples/s
  step   900/1756 | loss 0.1845 | data 0.1 ms | step 37.5 ms | 13665.1 samples/s
  step   950/1756 | loss 0.1638 | data 0.1 ms | step 37.4 ms | 13681.3 samples/s
  step  1000/1756 | loss 0.1840 | data 0.1 ms | step 37.2 ms | 13753.8 samples/s
  step  1050/1756 | loss 0.1716 | data 0.1 ms | step 37.5 ms | 13670.6 samples/s
  step  1100/1756 | loss 0.1748 | data 0.1 ms | step 37.5 ms | 13647.7 samples/s
  step  1150/1756 | loss 0.1714 | data 0.1 ms | step 37.3 ms | 13733.8 samples/s
  step  1200/1756 | loss 0.1592 | data 0.1 ms | step 37.3 ms | 13713.7 samples/s
  step  1250/1756 | loss 0.1601 | data 0.1 ms | step 37.3 ms | 13739.9 samples/s
  step  1300/1756 | loss 0.1694 | data 0.1 ms | step 37.6 ms | 13634.2 samples/s
  step  1350/1756 | loss 0.1698 | data 0.1 ms | step 37.4 ms | 13686.5 samples/s
  step  1400/1756 | loss 0.1698 | data 0.1 ms | step 37.4 ms | 13693.0 samples/s
  step  1450/1756 | loss 0.1731 | data 0.1 ms | step 37.4 ms | 13691.7 samples/s
  step  1500/1756 | loss 0.1533 | data 0.1 ms | step 37.6 ms | 13612.2 samples/s
  step  1550/1756 | loss 0.1641 | data 0.1 ms | step 37.4 ms | 13677.0 samples/s
  step  1600/1756 | loss 0.1572 | data 0.1 ms | step 37.3 ms | 13728.3 samples/s
  step  1650/1756 | loss 0.1633 | data 0.1 ms | step 37.2 ms | 13764.7 samples/s
  step  1700/1756 | loss 0.1807 | data 0.1 ms | step 37.1 ms | 13808.3 samples/s
  step  1750/1756 | loss 0.1717 | data 0.7 ms | step 37.6 ms | 13626.8 samples/s
Training Loss: 0.168278 | 13726.1 samples/s
Peak GPU memory: 1233.8 MB
Validation Loss: 0.168764 | 17849.9 samples/s

Epoch 95/100
----------------------------------------
Learning Rate: 0.000039
  step    50/1756 | loss 0.1573 | data 0.8 ms | step 37.6 ms | 13634.3 samples/s
  step   100/1756 | loss 0.1882 | data 0.1 ms | step 37.5 ms | 13664.0 samples/s
  step   150/1756 | loss 0.1562 | data 0.1 ms | step 37.2 ms | 13768.7 samples/s
  step   200/1756 | loss 0.1767 | data 0.1 ms | step 37.3 ms | 13734.2 samples/s
  step   250/1756 | loss 0.1612 | data 0.1 ms | step 37.4 ms | 13685.2 samples/s
  step   300/1756 | loss 0.1674 | data 0.1 ms | step 37.5 ms | 13637.5 samples/s
  step   350/1756 | loss 0.1593 | data 0.1 ms | step 37.4 ms | 13699.0 samples/s
  step   400/1756 | loss 0.1721 | data 0.1 ms | step 37.2 ms | 13755.7 samples/s
  step   450/1756 | loss 0.1835 | data 0.1 ms | step 37.2 ms | 13749.3 samples/s
  step   500/1756 | loss 0.1764 | data 0.1 ms | step 37.2 ms | 13755.1 samples/s
  step   550/1756 | loss 0.1724 | data 0.1 ms | step 37.3 ms | 13723.9 samples/s
  step   600/1756 | loss 0.1581 | data 0.1 ms | step 37.3 ms | 13735.0 samples/s
  step   650/1756 | loss 0.1601 | data 0.1 ms | step 37.4 ms | 13703.2 samples/s
  step   700/1756 | loss 0.1652 | data 0.1 ms | step 37.3 ms | 13713.4 samples/s
  step   750/1756 | loss 0.1765 | data 0.1 ms | step 37.2 ms | 13761.9 samples/s
  step   800/1756 | loss 0.1575 | data 0.1 ms | step 37.3 ms | 13742.2 samples/s
  step   850/1756 | loss 0.1560 | data 0.1 ms | step 37.3 ms | 13740.6 samples/s
  step   900/1756 | loss 0.1903 | data 0.1 ms | step 37.1 ms | 13813.6 samples/s
  step   950/1756 | loss 0.1699 | data 0.1 ms | step 37.2 ms | 13767.9 samples/s
  step  1000/1756 | loss 0.1554 | data 0.1 ms | step 37.2 ms | 13752.0 samples/s
  step  1050/1756 | loss 0.1721 | data 0.1 ms | step 37.4 ms | 13704.0 samples/s
  step  1100/1756 | loss 0.1656 | data 0.1 ms | step 37.4 ms | 13702.5 samples/s
  step  1150/1756 | loss 0.1826 | data 0.1 ms | step 37.4 ms | 13679.4 samples/s
  step  1200/1756 | loss 0.1804 | data 0.1 ms | step 37.4 ms | 13673.2 samples/s
  step  1250/1756 | loss 0.1675 | data 0.1 ms | step 37.6 ms | 13635.1 samples/s
  step  1300/1756 | loss 0.1639 | data 0.1 ms | step 37.5 ms | 13647.7 samples/s
  step  1350/1756 | loss 0.1765 | data 0.1 ms | step 37.3 ms | 13728.6 samples/s
  step  1400/1756 | loss 0.1752 | data 0.1 ms | step 37.3 ms | 13715.8 samples/s
  step  1450/1756 | loss 0.1547 | data 0.1 ms | step 37.5 ms | 13668.4 samples/s
  step  1500/1756 | loss 0.1758 | data 0.1 ms | step 37.5 ms | 13639.6 samples/s
  step  1550/1756 | loss 0.1687 | data 0.1 ms | step 37.4 ms | 13690.0 samples/s
  step  1600/1756 | loss 0.1792 | data 0.1 ms | step 37.2 ms | 13774.4 samples/s
  step  1650/1756 | loss 0.1816 | data 0.1 ms | step 37.6 ms | 13625.2 samples/s
  step  1700/1756 | loss 0.1608 | data 0.1 ms | step 37.6 ms | 13604.3 samples/s
  step  1750/1756 | loss 0.1720 | data 0.7 ms | step 37.6 ms | 13614.0 samples/s
Training Loss: 0.169562 | 13701.9 samples/s
Peak GPU memory: 1233.8 MB
Validation Loss: 0.177473 | 17683.2 samples/s

Epoch 96/100
----------------------------------------
Learning Rate: 0.000039
  step    50/1756 | loss 0.1758 | data 0.7 ms | step 37.4 ms | 13680.4 samples/s
  step   100/1756 | loss 0.1597 | data 0.1 ms | step 37.2 ms | 13769.0 samples/s
  step   150/1756 | loss 0.1661 | data 0.1 ms | step 37.2 ms | 13773.5 samples/s
  step   200/1756 | loss 0.1811 | data 0.1 ms | step 37.1 ms | 13797.6 samples/s
  step   250/1756 | loss 0.1628 | data 0.1 ms | step 37.3 ms | 13723.2 samples/s
  step   300/1756 | loss 0.1601 | data 0.1 ms | step 37.5 ms | 13646.9 samples/s
  step   350/1756 | loss 0.1786 | data 0.1 ms | step 37.3 ms | 13737.9 samples/s
  step   400/1756 | loss 0.1716 | data 0.1 ms | step 37.6 ms | 13632.6 samples/s
  step   450/1756 | loss 0.1634 | data 0.1 ms | step 37.3 ms | 13714.5 samples/s
  step   500/1756 | loss 0.1681 | data 0.1 ms | step 37.4 ms | 13698.5 samples/s
  step   550/1756 | loss 0.1589 | data 0.1 ms | step 37.5 ms | 13651.3 samples/s
  step   600/1756 | loss 0.1619 | data 0.1 ms | step 37.5 ms | 13669.2 samples/s
  step   650/1756 | loss 0.1513 | data 0.1 ms | step 37.4 ms | 13680.6 samples/s
  step   700/1756 | loss 0.1704 | data 0.1 ms | step 37.5 ms | 13664.0 samples/s
  step   750/1756 | loss 0.1560 | data 0.1 ms | step 37.5 ms | 13665.2 samples/s
  step   800/1756 | loss 0.1629 | data 0.1 ms | step 36.9 ms | 13857.6 samples/s
  step   850/1756 | loss 0.1604 | data 0.1 ms | step 37.1 ms | 13811.9 samples/s
  step   900/1756 | loss 0.1536 | data 0.1 ms | step 37.3 ms | 13727.2 samples/s
  step   950/1756 | loss 0.1673 | data 0.1 ms | step 37.4 ms | 13686.1 samples/s
  step  1000/1756 | loss 0.1653 | data 0.1 ms | step 37.2 ms | 13756.2 samples/s
  step  1050/1756 | loss 0.1647 | data 0.1 ms | step 37.4 ms | 13684.3 samples/s
  step  1100/1756 | loss 0.1744 | data 0.1 ms | step 37.4 ms | 13703.8 samples/s
  step  1150/1756 | loss 0.1752 | data 0.1 ms | step 37.5 ms | 13658.3 samples/s
  step  1200/1756 | loss 0.1719 | data 0.1 ms | step 37.6 ms | 13620.6 samples/s
  step  1250/1756 | loss 0.1533 | data 0.1 ms | step 37.5 ms | 13669.9 samples/s
  step  1300/1756 | loss 0.1571 | data 0.1 ms | step 37.4 ms | 13700.6 samples/s
  step  1350/1756 | loss 0.1703 | data 0.1 ms | step 37.6 ms | 13631.1 samples/s
  step  1400/1756 | loss 0.1745 | data 0.1 ms | step 37.5 ms | 13637.9 samples/s
  step  1450/1756 | loss 0.1777 | data 0.1 ms | step 37.3 ms | 13723.3 samples/s
  step  1500/1756 | loss 0.1541 | data 0.1 ms | step 37.2 ms | 13766.6 samples/s
  step  1550/1756 | loss 0.1724 | data 0.1 ms | step 37.5 ms | 13656.6 samples/s
  step  1600/1756 | loss 0.1606 | data 0.1 ms | step 37.5 ms | 13662.6 samples/s
  step  1650/1756 | loss 0.1543 | data 0.1 ms | step 37.4 ms | 13677.1 samples/s
  step  1700/1756 | loss 0.1740 | data 0.1 ms | step 37.4 ms | 13705.6 samples/s
  step  1750/1756 | loss 0.1559 | data 0.6 ms | step 37.7 ms | 13579.8 samples/s
Training Loss: 0.165240 | 13695.9 samples/s
Peak GPU memory: 1233.8 MB
Validation Loss: 0.164561 | 17774.3 samples/s

Epoch 97/100
----------------------------------------
Learning Rate: 0.000039
  step    50/1756 | loss 0.1657 | data 0.7 ms | step 37.5 ms | 13645.9 samples/s
  step   100/1756 | loss 0.1538 | data 0.1 ms | step 37.2 ms | 13750.8 samples/s
  step   150/1756 | loss 0.1592 | data 0.1 ms | step 37.3 ms | 13731.0 samples/s
  step   200/1756 | loss 0.1573 | data 0.1 ms | step 37.2 ms | 13767.0 samples/s
  step   250/1756 | loss 0.1630 | data 0.1 ms | step 37.3 ms | 13734.7 samples/s
  step   300/1756 | loss 0.1567 | data 0.1 ms | step 37.2 ms | 13754.3 samples/s
  step   350/1756 | loss 0.1611 | data 0.1 ms | step 37.3 ms | 13726.2 samples/s
  step   400/1756 | loss 0.1564 | data 0.1 ms | step 37.5 ms | 13662.3 samples/s
  step   450/1756 | loss 0.1578 | data 0.1 ms | step 37.4 ms | 13681.4 samples/s
  step   500/1756 | loss 0.1720 | data 0.1 ms | step 37.5 ms | 13655.0 samples/s
  step   550/1756 | loss 0.1739 | data 0.1 ms | step 37.5 ms | 13651.0 samples/s
  step   600/1756 | loss 0.1603 | data 0.1 ms | step 37.2 ms | 13765.1 samples/s
  step   650/1756 | loss 0.1776 | data 0.1 ms | step 37.0 ms | 13820.4 samples/s
  step   700/1756 | loss 0.1610 | data 0.1 ms | step 37.3 ms | 13736.9 samples/s
  step   750/1756 | loss 0.1743 | data 0.1 ms | step 37.4 ms | 13697.6 samples/s
  step   800/1756 | loss 0.1648 | data 0.1 ms | step 37.5 ms | 13644.3 samples/s
  step   850/1756 | loss 0.1633 | data 0.1 ms | step 37.2 ms | 13760.6 samples/s
  step   900/1756 | loss 0.1599 | data 0.1 ms | step 37.3 ms | 13742.1 samples/s
  step   950/1756 | loss 0.1505 | data 0.1 ms | step 37.2 ms | 13747.3 samples/s
  step  1000/1756 | loss 0.1424 | data 0.1 ms | step 37.2 ms | 13757.3 samples/s
  step  1050/1756 | loss 0.1525 | data 0.1 ms | step 37.2 ms | 13768.8 samples/s
  step  1100/1756 | loss 0.1761 | data 0.1 ms | step 37.2 ms | 13748.6 samples/s
  step  1150/1756 | loss 0.1809 | data 0.1 ms | step 37.3 ms | 13727.2 samples/s
  step  1200/1756 | loss 0.1620 | data 0.1 ms | step 37.4 ms | 13697.1 samples/s
  step  1250/1756 | loss 0.1679 | data 0.1 ms | step 37.4 ms | 13700.1 samples/s
  step  1300/1756 | loss 0.1830 | data 0.1 ms | step 37.2 ms | 13748.1 samples/s
  step  1350/1756 | loss 0.1808 | data 0.1 ms | step 37.4 ms | 13702.5 samples/s
  step  1400/1756 | loss 0.1521 | data 0.1 ms | step 37.4 ms | 13707.1 samples/s
  step  1450/1756 | loss 0.1733 | data 0.1 ms | step 37.3 ms | 13730.6 samples/s
  step  1500/1756 | loss 0.1604 | data 0.1 ms | step 37.4 ms | 13690.8 samples/s
  step  1550/1756 | loss 0.1647 | data 0.1 ms | step 37.4 ms | 13681.7 samples/s
  step  1600/1756 | loss 0.1886 | data 0.1 ms | step 37.5 ms | 13662.3 samples/s
  step  1650/1756 | loss 0.1577 | data 0.1 ms | step 37.3 ms | 13719.2 samples/s
  step  1700/1756 | loss 0.1553 | data 0.1 ms | step 37.4 ms | 13691.9 samples/s
  step  1750/1756 | loss 0.1725 | data 0.7 ms | step 37.5 ms | 13641.8 samples/s
Training Loss: 0.164580 | 13713.6 samples/s
Peak GPU memory: 1233.8 MB
Validation Loss: 0.169353 | 17692.4 samples/s

Epoch 98/100
----------------------------------------
Learning Rate: 0.000039
  step    50/1756 | loss 0.1491 | data 0.7 ms | step 37.5 ms | 13670.8 samples/s
  step   100/1756 | loss 0.1523 | data 0.1 ms | step 37.4 ms | 13683.5 samples/s
  step   150/1756 | loss 0.1545 | data 0.1 ms | step 37.3 ms | 13718.8 samples/s
  step   200/1756 | loss 0.1628 | data 0.1 ms | step 37.5 ms | 13657.7 samples/s
  step   250/1756 | loss 0.1663 | data 0.1 ms | step 37.6 ms | 13624.9 samples/s
  step   300/1756 | loss 0.1733 | data 0.1 ms | step 37.5 ms | 13666.6 samples/s
  step   350/1756 | loss 0.1514 | data 0.1 ms | step 37.5 ms | 13641.2 samples/s
  step   400/1756 | loss 0.1745 | data 0.1 ms | step 37.4 ms | 13704.9 samples/s
  step   450/1756 | loss 0.1648 | data 0.1 ms | step 37.4 ms | 13690.5 samples/s
  step   500/1756 | loss 0.1597 | data 0.1 ms | step 37.5 ms | 13664.5 samples/s
  step   550/1756 | loss 0.1549 | data 0.1 ms | step 37.5 ms | 13657.0 samples/s
  step   600/1756 | loss 0.1803 | data 0.1 ms | step 37.5 ms | 13656.3 samples/s
  step   650/1756 | loss 0.2119 | data 0.1 ms | step 37.4 ms | 13688.0 samples/s
  step   700/1756 | loss 0.1433 | data 0.1 ms | step 37.6 ms | 13634.7 samples/s
  step   750/1756 | loss 0.1435 | data 0.1 ms | step 37.3 ms | 13712.3 samples/s
  step   800/1756 | loss 0.1464 | data 0.1 ms | step 37.2 ms | 13748.6 samples/s
  step   850/1756 | loss 0.1500 | data 0.1 ms | step 37.3 ms | 13732.0 samples/s
  step   900/1756 | loss 0.1756 | data 0.1 ms | step 37.0 ms | 13821.5 samples/s
  step   950/1756 | loss 0.1625 | data 0.1 ms | step 36.9 ms | 13892.4 samples/s
  step  1000/1756 | loss 0.1796 | data 0.1 ms | step 37.4 ms | 13700.0 samples/s
  step  1050/1756 | loss 0.1531 | data 0.1 ms | step 37.5 ms | 13652.5 samples/s
  step  1100/1756 | loss 0.1754 | data 0.1 ms | step 37.4 ms | 13689.7 samples/s
  step  1150/1756 | loss 0.1626 | data 0.1 ms | step 37.4 ms | 13701.7 samples/s
  step  1200/1756 | loss 0.1703 | data 0.1 ms | step 37.4 ms | 13707.4 samples/s
  step  1250/1756 | loss 0.1670 | data 0.1 ms | step 37.4 ms | 13692.3 samples/s
  step  1300/1756 | loss 0.1479 | data 0.1 ms | step 37.5 ms | 13667.7 samples/s
  step  1350/1756 | loss 0.1593 | data 0.1 ms | step 37.3 ms | 13710.8 samples/s
  step  1400/1756 | loss 0.1606 | data 0.1 ms | step 37.0 ms | 13829.0 samples/s
  step  1450/1756 | loss 0.1627 | data 0.1 ms | step 37.3 ms | 13730.0 samples/s
  step  1500/1756 | loss 0.1433 | data 0.1 ms | step 37.3 ms | 13719.9 samples/s
  step  1550/1756 | loss 0.1732 | data 0.1 ms | step 37.3 ms | 13724.8 samples/s
  step  1600/1756 | loss 0.1657 | data 0.1 ms | step 37.4 ms | 13681.2 samples/s
  step  1650/1756 | loss 0.1640 | data 0.1 ms | step 37.3 ms | 13711.6 samples/s
  step  1700/1756 | loss 0.1586 | data 0.1 ms | step 37.2 ms | 13766.9 samples/s
  step  1750/1756 | loss 0.1624 | data 0.6 ms | step 37.5 ms | 13654.0 samples/s
Training Loss: 0.162442 | 13700.8 samples/s
Peak GPU memory: 1233.8 MB
Validation Loss: 0.204899 | 17823.4 samples/s

Epoch 99/100
----------------------------------------
Learning Rate: 0.000039
  step    50/1756 | loss 0.1589 | data 0.8 ms | step 37.6 ms | 13599.5 samples/s
  step   100/1756 | loss 0.1550 | data 0.1 ms | step 37.6 ms | 13622.4 samples/s
  step   150/1756 | loss 0.1672 | data 0.1 ms | step 37.4 ms | 13700.0 samples/s
  step   200/1756 | loss 0.1568 | data 0.1 ms | step 37.2 ms | 13753.3 samples/s
  step   250/1756 | loss 0.1629 | data 0.1 ms | step 37.5 ms | 13662.3 samples/s
  step   300/1756 | loss 0.1625 | data 0.1 ms | step 37.5 ms | 13637.2 samples/s
  step   350/1756 | loss 0.1583 | data 0.1 ms | step 37.5 ms | 13646.3 samples/s
  step   400/1756 | loss 0.1819 | data 0.1 ms | step 37.4 ms | 13691.4 samples/s
  step   450/1756 | loss 0.1575 | data 0.1 ms | step 37.1 ms | 13788.2 samples/s
  step   500/1756 | loss 0.1605 | data 0.1 ms | step 37.2 ms | 13768.3 samples/s
  step   550/1756 | loss 0.1610 | data 0.1 ms | step 37.0 ms | 13851.7 samples/s
  step   600/1756 | loss 0.1671 | data 0.1 ms | step 37.1 ms | 13791.1 samples/s
  step   650/1756 | loss 0.1523 | data 0.1 ms | step 37.3 ms | 13736.9 samples/s
  step   700/1756 | loss 0.1626 | data 0.1 ms | step 37.0 ms | 13824.2 samples/s
  step   750/1756 | loss 0.1657 | data 0.1 ms | step 37.1 ms | 13782.7 samples/s
  step   800/1756 | loss 0.1607 | data 0.1 ms | step 37.3 ms | 13727.7 samples/s
  step   850/1756 | loss 0.1563 | data 0.1 ms | step 37.4 ms | 13692.9 samples/s
  step   900/1756 | loss 0.1621 | data 0.1 ms | step 37.4 ms | 13677.2 samples/s
  step   950/1756 | loss 0.1705 | data 0.1 ms | step 37.6 ms | 13611.5 samples/s
  step  1000/1756 | loss 0.1597 | data 0.1 ms | step 37.5 ms | 13646.4 samples/s
  step  1050/1756 | loss 0.1658 | data 0.1 ms | step 37.2 ms | 13749.3 samples/s
  step  1100/1756 | loss 0.1679 | data 0.1 ms | step 37.0 ms | 13838.6 samples/s
  step  1150/1756 | loss 0.1557 | data 0.1 ms | step 37.3 ms | 13739.2 samples/s
  step  1200/1756 | loss 0.1731 | data 0.1 ms | step 37.3 ms | 13730.7 samples/s
  step  1250/1756 | loss 0.1600 | data 0.1 ms | step 37.3 ms | 13716.6 samples/s
  step  1300/1756 | loss 0.1827 | data 0.1 ms | step 37.4 ms | 13689.0 samples/s
  step  1350/1756 | loss 0.1694 | data 0.1 ms | step 37.2 ms | 13747.1 samples/s
  step  1400/1756 | loss 0.1950 | data 0.1 ms | step 37.4 ms | 13677.9 samples/s
  step  1450/1756 | loss 0.1574 | data 0.1 ms | step 37.5 ms | 13670.7 samples/s
  step  1500/1756 | loss 0.1524 | data 0.1 ms | step 37.5 ms | 13652.7 samples/s
  step  1550/1756 | loss 0.1739 | data 0.1 ms | step 37.4 ms | 13675.6 samples/s
  step  1600/1756 | loss 0.1642 | data 0.1 ms | step 37.1 ms | 13808.7 samples/s
  step  1650/1756 | loss 0.1642 | data 0.1 ms | step 37.1 ms | 13805.0 samples/s
  step  1700/1756 | loss 0.1548 | data 0.1 ms | step 37.4 ms | 13684.3 samples/s
  step  1750/1756 | loss 0.1690 | data 0.6 ms | step 37.7 ms | 13594.8 samples/s
Training Loss: 0.164136 | 13711.6 samples/s
Peak GPU memory: 1233.8 MB
Validation Loss: 0.156982 | 17874.9 samples/s

Epoch 100/100
----------------------------------------
Learning Rate: 0.000039
  step    50/1756 | loss 0.1556 | data 0.7 ms | step 37.3 ms | 13735.5 samples/s
  step   100/1756 | loss 0.1705 | data 0.1 ms | step 37.2 ms | 13756.1 samples/s
  step   150/1756 | loss 0.1483 | data 0.1 ms | step 37.2 ms | 13762.2 samples/s
  step   200/1756 | loss 0.1739 | data 0.1 ms | step 37.2 ms | 13758.4 samples/s
  step   250/1756 | loss 0.1437 | data 0.1 ms | step 37.3 ms | 13723.4 samples/s
  step   300/1756 | loss 0.1560 | data 0.1 ms | step 37.0 ms | 13853.2 samples/s
  step   350/1756 | loss 0.1664 | data 0.1 ms | step 37.2 ms | 13755.9 samples/s
  step   400/1756 | loss 0.1585 | data 0.1 ms | step 37.2 ms | 13766.8 samples/s
  step   450/1756 | loss 0.1484 | data 0.1 ms | step 37.3 ms | 13718.8 samples/s
  step   500/1756 | loss 0.1416 | data 0.1 ms | step 37.3 ms | 13732.6 samples/s
  step   550/1756 | loss 0.1572 | data 0.1 ms | step 37.3 ms | 13725.3 samples/s
  step   600/1756 | loss 0.1732 | data 0.1 ms | step 37.1 ms | 13801.6 samples/s
  step   650/1756 | loss 0.1678 | data 0.1 ms | step 37.0 ms | 13830.7 samples/s
  step   700/1756 | loss 0.1536 | data 0.1 ms | step 37.3 ms | 13737.3 samples/s
  step   750/1756 | loss 0.1564 | data 0.1 ms | step 37.0 ms | 13838.5 samples/s
  step   800/1756 | loss 0.1460 | data 0.1 ms | step 37.3 ms | 13716.8 samples/s
  step   850/1756 | loss 0.1606 | data 0.1 ms | step 37.4 ms | 13674.0 samples/s
  step   900/1756 | loss 0.1463 | data 0.1 ms | step 37.2 ms | 13748.0 samples/s
  step   950/1756 | loss 0.1728 | data 0.1 ms | step 37.2 ms | 13747.8 samples/s
  step  1000/1756 | loss 0.1473 | data 0.1 ms | step 37.1 ms | 13807.9 samples/s
  step  1050/1756 | loss 0.1444 | data 0.1 ms | step 37.3 ms | 13737.3 samples/s
  step  1100/1756 | loss 0.1657 | data 0.1 ms | step 37.5 ms | 13653.0 samples/s
  step  1150/1756 | loss 0.1642 | data 0.1 ms | step 37.5 ms | 13642.7 samples/s
  step  1200/1756 | loss 0.1510 | data 0.1 ms | step 37.3 ms | 13734.1 samples/s
  step  1250/1756 | loss 0.1689 | data 0.1 ms | step 37.3 ms | 13730.2 samples/s
  step  1300/1756 | loss 0.1489 | data 0.1 ms | step 37.6 ms | 13611.9 samples/s
  step  1350/1756 | loss 0.1612 | data 0.1 ms | step 37.4 ms | 13677.5 samples/s
  step  1400/1756 | loss 0.1757 | data 0.1 ms | step 37.3 ms | 13739.6 samples/s
  step  1450/1756 | loss 0.1572 | data 0.1 ms | step 37.5 ms | 13642.6 samples/s
  step  1500/1756 | loss 0.1559 | data 0.1 ms | step 37.4 ms | 13700.5 samples/s
  step  1550/1756 | loss 0.1445 | data 0.1 ms | step 37.3 ms | 13716.8 samples/s
  step  1600/1756 | loss 0.1628 | data 0.1 ms | step 37.5 ms | 13658.8 samples/s
  step  1650/1756 | loss 0.1508 | data 0.1 ms | step 37.2 ms | 13769.6 samples/s
  step  1700/1756 | loss 0.1789 | data 0.1 ms | step 37.1 ms | 13786.6 samples/s
  step  1750/1756 | loss 0.1545 | data 0.6 ms | step 37.5 ms | 13653.5 samples/s
Training Loss: 0.159008 | 13730.4 samples/s
Peak GPU memory: 1233.8 MB
Validation Loss: 0.297470 | 17751.0 samples/s

Test Loss: 1.057539 | 37.1 samples/s

Final model saved to: mask_aware_tf/mat_pseudo_lwm_weights.pth
